names,scores,logfoldchanges,pvals,pvals_adj
Dmel_CR34094,89.73572,1.6491265,0.0,0.0
Dmel_CG41128,69.167206,3.2820773,0.0,0.0
Dmel_CG30425,63.660645,1.2287385,0.0,0.0
Dmel_CG17903,61.401848,1.6134515,0.0,0.0
Dmel_CG9032,60.118313,2.044916,0.0,0.0
Dmel_CR33925,56.439686,1.1899773,0.0,0.0
Dmel_CG43770,55.061874,1.448948,0.0,0.0
Dmel_CG2096,46.777813,1.4013724,0.0,0.0
Dmel_CG10071,46.66678,0.9584444,0.0,0.0
Dmel_CG8989,46.513893,0.8630579,0.0,0.0
Dmel_CG3997,40.766502,0.99855465,0.0,0.0
Dmel_CG12218,39.154247,0.46701258,0.0,0.0
Dmel_CG7646,38.072933,0.9518096,0.0,0.0
Dmel_CG7641,37.338936,1.5622118,3.8337411949453354e-305,2.015167721711066e-302
Dmel_CR34335,36.49199,0.42396212,1.4858703895113816e-291,6.298652512441635e-289
Dmel_CG34418,36.347107,0.87567097,2.9194286412698893e-289,1.198881617966488e-286
Dmel_CG12223,35.837845,0.8487725,2.844040132300817e-281,1.1325312538959102e-278
Dmel_CG14307,35.428402,1.2409719,6.240049978535874e-275,2.342871336226855e-272
Dmel_CG7761,35.062,1.6554959,2.559299127282821e-269,8.623525597852192e-267
Dmel_CG42613,34.749626,0.93244314,1.4040867181044055e-264,4.5002691616121933e-262
Dmel_CG34200,34.71684,1.7527235,4.389035615447482e-264,1.3732456433951276e-261
Dmel_CG4013,34.658096,0.9217928,3.373561055209248e-263,1.0309759494535983e-260
Dmel_CG3001,33.70099,0.804999,5.590921041337607e-249,1.5971802913960325e-246
Dmel_CG14482,32.77823,0.9445553,1.2031109962188117e-235,3.162016320262281e-233
Dmel_CG5099,32.619556,0.86365527,2.1662273975757836e-233,5.581645927753602e-231
Dmel_CG31605,32.09625,0.6873474,4.973547206375767e-226,1.1670961399818564e-223
Dmel_CG9755,31.93189,0.61935717,9.639808485191899e-224,2.1470631068458768e-221
Dmel_CG32498,31.799463,0.6572493,6.584766320707372e-222,1.4421735703402596e-219
Dmel_CG8649,31.757198,0.90777665,2.525939195883769e-221,5.441535569362067e-219
Dmel_CG1268,31.671545,0.83381,3.8309660865945905e-220,8.119794410312825e-218
Dmel_CG1770,31.646067,0.9545537,8.589379830522512e-220,1.7916355611570846e-217
Dmel_CG9748,31.605824,0.8607061,3.070837157441962e-219,6.305292357178878e-217
Dmel_CG4609,31.205008,0.7647418,9.111735534040893e-214,1.814201767467142e-211
Dmel_CG33100,31.103441,0.8233572,2.1637556485842058e-212,4.24386760866344e-210
Dmel_CG7134,30.960934,1.3020651,1.810530326901851e-210,3.448141887799598e-208
Dmel_CG11266,30.85605,0.880325,4.6467852095338793e-209,8.723343491212101e-207
Dmel_CR33682,30.654455,3.871393,2.3050618060291297e-206,4.1494270127436704e-204
Dmel_CG34412,28.20099,0.80007493,5.686258571531188e-175,8.790955751587217e-173
Dmel_CG14975,27.86711,0.78178096,6.683335032972098e-171,1.0212291356777481e-168
Dmel_CG32230,27.408669,0.7078537,2.1619332667681815e-165,3.19213090546075e-163
Dmel_CG44774,27.109846,1.0100527,7.53740150310014e-162,1.0766194907852059e-159
Dmel_CG14821,26.561392,0.91748977,1.8969870980424327e-155,2.6240323637237483e-153
Dmel_CG4396,26.559896,0.41279283,1.9739695891053768e-155,2.702076496920183e-153
Dmel_CG11486,26.265404,0.7580042,4.76693661832796e-152,6.457970525922446e-150
Dmel_CG1725,26.20192,0.6428375,2.526881419968657e-151,3.388341708143686e-149
Dmel_CG2252,25.862276,0.5783561,1.7705652687012548e-147,2.25893186368963e-145
Dmel_CG3421,25.825476,0.83014214,4.589391117047453e-147,5.798960448953902e-145
Dmel_CG45050,25.577213,0.7376494,2.7355670411976534e-144,3.391328913997959e-142
Dmel_CG40002,25.363205,2.277913,6.425903470831597e-142,7.747045643137432e-140
Dmel_CG40049,25.161537,0.7128706,1.0567054632034178e-139,1.2623787719960101e-137
Dmel_CG3985,25.011543,0.6762467,4.578598283090453e-138,5.420482886314563e-136
Dmel_CG42338,25.00601,0.4287891,5.2590668304921207e-138,6.170481894597942e-136
Dmel_CG4672,24.978834,1.0293853,1.0383748193940478e-137,1.2075472125360337e-135
Dmel_CG1511,24.888042,0.85945475,1.0024401963343078e-136,1.1555321596516788e-134
Dmel_CG1506,24.750338,0.8032908,3.074464728614757e-135,3.4828914654074586e-133
Dmel_CG5014,24.579071,0.57979167,2.115080222298549e-133,2.375578564207285e-131
Dmel_CG4467,24.554161,0.66780365,3.9043371588640525e-133,4.348041915646823e-131
Dmel_CG33181,24.536983,0.76952434,5.956137524072598e-133,6.577277580154455e-131
Dmel_CG4268,24.421564,0.60927725,1.0093479282186222e-131,1.0961852169190839e-129
Dmel_CG17397,24.317356,2.2937348,1.2846738083483069e-130,1.3837621734020576e-128
Dmel_CG17888,24.120565,0.41698408,1.5211681816881074e-128,1.5991736860450735e-126
Dmel_CG7434,24.09828,1.8239672,2.6057363314683506e-128,2.7176175501448885e-126
Dmel_CG14617,23.995386,0.9269261,3.107008528249452e-127,3.1650541914516316e-125
Dmel_CG7425,23.684294,0.6383775,5.234568436252885e-124,5.171989760962343e-122
Dmel_CG9034,23.47311,0.68363965,7.679054657654041e-122,7.419886562958216e-120
Dmel_CG1921,23.437197,0.85986835,1.785607165328072e-121,1.7127491795311092e-119
Dmel_CG10777,23.122995,0.716737,2.7185477099972442e-118,2.5887272070343325e-116
Dmel_CG44436,23.111061,0.7134913,3.5841137602689696e-118,3.3884056779636355e-116
Dmel_CG9553,23.084766,0.77591985,6.58630158456552e-118,6.138339654097553e-116
Dmel_CG5870,23.07742,0.73929507,7.8059435017710254e-118,7.223796025124862e-116
Dmel_CG9470,22.999224,0.9554435,4.745487301048293e-117,4.3608705330822105e-115
Dmel_CG10545,22.958115,0.4486775,1.222636572452172e-116,1.1080460136961374e-114
Dmel_CR34096,22.877563,2.6360762,7.772386840162855e-116,6.901144288282438e-114
Dmel_CG18001,22.767319,0.43076488,9.66804335498339e-115,8.413758789922963e-113
Dmel_CG3009,22.34535,0.8505211,1.3399327267803246e-110,1.150853330890212e-108
Dmel_CG5685,22.299238,0.9874473,3.758490817785351e-110,3.1864727636462774e-108
Dmel_CG11347,22.079668,0.5681797,4.957188584363428e-108,4.122937670070874e-106
Dmel_CG40045,21.936161,0.85667974,1.1740536883750785e-106,9.703295294928873e-105
Dmel_CG14446,21.880688,0.6957221,3.9681614075127416e-106,3.2591005660078085e-104
Dmel_CG6946,21.740368,0.8319527,8.521473155105422e-105,6.955321660325488e-103
Dmel_CG10719,21.713226,0.73202276,1.538678903555514e-104,1.2481345352853708e-102
Dmel_CG13739,21.672401,0.8453086,3.7374997502674706e-104,2.9947856230649287e-102
Dmel_CG9390,21.664888,1.1986614,4.399837553874707e-104,3.5041372906343957e-102
Dmel_CG9533,21.572443,0.8992536,3.2601428324779706e-103,2.5808154796140367e-101
Dmel_CG1527,21.553823,0.7286334,4.875119519655663e-103,3.836164407652399e-101
Dmel_CG8440,21.529188,0.62881976,8.297487460444594e-103,6.490314447482286e-101
Dmel_CG18405,21.225168,0.55137235,5.592665085679435e-100,4.29784864859143e-98
Dmel_CG43073,21.12351,0.557546,4.836376253509087e-99,3.6950476946141223e-97
Dmel_CG33481,21.108332,0.67317724,6.668474739081298e-99,5.065342574928749e-97
Dmel_CG34403,21.096128,0.45321646,8.63198738773992e-99,6.519134842660361e-97
Dmel_CG8384,21.026625,0.7966039,3.7436056634285033e-98,2.8111269727493694e-96
Dmel_CG41623,20.945524,0.5352371,2.0612128066558422e-97,1.5217077242845183e-95
Dmel_CR40596,20.841013,2.7699602,1.8390590615910703e-96,1.3426152849093475e-94
Dmel_CG43782,20.520638,0.53122675,1.4085468291127347e-93,9.951459076005616e-92
Dmel_CG40228,20.519695,0.8331564,1.436076711707293e-93,1.009170271045216e-91
Dmel_CG9038,20.473984,0.81660414,3.673272120032722e-93,2.543423794189705e-91
Dmel_CG15431,20.47392,0.84897894,3.6781076032499146e-93,2.543423794189705e-91
Dmel_CG32369,20.473673,0.8122275,3.6967806459952338e-93,2.543423794189705e-91
Dmel_CG8226,20.262644,0.6828253,2.7479812635283784e-91,1.880792801251376e-89
Dmel_CG8974,20.238747,1.1421678,4.4636891600464575e-91,3.0392403757601294e-89
Dmel_CG10084,20.225311,0.97358954,5.861885750379126e-91,3.9503097767042105e-89
Dmel_CG17342,20.222855,0.45763287,6.161185745508718e-91,4.109854917854318e-89
Dmel_CG9819,20.221235,0.52942556,6.366814209130698e-91,4.2255709859690156e-89
Dmel_CG1640,20.138474,1.1114153,3.396378148890224e-90,2.242804284149067e-88
Dmel_CG9239,20.11408,0.7980938,5.5558763581670326e-90,3.6504885611336487e-88
Dmel_CG15319,20.083185,0.61584526,1.0354007487887344e-89,6.769254348175502e-88
Dmel_CG34362,20.081442,0.50903136,1.0723549627256375e-89,6.976146814444357e-88
Dmel_CG8442,19.906897,0.808297,3.5461037340124406e-88,2.2955344418057873e-86
Dmel_CG44422,19.825401,0.724852,1.7974307950528086e-87,1.1578450038131842e-85
Dmel_CG32544,19.799593,1.0965554,3.001128037529705e-87,1.9052088667235678e-85
Dmel_CG8663,19.782528,0.14221437,4.210492352264633e-87,2.660100000053343e-85
Dmel_CG9412,19.772991,0.55238676,5.086943427783196e-87,3.198446104521482e-85
Dmel_CG46385,19.700706,0.6303916,2.1263196929622396e-86,1.3242638429012696e-84
Dmel_CG8764,19.533634,0.6736874,5.684702492571093e-85,3.490779226863399e-83
Dmel_CG13316,19.427094,0.63618803,4.554241781956838e-84,2.7835949421718514e-82
Dmel_CG7958,19.366478,0.53897154,1.4804345481526798e-83,8.965156865103393e-82
Dmel_CG43737,19.266356,0.5263253,1.0293459096449183e-82,6.204878256258656e-81
Dmel_CG15304,19.241896,0.46238962,1.6506256310962237e-82,9.904507496911176e-81
Dmel_CG1975,19.230093,0.6084742,2.0725687147826186e-82,1.2379829764071997e-80
Dmel_CG12025,19.204828,0.651291,3.372424632814292e-82,1.996262707198766e-80
Dmel_CG42252,19.160547,0.49338087,7.90386379432722e-82,4.6576087049889696e-80
Dmel_CG9854,19.126457,0.74074584,1.5206115435759525e-81,8.92069477416589e-80
Dmel_CG11665,19.124468,0.8395823,1.5797834522334832e-81,9.226637487022313e-80
Dmel_CG32000,19.054134,0.5017107,6.071141025179704e-81,3.5301267350392254e-79
Dmel_CR46282,19.020948,2.0331216,1.143947556551032e-80,6.622297286624279e-79
Dmel_CG15532,18.940012,0.49638072,5.338588787504929e-80,3.0501910981131423e-78
Dmel_CG14028,18.880579,0.37822846,1.6476941905893666e-79,9.373311410621155e-78
Dmel_CG2380,18.871712,0.80584997,1.948791229020667e-79,1.1038390319207149e-77
Dmel_CG15899,18.853136,0.49334878,2.769330956769772e-79,1.5618788885369774e-77
Dmel_CG9113,18.787981,0.7911731,9.47152069121849e-79,5.273951415394159e-77
Dmel_CG12690,18.748749,0.7079443,1.9819858500112938e-78,1.0989567955695532e-76
Dmel_CG42258,18.484953,0.71439624,2.7293957230748962e-76,1.4944578832053006e-74
Dmel_CG6622,18.465336,0.5073433,3.9257184335704017e-76,2.1405753500227655e-74
Dmel_CG43743,18.346807,0.59885466,3.500926292356901e-75,1.885478377371395e-73
Dmel_CG6703,18.31725,0.4603626,6.028422838870151e-75,3.233449164309904e-73
Dmel_CG43744,18.305408,0.4542237,7.492670312990734e-75,4.002487015569563e-73
Dmel_CG32850,18.303066,0.9366657,7.821963999902475e-75,4.161474855170786e-73
Dmel_CG32149,18.191603,0.58567226,6.015605842357152e-74,3.187543402194167e-72
Dmel_CG9086,18.172838,0.927472,8.470144883781278e-74,4.4701274665770995e-72
Dmel_CG17759,18.166958,0.65892684,9.428424490354346e-74,4.955957049109858e-72
Dmel_CG32057,18.098505,0.9015028,3.2743290314790396e-73,1.7007097945717808e-71
Dmel_CG5282,18.084005,1.2164497,4.259823986610755e-73,2.2038719294508635e-71
Dmel_CG11111,18.081938,0.5526114,4.422568024704262e-73,2.2790967220642633e-71
Dmel_CG10798,18.009447,1.242608,1.6425940330005839e-72,8.398960384303765e-71
Dmel_CG1411,17.950645,1.1580288,4.743544934582288e-72,2.406753821828025e-70
Dmel_CG18619,17.868711,0.898123,2.0671064820986425e-71,1.0407603939179411e-69
Dmel_CG42275,17.855793,0.75655544,2.6055077560135737e-71,1.301862259383056e-69
Dmel_CG10897,17.82424,0.5752208,4.5828477179488035e-71,2.2811818886956524e-69
Dmel_CG8127,17.748377,0.3646199,1.7740878863185856e-70,8.731568881690087e-69
Dmel_CG3161,17.6436,0.29068074,1.1396129357225325e-69,5.587930443406641e-68
Dmel_CG43778,17.614763,0.67305005,1.897831537151786e-69,9.27115398874038e-68
Dmel_CG32575,17.556236,0.7383724,5.329378207033406e-69,2.5938281118009624e-67
Dmel_CG17124,17.542667,0.5683215,6.767416107182258e-69,3.281572511604503e-67
Dmel_CG2865,17.521381,0.7102803,9.840558946514527e-69,4.754220041034831e-67
Dmel_CG5053,17.495003,0.6648429,1.5640625324944842e-68,7.528698073080592e-67
Dmel_CG43736,17.40907,0.53712285,7.041891781751368e-68,3.377281018393968e-66
Dmel_CG32697,17.370049,0.5675043,1.3910859528677726e-67,6.647367456958327e-66
Dmel_CG7181,17.353336,0.39821056,1.8611534106077555e-67,8.861382959708883e-66
Dmel_CG9907,17.27736,0.2895261,6.966353679641883e-67,3.304868364771624e-65
Dmel_CG7437,17.248083,0.39557952,1.15674961353979e-66,5.467930457383591e-65
Dmel_CG8184,17.235155,0.8957985,1.4466344170651008e-66,6.78936531237589e-65
Dmel_CG40263,17.226328,0.53259474,1.6851586033402438e-66,7.88066519804062e-65
Dmel_CG34401,17.201124,0.44079176,2.604275238255342e-66,1.2135737909898387e-64
Dmel_CG15154,17.114927,0.65547985,1.1485778354314808e-65,5.3145990617623555e-64
Dmel_CG8250,17.110556,0.4345483,1.2381304876714698e-65,5.708867627540626e-64
Dmel_CG1210,17.077549,0.86301124,2.1808977316280278e-65,1.0020691290672697e-63
Dmel_CG3653,16.984236,0.5639556,1.0744538957841244e-64,4.902568973784437e-63
Dmel_CG17998,16.938303,0.50016564,2.34798997277106e-64,1.067644852324723e-62
Dmel_CG3869,16.910019,0.640946,3.795821028541694e-64,1.7113752652216274e-62
Dmel_CG7962,16.909912,0.75091517,3.802766741075376e-64,1.7113752652216274e-62
Dmel_CG2621,16.871447,0.4167999,7.298642202328754e-64,3.2734285727236235e-62
Dmel_CG3954,16.80423,0.4567023,2.27242294141075e-63,1.008848306522928e-61
Dmel_CG7007,16.797813,0.5794368,2.5320939287689586e-63,1.1203449938704675e-61
Dmel_CG7015,16.793669,0.32809702,2.7152845245111726e-63,1.197367581765145e-61
Dmel_CG1659,16.72561,0.5148247,8.529864900096654e-63,3.7363651550723376e-61
Dmel_CG44838,16.69907,0.6146699,1.3312492169692795e-62,5.8119421794662134e-61
Dmel_CG8912,16.65507,0.6352398,2.780234411959064e-62,1.2057775712064046e-60
Dmel_CG40196,16.577375,0.57068783,1.015674862573963e-61,4.3904550556198834e-60
Dmel_CG2257,16.555332,0.7380877,1.4653052841681938e-61,6.313303848935815e-60
Dmel_CG1618,16.52697,0.55605,2.346437246339413e-61,1.0076644396779812e-59
Dmel_CG5036,16.512306,0.40480465,2.9922736705757727e-61,1.280829586483265e-59
Dmel_CG17698,16.49866,0.6349991,3.75133831239523e-61,1.6005304143891464e-59
Dmel_CG5744,16.473892,0.3811485,5.651402185850731e-61,2.3879445699120406e-59
Dmel_CG10804,16.446482,0.5360675,8.888485487992731e-61,3.7437047371061696e-59
Dmel_CG43347,16.418032,0.63527006,1.4210103229736234e-60,5.9659733719477265e-59
Dmel_CG32767,16.398003,0.41789353,1.9762694300340073e-60,8.270750503209201e-59
Dmel_CG7503,16.374897,0.4619102,2.889957012547089e-60,1.2056166699009935e-58
Dmel_CG3981,16.341137,0.54241955,5.030649199997172e-60,2.092017757505153e-58
Dmel_CG9244,16.313232,0.7259106,7.947446790129688e-60,3.294555150444613e-58
Dmel_CG31360,16.266598,1.593558,1.703646078715445e-59,7.040129912075366e-58
Dmel_CG4262,16.263584,0.4014194,1.7895722114154508e-59,7.372027721069104e-58
Dmel_CG17090,16.260794,0.468462,1.8729795085921877e-59,7.691507413253107e-58
Dmel_CG5680,16.224028,0.6418839,3.4108058406082044e-59,1.3963052819760875e-57
Dmel_CG45002,16.214367,0.6113535,3.99172798880653e-59,1.6290465062393356e-57
Dmel_CG16752,16.17666,0.8641173,7.368473495493905e-59,2.99780526948252e-57
Dmel_CG6151,16.063408,0.49832007,4.605334868790069e-58,1.8621140157160088e-56
Dmel_CG12559,16.032986,0.45989826,7.51830278136605e-58,3.0121346600588797e-56
Dmel_CG1922,15.99424,0.49081,1.4015899818502683e-57,5.59826563875209e-56
Dmel_CG32683,15.989554,0.89714575,1.5110689360354302e-57,6.017259663164118e-56
Dmel_CG17514,15.976411,0.45384315,1.8658424146333035e-57,7.407563495678623e-56
Dmel_CG42594,15.972613,0.6601459,1.9830000645305817e-57,7.84897706264951e-56
Dmel_CG6024,15.968119,0.5417239,2.1311902252724613e-57,8.410201426518142e-56
Dmel_CG7392,15.964052,0.646374,2.27471501916707e-57,8.949709600860619e-56
Dmel_CG4453,15.933594,0.64697635,3.704434701768882e-57,1.4531336243565637e-55
Dmel_CG9565,15.838667,1.0151954,1.6835135171271461e-56,6.564703598981552e-55
Dmel_CG11768,15.732377,1.7266488,9.073975832038097e-56,3.517437062206862e-54
Dmel_CR45102,15.726975,1.2867087,9.882066486505193e-56,3.8194186970342567e-54
Dmel_CG40498,15.717309,0.4482855,1.1510955822352393e-55,4.4229669725594384e-54
Dmel_CG12424,15.675346,0.77742714,2.2300680475855732e-55,8.543826301260063e-54
Dmel_CG7439,15.605218,0.98037416,6.708007502732028e-55,2.555070336040626e-53
Dmel_CG34439,15.557891,0.47029018,1.4065781486924458e-54,5.342151286695789e-53
Dmel_CG4620,15.536344,0.691845,1.969030188130753e-54,7.435352213283399e-53
Dmel_CG4577,15.522898,0.6329393,2.4283153034901964e-54,9.143407278843744e-53
Dmel_CG3399,15.508191,0.57610166,3.0535974593649125e-54,1.1464949775289805e-52
Dmel_CG42403,15.505026,0.65275645,3.207866527796365e-54,1.2009850154351006e-52
Dmel_CG5659,15.48525,0.5340451,4.363585130863696e-54,1.6290304603602226e-52
Dmel_CG9659,15.480579,0.43364373,4.692252722362785e-54,1.744867889098453e-52
Dmel_CG13624,15.480468,0.5543455,4.7004279182775466e-54,1.744867889098453e-52
Dmel_CG18023,15.465932,0.95979,5.891461384022888e-54,2.180836452040698e-52
Dmel_CG31163,15.452418,0.5635564,7.266526439350811e-54,2.6822871893120508e-52
Dmel_CG5444,15.4414215,0.8271489,8.617947308626323e-54,3.1722253664610225e-52
Dmel_CG31795,15.425374,0.2649316,1.1051261350109621e-53,4.05655378217292e-52
Dmel_CG42328,15.364037,0.72029436,2.8524862576868442e-53,1.0412367197850784e-51
Dmel_CG42389,15.340727,0.47328314,4.0859422564843415e-53,1.4873508917579148e-51
Dmel_CG14853,15.326722,0.7386224,5.069325827267644e-53,1.8402212899481798e-51
Dmel_CG8567,15.31224,0.6447303,6.3344775514380815e-53,2.286850810534281e-51
Dmel_CG4999,15.250249,0.5005008,1.640058855855788e-52,5.888528258142326e-51
Dmel_CG31221,15.173729,0.38086337,5.279058045052897e-52,1.8851114611423944e-50
Dmel_CG13375,15.15839,1.0632966,6.668362466609252e-52,2.374768324490845e-50
Dmel_CG7145,15.140062,0.5683596,8.813016727999936e-52,3.130050076287761e-50
Dmel_CG15862,15.132391,0.4634624,9.903097478624744e-52,3.507725174302096e-50
Dmel_CG11848,15.110569,0.86539245,1.379443146948619e-51,4.872919998401022e-50
Dmel_CG10960,15.101904,0.7259241,1.5732491463426499e-51,5.542645316913877e-50
Dmel_CG17828,15.096719,1.1421167,1.701945235163938e-51,5.980016667189655e-50
Dmel_CG16711,15.095768,0.47443932,1.7266558154583424e-51,6.050662418916821e-50
Dmel_CG3151,15.089651,0.42389193,1.8944067286717201e-51,6.6208507503923065e-50
Dmel_CG43395,15.084783,0.30632487,2.0394493697575106e-51,7.108860522011525e-50
Dmel_CG42337,15.056837,0.5428458,3.1132944555216e-51,1.0823228158732631e-49
Dmel_CG9108,15.04483,0.46044326,3.73287038294027e-51,1.2942915488711898e-49
Dmel_CG31324,15.025067,0.5528917,5.031017747773475e-51,1.739805374302401e-49
Dmel_CG34186,15.021934,1.298784,5.2746547539373215e-51,1.8192713417714e-49
Dmel_CG6966,14.990774,0.60187167,8.436417423655221e-51,2.9021717634621274e-49
Dmel_CG8529,14.950119,0.60208905,1.554711941392857e-50,5.2791911167554355e-49
Dmel_CG5212,14.936925,0.69669306,1.8952040912203333e-50,6.418782722352165e-49
Dmel_CG32982,14.869982,0.8110338,5.162705962126541e-50,1.744039050084958e-48
Dmel_CG2984,14.868155,0.6749721,5.305545912336632e-50,1.7876968931798892e-48
Dmel_CG44011,14.812885,0.88016975,1.2093486941915532e-49,4.064463220043785e-48
Dmel_CG34114,14.802649,0.43738243,1.4082582478148653e-49,4.720898376156925e-48
Dmel_CG32758,14.800126,0.8203962,1.4620923101497214e-49,4.8888944141673e-48
Dmel_CG31998,14.793727,0.5645513,1.6079855397402642e-49,5.3630807050068054e-48
Dmel_CG10192,14.783455,0.53778166,1.873073149849991e-49,6.231406142323729e-48
Dmel_CG11985,14.76865,1.4241879,2.3334077345906313e-49,7.74326036370088e-48
Dmel_CG31635,14.704036,0.5156348,6.0729876180675496e-49,2.005154027362454e-47
Dmel_CG3204,14.684172,0.7477173,8.142286143599021e-49,2.6816486770184145e-47
Dmel_CG9674,14.680139,0.46708268,8.641328421645669e-49,2.838892419721143e-47
Dmel_CG6930,14.646627,0.44870725,1.4157087021057823e-48,4.627817923973156e-47
Dmel_CG8602,14.621107,0.5710643,2.0602411840604317e-48,6.71802218355785e-47
Dmel_CG1587,14.616347,0.6425329,2.2094134136279424e-48,7.186609323882373e-47
Dmel_CG32206,14.593385,0.55757636,3.094544157529798e-48,1.0040840684962736e-46
Dmel_CG11081,14.582649,0.44282228,3.621829361303199e-48,1.172277330957767e-46
Dmel_CG1664,14.565534,0.8529671,4.653344554733531e-48,1.5024471939497134e-46
Dmel_CG8671,14.465469,0.44327876,2.0023350703532035e-47,6.417728087685718e-46
Dmel_CG12950,14.464385,0.7846518,2.0341510456913407e-47,6.503839146333311e-46
Dmel_CG1821,14.445123,0.31020162,2.6907883553484796e-47,8.58243926641611e-46
Dmel_CG1765,14.437094,0.4822759,3.0232476177301765e-47,9.619490785615556e-46
Dmel_CG5907,14.390608,0.542239,5.927272854339288e-47,1.881408033306101e-45
Dmel_CG32529,14.386488,0.4641676,6.291043832114768e-47,1.992062819224582e-45
Dmel_CG43227,14.359175,0.53035456,9.333130917064692e-47,2.94823734089296e-45
Dmel_CG10695,14.358117,0.7921834,9.476644702416264e-47,2.986392998428109e-45
Dmel_CG42450,14.357902,0.36996472,9.50615009041484e-47,2.988524362156493e-45
Dmel_CG1976,14.3474245,0.41603732,1.1056766636168266e-46,3.4677081232908637e-45
Dmel_CG4894,14.313353,0.4382803,1.8059226468117214e-46,5.650387976607818e-45
Dmel_CG42402,14.262027,0.50012475,3.7733231218098745e-46,1.1750056669124066e-44
Dmel_CG10706,14.246854,0.3787913,4.689382902260847e-46,1.4568127829458583e-44
Dmel_CG10392,14.236308,0.5796925,5.453289084465715e-46,1.6901337702585842e-44
Dmel_CG12414,14.202018,0.4740579,8.901185655525298e-46,2.745785931907463e-44
Dmel_CG40472,14.14541,3.248163,1.9935153852373178e-45,6.106476847879625e-44
Dmel_CG17515,14.128664,1.2223642,2.5289816113955495e-45,7.728685431476492e-44
Dmel_CG13364,14.041429,0.6102144,8.69422546243437e-45,2.63858699311432e-43
Dmel_CG17883,14.038618,0.5320479,9.045888728178591e-45,2.7389867229722316e-43
Dmel_CG9932,14.009842,0.48764956,1.3570687341783604e-44,4.099595456514445e-43
Dmel_CG8385,14.00639,0.4534987,1.4246634435924396e-44,4.293922548680791e-43
Dmel_CG46301,13.981837,0.7969382,2.012247166877625e-44,6.037200917794263e-43
Dmel_CG1956,13.951115,0.4150034,3.097283127425993e-44,9.25031763125113e-43
Dmel_CG12348,13.945932,0.189053,3.330682055430174e-44,9.924828319820389e-43
Dmel_CG5830,13.909168,1.1885811,5.572401694114786e-44,1.656717888288742e-42
Dmel_CG9056,13.881004,0.5617901,8.257817634494743e-44,2.4440536381733204e-42
Dmel_CG1705,13.879111,0.60206854,8.478849040601217e-44,2.5038327020795638e-42
Dmel_CG32772,13.866757,0.6399181,1.0072818088081915e-43,2.967867768957051e-42
Dmel_CG31000,13.826678,0.36014232,1.7595939780519487e-43,5.1613447467813964e-42
Dmel_CG4898,13.812742,0.4364573,2.135438133567386e-43,6.235953891824226e-42
Dmel_CG12858,13.77893,0.4639171,3.412923030509368e-43,9.900490407047152e-42
Dmel_CG34250,13.7636175,0.78284496,4.2187688540105776e-43,1.221119857060639e-41
Dmel_CG18389,13.752727,0.45489967,4.904601681979838e-43,1.4165136418219132e-41
Dmel_CG5627,13.739271,0.5101565,5.906728482539421e-43,1.7021999778300553e-41
Dmel_CG1554,13.718067,0.66405916,7.914770173765955e-43,2.2758861018262238e-41
Dmel_CG43921,13.680015,0.4156163,1.3366636072520664e-42,3.8351739001963767e-41
Dmel_CG6702,13.658114,0.3666018,1.806000147145623e-42,5.170511532383579e-41
Dmel_CG1693,13.648929,0.4728644,2.048687762384827e-42,5.852566496847612e-41
Dmel_CG42788,13.639792,0.72926116,2.322217847086108e-42,6.619580201422678e-41
Dmel_CG5934,13.632813,1.249336,2.555368750834447e-42,7.26842007677824e-41
Dmel_CG3712,13.599361,0.97948825,4.039457129329066e-42,1.144019528804165e-40
Dmel_CG7776,13.57329,0.5146994,5.767399645821078e-42,1.6298795429190277e-40
Dmel_CG3779,13.545188,0.47529638,8.459657666891143e-42,2.3804788308483192e-40
Dmel_CG12530,13.534126,1.3053939,9.834433503170864e-42,2.7614164672044512e-40
Dmel_CG11533,13.531489,0.43325436,1.0193748050344806e-41,2.8562056104388293e-40
Dmel_CR40469,13.528536,0.89667785,1.0611556477948666e-41,2.9669460356749665e-40
Dmel_CG2204,13.514184,0.36093667,1.289771261425925e-41,3.5984892030569173e-40
Dmel_CG10579,13.420504,0.3919995,4.585882345722597e-41,1.271598261528823e-39
Dmel_CG1021,13.418461,0.6770477,4.713993607273985e-41,1.3041387366986827e-39
Dmel_CG10155,13.4107,0.3884348,5.234245309546201e-41,1.4450255800997192e-39
Dmel_CG3305,13.404121,0.46703574,5.719658519996659e-41,1.575723954114803e-39
Dmel_CG16707,13.397626,0.7424952,6.242865266806908e-41,1.7162655328684012e-39
Dmel_CG32711,13.377263,0.6589652,8.211605290647846e-41,2.2480980234250698e-39
Dmel_CG11352,13.374415,0.2033028,8.532195983005614e-41,2.3310101333196835e-39
Dmel_CG42684,13.356985,0.54114896,1.0784382371823148e-40,2.9341111542055482e-39
Dmel_CG9381,13.3541155,0.39772066,1.1208086054630294e-40,3.0430879926424934e-39
Dmel_CG18285,13.337506,0.35339868,1.4006630710781326e-40,3.7950749313479874e-39
Dmel_CG3726,13.245955,0.58025646,4.7618470281052366e-40,1.2849164639903677e-38
Dmel_CG8245,13.231348,0.57731265,5.7840237262478025e-40,1.5543528790720322e-38
Dmel_CG44167,13.145046,0.5879389,1.8169505734335914e-39,4.87276479295731e-38
Dmel_CG1275,13.132907,1.64012,2.1330739884299125e-39,5.708905352740831e-38
Dmel_CG17228,13.121315,0.36099553,2.485829528454827e-39,6.639488990533512e-38
Dmel_CG14464,13.110809,0.5954381,2.8553433613918997e-39,7.595560144139869e-38
Dmel_CG8668,13.083378,0.6393089,4.098159108932446e-39,1.079236650310246e-37
Dmel_CG32555,13.022874,0.35356846,9.069208633562395e-39,2.383569413072869e-37
Dmel_CG10641,13.008942,0.79709727,1.0883868600213685e-38,2.854788767972216e-37
Dmel_CG4128,12.991685,0.31545788,1.3639140794829124e-38,3.570357553483058e-37
Dmel_CG12052,12.969561,0.30081862,1.8207184095621035e-38,4.747234250011032e-37
Dmel_CG1607,12.950346,0.92644733,2.338963372605854e-38,6.086399540477926e-37
Dmel_CG15015,12.911536,0.4535892,3.8749213586270175e-38,1.0063308611406647e-36
Dmel_CG4994,12.878118,0.33765966,5.977568216140877e-38,1.5493338052920565e-36
Dmel_CG5643,12.864796,0.33646807,7.102910531861234e-38,1.837388726361978e-36
Dmel_CG2995,12.856517,0.45174155,7.905994191828954e-38,2.041113353139966e-36
Dmel_CG43162,12.853618,0.48938015,8.207958045725419e-38,2.1149171897819165e-36
Dmel_CG42611,12.836881,0.72798705,1.0189869941417353e-37,2.6153336113313562e-36
Dmel_CG40191,12.794438,0.59587157,1.7612033198005083e-37,4.502718448540561e-36
Dmel_CG18508,12.75966,0.69913113,2.754016076576808e-37,7.027286458698221e-36
Dmel_CG5723,12.756584,0.448728,2.864915582331696e-37,7.296096059577677e-36
Dmel_CG11984,12.72011,1.1084129,4.572177515891281e-37,1.1621467066987876e-35
Dmel_CG12676,12.64074,0.5640709,1.2586275805816733e-36,3.180697122389186e-35
Dmel_CG32085,12.635226,1.3485867,1.3500510870449657e-36,3.405186436632993e-35
Dmel_CG42376,12.632843,0.95656025,1.3915872244044666e-36,3.503227531781436e-35
Dmel_CG32521,12.628832,0.7168409,1.4643565379250025e-36,3.679370796342726e-35
Dmel_CG17724,12.615574,2.2217734,1.732909309095191e-36,4.345832295957997e-35
Dmel_CG33473,12.614794,0.46860588,1.7501612253615214e-36,4.380736888090619e-35
Dmel_CG7662,12.60322,0.69202095,2.0269743485829833e-36,5.063967664397146e-35
Dmel_CG13628,12.575202,0.7769827,2.8906169186946812e-36,7.194241842531591e-35
Dmel_CG31690,12.557996,0.50478214,3.59319546182193e-36,8.925932242684686e-35
Dmel_CG18076,12.516241,0.40218964,6.084944434207273e-36,1.5058805048948733e-34
Dmel_CG9764,12.471759,0.5581437,1.0645058588087825e-35,2.6245162271306213e-34
Dmel_CG40451,12.470982,0.40332285,1.0749419122284854e-35,2.6452830840064657e-34
Dmel_CG7057,12.395515,1.1069009,2.763631781029937e-35,6.775538290021344e-34
Dmel_CG4260,12.370293,0.42958814,3.7843881895091226e-35,9.243614349133715e-34
Dmel_CG43443,12.357666,0.45657364,4.428257463529829e-35,1.0796239578524208e-33
Dmel_CG3606,12.349075,1.7468905,4.927431690549592e-35,1.1990996267687442e-33
Dmel_CG40129,12.344523,0.34853184,5.214193484244379e-35,1.266538199195109e-33
Dmel_CG9813,12.338666,0.4135688,5.607750718269182e-35,1.3596208890917956e-33
Dmel_CG3533,12.323533,0.8481888,6.766359776736344e-35,1.6375089102411105e-33
Dmel_CG42551,12.30333,0.4022264,8.69153298619238e-35,2.0995484369770968e-33
Dmel_CG13388,12.291804,1.0213301,1.0024383382802454e-34,2.412645092186942e-33
Dmel_CG13751,12.278611,0.85784936,1.1800702079977467e-34,2.8349730536194494e-33
Dmel_CG11206,12.278302,0.33489218,1.1845786083322247e-34,2.8406108562214902e-33
Dmel_CG17931,12.218349,0.81089085,2.4806878768898605e-34,5.9378359545008486e-33
Dmel_CG6964,12.208257,0.3575715,2.8084129187493376e-34,6.71006439368819e-33
Dmel_CG17528,12.177206,0.8555931,4.111245010822816e-34,9.805058200947844e-33
Dmel_CG13702,12.139512,0.9673858,6.52136748744743e-34,1.5524871404446863e-32
Dmel_CG6575,12.089927,0.37188333,1.1939360121474842e-33,2.8320420822436984e-32
Dmel_CG34370,12.065516,0.6232932,1.606514407638965e-33,3.796979465968281e-32
Dmel_CG42739,12.063769,0.42091036,1.6409755804139406e-33,3.8714650093751514e-32
Dmel_CG43976,11.95231,0.45362794,6.314578973128816e-33,1.4791422867359318e-31
Dmel_CG17117,11.82298,0.34728497,2.969590224733846e-32,6.8945910147045e-31
Dmel_CG10808,11.81778,0.52369946,3.1592431737378257e-32,7.32197787408973e-31
Dmel_CG11059,11.801264,0.3350127,3.8449315224009297e-32,8.895465692934968e-31
Dmel_CG3920,11.779554,0.33182544,4.975531573363149e-32,1.1490942074791765e-30
Dmel_CG11062,11.766498,0.5060469,5.808615460562483e-32,1.3391406274956418e-30
Dmel_CG32854,11.765853,0.681698,5.853146966566997e-32,1.3470438579274415e-30
Dmel_CG2302,11.761802,0.4183162,6.140957193836174e-32,1.4108097637098105e-30
Dmel_CR45758,11.751274,0.616907,6.956168065488601e-32,1.5925262116478346e-30
Dmel_CG7708,11.746849,0.7674673,7.330166462889471e-32,1.675229869370966e-30
Dmel_CG32717,11.728982,0.31972975,9.054082384911199e-32,2.065619732988161e-30
Dmel_CG2161,11.716925,0.51340693,1.0439293767209642e-31,2.377517493845787e-30
Dmel_CG11009,11.71425,0.7674661,1.0774143096961396e-31,2.4495331217503408e-30
Dmel_CG2991,11.700122,1.115321,1.2727019029875344e-31,2.888527755986043e-30
Dmel_CG7913,11.691849,0.4550915,1.4029822095700853e-31,3.1787222786138775e-30
Dmel_CG32795,11.688853,0.7754494,1.4533548619985234e-31,3.287183518334354e-30
Dmel_CG9351,11.667968,0.58156157,1.8580877479724847e-31,4.195383349846464e-30
Dmel_CG33170,11.6448965,0.41108435,2.4361804860603586e-31,5.4818232478286255e-30
Dmel_CG32699,11.615535,1.0087663,3.4363246052845226e-31,7.70592860717473e-30
Dmel_CG30040,11.582675,0.3380323,5.044706629197068e-31,1.1284600234001074e-29
Dmel_CG14616,11.56433,0.4290336,6.2477023834088115e-31,1.3939058916871847e-29
Dmel_CG3201,11.562474,1.0107144,6.384208441284697e-31,1.4219471716427494e-29
Dmel_CG31641,11.546672,0.28296492,7.673495983864554e-31,1.7062167635188512e-29
Dmel_CG42346,11.533896,0.6275867,8.902104770790615e-31,1.9760567363675586e-29
Dmel_CG2013,11.511948,0.5014992,1.148546033504565e-30,2.5452012523243656e-29
Dmel_CG12284,11.503399,0.38694987,1.2682131286621325e-30,2.8056546672978254e-29
Dmel_CR44024,11.497029,0.6521284,1.3653444469070873e-30,3.015460735597653e-29
Dmel_CG12673,11.494674,0.4286473,1.4031049964272665e-30,3.0936581808809914e-29
Dmel_CG30404,11.4648075,0.9272185,1.9819969509071455e-30,4.3627172415193967e-29
Dmel_CG2986,11.453317,0.28819817,2.2631808241048272e-30,4.965018231980223e-29
Dmel_CG2679,11.432613,0.552599,2.8732995167842376e-30,6.293004825010278e-29
Dmel_CG18402,11.430767,0.46227226,2.9350526627089747e-30,6.417558575816745e-29
Dmel_CG8604,11.421927,0.5571533,3.249479581368016e-30,7.093257670889883e-29
Dmel_CG7533,11.413309,0.2990119,3.588122054887184e-30,7.806541709151074e-29
Dmel_CG11155,11.381374,0.3420777,5.1777358988023595e-30,1.1227826311247824e-28
Dmel_CG1056,11.380448,0.7975226,5.2329873728940266e-30,1.1328943503657397e-28
Dmel_CG8865,11.370458,0.6740795,5.867915566151812e-30,1.2661786281576514e-28
Dmel_CG31045,11.368687,0.55690235,5.988178928939636e-30,1.2900108082818978e-28
Dmel_CG31665,11.2985115,0.33676162,1.3346143377433866e-29,2.8704037663315616e-28
Dmel_CG3664,11.288854,0.36451095,1.4896719558966956e-29,3.193438690446734e-28
Dmel_CG7736,11.286421,0.44476062,1.531463918636777e-29,3.2776819796100796e-28
Dmel_CG11798,11.276238,0.32375202,1.7194170884613173e-29,3.67396096901954e-28
Dmel_CG32464,11.257665,0.2832487,2.123100093423166e-29,4.529165312934062e-28
Dmel_CG17508,11.25502,0.61284894,2.1877526217046377e-29,4.659523047296701e-28
Dmel_CG31012,11.223454,0.3127599,3.128070780650737e-29,6.6407072905543354e-28
Dmel_CG8287,11.2143345,0.74003214,3.46783741928477e-29,7.350137343035672e-28
Dmel_CG10047,11.211576,0.32122877,3.577619995267914e-29,7.570612618005743e-28
Dmel_CG42734,11.211305,0.2819363,3.5886264082592196e-29,7.5816944744267535e-28
Dmel_CG10377,11.203093,0.23916036,3.9374483652195094e-29,8.305298389622724e-28
Dmel_CG7100,11.200758,0.3270372,4.0425772986390874e-29,8.51338273740645e-28
Dmel_CG7212,11.196172,1.0445702,4.2573642552856607e-29,8.937064485416753e-28
Dmel_CG4257,11.187838,0.51676,4.677023359978392e-29,9.786745855649052e-28
Dmel_CG2368,11.1811285,0.32214704,5.044433854521295e-29,1.053877667444584e-27
Dmel_CG5670,11.165917,0.09909273,5.987002293394419e-29,1.246833552099779e-27
Dmel_CG1232,11.139814,0.4151098,8.02869175841514e-29,1.669383518945148e-27
Dmel_CG7266,11.119328,1.2526717,1.0103092453359751e-28,2.0973892247962164e-27
Dmel_CG15855,11.113691,0.5319196,1.0761688935267646e-28,2.2305891845165953e-27
Dmel_CG8118,11.066723,0.48116967,1.8193248283382714e-28,3.759079806476922e-27
Dmel_CG7254,11.062566,0.64284295,1.9056639779131443e-28,3.93129204611564e-27
Dmel_CG43946,11.052445,0.3468511,2.1332296564329773e-28,4.393851240624726e-27
Dmel_CG5887,11.043697,0.4059722,2.351535946356106e-28,4.83592079359399e-27
Dmel_CG1832,11.034253,1.0783541,2.6121383520223833e-28,5.36345470061346e-27
Dmel_CG8715,11.02676,0.75577825,2.8390924446632777e-28,5.820360969628726e-27
Dmel_CG32441,11.012553,0.47100797,3.324482532292662e-28,6.804832547797175e-27
Dmel_CG1877,10.991163,0.6064839,4.214604779026881e-28,8.61339368603301e-27
Dmel_CG3711,10.987609,1.0392992,4.383852663476257e-28,8.945373889866692e-27
Dmel_CG6438,10.984735,0.34445602,4.525669719315446e-28,9.220438105662678e-27
Dmel_CG10837,10.931785,0.3892963,8.123519494452099e-28,1.6448562353866722e-26
Dmel_CG30361,10.919087,0.8992939,9.342974256380734e-28,1.8859604409078224e-26
Dmel_CG4429,10.915494,0.4333827,9.719990554192331e-28,1.9590551514208807e-26
Dmel_CG15667,10.91446,1.1788609,9.831158543531058e-28,1.978426560804619e-26
Dmel_CG44099,10.908361,0.358904,1.0513441956234415e-27,2.112494506832973e-26
Dmel_CR45333,10.901073,3.2530475,1.139060475155696e-27,2.2817673329300306e-26
Dmel_CG32593,10.897779,0.45426223,1.1810436255913115e-27,2.362267014291541e-26
Dmel_CG10465,10.8538685,0.6726892,1.9116006240109077e-27,3.8061126969889906e-26
Dmel_CG32018,10.852969,0.39853594,1.9305086102620415e-27,3.8379445760141433e-26
Dmel_CG31211,10.8294525,0.41817868,2.496435435013134e-27,4.955537470016253e-26
Dmel_CG3450,10.817904,1.9355943,2.8317658402985595e-27,5.612705114232786e-26
Dmel_CG9423,10.817464,0.46919757,2.8454090908018576e-27,5.631253141901688e-26
Dmel_CG32513,10.799289,0.5091706,3.46881496571473e-27,6.854691348038687e-26
Dmel_CG43128,10.796782,0.3267618,3.564796387784493e-27,7.033782181963367e-26
Dmel_CG33979,10.750539,1.264204,5.891653159439068e-27,1.1607528361047796e-25
Dmel_CG43067,10.744974,0.3404511,6.2579430662163005e-27,1.2310723028914432e-25
Dmel_CG11360,10.743069,0.37371013,6.388506831561511e-27,1.2548784495298927e-25
Dmel_CG5594,10.734818,0.3339312,6.98562472492993e-27,1.37012081358663e-25
Dmel_CG16720,10.729581,0.44327965,7.393071739765746e-27,1.4478741539830354e-25
Dmel_CG14296,10.726854,0.31385568,7.614430541052117e-27,1.489006424701873e-25
Dmel_CG4341,10.724778,0.41972876,7.787393051406803e-27,1.520566598640963e-25
Dmel_CG13404,10.718897,1.4738874,8.29869218021319e-27,1.6179987231480939e-25
Dmel_CG5490,10.703905,0.58072585,9.757693943459072e-27,1.8996423127554913e-25
Dmel_CG10098,10.677663,0.5391703,1.294902357044451e-26,2.5134877214063713e-25
Dmel_CG10521,10.622129,0.4255897,2.3513597373032012e-26,4.550694890707123e-25
Dmel_CG2765,10.618973,1.1465136,2.4322209206148855e-26,4.700266929088266e-25
Dmel_CG44242,10.611498,0.32160994,2.634917786594342e-26,5.077046133964259e-25
Dmel_CG1710,10.606957,0.42403662,2.7660895620664796e-26,5.321988716707995e-25
Dmel_CG31992,10.605734,0.3068203,2.802554712853866e-26,5.384264836493077e-25
Dmel_CG42783,10.556723,0.3585221,4.728869928302728e-26,9.032279030207287e-25
Dmel_CG8860,10.53784,0.5194897,5.781167150854005e-26,1.1026170904117922e-24
Dmel_CG13603,10.529539,1.3271079,6.314280216905694e-26,1.2025500917443148e-24
Dmel_CG7582,10.524401,1.0782062,6.668419290943486e-26,1.268157712044694e-24
Dmel_CG8933,10.487288,0.40020376,9.882335044894627e-26,1.8739360003601774e-24
Dmel_CG9491,10.469085,0.6172773,1.1979511489850682e-25,2.265075690476659e-24
Dmel_CG1812,10.445781,0.9454949,1.5318969761802065e-25,2.8799224841178957e-24
Dmel_CG15138,10.4397,0.4065648,1.633261426281568e-25,3.0660983432522984e-24
Dmel_CG2822,10.432769,0.4605004,1.7569191405528082e-25,3.288842510826845e-24
Dmel_CG2849,10.4258175,0.60057276,1.8902715523260504e-25,3.5334364820934034e-24
Dmel_CG9526,10.412295,0.89382464,2.1790252647724637e-25,4.067410654030533e-24
Dmel_CG8979,10.402796,0.4539407,2.4076323401894194e-25,4.487758380486406e-24
Dmel_CG33513,10.401365,0.40482128,2.4440516613878304e-25,4.54919020995715e-24
Dmel_CG3585,10.399954,0.6779812,2.480544348773354e-25,4.610584623370671e-24
Dmel_CG30463,10.39435,0.41655907,2.630746871908563e-25,4.8828594129591e-24
Dmel_CG1848,10.384947,0.5466894,2.903315351891632e-25,5.3811660139926564e-24
Dmel_CG17075,10.381234,0.6139752,3.018474744303561e-25,5.586729100689169e-24
Dmel_CG34384,10.373434,0.371969,3.275375477771022e-25,6.053686238170042e-24
Dmel_CG10145,10.365886,0.4150257,3.544593322311841e-25,6.542064725912908e-24
Dmel_CG44128,10.352884,0.6807304,4.0606336559621783e-25,7.473499562044675e-24
Dmel_CG8448,10.348506,0.6535737,4.250650877085595e-25,7.812280164445007e-24
Dmel_CG11030,10.339144,0.44835725,4.687049460184203e-25,8.602306837469358e-24
Dmel_CG8201,10.337221,0.33163682,4.782018689004845e-25,8.764366470322548e-24
Dmel_CG45477,10.335553,0.27027053,4.865961442972645e-25,8.905793777451746e-24
Dmel_CG11138,10.325162,0.27023613,5.422729748369514e-25,9.911000225775213e-24
Dmel_CG5216,10.319405,0.3385979,5.757885446052256e-25,1.050894064535732e-23
Dmel_CG11857,10.310141,1.2036407,6.340837284854624e-25,1.1556857525696895e-23
Dmel_CG43122,10.256818,0.2989476,1.102811426879298e-24,2.0044322213860106e-23
Dmel_CG11354,10.249634,0.70525414,1.1879321275641706e-24,2.1561624431382274e-23
Dmel_CG3911,10.237304,1.2839156,1.3494498736430435e-24,2.4392188156180517e-23
Dmel_CG9007,10.218012,0.30244675,1.6468424681715223e-24,2.972686383824447e-23
Dmel_CG4488,10.212614,0.7682902,1.741093617816457e-24,3.1385063418005575e-23
Dmel_CG8110,10.178514,0.49578512,2.4731062673890408e-24,4.451930062980738e-23
Dmel_CG32381,10.139476,0.42278793,3.69074632409649e-24,6.6256963722612e-23
Dmel_CG18009,10.129817,0.3100864,4.074130720968535e-24,7.294026131368871e-23
Dmel_CG15609,10.119961,0.4674188,4.5059640264126276e-24,8.056173234161679e-23
Dmel_CG1691,10.117918,0.6258397,4.600967352711568e-24,8.214852171465043e-23
Dmel_CG6869,10.110144,1.1495438,4.981125738237795e-24,8.88154319215507e-23
Dmel_CG1677,10.102389,0.317344,5.3912252944445724e-24,9.59974140844121e-23
Dmel_CG10011,10.095857,0.32796505,5.7625538697926386e-24,1.0247052828544664e-22
Dmel_CG10423,10.0801,0.20822117,6.765729915155679e-24,1.2014656326359565e-22
Dmel_CG2674,10.074216,0.3782848,7.183159802096859e-24,1.2721550264063992e-22
Dmel_CG1128,10.063699,0.79307806,7.99370806954559e-24,1.411899432014766e-22
Dmel_CG9262,10.059382,0.36216342,8.352038777314913e-24,1.4712351417251378e-22
Dmel_CG13384,10.044874,0.8632973,9.677080107925201e-24,1.7023629143004695e-22
Dmel_CG11282,10.042029,0.5229594,9.960364375074156e-24,1.749854923166437e-22
Dmel_CG9520,10.040751,0.52225626,1.0090206830403354e-23,1.7702991716733042e-22
Dmel_CG9739,10.028295,0.39202452,1.1447722051889943e-23,2.0057935397851432e-22
Dmel_CG31729,10.018738,0.7138607,1.2610330817251417e-23,2.206556022230371e-22
Dmel_CG7147,10.007461,0.3433589,1.4133410936929263e-23,2.469775972369514e-22
Dmel_CG9901,9.992972,0.8708699,1.6360065855300974e-23,2.855081346673441e-22
Dmel_CG12531,9.986427,0.31493834,1.7476757525598652e-23,3.045916056285038e-22
Dmel_CG32434,9.983854,0.44043303,1.7936037772616195e-23,3.1218208260920455e-22
Dmel_CG14442,9.976285,0.32815582,1.9358021506631708e-23,3.3648645584477153e-22
Dmel_CG2225,9.96,0.42198265,2.280627519310404e-23,3.953789740271507e-22
Dmel_CG9774,9.946593,0.8084404,2.609646091818137e-23,4.518229155807924e-22
Dmel_CG3638,9.944955,0.35840583,2.6529490716570954e-23,4.58715838824288e-22
Dmel_CG17255,9.938663,0.28987974,2.825955314392892e-23,4.879878946969381e-22
Dmel_CG1817,9.906611,0.46059734,3.8963605625656925e-23,6.719432303500757e-22
Dmel_CG11027,9.891449,0.43121,4.534149737277843e-23,7.788661659812829e-22
Dmel_CG2186,9.888461,0.63047135,4.6715254054734043e-23,7.993296269964324e-22
Dmel_CG6831,9.887095,0.57276595,4.735702000326464e-23,8.092569569088434e-22
Dmel_CG11144,9.884998,0.39304438,4.83591838923312e-23,8.2530913705081075e-22
Dmel_CG2448,9.870596,1.7454964,5.58321494601691e-23,9.51608658957305e-22
Dmel_CG33988,9.85532,0.28412294,6.500902932665616e-23,1.1065850445357366e-21
Dmel_CG5412,9.820036,1.445531,9.231032906032011e-23,1.5632088069351374e-21
Dmel_CG5445,9.818652,0.76523036,9.358629637013541e-23,1.5827767317888666e-21
Dmel_CG30428,9.805308,0.44702277,1.0681986644093134e-22,1.8042671785350628e-21
Dmel_CG4551,9.78297,0.37417212,1.3324206332264807e-22,2.244787120670408e-21
Dmel_CG1970,9.778401,0.32622313,1.3939467810514088e-22,2.3454359346730555e-21
Dmel_CG4264,9.769222,0.30773422,1.526192691102115e-22,2.561391845948007e-21
Dmel_CG10776,9.749053,0.82021415,1.8619648159129685e-22,3.1209285262643266e-21
Dmel_CG10693,9.734856,0.25558552,2.141208746334013e-22,3.570764484210059e-21
Dmel_CG13999,9.72046,1.0216718,2.466644049987998e-22,4.1082597542322284e-21
Dmel_CG18734,9.71565,0.57075256,2.585943964963805e-22,4.301505018175869e-21
Dmel_CG42748,9.707636,0.3407973,2.7975023260470407e-22,4.64753199324705e-21
Dmel_CG14224,9.701347,0.733961,2.97541972337563e-22,4.936867498090802e-21
Dmel_CG9132,9.695447,0.4429041,3.1525323920177524e-22,5.224139743191083e-21
Dmel_CG33303,9.691096,0.48678294,3.289788086192265e-22,5.444723581946166e-21
Dmel_CG3501,9.670963,0.46968144,4.005884913846386e-22,6.621551402874888e-21
Dmel_CG3973,9.660213,0.34507036,4.449378840374114e-22,7.3453878569543e-21
Dmel_CG32549,9.659866,1.0338299,4.464465277487173e-22,7.361046199681172e-21
Dmel_CG5119,9.647349,0.24538693,5.044265589737016e-22,8.295449627022815e-21
Dmel_CG6235,9.64723,0.39153248,5.050117724387986e-22,8.295449627022815e-21
Dmel_CG3961,9.634319,0.68844044,5.727003728594243e-22,9.395575030893501e-21
Dmel_CG7152,9.5714855,0.41418576,1.0538093540384765e-21,1.724546540650015e-20
Dmel_CG31247,9.564809,0.56646585,1.1240943790861328e-21,1.8372791337774715e-20
Dmel_CG42265,9.563952,0.3351098,1.133431490744406e-21,1.8502389093008994e-20
Dmel_CG32672,9.559411,0.26557845,1.1842857721964999e-21,1.930855996579926e-20
Dmel_CG9261,9.559083,0.48755598,1.1880474228745895e-21,1.9345887464677794e-20
Dmel_CG4700,9.551219,0.69113684,1.2817872763602416e-21,2.082072509103824e-20
Dmel_CG2902,9.48869,0.6512119,2.3395490170836948e-21,3.7815514924350345e-20
Dmel_CG34147,9.488187,0.9583406,2.3508846429136217e-21,3.793877836571219e-20
Dmel_CG17697,9.488095,0.41330358,2.3529491186405477e-21,3.793877836571219e-20
Dmel_CG43226,9.483114,0.63134724,2.4680392585335188e-21,3.9745715559300206e-20
Dmel_CG5073,9.482537,0.52091676,2.481744541340794e-21,3.991750920166386e-20
Dmel_CG8300,9.478803,0.77547854,2.572168287879121e-21,4.1321348986576445e-20
Dmel_CG6146,9.462159,0.303298,3.016498163189389e-21,4.8400247084825105e-20
Dmel_CG15894,9.458089,0.49642816,3.1362289340156477e-21,5.0198762998659716e-20
Dmel_CG42612,9.429796,0.48105818,4.108857571705097e-21,6.544787557548688e-20
Dmel_CG7781,9.415586,0.27845973,4.704477366460704e-21,7.484447587489118e-20
Dmel_CG43867,9.407837,0.302032,5.064498505050519e-21,8.047469752704821e-20
Dmel_CG1836,9.40126,0.35709745,5.3913154238667776e-21,8.546112905311619e-20
Dmel_CG3696,9.390395,0.27574113,5.977582300790737e-21,9.4640251824929e-20
Dmel_CG8732,9.388756,0.47624534,6.071335875186907e-21,9.600893470015782e-20
Dmel_CG10997,9.365125,1.009835,7.596078475177834e-21,1.1983201349617278e-19
Dmel_CG32632,9.359547,0.71093273,8.007977189100988e-21,1.2617845112946772e-19
Dmel_CG17378,9.33045,0.4846396,1.0542198938082223e-20,1.6571176584370632e-19
Dmel_CG34397,9.329728,0.6394087,1.0614268766529685e-20,1.6664528776698516e-19
Dmel_CG9170,9.326056,0.32982692,1.0988472035206302e-20,1.7231445228478045e-19
Dmel_CG7524,9.3197975,0.639372,1.1656210940520195e-20,1.8256766146528713e-19
Dmel_CG4629,9.301342,0.53330046,1.3868349696286383e-20,2.1695712304630875e-19
Dmel_CG3136,9.257247,0.32143793,2.097716774335348e-20,3.2777759966160293e-19
Dmel_CG32017,9.251779,0.27161095,2.207882974021675e-20,3.441730742778034e-19
Dmel_CG2049,9.242454,0.7340519,2.409079473892179e-20,3.7509139059735927e-19
Dmel_CG12269,9.228163,0.7038665,2.7531284405406585e-20,4.2815219925615136e-19
Dmel_CG1945,9.182754,0.4154512,4.202063680040801e-20,6.5117121249311515e-19
Dmel_CG7654,9.181632,0.31875864,4.246077357064037e-20,6.572167555851414e-19
Dmel_CG6588,9.167145,0.2520793,4.8571331224587035e-20,7.509127807321156e-19
Dmel_CG1081,9.138874,0.47352913,6.310595462765634e-20,9.733278753075492e-19
Dmel_CG12537,9.13665,0.2984395,6.441654931409794e-20,9.923773441225802e-19
Dmel_CG12484,9.12444,0.4181088,7.210814644236454e-20,1.1095704360645344e-18
Dmel_CG5102,9.1207695,0.3220317,7.459305539538451e-20,1.145247821127225e-18
Dmel_CG42279,9.11879,0.4215779,7.596767522617046e-20,1.1648672347107421e-18
Dmel_CG17291,9.117515,0.5003741,7.68671118832179e-20,1.1772852182486788e-18
Dmel_CG10712,9.107369,0.47657964,8.440379321809249e-20,1.2912109972979666e-18
Dmel_CG32485,9.077966,0.5566486,1.1062291428087326e-19,1.6883806231881019e-18
Dmel_CG31522,9.066094,0.5640267,1.2335931737236484e-19,1.8805856027729077e-18
Dmel_CG31650,9.053281,0.38022614,1.3873588167124416e-19,2.110102107687291e-18
Dmel_CG17800,9.050849,0.4195738,1.4186120028459782e-19,2.155142234612601e-18
Dmel_CG8963,9.042174,0.47959667,1.5358544253900046e-19,2.330561547811784e-18
Dmel_CG13830,9.025542,0.2671871,1.7880831637006402e-19,2.7070507896532384e-18
Dmel_CG32225,9.021212,0.9055388,1.8601994691857192e-19,2.8129897841852172e-18
Dmel_CG13521,9.013237,0.633361,2.0006162363408896e-19,3.0218503404316816e-18
Dmel_CG4606,9.01119,0.5774502,2.0383184312979965e-19,3.0752632038676203e-18
Dmel_CG4838,9.008333,0.31034532,2.0921112367366238e-19,3.1528020369215566e-18
Dmel_CG9461,8.99958,0.40723413,2.2658151409132287e-19,3.410661714403292e-18
Dmel_CG8318,8.997776,0.38520977,2.30335916126029e-19,3.4632085512724797e-18
Dmel_CG4662,8.988097,0.45856848,2.515484943726278e-19,3.775927822783625e-18
Dmel_CG15098,8.988027,0.79970074,2.5170936555501525e-19,3.775927822783625e-18
Dmel_CG34421,8.975126,0.35406616,2.8302807863028375e-19,4.24090305733245e-18
Dmel_CG4816,8.973311,0.61903155,2.877304636308325e-19,4.303817557679689e-18
Dmel_CG15669,8.973254,0.25389612,2.8788186844231385e-19,4.303817557679689e-18
Dmel_CG14994,8.970608,0.43357024,2.9488157486402113e-19,4.403453153736479e-18
Dmel_CG13779,8.940765,0.6189928,3.864827128755861e-19,5.764777899997817e-18
Dmel_CG18467,8.939669,0.79757464,3.9033738980944014e-19,5.8156730606415565e-18
Dmel_CG2262,8.938715,0.3116326,3.9372073757937272e-19,5.859438519287131e-18
Dmel_CG33653,8.938381,0.26824275,3.949124305872786e-19,5.870525170076276e-18
Dmel_CG1651,8.936091,0.28710273,4.031799817784536e-19,5.9866532661589374e-18
Dmel_CG12399,8.928312,0.59128964,4.3255556334439672e-19,6.401140380527835e-18
Dmel_CG32267,8.926237,0.3445041,4.407468022240837e-19,6.51502106639672e-18
Dmel_CG14435,8.923047,0.57666194,4.536333946717756e-19,6.697973527395284e-18
Dmel_CG2052,8.921987,0.38956723,4.579988471138156e-19,6.754840460070316e-18
Dmel_CG6896,8.90866,0.34775057,5.165299932550515e-19,7.609552288525373e-18
Dmel_CG2446,8.905789,0.3772189,5.300727430983634e-19,7.800320175874126e-18
Dmel_CG3000,8.898918,0.48352167,5.639363606229013e-19,8.28935986011806e-18
Dmel_CG1634,8.89755,0.3498057,5.709314037646572e-19,8.382803996504313e-18
Dmel_CG32264,8.892012,0.23591425,6.001230723622057e-19,8.791769558430038e-18
Dmel_CG17912,8.883874,0.33488205,6.457142345540816e-19,9.449143381152767e-18
Dmel_CG17839,8.880951,0.39779636,6.629126796169806e-19,9.69002839026334e-18
Dmel_CG44193,8.880535,0.26621333,6.653960242226446e-19,9.715521282566415e-18
Dmel_CG17245,8.850853,0.2929743,8.68530912615419e-19,1.2653397696983615e-17
Dmel_CG13743,8.8489485,0.4618557,8.83476343890461e-19,1.2856879994534384e-17
Dmel_CG42238,8.84616,0.32797363,9.058251387334556e-19,1.3167531137274713e-17
Dmel_CG4005,8.802456,1.4908302,1.3385407686984528e-18,1.9414750818395548e-17
Dmel_CG31660,8.799174,0.2865715,1.37826312836178e-18,1.9968859724147907e-17
Dmel_CG1639,8.796797,0.91434526,1.4077631483134269e-18,2.0373805651967778e-17
Dmel_CG33130,8.790225,0.43114012,1.492603445225067e-18,2.1554177883189678e-17
Dmel_CG10132,8.776547,0.4264175,1.6856988009349516e-18,2.428921923584013e-17
Dmel_CG10289,8.772744,0.3633401,1.7436403923487683e-18,2.5096580937409817e-17
Dmel_CG4272,8.769791,0.4504569,1.7899922516320727e-18,2.573554505327907e-17
Dmel_CG3727,8.760759,0.57910645,1.9393874212682233e-18,2.785299464796254e-17
Dmel_CG4944,8.756691,0.69948673,2.0106615823492052e-18,2.8813635609215816e-17
Dmel_CG42332,8.754245,0.37523392,2.0547512106983164e-18,2.93813772141312e-17
Dmel_CG1696,8.745413,0.28797615,2.2220099717206985e-18,3.173851417215402e-17
Dmel_CG5249,8.743321,0.361067,2.2635558960810087e-18,3.2296838252335e-17
Dmel_CG2316,8.741116,0.34757158,2.3081952233376652e-18,3.2898040596399414e-17
Dmel_CG2381,8.738245,0.24828453,2.3675959775090387e-18,3.370810264403714e-17
Dmel_CG6025,8.737542,1.105013,2.38237516485013e-18,3.3881809568501684e-17
Dmel_CG11500,8.702341,0.6023241,3.2510553658693137e-18,4.618607412204179e-17
Dmel_CG7727,8.690248,0.18763413,3.616519253916468e-18,5.132254807312776e-17
Dmel_CG43222,8.686272,0.376959,3.7452990235681426e-18,5.3092744842188736e-17
Dmel_CG42795,8.6839075,0.28187147,3.824006775459765e-18,5.415007870292755e-17
Dmel_CG6276,8.682997,1.3113539,3.854743086175425e-18,5.4526565011228484e-17
Dmel_CG8593,8.682174,0.48126426,3.882755308139644e-18,5.4863750004583943e-17
Dmel_CG5629,8.674677,0.4375063,4.1472456860200535e-18,5.853808330825942e-17
Dmel_CG7467,8.6736965,0.27470118,4.183156048841936e-18,5.891838546391413e-17
Dmel_CG34356,8.672938,0.46495846,4.211107910213397e-18,5.9248574997981e-17
Dmel_CG5499,8.663982,0.283657,4.5556363206589526e-18,6.395899240361035e-17
Dmel_CG5746,8.660778,0.28977114,4.685563689736039e-18,6.571290549287225e-17
Dmel_CG1862,8.658684,0.32827532,4.772434166954396e-18,6.685986928352635e-17
Dmel_CG3856,8.656748,0.6019403,4.8541336278734214e-18,6.793202343331697e-17
Dmel_CG17471,8.644792,0.28128147,5.390354175521007e-18,7.535600448991655e-17
Dmel_CG13650,8.623657,0.67297286,6.484912964964121e-18,9.046522428088483e-17
Dmel_CG7904,8.60152,0.49390066,7.866747563467384e-18,1.095094594613611e-16
Dmel_CG42312,8.597445,0.53739613,8.151105742304447e-18,1.1334781011600292e-16
Dmel_CG4710,8.590342,1.237823,8.671087346402248e-18,1.2032392694727766e-16
Dmel_CG43368,8.587291,0.24410413,8.904424645354452e-18,1.2343148129177516e-16
Dmel_CG8676,8.579117,0.7344029,9.560434704125187e-18,1.323853239693457e-16
Dmel_CG45784,8.573179,0.8435242,1.0066692783932743e-17,1.3924885249858964e-16
Dmel_CG10640,8.569644,0.4020544,1.0380574234148134e-17,1.4343966983274512e-16
Dmel_CG42281,8.559421,0.22134869,1.1343653244671349e-17,1.5641862254798132e-16
Dmel_CG31158,8.551788,0.37070307,1.2119636419969289e-17,1.667687352825303e-16
Dmel_CG11148,8.536259,0.2903587,1.3863827907699176e-17,1.905696260827143e-16
Dmel_CG5708,8.534234,0.4951621,1.4108744438410874e-17,1.9373355346411422e-16
Dmel_CR43651,8.528711,0.55351317,1.4798654398676727e-17,2.0278322987800922e-16
Dmel_CG12073,8.484865,0.7198085,2.1596871432928285e-17,2.9532204734662913e-16
Dmel_CG10868,8.452746,0.66987264,2.845299012023378e-17,3.88670211195418e-16
Dmel_CG31638,8.449884,0.6528596,2.915915447952949e-17,3.979028546370685e-16
Dmel_CG17383,8.437588,0.34191975,3.239542334358874e-17,4.4160607692748923e-16
Dmel_CG1483,8.430345,0.5210064,3.4464787522005975e-17,4.693282619965601e-16
Dmel_CG10076,8.419544,0.35314482,3.779519727092707e-17,5.136160158606542e-16
Dmel_CG14440,8.415333,0.4140919,3.9178117723197694e-17,5.313102631584529e-16
Dmel_CG18319,8.408716,0.2653348,4.145234714620983e-17,5.615724678848901e-16
Dmel_CG15456,8.38261,1.4297467,5.176643468449802e-17,6.984216819188793e-16
Dmel_CG2086,8.380283,0.5794921,5.280057732027103e-17,7.109143304976247e-16
Dmel_CG4122,8.365001,0.25725165,6.011443471119768e-17,8.085606822311656e-16
Dmel_CG11924,8.360779,0.4042318,6.230559884259784e-17,8.371757406856627e-16
Dmel_CG12567,8.345154,0.8794217,7.11212856880176e-17,9.546525181064753e-16
Dmel_CG43427,8.337884,0.30023336,7.56314535089645e-17,1.0141560515931658e-15
Dmel_CG33991,8.335878,0.55636203,7.692499081825582e-17,1.0304498515216104e-15
Dmel_CG11064,8.329302,0.86786973,8.132029971621126e-17,1.088217982251255e-15
Dmel_CG42396,8.326271,0.3095122,8.342883595071883e-17,1.1152984061326513e-15
Dmel_CG2682,8.321376,0.3237837,8.694773590731098e-17,1.1576293794913614e-15
Dmel_CG18397,8.307635,0.38936293,9.762798770113619e-17,1.2971985706578671e-15
Dmel_CG4211,8.300914,0.261397,1.0331350464627213e-16,1.3713563278350122e-15
Dmel_CG16973,8.300376,0.3803399,1.0378237676607945e-16,1.3761899223845108e-15
Dmel_CG33141,8.290722,0.44287884,1.1256293183929836e-16,1.489616804934763e-15
Dmel_CG10596,8.280715,0.8073172,1.2243792936121382e-16,1.6186688427924656e-15
Dmel_CG6492,8.264912,0.43598926,1.3979831580423741e-16,1.84632127435526e-15
Dmel_CG9450,8.262722,0.3637479,1.4238794340404092e-16,1.8786345022816282e-15
Dmel_CG7576,8.248287,0.2562941,1.606813004624995e-16,2.1157444582942945e-15
Dmel_CG9704,8.240302,0.40859354,1.7177659501094764e-16,2.2595758108497127e-15
Dmel_CG32666,8.224737,0.33472297,1.9561865648479127e-16,2.570624764866642e-15
Dmel_CG8522,8.2017145,0.7854304,2.3698302231338214e-16,3.1079779403394757e-15
Dmel_CG2872,8.198346,0.71466017,2.437173364696348e-16,3.19311018798352e-15
Dmel_CG34157,8.196893,0.3990761,2.4667956492495416e-16,3.228701357249823e-15
Dmel_CG18627,8.193664,0.8331327,2.533923884675002e-16,3.306682598660795e-15
Dmel_CG9397,8.193268,0.6275674,2.5422660879734853e-16,3.314277645045592e-15
Dmel_CG8739,8.177662,0.28289223,2.894045564261719e-16,3.769142989094475e-15
Dmel_CG43140,8.170431,0.36882776,3.0728938713885817e-16,3.994154140842468e-15
Dmel_CG10686,8.161366,0.25690302,3.312542892850687e-16,4.301395865113723e-15
Dmel_CG6720,8.146798,0.6257416,3.736881726317682e-16,4.838065297097602e-15
Dmel_CG17776,8.139858,0.50280803,3.957402475455542e-16,5.113493208452436e-15
Dmel_CG12443,8.139173,0.3108778,3.9798937102699656e-16,5.137503265879923e-15
Dmel_CG14476,8.138601,0.3383298,3.9986964721235187e-16,5.1567095525196425e-15
Dmel_CG3114,8.136876,0.31298962,4.0560842002896844e-16,5.225588478039877e-15
Dmel_CG8909,8.122101,0.25391367,4.581841728984484e-16,5.897157900155251e-15
Dmel_CG8583,8.115103,0.4512035,4.853719915475923e-16,6.234871301003823e-15
Dmel_CG4617,8.106764,1.0106143,5.198592589831585e-16,6.6713579319313334e-15
Dmel_CG3209,8.105838,0.73041415,5.238327023946886e-16,6.715790772847418e-15
Dmel_CG7507,8.096836,0.3782726,5.640712417949996e-16,7.224620066694044e-15
Dmel_CG32677,8.094296,0.2532484,5.759626538190251e-16,7.369742194582092e-15
Dmel_CG30372,8.091672,0.5137393,5.885114309608248e-16,7.522985130599416e-15
Dmel_CG43901,8.064332,0.27016756,7.363762362445287e-16,9.40400400436283e-15
Dmel_CG5771,8.057046,0.32351604,7.81604680416701e-16,9.971909811025116e-15
Dmel_CG4236,8.05073,1.175764,8.230159408101758e-16,1.0490060599598952e-14
Dmel_CG14619,8.049698,0.2920622,8.299891471704335e-16,1.0568689324580103e-14
Dmel_CG34353,8.032916,0.3238666,9.518254104577223e-16,1.2096651565594708e-14
Dmel_CG4006,8.02904,0.75118935,9.823788840391895e-16,1.2472889773100471e-14
Dmel_CG34391,8.028166,0.4344214,9.894062350082366e-16,1.254998777436606e-14
Dmel_CG9770,7.995533,0.8943825,1.2901437992368027e-15,1.6301711217087332e-14
Dmel_CG9012,7.9898734,0.3042652,1.3507712601955328e-15,1.7051378607329005e-14
Dmel_CG4905,7.9803214,0.4059332,1.4595282201975536e-15,1.840658382112865e-14
Dmel_CG33144,7.9740844,0.4440036,1.5351442288325647e-15,1.934163979970157e-14
Dmel_CG8433,7.9714913,0.69466186,1.56771141463683e-15,1.9714158564346972e-14
Dmel_CG33106,7.969266,0.25679886,1.5961991268941307e-15,2.0034052269833593e-14
Dmel_CG42768,7.9489684,0.21571516,1.8807120532954512e-15,2.355999722817495e-14
Dmel_CG7180,7.9407682,0.34926587,2.0093274808117153e-15,2.514721183366357e-14
Dmel_CG45019,7.929789,0.5879757,2.195183146754263e-15,2.7447099649379424e-14
Dmel_CG1495,7.926499,0.24411339,2.2541029750428998e-15,2.8157003037109074e-14
Dmel_CG1981,7.9113636,0.23975556,2.545844620259659e-15,3.174093373323736e-14
Dmel_CG34220,7.9089713,3.3236427,2.5952396146727087e-15,3.232610784494224e-14
Dmel_CG11621,7.9013796,0.8035551,2.7583294024660787e-15,3.4325006323680623e-14
Dmel_CG4168,7.89434,0.56738013,2.9185525596333457e-15,3.62706192096374e-14
Dmel_CG31352,7.89427,0.49158177,2.920197482976666e-15,3.62706192096374e-14
Dmel_CG4080,7.8828955,0.328696,3.1988117462647595e-15,3.969365926125137e-14
Dmel_CG10637,7.875891,0.54441583,3.3832257291864118e-15,4.190289284376874e-14
Dmel_CG1449,7.8660064,0.52020097,3.661418084024258e-15,4.530573921107606e-14
Dmel_CG40218,7.85764,0.23821402,3.914384707401993e-15,4.8390338137318525e-14
Dmel_CG17082,7.8551784,0.6080364,3.9920404365974915e-15,4.930395054260116e-14
Dmel_CG9281,7.8449993,0.41681024,4.329562507387091e-15,5.342232949255752e-14
Dmel_CG5695,7.84271,0.564691,4.409252200132066e-15,5.43545808273316e-14
Dmel_CG9414,7.8365607,0.5900613,4.630536460651303e-15,5.70289406086399e-14
Dmel_CG34378,7.835594,0.23322189,4.66629909596433e-15,5.741557717234762e-14
Dmel_CR45859,7.8309402,1.1393591,4.8423395270334134e-15,5.952589684260626e-14
Dmel_CG4464,7.8212433,0.2524839,5.230412167975659e-15,6.42363049526805e-14
Dmel_CG14998,7.820814,0.26623055,5.248270726582964e-15,6.439544875632748e-14
Dmel_CG12084,7.81989,0.4102315,5.286956897228792e-15,6.480960875604809e-14
Dmel_CG13503,7.809448,0.34025815,5.743905211616626e-15,7.034544117973354e-14
Dmel_CG13439,7.8041525,0.26020434,5.990271061526049e-15,7.329436873325308e-14
Dmel_CG2519,7.802811,0.41192096,6.0543179342177865e-15,7.400910881261018e-14
Dmel_CG8276,7.801643,0.27904412,6.110635677195503e-15,7.4628125868054e-14
Dmel_CG17257,7.799122,0.39047098,6.2339332668558096e-15,7.606324703783862e-14
Dmel_CG32701,7.7839885,0.29577702,7.027304770107366e-15,8.558462649117784e-14
Dmel_CG7085,7.7750907,0.33283627,7.539324527643143e-15,9.173542927570235e-14
Dmel_CG43759,7.767531,0.46322688,8.003065994972161e-15,9.728796506931468e-14
Dmel_CG4380,7.7634478,0.50211287,8.265104979794716e-15,1.0038054023981735e-13
Dmel_CG9212,7.757506,0.32764357,8.661591625662101e-15,1.0509877705708742e-13
Dmel_CR46006,7.746336,0.30391914,9.45821143781814e-15,1.146590004652843e-13
Dmel_CG4832,7.742352,0.38733608,9.759439794676584e-15,1.1820165745792165e-13
Dmel_CG6330,7.732675,0.46302974,1.0530999187631461e-14,1.2742896899140426e-13
Dmel_CG34117,7.7296486,0.36575082,1.0784385558284002e-14,1.3037498677222637e-13
Dmel_CG33131,7.72162,0.33558518,1.1486034255594058e-14,1.3872975749334696e-13
Dmel_CG3107,7.7174783,0.5472179,1.1865385023516504e-14,1.4318000421857703e-13
Dmel_CG44122,7.703527,0.75218976,1.3236135457911378e-14,1.5913637333249168e-13
Dmel_CG13108,7.6992607,0.38690993,1.3685546268686502e-14,1.6438918054552954e-13
Dmel_CG6498,7.68847,0.4855605,1.4890511918370658e-14,1.7869974166146924e-13
Dmel_CG2216,7.6882772,0.22129583,1.4912950354994544e-14,1.7880573048812347e-13
Dmel_CG9384,7.683856,0.47208476,1.5437011176109458e-14,1.8492047754353182e-13
Dmel_CG6988,7.6576867,0.40136898,1.8931197339184592e-14,2.2636475362531823e-13
Dmel_CG33976,7.655253,0.2355534,1.9293233180040848e-14,2.304839792899243e-13
Dmel_CG11166,7.644144,0.7606387,2.1034006787759303e-14,2.510516650299228e-13
Dmel_CG4678,7.6363325,0.25254595,2.234969031850278e-14,2.6651295868915154e-13
Dmel_CG42555,7.628749,0.4183687,2.3704322226008107e-14,2.8241024331094516e-13
Dmel_CG33087,7.6281333,0.53742903,2.381774928619359e-14,2.835045682698098e-13
Dmel_CG3365,7.626485,0.29013765,2.412416215531028e-14,2.8689195917007456e-13
Dmel_CG7739,7.6006503,0.50183165,2.9464670809363974e-14,3.500861113072803e-13
Dmel_CG8200,7.5949926,0.34252337,3.078100692087167e-14,3.653958554175019e-13
Dmel_CG14441,7.5883946,0.5078477,3.238929203160643e-14,3.8379412676946805e-13
Dmel_CG6224,7.5844,0.3867344,3.340282579726948e-14,3.9544732774947587e-13
Dmel_CG12994,7.5751915,0.85249335,3.585987209092158e-14,4.23772103549281e-13
Dmel_CR44417,7.5714417,0.85361034,3.691044969011844e-14,4.3579534535296173e-13
Dmel_CG2219,7.5700808,0.24997632,3.729916806603426e-14,4.3998955794951186e-13
Dmel_CG33113,7.5671287,0.21032034,3.8156463404321984e-14,4.4969873147640825e-13
Dmel_CG17947,7.561693,0.26082185,3.978556088125838e-14,4.684785443912333e-13
Dmel_CG17715,7.5558352,0.2551766,4.1618010596552724e-14,4.896170790056395e-13
Dmel_CG14001,7.551944,0.2777909,4.2880997634158005e-14,5.040243201345888e-13
Dmel_CG6671,7.543613,0.22464815,4.57125853292889e-14,5.368267058196474e-13
Dmel_CG43079,7.5329776,0.291045,4.959609384401943e-14,5.819127403609459e-13
Dmel_CG6123,7.524258,0.32590672,5.302059200656721e-14,6.215375553597678e-13
Dmel_CG11883,7.5093627,0.8344286,5.941586661733888e-14,6.958858317454993e-13
Dmel_CG34355,7.5086184,0.29948586,5.975469140742056e-14,6.992309882323363e-13
Dmel_CG1560,7.501111,0.67367196,6.327916162994233e-14,7.398144688425908e-13
Dmel_CG4050,7.4994535,1.0373782,6.408437676891036e-14,7.485624845513342e-13
Dmel_CG9171,7.4888954,0.39458874,6.94556603054349e-14,8.105833322146714e-13
Dmel_CG9894,7.480575,0.09873072,7.399816098833286e-14,8.628303758187064e-13
Dmel_CG42784,7.475964,0.36125964,7.663979426522442e-14,8.9284001457386e-13
Dmel_CG17493,7.4711895,0.25264028,7.947314282099804e-14,9.25027962631298e-13
Dmel_CG3564,7.4667754,0.36567518,8.218392505992344e-14,9.557335922234106e-13
Dmel_CG5758,7.462179,0.2737359,8.510297028895622e-14,9.888047149135045e-13
Dmel_CG42333,7.439386,0.561965,1.011542560571378e-13,1.172194073057185e-12
Dmel_CG15760,7.43509,0.2897133,1.044966713544212e-13,1.2098596989149332e-12
Dmel_CG32479,7.433867,0.6165663,1.0546785879807703e-13,1.2200291659027556e-12
Dmel_CG4393,7.4283724,0.7026004,1.0994221832179724e-13,1.2706690333920296e-12
Dmel_CG43369,7.3923078,1.1336321,1.4430213009926615e-13,1.6648589039810856e-12
Dmel_CG5722,7.380256,0.44978923,1.5798524896680406e-13,1.8163465937644551e-12
Dmel_CG13685,7.3757505,0.28731066,1.634217799580826e-13,1.8772077014240937e-12
Dmel_CG31619,7.373263,0.28119263,1.6650166040389906e-13,1.9109155627664955e-12
Dmel_CG42268,7.364781,0.23551597,1.7743788123113637e-13,2.032878114436236e-12
Dmel_CG14622,7.346609,0.49001306,2.0329848986958373e-13,2.32713018760993e-12
Dmel_CG42324,7.3331323,0.42423677,2.2483499855826385e-13,2.571415766800823e-12
Dmel_CG17059,7.3272753,0.32766464,2.3487890776795486e-13,2.6839510669379955e-12
Dmel_CG3744,7.3176246,0.36626115,2.5239878034244006e-13,2.8816441116246783e-12
Dmel_CG7088,7.3118515,1.0142465,2.634860802323067e-13,3.0056168232055056e-12
Dmel_CG5263,7.3070874,0.5142701,2.729954238331619e-13,3.111390168769801e-12
Dmel_CG17686,7.3017473,0.25793773,2.840540877928205e-13,3.2346228489475337e-12
Dmel_CG17977,7.296791,0.6528983,2.9471171538803597e-13,3.350178764631644e-12
Dmel_CG15078,7.2946687,0.9032279,2.9939541480326805e-13,3.4004798149781725e-12
Dmel_CG4405,7.2941103,0.28770635,3.006387082430413e-13,3.411652215044737e-12
Dmel_CG3400,7.293639,0.48803782,3.016923562188081e-13,3.4206550932453474e-12
Dmel_CG10417,7.290108,0.33748326,3.097067271528162e-13,3.508496639237205e-12
Dmel_CG10652,7.287811,0.22657554,3.1503210166137805e-13,3.565750945678009e-12
Dmel_CG11265,7.281815,0.28750202,3.293587620481725e-13,3.724701800408808e-12
Dmel_CG32226,7.2800364,1.1807295,3.337304122056598e-13,3.770895397071862e-12
Dmel_CG32204,7.2739835,0.41475242,3.490381444294394e-13,3.940472728477031e-12
Dmel_CG31760,7.2723403,0.3583633,3.533123824233151e-13,3.985303019248742e-12
Dmel_CG32592,7.2681766,0.2683847,3.6437198620525456e-13,4.106528534067968e-12
Dmel_CG11319,7.2613225,0.23415326,3.833239269396365e-13,4.316417929660466e-12
Dmel_CG1429,7.2603955,0.23341571,3.859596197293918e-13,4.342376166835563e-12
Dmel_CG1049,7.258948,0.30094382,3.9011244443671524e-13,4.385344424587575e-12
Dmel_CG43658,7.2586,0.3388304,3.9111590124430336e-13,4.39286671645418e-12
Dmel_CG30021,7.2557807,0.28699067,3.9935153559549125e-13,4.481535891768019e-12
Dmel_CG7949,7.2518306,1.7701274,4.111766218850609e-13,4.610300331221489e-12
Dmel_CG8804,7.2474585,0.6410839,4.246650182846124e-13,4.757479117884136e-12
Dmel_CG32975,7.2443066,0.19558488,4.346573407878501e-13,4.865274374184956e-12
Dmel_CG34126,7.2420225,0.40541935,4.4204269908846736e-13,4.943730305294936e-12
Dmel_CG15224,7.231897,0.2340124,4.762944958415485e-13,5.3177450890856326e-12
Dmel_CG31092,7.2294693,0.44192335,4.848850379438406e-13,5.409061361307308e-12
Dmel_CG15793,7.228784,0.5592214,4.873382012575302e-13,5.431816202481089e-12
Dmel_CG43947,7.2228365,0.25564247,5.091413251603886e-13,5.670022164349717e-12
Dmel_CG8639,7.2209992,0.2309645,5.160702770655939e-13,5.742319653614707e-12
Dmel_CG10952,7.1999187,0.23564442,6.024841625253481e-13,6.681218885861265e-12
Dmel_CG43720,7.1985784,0.54259187,6.084352180168851e-13,6.741523777369212e-12
Dmel_CG11516,7.182019,0.20265925,6.868936777402758e-13,7.598038568337512e-12
Dmel_CG11866,7.179142,0.98636776,7.015037471268162e-13,7.746605664700414e-12
Dmel_CG43102,7.1780357,0.3448828,7.072003266922231e-13,7.802955073939969e-12
Dmel_CG7607,7.174527,1.6954253,7.255748495395661e-13,7.998975753187448e-12
Dmel_CG11387,7.1673784,0.20933273,7.644755136287794e-13,8.420765066719019e-12
Dmel_CG33090,7.164008,0.633427,7.83516189629222e-13,8.623271564420105e-12
Dmel_CG4857,7.1629105,0.2398071,7.898190236982121e-13,8.685365514994314e-12
Dmel_CG6889,7.1454268,0.30253863,8.971682141944037e-13,9.857598246428646e-12
Dmel_CG1987,7.141813,0.18785237,9.210787614552731e-13,1.0111859652701541e-11
Dmel_CG4599,7.1407394,0.27627587,9.283016361649236e-13,1.0182647580002722e-11
Dmel_CG7580,7.1368165,0.21235275,9.551721399036038e-13,1.0468654787717479e-11
Dmel_CG6407,7.133089,0.85558534,9.814108301363471e-13,1.0747266432351448e-11
Dmel_CG9209,7.132269,0.7276801,9.872785216811062e-13,1.0802520444139396e-11
Dmel_CG40452,7.128552,0.15357657,1.0143026207889474e-12,1.1088977320954708e-11
Dmel_CG5481,7.1238565,0.66136813,1.0494810632634595e-12,1.1464032129962695e-11
Dmel_CG6207,7.1186447,0.26028177,1.0899336201415806e-12,1.1896027991927335e-11
Dmel_CG18582,7.118114,0.23382665,1.0941395888260545e-12,1.1932023515986044e-11
Dmel_CG3578,7.1135354,0.3618708,1.131075890533625e-12,1.2324600561776424e-11
Dmel_CG14217,7.095079,0.2738144,1.2927764122540693e-12,1.406322419985987e-11
Dmel_CG31094,7.0881295,0.29211822,1.3593689243883869e-12,1.4775406977161118e-11
Dmel_CG44240,7.077232,0.5260408,1.4706215897070875e-12,1.5971436620116396e-11
Dmel_CG31814,7.0653024,0.47556642,1.6026683125660215e-12,1.7391134843460024e-11
Dmel_CG8678,7.0461655,0.72173345,1.8391546123924626e-12,1.9940866964892203e-11
Dmel_CG14989,7.038341,0.22555633,1.9454176386108513e-12,2.1058264570828005e-11
Dmel_CG17367,7.0324903,0.46967152,2.0287950132176163e-12,2.192466716175386e-11
Dmel_CG7847,7.0306854,0.29967225,2.0552150050474203e-12,2.2191931291148847e-11
Dmel_CG9636,7.0278516,0.5223785,2.0973756409904263e-12,2.2628582346679142e-11
Dmel_CG1552,7.0241995,0.65126634,2.1529700390085665e-12,2.3190310887386534e-11
Dmel_CG17838,7.0227284,0.21002315,2.1757714816543612e-12,2.3416718296822244e-11
Dmel_CG42339,7.0224442,0.67134607,2.180203386946364e-12,2.3445214981883934e-11
Dmel_CG42318,7.016537,0.29190913,2.274340196407179e-12,2.4437534358942548e-11
Dmel_CG45051,7.013975,0.21834314,2.3164034151678934e-12,2.4869164443399743e-11
Dmel_CG10037,6.9941206,0.4480526,2.669275974199756e-12,2.8610893619053014e-11
Dmel_CG6606,6.9867516,0.41520274,2.8132413901412736e-12,3.010489015296944e-11
Dmel_CG7222,6.9849863,0.6247686,2.8488386732021183e-12,3.046101627709442e-11
Dmel_CG6169,6.9764667,0.22967881,3.0269642035969604e-12,3.228679918787959e-11
Dmel_CG33199,6.9735684,0.23823413,3.090010188202965e-12,3.2932541673296975e-11
Dmel_CG4593,6.97335,1.5458305,3.0948082669705005e-12,3.2956949300048094e-11
Dmel_CG44424,6.9552197,0.21370232,3.5201250689399786e-12,3.739528175500425e-11
Dmel_CG2637,6.953329,0.23313516,3.567646018496566e-12,3.786949622703019e-11
Dmel_CG33304,6.948628,0.50791585,3.688561200700463e-12,3.908982478903612e-11
Dmel_CR32886,6.929947,0.45020646,4.209987638993935e-12,4.4508002867272163e-11
Dmel_CG14767,6.929455,0.2315023,4.224653136339531e-12,4.4627143781863165e-11
Dmel_CG34354,6.921803,0.24700326,4.459303713824212e-12,4.7068040243665835e-11
Dmel_CG13598,6.9171844,0.61008346,4.6070812811798875e-12,4.858880827928162e-11
Dmel_CG5935,6.9155717,0.21904704,4.659797768487455e-12,4.910537488026755e-11
Dmel_CG8279,6.911796,0.21402244,4.785556165907948e-12,5.0390219211695795e-11
Dmel_CG3717,6.899761,0.35036358,5.209005234013593e-12,5.4761230224138106e-11
Dmel_CG34383,6.8945317,0.22753459,5.404248616946276e-12,5.676837016410153e-11
Dmel_CG9528,6.8873744,0.34124085,5.683149131525406e-12,5.965036959854263e-11
Dmel_CG6866,6.885383,0.34495017,5.763224572789401e-12,6.04425651325024e-11
Dmel_CG1317,6.881515,0.3628706,5.921936408422622e-12,6.205754891792796e-11
Dmel_CG6051,6.8721933,0.38248402,6.32220944101268e-12,6.614661963721946e-11
Dmel_CR44922,6.8695827,0.26011157,6.438995603728441e-12,6.731490948973384e-11
Dmel_CG4538,6.86773,0.53862834,6.5231537952612506e-12,6.814051194239117e-11
Dmel_CG6562,6.8658566,0.32104015,6.60933729180073e-12,6.898594229670644e-11
Dmel_CG32067,6.856167,0.24810179,7.0732702067832125e-12,7.376971729153825e-11
Dmel_CG17716,6.8544955,0.21144682,7.1564529355136315e-12,7.45780713922162e-11
Dmel_CG18624,6.8519745,3.3397539,7.2837550404187e-12,7.58445522869589e-11
Dmel_CG10106,6.848102,0.43570653,7.483613644209154e-12,7.786394845491093e-11
Dmel_CG43758,6.842611,0.42286077,7.776281419028343e-12,8.084502699956603e-11
Dmel_CG18265,6.8287573,0.594531,8.565332681547998e-12,8.89076119812182e-11
Dmel_CG14641,6.8279114,0.56576586,8.615985634068171e-12,8.936279969793989e-11
Dmel_CG18250,6.8267694,0.30804512,8.684813069196144e-12,9.000562187879063e-11
Dmel_CG6977,6.814683,0.56586725,9.447175804390117e-12,9.782926496886567e-11
Dmel_CG9088,6.814183,0.24221787,9.480066860371256e-12,9.809256583632965e-11
Dmel_CG42732,6.811629,0.22220233,9.649968392993324e-12,9.977201782244318e-11
Dmel_CG9884,6.805877,0.3474822,1.0043531344156534e-11,1.0375946964902596e-10
Dmel_CG12769,6.7985578,0.4172509,1.056716909272168e-11,1.0899777790224144e-10
Dmel_CG8884,6.795697,0.14733969,1.077900633062942e-11,1.1109562524768721e-10
Dmel_CG6222,6.795419,0.7497285,1.0799815716469138e-11,1.1122286702987535e-10
Dmel_CG4244,6.791912,0.5411062,1.1065706257944021e-11,1.1387192320723757e-10
Dmel_CG5610,6.790386,0.21162271,1.1183370186806011e-11,1.1499269767200141e-10
Dmel_CG8032,6.7858634,0.7413233,1.1539441670331867e-11,1.1856122204052469e-10
Dmel_CG2747,6.772661,0.30803743,1.2643497284770573e-11,1.2980327954622664e-10
Dmel_CG12384,6.7666664,0.22068343,1.3178351318725091e-11,1.3518869217749134e-10
Dmel_CG32016,6.763191,0.28266343,1.3498478245660503e-11,1.3836466663512064e-10
Dmel_CG5284,6.752046,0.449325,1.45774504395777e-11,1.4930808747193338e-10
Dmel_CG4153,6.742453,0.2675884,1.5573433094065643e-11,1.591372350615215e-10
Dmel_CG11199,6.741714,0.39603543,1.565291950652019e-11,1.5982518666292294e-10
Dmel_CG7921,6.733061,0.27948135,1.661305582340997e-11,1.694970237386882e-10
Dmel_CG2944,6.7258782,0.21752103,1.74536331046399e-11,1.779349826439666e-10
Dmel_CG31678,6.694985,0.5007209,2.1569402113800717e-11,2.1972365362593426e-10
Dmel_CG7832,6.689191,0.20906733,2.2440775505677933e-11,2.284231068320013e-10
Dmel_CG1822,6.6827607,0.2737526,2.344822974364259e-11,2.3849317883994373e-10
Dmel_CG10631,6.675084,0.39780545,2.4709003114753255e-11,2.511222041229486e-10
Dmel_CG11122,6.6721234,0.20699319,2.5212859067596727e-11,2.5604496213855377e-10
Dmel_CG5554,6.6668634,0.3984618,2.613279536511928e-11,2.6518228872048836e-10
Dmel_CG5658,6.6627283,0.25041014,2.6879057126620314e-11,2.725445136581154e-10
Dmel_CG13109,6.6558366,0.21202429,2.816933573865987e-11,2.8540727906070114e-10
Dmel_CG11614,6.653755,0.2347602,2.8570797588010437e-11,2.89251811328232e-10
Dmel_CG32451,6.648063,0.20922658,2.969748808556893e-11,3.004270138048201e-10
Dmel_CG32435,6.646819,0.2695726,2.994950126420769e-11,3.0274338162534863e-10
Dmel_CG33960,6.636614,0.28982916,3.2097143653932845e-11,3.242033549241595e-10
Dmel_CG31064,6.623967,0.35543817,3.496846207677395e-11,3.5293437799607257e-10
Dmel_CG32815,6.621956,0.49163258,3.5447656255866656e-11,3.574962784791587e-10
Dmel_CG7879,6.617471,0.6473227,3.653953562360559e-11,3.6822548897990877e-10
Dmel_CG10697,6.613374,0.22505938,3.756574908325075e-11,3.7798737266692043e-10
Dmel_CG46146,6.6114755,1.1300892,3.8050840403011966e-11,3.8257543514612106e-10
Dmel_CG12895,6.6038084,0.70336056,4.007277028293056e-11,4.025965399755279e-10
Dmel_CG43690,6.5980453,0.22633472,4.1661396572403936e-11,4.182371370190681e-10
Dmel_CG1539,6.5958896,0.33578816,4.2271395992094445e-11,4.2403695781077337e-10
Dmel_CG12598,6.579668,0.2309452,4.7149924583267237e-11,4.722539321255447e-10
Dmel_CG7664,6.5769963,0.217305,4.8004639984133964e-11,4.800829330528953e-10
Dmel_CG15715,6.575731,0.47805914,4.8414724875848046e-11,4.838158932270107e-10
Dmel_CG4195,6.556894,0.6518517,5.494005263577535e-11,5.486073189108845e-10
Dmel_CG17907,6.549334,0.19506606,5.779416414422019e-11,5.766690288680315e-10
Dmel_CG10447,6.54681,1.2746445,5.877894982152635e-11,5.860502121431546e-10
Dmel_CG3665,6.543734,0.24838074,6.000140587697459e-11,5.97785045207978e-10
Dmel_CG9065,6.5424666,0.24335209,6.05124174453516e-11,6.024194527646707e-10
Dmel_CG32066,6.5365634,0.30451626,6.294850540170169e-11,6.261970548703723e-10
Dmel_CG43224,6.5303345,0.20187771,6.562291332991086e-11,6.523076430169127e-10
Dmel_CG34357,6.5266438,0.3871107,6.725976385163102e-11,6.680729832005164e-10
Dmel_CG1737,6.5248094,0.26134562,6.808800889161438e-11,6.757889160458495e-10
Dmel_CG18135,6.523882,0.27953583,6.851062835977001e-11,6.794703149250851e-10
Dmel_CG9484,6.5229554,0.49056697,6.893528028533121e-11,6.83166303340526e-10
Dmel_CG2248,6.522675,0.24862856,6.906447553087255e-11,6.83930876376184e-10
Dmel_CG6171,6.521663,0.5560999,6.953204342938049e-11,6.880426074589525e-10
Dmel_CG30115,6.520777,0.6721816,6.994397388185552e-11,6.915980141320267e-10
Dmel_CG10360,6.515243,0.30018383,7.257211622172355e-11,7.170452475711798e-10
Dmel_CG11129,6.5074286,3.472744,7.644802016637772e-11,7.542067815363136e-10
Dmel_CG14234,6.506046,0.42044094,7.715467548078986e-11,7.606073447059711e-10
Dmel_CG7004,6.4963818,0.25012523,8.227482304181817e-11,8.104748497695147e-10
Dmel_CG44007,6.496039,0.20863031,8.246225732932788e-11,8.117127517338559e-10
Dmel_CG3725,6.4889245,0.43148494,8.645124852379698e-11,8.497052033292566e-10
Dmel_CG1467,6.4879613,0.3841097,8.700574358211626e-11,8.545160511304856e-10
Dmel_CG7177,6.4856234,0.3242426,8.836569563363188e-11,8.672245006135598e-10
Dmel_CG10433,6.4691076,1.016269,9.858321578626229e-11,9.660567029435293e-10
Dmel_CG17100,6.46892,0.36221483,9.870571380748701e-11,9.66536352566458e-10
Dmel_CG9066,6.4678698,0.2727259,9.939405139461252e-11,9.72551920608044e-10
Dmel_CG7427,6.4664354,0.3440127,1.0034177577485645e-10,9.804754889146146e-10
Dmel_CG8444,6.4663544,0.2057751,1.003956113508516e-10,9.804754889146146e-10
Dmel_CG3613,6.4663057,0.2530503,1.004276697419581e-10,9.804754889146146e-10
Dmel_CG9887,6.4631333,0.22283804,1.0255689516053571e-10,1.0005197916144023e-09
Dmel_CG3793,6.4568777,0.48300597,1.0688503162579964e-10,1.0419704752185705e-09
Dmel_CG11172,6.456152,0.2019867,1.0739875893670507e-10,1.045427474953512e-09
Dmel_CG13248,6.4516835,0.5479182,1.106144839629546e-10,1.075932593454616e-09
Dmel_CG8789,6.4501653,0.42633983,1.1172813325583417e-10,1.085961094019909e-09
Dmel_CG11710,6.4391046,1.0097357,1.2018021062530085e-10,1.1646667756836862e-09
Dmel_CG31224,6.438003,0.2617099,1.210555374749244e-10,1.1722850537641722e-09
Dmel_CG14334,6.4330626,0.2127553,1.2505809368443078e-10,1.2092629941921301e-09
Dmel_CG9940,6.4154396,0.23787278,1.4041700398468932e-10,1.3567793010020606e-09
Dmel_CG8156,6.413587,0.25408065,1.4213502295531773e-10,1.3723705633033285e-09
Dmel_CG33512,6.4040647,0.2988343,1.5129392711533702e-10,1.4586599385345883e-09
Dmel_CR44997,6.3981695,0.6397523,1.5725088194504957e-10,1.5138709447911328e-09
Dmel_CG31716,6.386851,0.26717788,1.6933679951645655e-10,1.6290299285840085e-09
Dmel_CG2520,6.386316,0.20260231,1.699297969799438e-10,1.6335387433163434e-09
Dmel_CG2177,6.374918,0.3220547,1.8306115563575338e-10,1.758484390503973e-09
Dmel_CG3254,6.3736115,0.35813203,1.846280547933694e-10,1.7722405171947902e-09
Dmel_CR42491,6.3729763,3.4686105,1.8539469442478462e-10,1.7783004959387553e-09
Dmel_CG34358,6.3533373,0.19410264,2.1069326971759926e-10,2.019489611494509e-09
Dmel_CG10642,6.348409,0.40948218,2.1755250010650548e-10,2.0821976721774134e-09
Dmel_CG1453,6.3417397,0.3163129,2.2718488855807205e-10,2.1712266331211814e-09
Dmel_CG34394,6.3264427,0.2806462,2.508775632075679e-10,2.3941772390055554e-09
Dmel_CG7749,6.3151455,0.3121438,2.6990716657143144e-10,2.5739115209834404e-09
Dmel_CG32809,6.307618,0.20042633,2.8336192997659105e-10,2.700260421916159e-09
Dmel_CG5521,6.2984867,0.44753122,3.005650707446291e-10,2.8621199961269357e-09
Dmel_CG7199,6.2910247,1.422236,3.153767930233573e-10,2.9988179718668148e-09
Dmel_CG11877,6.287443,0.6931628,3.2273685191502687e-10,3.066583493141987e-09
Dmel_CG8411,6.284354,0.6013956,3.2921965632650146e-10,3.1259216067821936e-09
Dmel_CR32957,6.2707276,0.814086,3.5936524592479194e-10,3.407228496895881e-09
Dmel_CG42244,6.262483,0.24688809,3.7889515346780563e-10,3.589806208882793e-09
Dmel_CG8049,6.257736,0.3622001,3.906062596982977e-10,3.6980957195211313e-09
Dmel_CG33554,6.2504387,0.21694496,4.093009641385053e-10,3.8722994742578095e-09
Dmel_CG42667,6.245632,0.20117852,4.220888599546099e-10,3.990409862347862e-09
Dmel_CG7379,6.2352786,0.57511353,4.5097528906824125e-10,4.2604358545260665e-09
Dmel_CG32056,6.2322764,0.5036727,4.597052935635093e-10,4.339789700228503e-09
Dmel_CG1212,6.231225,0.36039641,4.628019871042331e-10,4.365887230823207e-09
Dmel_CG32069,6.2284465,0.7101162,4.710827002324799e-10,4.437632805559153e-09
Dmel_CG30173,6.2125463,1.3944693,5.213282596006992e-10,4.907431704450422e-09
Dmel_CG9804,6.2093997,1.2235794,5.318732633566682e-10,5.003111348439497e-09
Dmel_CG3682,6.2052784,0.19979152,5.460014440286306e-10,5.128666887762855e-09
Dmel_CG17540,6.1990557,0.36047956,5.680298015905765e-10,5.33177115907269e-09
Dmel_CG33977,6.192694,0.3256746,5.914446771932611e-10,5.547590651674978e-09
Dmel_CG6083,6.190764,1.7030272,5.987328052585358e-10,5.611945644723551e-09
Dmel_CG4204,6.188742,0.5414414,6.064619632300234e-10,5.680339742555764e-09
Dmel_CG12123,6.167476,0.54394925,6.938854906502548e-10,6.494550735495013e-09
Dmel_CG14073,6.1525464,0.2474883,7.624869772385492e-10,7.1315596924496625e-09
Dmel_CG34139,6.1515455,0.23557355,7.673155677921962e-10,7.171617266256935e-09
Dmel_CG7644,6.148918,0.2192167,7.801329685674369e-10,7.286231229527142e-09
Dmel_CG40178,6.134808,0.20781113,8.526194960820148e-10,7.957580112225679e-09
Dmel_CG10811,6.1331596,0.19887431,8.615053539851952e-10,8.029107699801028e-09
Dmel_CG11949,6.1324244,0.27547228,8.65497564933488e-10,8.060597803537184e-09
Dmel_CR45668,6.1292906,1.9970833,8.82718101858631e-10,8.215154799238151e-09
Dmel_CG14645,6.128883,2.5418565,8.849831461739883e-10,8.230405890921713e-09
Dmel_CG44328,6.1221466,0.6582976,9.232298346420355e-10,8.58003059195968e-09
Dmel_CG9795,6.1215796,0.6225507,9.265210408436626e-10,8.604532153870369e-09
Dmel_CG31072,6.1206126,0.37291995,9.32161345959655e-10,8.645784134940224e-09
Dmel_CG6005,6.1199164,0.6842462,9.36245626092213e-10,8.67644835858799e-09
Dmel_CG4527,6.118422,0.31851643,9.450640300263953e-10,8.7519988855369e-09
Dmel_CG13253,6.1175284,0.20836805,9.503791620215469e-10,8.790366657198804e-09
Dmel_CG45070,6.1175003,0.5947362,9.5054493721022e-10,8.790366657198804e-09
Dmel_CG3525,6.114407,0.2731185,9.691669176086519e-10,8.949980649539913e-09
Dmel_CG42344,6.095715,0.20943496,1.0894927375052976e-09,1.0054089932273256e-08
Dmel_CG17596,6.093881,0.36518246,1.1020539519832618e-09,1.016287086527161e-08
Dmel_CG1316,6.0857224,0.22220656,1.1596706663893323e-09,1.0679209689574083e-08
Dmel_CG34351,6.0806236,0.34368917,1.1971585569335513e-09,1.101670910130518e-08
Dmel_CG42596,6.0804424,0.7789911,1.19851449505468e-09,1.1021468845005983e-08
Dmel_CG16952,6.06972,0.4167162,1.2813377853674165e-09,1.1774867019240014e-08
Dmel_CG11033,6.064932,0.3645451,1.3200977271412124e-09,1.2122574585857912e-08
Dmel_CG18549,6.0563016,0.4210781,1.3928684134377818e-09,1.278190210962702e-08
Dmel_CG4993,6.055128,0.35431182,1.4030608662212488e-09,1.2866449995124515e-08
Dmel_CG31048,6.0505466,0.49793214,1.4435517760469383e-09,1.3228531303370164e-08
Dmel_CG14701,6.0494246,2.681023,1.4536385892589205e-09,1.3311682718781515e-08
Dmel_CG4966,6.039262,0.82654274,1.5482103398607254e-09,1.413831277005545e-08
Dmel_CG8146,6.0368457,0.33878884,1.5715571529362116e-09,1.4341550379676914e-08
Dmel_CG3039,6.0282626,1.1396605,1.6573181321955728e-09,1.5113683258280377e-08
Dmel_CG6707,6.0280027,0.2566387,1.6599846062591052e-09,1.5127501879924343e-08
Dmel_CG7013,6.0271564,0.36137342,1.6686944968866784e-09,1.5196337064163438e-08
Dmel_CG44835,6.024671,1.3392577,1.6945378919541784e-09,1.5420998918400177e-08
Dmel_CG31651,6.021755,0.3525767,1.7253559561737842e-09,1.5690590048498062e-08
Dmel_CG8910,6.0172114,0.2966231,1.7744725368045944e-09,1.6126102078941338e-08
Dmel_CG31190,6.014185,0.27495876,1.8079380016030895e-09,1.6418875797557845e-08
Dmel_CG7954,6.0079064,0.6350435,1.8793399630947127e-09,1.7043758768135004e-08
Dmel_CG2114,6.007399,0.9002406,1.885228966285042e-09,1.708537506617361e-08
Dmel_CG40478,6.003252,0.19147827,1.9340416356810844e-09,1.751567273224337e-08
Dmel_CG3707,6.000684,0.4098065,1.9648804497815814e-09,1.777434796563455e-08
Dmel_CG5455,6.00063,0.56802696,1.9655348098324315e-09,1.777434796563455e-08
Dmel_CG3905,6.000537,0.29483062,1.9666617412702713e-09,1.777434796563455e-08
Dmel_CG42240,5.9967422,0.40315846,2.013153454291561e-09,1.8182027177213337e-08
Dmel_CG2146,5.9895062,0.4122317,2.1047888790126823e-09,1.8996586991143995e-08
Dmel_CG4059,5.985993,0.19127251,2.1507343995074626e-09,1.9397941485193936e-08
Dmel_CG31811,5.9841213,0.51487654,2.1756094929397677e-09,1.9608837000494847e-08
Dmel_CG42524,5.9836345,0.32389757,2.1821268242391473e-09,1.9654097736344504e-08
Dmel_CG4360,5.973004,0.44917712,2.3292411875109948e-09,2.094139174044206e-08
Dmel_CG31155,5.972963,1.6923745,2.32983142261063e-09,2.094139174044206e-08
Dmel_CG11661,5.972064,0.19171104,2.3427037525324885e-09,2.1028326510949063e-08
Dmel_CG1463,5.9666195,1.0753822,2.422195598483689e-09,2.172701184960693e-08
Dmel_CG9866,5.9664454,0.6368581,2.4247810902026676e-09,2.1735367193965384e-08
Dmel_CG8390,5.963953,0.5156204,2.462076353799184e-09,2.2054632150835087e-08
Dmel_CG4636,5.963651,0.25586507,2.4666330139709233e-09,2.2080398117569418e-08
Dmel_CG9650,5.960997,0.25349087,2.5070305165151903e-09,2.242674473623289e-08
Dmel_CG3125,5.952331,0.37329343,2.6434964084020138e-09,2.363141925361283e-08
Dmel_CG9921,5.951867,0.31322587,2.6510061587745776e-09,2.3682441830358073e-08
Dmel_CG6490,5.9483294,0.2560343,2.708928066392175e-09,2.4183440027486123e-08
Dmel_CG9231,5.9477806,0.34362534,2.7180222814732636e-09,2.4248153972057133e-08
Dmel_CG40080,5.9437704,0.21329291,2.7853935419936758e-09,2.4832331435101012e-08
Dmel_CG32600,5.9391184,0.18874554,2.86559215660588e-09,2.5529997647429067e-08
Dmel_CG18081,5.9367223,0.52424496,2.9077622296446545e-09,2.588814597544743e-08
Dmel_CG2331,5.9307365,0.34615782,3.01578472488163e-09,2.683170417716283e-08
Dmel_CG11628,5.9171114,0.42118758,3.2764434298884953e-09,2.9091718319030214e-08
Dmel_CG9669,5.90514,0.62729996,3.5234728449962307e-09,3.1221818379025944e-08
Dmel_CG3977,5.9030194,1.0434759,3.5690851627135305e-09,3.1604682023732145e-08
Dmel_CG5549,5.8928223,0.38657802,3.796541789015223e-09,3.357359061201147e-08
Dmel_CG8408,5.8904767,0.23180497,3.850833952824172e-09,3.403080630400971e-08
Dmel_CG5181,5.8902845,0.436085,3.8553089249309305e-09,3.4047456036638007e-08
Dmel_CG3441,5.8891826,0.36209714,3.8811044085750194e-09,3.425224515317953e-08
Dmel_CG5206,5.8880916,0.33813584,3.906803191815876e-09,3.445590653936404e-08
Dmel_CG6120,5.885756,0.2541523,3.962379427868954e-09,3.4922621101023425e-08
Dmel_CG10188,5.8795285,0.64310175,4.114371504934567e-09,3.623790613025814e-08
Dmel_CG6103,5.8695974,0.3670028,4.368541233630197e-09,3.845077049640617e-08
Dmel_CG1954,5.8664775,0.18468839,4.4515072056172214e-09,3.915478995248722e-08
Dmel_CG12135,5.8523536,0.34117338,4.846651840814442e-09,4.257343037442686e-08
Dmel_CG1451,5.8508663,0.25230673,4.890189395082912e-09,4.2898517250189955e-08
Dmel_CG7807,5.8505187,0.8597373,4.9004304697623126e-09,4.293103786876437e-08
Dmel_CG3523,5.8503075,0.2996859,4.906646644477772e-09,4.295685779818948e-08
Dmel_CG1440,5.8492804,0.7732372,4.937040479557346e-09,4.3194173729602584e-08
Dmel_CG4583,5.8486075,0.625627,4.957044199433106e-09,4.334033122072551e-08
Dmel_CG32180,5.832073,0.39048225,5.474282646824986e-09,4.7801580379046925e-08
Dmel_CG7041,5.824195,0.4982762,5.738864688059685e-09,5.004274775434129e-08
Dmel_CG6899,5.8223,0.4150265,5.804330022734601e-09,5.058004033737095e-08
Dmel_CG17321,5.8212585,0.20183115,5.840620050772463e-09,5.086255009092176e-08
Dmel_CG34366,5.814158,0.2630951,6.09399264989691e-09,5.303387908099026e-08
Dmel_CG8582,5.810586,0.25584802,6.225460911655076e-09,5.414214549309024e-08
Dmel_CG32448,5.8103614,0.36715525,6.233809988280047e-09,5.4178900169304296e-08
Dmel_CG3424,5.8044806,0.5031522,6.456579172019539e-09,5.607792921315847e-08
Dmel_CG5433,5.8043566,0.33435866,6.461371979503179e-09,5.608248955260983e-08
Dmel_CG5675,5.7848253,0.28916237,7.258766784496858e-09,6.292048437669737e-08
Dmel_CG3488,5.7826056,0.5839275,7.3552440939588555e-09,6.371474135709514e-08
Dmel_CG33217,5.7769265,0.38638878,7.607743466743083e-09,6.581524482980306e-08
Dmel_CG10564,5.7715306,0.9854423,7.855472918933914e-09,6.791366422875695e-08
Dmel_CG34361,5.7650895,0.5300607,8.161454074394249e-09,7.051260222985854e-08
Dmel_CG33996,5.763274,0.19068407,8.249762996976051e-09,7.122873557375972e-08
Dmel_CG13758,5.7589955,0.5185363,8.46159346251438e-09,7.300971745955447e-08
Dmel_CG34392,5.7569447,0.2036859,8.564996386549155e-09,7.385342356669452e-08
Dmel_CG8532,5.753961,0.17700756,8.717634780532387e-09,7.512028763998433e-08
Dmel_CG42330,5.7365837,0.19463302,9.660542605054448e-09,8.319081937943676e-08
Dmel_CG31800,5.7285523,0.54297376,1.0129134641956373e-08,8.716893145379744e-08
Dmel_CG5020,5.7264075,0.17820126,1.025796143036617e-08,8.821981096625775e-08
Dmel_CG8538,5.7254686,0.37535584,1.0314849016795044e-08,8.865103396318096e-08
Dmel_CG9619,5.722579,0.3094799,1.0491913050474044e-08,9.005501593486572e-08
Dmel_CG1900,5.722158,0.6554581,1.0517946581084166e-08,9.021954048435184e-08
Dmel_CG8284,5.718175,0.3392988,1.076741391335011e-08,9.229914301065479e-08
Dmel_CG33956,5.711815,0.34008554,1.117777125689267e-08,9.575429731866138e-08
Dmel_CG32062,5.710868,0.17050102,1.1240145509502883e-08,9.622589715985497e-08
Dmel_CG8581,5.7107277,0.3769078,1.124940824109152e-08,9.624249589595292e-08
Dmel_CG7734,5.7057195,0.50031376,1.1585251045427014e-08,9.898685564886631e-08
Dmel_CG3307,5.7010098,0.44450045,1.1909980321064903e-08,1.0169529005790376e-07
Dmel_CG12749,5.6929893,0.2648854,1.2483418031529059e-08,1.0652246516384633e-07
Dmel_CG5474,5.6909904,0.4912768,1.263044561503152e-08,1.0763728004353385e-07
Dmel_CG10228,5.689506,0.17589405,1.2740753060473507e-08,1.0850695785332621e-07
Dmel_CG7564,5.679119,0.290348,1.353902239545946e-08,1.1508169036140541e-07
Dmel_CG42829,5.6699114,0.2920873,1.4287155719906627e-08,1.2136232276360245e-07
Dmel_CG16910,5.6686573,0.994636,1.4392086283825117e-08,1.2217468078536553e-07
Dmel_CG13956,5.6438246,0.8422527,1.663136007556028e-08,1.409108334964137e-07
Dmel_CR46348,5.6434417,0.4181731,1.6668386030037755e-08,1.4113354434325138e-07
Dmel_CG13532,5.641212,0.6091533,1.6885750626826645e-08,1.428819375319568e-07
Dmel_CG43902,5.6346817,0.2000435,1.7538214081877464e-08,1.4821200723469565e-07
Dmel_CG1742,5.6255827,0.5383296,1.848829537292308e-08,1.561405459483176e-07
Dmel_CG8369,5.6234856,0.24964897,1.8714221916936445e-08,1.5794707142611549e-07
Dmel_CG8394,5.608649,0.29817536,2.0391221663919417e-08,1.7190001937763282e-07
Dmel_CG2985,5.605497,6.1942434,2.0765809145117107e-08,1.749253192153743e-07
Dmel_CG42573,5.6041,0.22604866,2.0933982920716676e-08,1.762290003594733e-07
Dmel_CG3870,5.5976353,0.58274233,2.172951534791884e-08,1.828089380198473e-07
Dmel_CG42253,5.596173,0.24321742,2.191350249818693e-08,1.8423885881553068e-07
Dmel_CG13293,5.5917444,0.23900831,2.2479933415500364e-08,1.8888031011067155e-07
Dmel_CG10975,5.5863814,0.7459632,2.3184990307346344e-08,1.946798451302481e-07
Dmel_CG15916,5.5857463,0.45069116,2.3269904781646168e-08,1.952680834837882e-07
Dmel_CG6618,5.5681987,1.3267386,2.5738606185279428e-08,2.1584621817533948e-07
Dmel_CG15814,5.5675,0.33472186,2.5841970315159765e-08,2.1657482902520056e-07
Dmel_CG5170,5.5656443,0.320995,2.6118540078955742e-08,2.1875317729608503e-07
Dmel_CR32873,5.555704,0.95724124,2.764950839892135e-08,2.312808337811747e-07
Dmel_CG5874,5.5553207,0.3738546,2.7710277085807528e-08,2.316416992268427e-07
Dmel_CG12225,5.5508413,0.28706646,2.8429832800615217e-08,2.375056788511663e-07
Dmel_CG32169,5.548616,0.14690217,2.879396033314854e-08,2.4039481114225223e-07
Dmel_CG7036,5.545979,0.19507755,2.9231378177945936e-08,2.43891771832627e-07
Dmel_CG5423,5.5366397,0.3227372,3.083295260453655e-08,2.570912628021668e-07
Dmel_CG6721,5.5347447,0.42076504,3.116820501465705e-08,2.597218656294282e-07
Dmel_CG1298,5.529033,0.6044214,3.220006603121841e-08,2.6815023302676876e-07
Dmel_CG7029,5.527225,0.18340063,3.253354547897081e-08,2.7075574486330296e-07
Dmel_CG1657,5.526847,0.5064897,3.2603697884022854e-08,2.7116784423667363e-07
Dmel_CR42452,5.517806,0.2638629,3.432580546346591e-08,2.851298417164384e-07
Dmel_CG42317,5.516352,0.17704023,3.461084478233504e-08,2.873159262695292e-07
Dmel_CG14648,5.5138717,0.18519922,3.510242251179583e-08,2.9121271100221527e-07
Dmel_CG3953,5.505463,0.30521354,3.681985870297986e-08,3.052679894106362e-07
Dmel_CG1962,5.5050735,0.4229,3.6901465961516676e-08,3.057516798236385e-07
Dmel_CG9686,5.4951572,0.45979553,3.903624125742127e-08,3.230322710099325e-07
Dmel_CG1783,5.4932327,0.20548926,3.946423371011253e-08,3.263684677058457e-07
Dmel_CG8552,5.4895825,0.42990723,4.028852796103026e-08,3.329758150540243e-07
Dmel_CG32654,5.4870815,0.30872646,4.0862840710789936e-08,3.375101129984227e-07
Dmel_CG40411,5.483891,0.17556076,4.160716589072311e-08,3.434420646796435e-07
Dmel_CG10948,5.4801464,0.69571257,4.2497345395080804e-08,3.5056975256544685e-07
Dmel_CG6114,5.477771,0.19252959,4.3071699712206885e-08,3.55084821780496e-07
Dmel_CG11491,5.4752254,0.3289785,4.369548450501478e-08,3.6000148080275813e-07
Dmel_CG9425,5.4749284,0.17555659,4.3768821047994626e-08,3.6023734511935674e-07
Dmel_CG43154,5.4748874,0.17835456,4.377893920977191e-08,3.6023734511935674e-07
Dmel_CG3637,5.467428,0.54321486,4.5661193547560835e-08,3.7525562502094866e-07
Dmel_CG7037,5.466844,0.20693047,4.581188938853547e-08,3.762587740342154e-07
Dmel_CG1906,5.46389,0.19539815,4.658124671374483e-08,3.823386402656595e-07
Dmel_CG7986,5.460861,0.55907935,4.7383012199023525e-08,3.886767561219526e-07
Dmel_CG1099,5.45452,0.17593221,4.910523708361028e-08,4.023016960821214e-07
Dmel_CG9240,5.449912,0.30132708,5.039467200524689e-08,4.123514226780507e-07
Dmel_CG31808,5.447771,0.1834563,5.100495438052041e-08,4.1708531768165447e-07
Dmel_CG8434,5.4450793,0.28569198,5.178235165511335e-08,4.231790317785103e-07
Dmel_CG10082,5.4304934,0.17423736,5.619848193637436e-08,4.5898337546668457e-07
Dmel_CG2048,5.423177,0.2102425,5.854901380105332e-08,4.7759005514506e-07
Dmel_CG17691,5.423176,0.4421329,5.8549393412882716e-08,4.7759005514506e-07
Dmel_CG44746,5.420268,0.50934416,5.9509773064952795e-08,4.848220259433012e-07
Dmel_CG8830,5.412714,0.36884138,6.207660180094558e-08,5.054204611314906e-07
Dmel_CG16724,5.4084344,0.863501,6.35779878132657e-08,5.171354487315428e-07
Dmel_CG11217,5.408389,0.19203086,6.359416217564669e-08,5.171354487315428e-07
Dmel_CG10578,5.408249,0.3277515,6.364394389951651e-08,5.172202020924839e-07
Dmel_CG17492,5.407524,0.49708122,6.390195811748659e-08,5.186754982222923e-07
Dmel_CG44837,5.399386,0.27287632,6.68694130082518e-08,5.417576796186418e-07
Dmel_CG2212,5.396436,0.24600784,6.797748968595795e-08,5.503956820475498e-07
Dmel_CG11357,5.389244,0.25242642,7.075473252634618e-08,5.725295197836916e-07
Dmel_CG14431,5.383581,0.43852556,7.301823792302444e-08,5.904816397209011e-07
Dmel_CG9911,5.382638,0.88535076,7.34020874322825e-08,5.932206832396213e-07
Dmel_CG34368,5.380125,0.3835807,7.443420109460489e-08,6.011922781709913e-07
Dmel_CG1718,5.377336,0.8523908,7.559600338458453e-08,6.102009093837993e-07
Dmel_CG4654,5.3681817,0.20125093,7.95343391683829e-08,6.415965322355554e-07
Dmel_CG6665,5.35955,1.1531689,8.342944034727127e-08,6.72605077057357e-07
Dmel_CG14207,5.354304,0.3098825,8.588643851811755e-08,6.911412667278523e-07
Dmel_CG1804,5.3539696,0.21679294,8.60452219432557e-08,6.919952641103568e-07
Dmel_CG5605,5.3528004,0.3604007,8.660348267193804e-08,6.960589393222861e-07
Dmel_CG31646,5.352652,0.31511998,8.667432085906658e-08,6.962024758001185e-07
Dmel_CG13924,5.349079,0.30245858,8.84028705206961e-08,7.096530980528207e-07
Dmel_CG31687,5.34866,2.4649024,8.860773202740522e-08,7.108633739756606e-07
Dmel_CG1837,5.347838,0.23248838,8.901105037731249e-08,7.136633392362803e-07
Dmel_CG5166,5.344928,0.17126633,9.045300218256034e-08,7.247822571225764e-07
Dmel_CG16807,5.34256,0.37904263,9.164316886633835e-08,7.33871348002774e-07
Dmel_CG3595,5.340473,0.20514123,9.27042221797268e-08,7.419160680047442e-07
Dmel_CG5884,5.33786,0.36796373,9.404992567033e-08,7.522276769530168e-07
Dmel_CG7793,5.333499,0.8734173,9.633810653451673e-08,7.700602542397106e-07
Dmel_CG3655,5.3272886,0.25419992,9.968957025008651e-08,7.958813138860188e-07
Dmel_CG13907,5.323774,0.32816607,1.0163613812504445e-07,8.109292599278744e-07
Dmel_CG8669,5.31903,0.27924058,1.0432207336737235e-07,8.318545910926214e-07
Dmel_CG17743,5.315304,0.16934446,1.064795536471042e-07,8.485432471052737e-07
Dmel_CG32698,5.3129654,0.4371891,1.078554137186706e-07,8.589866616224547e-07
Dmel_CG14669,5.312675,0.19547538,1.0802748490487636e-07,8.598359655572261e-07
Dmel_CG7978,5.309131,0.7266264,1.1014910418889167e-07,8.761921175219282e-07
Dmel_CG17332,5.3048005,0.1793626,1.1279614619716435e-07,8.967054792358962e-07
Dmel_CG8104,5.2964754,0.20424587,1.1805909344019675e-07,9.374106023550608e-07
Dmel_CG41265,5.2872896,0.82030034,1.2414190527075482e-07,9.845194792776037e-07
Dmel_CG34360,5.2810316,0.15915406,1.2845842781819495e-07,1.0169109638306626e-06
Dmel_CG7010,5.2769246,0.16303305,1.3136990380747308e-07,1.0387075246293646e-06
Dmel_CG13393,5.276773,0.2650757,1.3147869664492643e-07,1.038942605298243e-06
Dmel_CG1643,5.272648,0.793959,1.344693633107001e-07,1.0619362399434556e-06
Dmel_CG33639,5.2660007,0.33933985,1.3942777296063657e-07,1.0997721275364497e-06
Dmel_CG6706,5.2652845,0.20092387,1.3997253392285384e-07,1.10340675961621e-06
Dmel_CG10844,5.264802,0.28404224,1.4034048901689113e-07,1.1056441044190445e-06
Dmel_CG17678,5.2523227,0.28463933,1.5019302967324606e-07,1.18255638282572e-06
Dmel_CG7959,5.250939,0.20718361,1.5132571493656365e-07,1.1907612095696903e-06
Dmel_CG15630,5.2504826,0.39207917,1.5170118666280908e-07,1.1930013727923245e-06
Dmel_CG4532,5.2474666,0.36942974,1.542051588408463e-07,1.210519708678352e-06
Dmel_CG34422,5.24678,0.48710975,1.54780691833067e-07,1.2143122814199006e-06
Dmel_CG15385,5.241612,0.80833364,1.5917988735661687e-07,1.247336255070544e-06
Dmel_CG6154,5.237928,0.23433092,1.6238938990529277e-07,1.27097020413666e-06
Dmel_CG10967,5.230141,0.16626456,1.693806314696353e-07,1.3248993322276652e-06
Dmel_CG9609,5.2263293,0.2856509,1.729081580134045e-07,1.351687153155353e-06
Dmel_CR43334,5.219659,0.5705287,1.7925285228100267e-07,1.400452872666264e-06
Dmel_CG14995,5.2188425,0.26348263,1.8004460591534964e-07,1.4058028320461138e-06
Dmel_CG11799,5.2145762,0.22811191,1.84238096946647e-07,1.4376917054488647e-06
Dmel_CG4385,5.200582,0.18209672,1.9866523318099904e-07,1.5484340624148922e-06
Dmel_CG32590,5.197821,0.56028354,2.0163794196564124e-07,1.5697418219019499e-06
Dmel_CG32156,5.1974707,0.16735914,2.0201851772831546e-07,1.5717734407743005e-06
Dmel_CG12155,5.1918097,0.71339864,2.0825999481301385e-07,1.6184178544280396e-06
Dmel_CG42595,5.1790595,0.16594903,2.2300736539168525e-07,1.7309744764395368e-06
Dmel_CG9660,5.178364,0.1678624,2.2384014771237769e-07,1.7364128577853338e-06
Dmel_CG14535,5.1778016,0.3558579,2.2451559791960249e-07,1.7406250573814137e-06
Dmel_CG33941,5.173789,1.4847547,2.293935715173474e-07,1.7773944123286924e-06
Dmel_CG30421,5.1597776,0.46126586,2.4724335233399744e-07,1.9134422220383158e-06
Dmel_CG11242,5.1572976,0.47166988,2.5053926397609906e-07,1.937808397828086e-06
Dmel_CG2718,5.154357,0.18082696,2.5450299315501175e-07,1.96624880971241e-06
Dmel_CG2183,5.1543474,0.3035214,2.5451557912798184e-07,1.96624880971241e-06
Dmel_CG9431,5.152613,0.8565497,2.5688134215093164e-07,1.983359410813979e-06
Dmel_CR45919,5.1511693,0.32209012,2.588676917579559e-07,1.9975222180806217e-06
Dmel_CG17665,5.1446247,0.32035643,2.680558614064557e-07,2.0672077903416867e-06
Dmel_CG10846,5.1346464,0.6023559,2.8267516651162053e-07,2.176118548991919e-06
Dmel_CG18028,5.119129,0.34204826,3.069499026510402e-07,2.360227425826401e-06
Dmel_CG5059,5.110477,0.2204176,3.2134668569393677e-07,2.466598596205621e-06
Dmel_CG3886,5.103182,0.3278551,3.339901932686639e-07,2.5591633409583166e-06
Dmel_CG12199,5.101313,0.25115654,3.3730516797383255e-07,2.5830578160513596e-06
Dmel_CG8931,5.1000857,0.76061547,3.394995236865839e-07,2.5983478397002906e-06
Dmel_CG7326,5.097304,0.67673147,3.445249074409581e-07,2.63527462670642e-06
Dmel_CG18214,5.0959454,0.16086581,3.4700502249084387e-07,2.6527009892682834e-06
Dmel_CG42671,5.087503,0.21572073,3.6280872268875047e-07,2.77029019456878e-06
Dmel_CG33229,5.0864353,0.15828656,3.648562166464002e-07,2.7843063547911416e-06
Dmel_CG7927,5.0848136,0.27467105,3.6798693624657267e-07,2.8065678056971627e-06
Dmel_CG14080,5.0831175,0.16380674,3.7129004599638613e-07,2.8301174561708296e-06
Dmel_CG42687,5.0826836,0.34313655,3.7213977133571924e-07,2.83494999137547e-06
Dmel_CG32506,5.0824647,0.17280896,3.7256836811576846e-07,2.8365706404457205e-06
Dmel_CG15803,5.0767045,0.33337545,3.8403736760569343e-07,2.9221974798531655e-06
Dmel_CG11537,5.0763164,0.17104232,3.848221964841121e-07,2.9264748171283084e-06
Dmel_CG8817,5.072461,0.15912282,3.9270347853908563e-07,2.9846827134078225e-06
Dmel_CG1399,5.0696783,0.21848959,3.98488371299709e-07,3.026899241184668e-06
Dmel_CG5937,5.066622,0.33280557,4.0493801762918717e-07,3.0741135122271224e-06
Dmel_CG15922,5.059574,0.55328524,4.201943299630322e-07,3.188091045060165e-06
Dmel_CG42341,5.0457664,0.16165319,4.517075013892649e-07,3.419290481426457e-06
Dmel_CG6860,5.0444293,0.32742816,4.5487690882890344e-07,3.439319596617158e-06
Dmel_CG34380,5.0430756,0.17528658,4.581084546384858e-07,3.4617614734930083e-06
Dmel_CG14186,5.0347695,0.1968436,4.784237346757508e-07,3.613199021479334e-06
Dmel_CG4676,5.031738,2.0010064,4.860532957525904e-07,3.668711292064785e-06
Dmel_CG44086,5.015548,0.16219914,5.288240077599783e-07,3.984676769480433e-06
Dmel_CG4266,5.0075774,0.40305734,5.511938176328362e-07,4.143728808645939e-06
Dmel_CG33774,5.0069914,0.9276229,5.528744126621286e-07,4.15398665339796e-06
Dmel_CG10353,4.9892774,0.5163052,6.060551781422431e-07,4.550954911981266e-06
Dmel_CG2969,4.984344,0.16323937,6.217237004577292e-07,4.665945829648783e-06
Dmel_CG8962,4.9770255,0.35033667,6.456877306386622e-07,4.843026523015218e-06
Dmel_CG42321,4.976866,0.16608071,6.462210251559911e-07,4.844261546819668e-06
Dmel_CG42554,4.9717803,0.7877876,6.634092552170535e-07,4.970274243333695e-06
Dmel_CG12295,4.9710317,0.16227375,6.659754411501721e-07,4.9866571351307184e-06
Dmel_CG6376,4.9635158,0.19264765,6.922846888214309e-07,5.1807022185663e-06
Dmel_CG31151,4.960643,0.18310367,7.026020811163357e-07,5.254919719948643e-06
Dmel_CG7510,4.9600286,0.54362124,7.048278433191974e-07,5.26856808251284e-06
Dmel_CG5385,4.9451275,0.2074174,7.609411328715045e-07,5.684779662913269e-06
Dmel_CG34414,4.944995,0.51754755,7.614586889738385e-07,5.685413995343871e-06
Dmel_CG18767,4.944263,0.22059342,7.643241909077358e-07,5.7035685364670964e-06
Dmel_CG17836,4.941152,0.17334776,7.766238824617282e-07,5.79206267845038e-06
Dmel_CG17579,4.938151,0.3000084,7.886690206581798e-07,5.878559047344947e-06
Dmel_CG11050,4.937168,0.16848707,7.92652254790528e-07,5.904899818708802e-06
Dmel_CG1512,4.9355536,0.31009626,7.992381276262475e-07,5.949160720843583e-06
Dmel_CG7891,4.9354897,0.16078375,7.994991121687672e-07,5.949160720843583e-06
Dmel_CG2835,4.9327965,0.1556259,8.106070293291853e-07,6.028402361298711e-06
Dmel_CG32675,4.9237275,0.2355304,8.491110059031794e-07,6.31118084195344e-06
Dmel_CG9842,4.9192357,0.1584252,8.688282057132394e-07,6.454082222316381e-06
Dmel_CG14577,4.9157777,0.72220784,8.843072929606605e-07,6.5616499925443475e-06
Dmel_CG9102,4.91453,0.46550217,8.899571308282992e-07,6.599845742784808e-06
Dmel_CG8334,4.9120226,0.84221756,9.014163062563066e-07,6.671452098892431e-06
Dmel_CG2244,4.909259,0.3627413,9.14211937113029e-07,6.75706478524528e-06
Dmel_CG31137,4.9048533,0.20982884,9.349718388399037e-07,6.898632753618852e-06
Dmel_CG13363,4.904433,0.18398097,9.369769517393322e-07,6.909547768129386e-06
Dmel_CG4495,4.8997197,0.4237001,9.59734415575979e-07,7.0694338313250786e-06
Dmel_CG34405,4.898236,0.16077352,9.67009576159201e-07,7.119032403533926e-06
Dmel_CG8301,4.893439,0.3565207,9.908924795259237e-07,7.290771597676463e-06
Dmel_CG12851,4.891743,0.21375406,9.994690967650953e-07,7.349761276211592e-06
Dmel_CG13387,4.8840413,0.17777565,1.0393338607993562e-06,7.630104058527564e-06
Dmel_CG10270,4.883488,0.60028404,1.042254188873115e-06,7.647270963697155e-06
Dmel_CG7852,4.876292,0.37274408,1.0809847475614951e-06,7.922599312719246e-06
Dmel_CG11372,4.875082,0.16374272,1.0876329834354508e-06,7.96688129059379e-06
Dmel_CG9699,4.874303,0.1490089,1.0919324906582592e-06,7.993919141916537e-06
Dmel_CG18324,4.8646903,1.5997262,1.1463626163265524e-06,8.383055726848762e-06
Dmel_CG6017,4.8503714,0.45048285,1.2323043885876057e-06,9.001507487731921e-06
Dmel_CG33208,4.8491125,0.22503483,1.2401498220926869e-06,9.0537826734e-06
Dmel_CG43707,4.8488727,0.1735901,1.2416521600869454e-06,9.059717399057495e-06
Dmel_CG33522,4.8468337,0.20985775,1.2544758299254755e-06,9.148205816343326e-06
Dmel_CG1098,4.844622,0.43436688,1.2685291616398006e-06,9.245558354469562e-06
Dmel_CG9413,4.841943,0.18961635,1.2857570543527273e-06,9.36592763373015e-06
Dmel_CG5098,4.839436,0.40801048,1.3020811358311291e-06,9.479583493604915e-06
Dmel_CG2993,4.8355565,0.14820744,1.3277378609220588e-06,9.661020614826563e-06
Dmel_CG6841,4.8282456,0.91543335,1.3774113822845954e-06,1.0011373326660324e-05
Dmel_CG7154,4.826995,0.25265378,1.3860869397406186e-06,1.00688604063745e-05
Dmel_CG18812,4.816502,0.15947331,1.4609650477497684e-06,1.060107216591922e-05
Dmel_CG8321,4.807127,0.2983943,1.5311486999405407e-06,1.1104208093774086e-05
Dmel_CG44012,4.8043313,0.32824463,1.5526943970100194e-06,1.1254251004472513e-05
Dmel_CR43425,4.8009276,1.1782104,1.5793245106235772e-06,1.1440961077235077e-05
Dmel_CG7918,4.7999644,0.47032163,1.5869382171387555e-06,1.148345545783061e-05
Dmel_CG33531,4.7991123,0.34124807,1.5937051839439398e-06,1.1526075851517509e-05
Dmel_CG16854,4.7979155,0.6047421,1.6032539830823636e-06,1.1588757201147053e-05
Dmel_CG5460,4.791682,0.36471134,1.6538907152145404e-06,1.1941636202546306e-05
Dmel_CG10203,4.7875786,0.19281751,1.688057119965157e-06,1.2181635702065968e-05
Dmel_CG12156,4.7867055,0.34108034,1.6954140734501396e-06,1.2228011163122e-05
Dmel_CG14764,4.784344,0.4039634,1.7154660638672003e-06,1.235906773315728e-05
Dmel_CG8954,4.7838955,0.16773039,1.7193021177221195e-06,1.2379917330951437e-05
Dmel_CG6708,4.7832103,1.0227437,1.7251744419394834e-06,1.2415398325042032e-05
Dmel_CG3747,4.7725506,0.69602555,1.8190745640263266e-06,1.3076837443036083e-05
Dmel_CG6495,4.769107,0.2254526,1.850445489044161e-06,1.329508155906469e-05
Dmel_CG14200,4.75782,0.3646333,1.956946233595873e-06,1.4052584948460858e-05
Dmel_CG1402,4.7567706,0.6049235,1.967144005579425e-06,1.4118099059158504e-05
Dmel_CG5827,4.7542434,0.18426044,1.9919103540430903e-06,1.4288042555939002e-05
Dmel_CG9375,4.7517695,0.14881839,2.0164406139062945e-06,1.4456108078201098e-05
Dmel_CG9391,4.7509503,0.3796105,2.0246262345079243e-06,1.4498971851590534e-05
Dmel_CG14372,4.7485194,0.25270042,2.049112952310188e-06,1.4666336223479401e-05
Dmel_CG1977,4.745417,0.15235248,2.080772504926354e-06,1.4876730950618725e-05
Dmel_CG1167,4.7386155,0.76982254,2.15183228319951e-06,1.5376415461405526e-05
Dmel_CG17184,4.7357073,0.45031092,2.182926484027794e-06,1.558166047072745e-05
Dmel_CG5915,4.72886,0.15931742,2.2578420289272853e-06,1.6098915953409362e-05
Dmel_CG6713,4.7210407,0.37208888,2.3464112730679484e-06,1.6721361463875224e-05
Dmel_CG3278,4.6769032,0.22739507,2.912392684734081e-06,2.067625730420884e-05
Dmel_CG5109,4.6764784,0.34577316,2.9184344864532412e-06,2.070796305965553e-05
Dmel_CG3152,4.6693654,0.37803262,3.0213166043846752e-06,2.1426401240269303e-05
Dmel_CG5186,4.6670494,0.31282756,3.0555620400738866e-06,2.165757323010299e-05
Dmel_CG42699,4.6664968,0.52990115,3.063781391357424e-06,2.1704124670527175e-05
Dmel_CG13018,4.662401,0.5739761,3.1254079719732946e-06,2.2116847689661317e-05
Dmel_CG42320,4.6600723,0.18626247,3.1609857499074414e-06,2.2354037617847998e-05
Dmel_CG11518,4.659907,0.46362022,3.163524873400691e-06,2.2354037617847998e-05
Dmel_CG33558,4.659874,0.22594546,3.1640293713718344e-06,2.2354037617847998e-05
Dmel_CG9256,4.6564846,0.24516009,3.2165407026885536e-06,2.2712821802273122e-05
Dmel_CG3416,4.656098,0.23760194,3.222588389687682e-06,2.274330506384846e-05
Dmel_CG11895,4.653684,0.45257536,3.260563990353233e-06,2.2998964786490515e-05
Dmel_CG17494,4.6523843,0.21454695,3.281190261067978e-06,2.313203928148836e-05
Dmel_CG9474,4.6512747,0.2685272,3.298894448580618e-06,2.3244381741982785e-05
Dmel_CG5683,4.649469,0.26039746,3.3279114845836994e-06,2.343627267894662e-05
Dmel_CG1193,4.6453023,1.5205585,3.3957914667592104e-06,2.3901497410113973e-05
Dmel_CG3086,4.643471,0.41827995,3.4260480128659264e-06,2.410155082284322e-05
Dmel_CG32103,4.640579,0.1842711,3.4743358325714557e-06,2.4428168633398343e-05
Dmel_CG1416,4.639938,0.22044073,3.4851431611022793e-06,2.4491051486655105e-05
Dmel_CG2063,4.630743,0.407518,3.6435603752663526e-06,2.5590607638361913e-05
Dmel_CG32350,4.627684,0.23106095,3.6977732523569494e-06,2.595749909680698e-05
Dmel_CG5044,4.6270514,0.6715474,3.7090870461477454e-06,2.6023018085118806e-05
Dmel_CG6292,4.61576,0.14666711,3.916598733344808e-06,2.7464260381474987e-05
Dmel_CG4125,4.612109,0.59811324,3.986030841546049e-06,2.7936230020670203e-05
Dmel_CG2774,4.6035066,0.7199539,4.154359220591397e-06,2.9100444838908076e-05
Dmel_CG10538,4.600457,0.43194968,4.215646607351835e-06,2.9514018149819103e-05
Dmel_CG6382,4.5895443,0.4790694,4.442152119528964e-06,3.108323802062306e-05
Dmel_CG6203,4.5878525,0.19287424,4.478292323369108e-06,3.131944620617001e-05
Dmel_CG6418,4.586143,0.5124982,4.515098045652398e-06,3.1560055009530937e-05
Dmel_CG5429,4.5858836,0.8546167,4.520701914281504e-06,3.158242629217079e-05
Dmel_CG13140,4.5824447,0.14223026,4.595714554724966e-06,3.207237650750971e-05
Dmel_CG12737,4.579807,0.27377978,4.6540565762996956e-06,3.2462291650294215e-05
Dmel_CG4353,4.576295,0.14710556,4.732828133117379e-06,3.297672030609516e-05
Dmel_CG9535,4.561196,0.3145473,5.086315335640245e-06,3.532730963300659e-05
Dmel_CG12541,4.5588217,0.54946554,5.144144555576448e-06,3.571009170883787e-05
Dmel_CG3558,4.5560427,0.26010475,5.212631256852808e-06,3.6166413593612855e-05
Dmel_CG4523,4.551755,0.27117917,5.320027482394431e-06,3.689207448345394e-05
Dmel_CG43741,4.5483365,0.25234547,5.407166988851633e-06,3.7476572468617776e-05
Dmel_CG31191,4.5480504,0.4712954,5.414522254773354e-06,3.7507768555601815e-05
Dmel_CG32423,4.5336847,0.07437554,5.796349199929826e-06,4.013162530889244e-05
Dmel_CG10772,4.523062,0.17175376,6.095134065102507e-06,4.215587197342739e-05
Dmel_CG7112,4.520403,0.26994514,6.1722003092767275e-06,4.266643043882455e-05
Dmel_CG4379,4.5152946,0.15965563,6.3228798765155105e-06,4.3685049662087444e-05
Dmel_CG7398,4.5095344,0.14446779,6.497007433487853e-06,4.486451638647602e-05
Dmel_CG1517,4.506973,0.19992523,6.5759121194669485e-06,4.538553632453528e-05
Dmel_CG32138,4.5061316,0.13028446,6.60201651918186e-06,4.5541784293211976e-05
Dmel_CG45186,4.503125,0.36552712,6.696148584926615e-06,4.61668880139143e-05
Dmel_CG10134,4.5009828,0.24860069,6.764005360730988e-06,4.661027501067955e-05
Dmel_CG42855,4.4968414,1.3283694,6.897038124358998e-06,4.7502084901573165e-05
Dmel_CG40410,4.480807,0.15914723,7.436141801732264e-06,5.1134662175072575e-05
Dmel_CG4238,4.480544,0.22839901,7.44529692247222e-06,5.1170840407012264e-05
Dmel_CG32538,4.4795933,0.15469913,7.47854761215128e-06,5.137250087364348e-05
Dmel_CG9265,4.478781,0.28141335,7.507037032510671e-06,5.154126104713831e-05
Dmel_CG12787,4.478448,1.0782909,7.518763712228203e-06,5.1594816680099646e-05
Dmel_CR44029,4.4782686,1.0787026,7.525089518685692e-06,5.161127419887718e-05
Dmel_CG1951,4.477804,1.0641515,7.541478614148336e-06,5.169669820997563e-05
Dmel_CG10685,4.4737625,1.1187737,7.6855096815272e-06,5.262912075296974e-05
Dmel_CG9784,4.470655,0.46962783,7.798035556292276e-06,5.3371867315227505e-05
Dmel_CG14865,4.4705086,0.19289055,7.803388076035453e-06,5.338069896261421e-05
Dmel_CG3582,4.469565,0.33022732,7.83788311482923e-06,5.358877315919402e-05
Dmel_CG9207,4.4664974,0.8604773,7.951062608750026e-06,5.433432851876448e-05
Dmel_CG42799,4.4612556,0.13625179,8.148078211693887e-06,5.5651712983300085e-05
Dmel_CG15113,4.4605236,0.28800842,8.175965768940862e-06,5.581317723098798e-05
Dmel_CG42533,4.458053,0.35163048,8.270746520404637e-06,5.6430882671151265e-05
Dmel_CG5686,4.4523177,0.5076344,8.494831205640416e-06,5.789967680151489e-05
Dmel_CG5123,4.444323,1.0176586,8.816896082683927e-06,6.0063676216977444e-05
Dmel_CG15309,4.4437103,0.23953383,8.842059847231977e-06,6.020389038988363e-05
Dmel_CG9539,4.4361873,0.36789364,9.156616486270819e-06,6.231335952671405e-05
Dmel_CG5379,4.4330726,1.3852255,9.289955622779368e-06,6.318804701808678e-05
Dmel_CG11299,4.4237695,0.69698757,9.699355654863656e-06,6.583638050648931e-05
Dmel_CG7630,4.4171505,0.13831158,1.0001068758014728e-05,6.78395803441282e-05
Dmel_CG11759,4.4170694,0.19908887,1.0004802275848141e-05,6.78395803441282e-05
Dmel_CG7028,4.4161882,0.2514553,1.004567193952093e-05,6.808157553235923e-05
Dmel_CG42343,4.4044604,0.36898527,1.0604746653049586e-05,7.17595137835863e-05
Dmel_CG14903,4.4021673,0.25507817,1.0717495265879332e-05,7.246228931140223e-05
Dmel_CG1063,4.402124,0.36005616,1.0719632480128296e-05,7.246228931140223e-05
Dmel_CG18412,4.4012504,0.34096462,1.076288377982138e-05,7.271725231395e-05
Dmel_CG4433,4.3975825,0.5516877,1.0946338309030919e-05,7.391872133554742e-05
Dmel_CG14741,4.3868585,0.49691504,1.1499960372298101e-05,7.76173493848841e-05
Dmel_CG1358,4.3852897,0.20733054,1.158314448277063e-05,7.813865587684231e-05
Dmel_CG7935,4.384374,0.42690334,1.1631964405681319e-05,7.842772922270816e-05
Dmel_CG10986,4.3827906,0.1819035,1.171686977066529e-05,7.895968495195517e-05
Dmel_CG7020,4.3816504,0.16775937,1.1778373418831897e-05,7.933347262781648e-05
Dmel_CG5071,4.380264,0.47779727,1.1853559253705665e-05,7.979898675868144e-05
Dmel_CG10295,4.378106,0.18110806,1.1971501600981767e-05,8.055171660957572e-05
Dmel_CG5682,4.3733306,0.59270644,1.2236518916084486e-05,8.225068801855049e-05
Dmel_CG4135,4.3710175,0.2031305,1.2366884724068822e-05,8.308447451891021e-05
Dmel_CG5337,4.3689528,0.15544833,1.2484375022288165e-05,8.383095154209954e-05
Dmel_CG33183,4.3680444,0.1745088,1.2536414590494854e-05,8.413739741250914e-05
Dmel_CG5559,4.367668,0.17147245,1.255801634924003e-05,8.423935316251314e-05
Dmel_CG1520,4.3657227,0.37428096,1.2670319293823466e-05,8.494931930619089e-05
Dmel_CG7590,4.3647428,0.14590755,1.2727234158354389e-05,8.528739626462776e-05
Dmel_CG11259,4.358237,0.31467497,1.3111459302065287e-05,8.781737343957183e-05
Dmel_CG8357,4.3448315,0.3193618,1.3938252702554343e-05,9.32599688209097e-05
Dmel_CG6959,4.342575,0.3231749,1.408224247233901e-05,9.41754444422427e-05
Dmel_CG11579,4.3417883,0.13876753,1.4132764527310195e-05,9.446523837913697e-05
Dmel_CG12359,4.3411283,0.3204316,1.4175284776000542e-05,9.470127973636152e-05
Dmel_CG7540,4.339647,1.1774307,1.4271194982844221e-05,9.529358397843288e-05
Dmel_CG4443,4.3368816,0.5507298,1.4451850082248757e-05,9.64156233309058e-05
Dmel_CG14229,4.331381,0.27861336,1.4817722368505738e-05,9.879233366034191e-05
Dmel_CG1908,4.32995,1.0856223,1.4914320139963052e-05,9.93859436913055e-05
Dmel_CG8363,4.3240156,1.2400426,1.5321447273581468e-05,0.00010204720660016933
Dmel_CG17841,4.323768,0.1413811,1.5338656679963832e-05,0.00010211007468662853
Dmel_CG14971,4.320002,1.5111467,1.5602759704012698e-05,0.0001038156279850283
Dmel_CG33197,4.3183746,0.1380866,1.571824684769275e-05,0.00010453111428417531
Dmel_CG14996,4.3111124,0.18293554,1.6243544238124846e-05,0.0001079698608159831
Dmel_CG17293,4.3056593,0.43911916,1.6648911282473063e-05,0.00011055247254319279
Dmel_CG1803,4.2979345,0.46983862,1.7239694499141e-05,0.00011435983110207565
Dmel_CG9896,4.2969985,0.28892148,1.731262536408191e-05,0.00011466996467207681
Dmel_CG32276,4.293727,0.13277592,1.7569838559176464e-05,0.00011625641918738061
Dmel_CG3811,4.2924066,0.5482258,1.767469923431009e-05,0.00011689140545448862
Dmel_CG32577,4.2907043,0.9384319,1.7810732759318528e-05,0.00011773181045784949
Dmel_CG5201,4.2823377,0.248268,1.8493985867792117e-05,0.00012200274512482741
Dmel_CG33207,4.281359,0.47514224,1.8575541336130582e-05,0.00012247927180034722
Dmel_CG10882,4.280872,0.476599,1.8616269742977306e-05,0.0001226862591236032
Dmel_CG5161,4.272845,0.20333053,1.929949077545026e-05,0.00012706142699408412
Dmel_CG12594,4.267451,0.21989131,1.9771930908246428e-05,0.00013010663198060406
Dmel_CG8948,4.264278,0.12660305,2.0054978543913913e-05,0.00013190313966244882
Dmel_CG42322,4.2596245,0.13273552,2.047708259992487e-05,0.00013461197721141205
Dmel_CG6674,4.2535095,0.6766866,2.104459953592035e-05,0.00013827354125076468
Dmel_CG1486,4.2490807,0.51898354,2.1464958384341695e-05,0.0001409650265510416
Dmel_CG5151,4.2478447,0.122660466,2.1583699894294698e-05,0.00014163331122982458
Dmel_CG6756,4.247797,0.69624597,2.158827504705415e-05,0.00014163331122982458
Dmel_CG46339,4.244833,0.1944047,2.187562795430727e-05,0.00014337537503618546
Dmel_CG7115,4.2444115,0.1812849,2.1916764111278667e-05,0.00014357337845778313
Dmel_CG31708,4.2383094,0.7048709,2.2520936027939543e-05,0.0001474577081929016
Dmel_CG9063,4.236549,0.72405607,2.2698158359428894e-05,0.00014847013389808616
Dmel_CG8128,4.2350793,0.62613714,2.2847085738063974e-05,0.00014936992720591976
Dmel_CG32217,4.233761,0.13012047,2.298153996648607e-05,0.0001501742499749346
Dmel_CG11210,4.231684,1.1848569,2.319476868587526e-05,0.00015141701703978478
Dmel_CG5220,4.230193,0.893322,2.3349079280537853e-05,0.00015227307733277812
Dmel_CG2656,4.2261014,0.84483,2.3777487205268238e-05,0.0001549900592085466
Dmel_CG17023,4.2145042,0.12773137,2.5032726445672565e-05,0.00016301043519454072
Dmel_CG31249,4.210951,1.2826791,2.5429832689402192e-05,0.00016543239176803674
Dmel_CG43286,4.202295,0.23269024,2.6422253196292222e-05,0.0001715699058680115
Dmel_CG6420,4.2009063,0.49196884,2.658485454524808e-05,0.00017251929559461976
Dmel_CG16833,4.1976995,0.21956438,2.6964028379679847e-05,0.00017489353254559372
Dmel_CG8327,4.1960387,0.43377337,2.716241092602529e-05,0.00017609336062106477
Dmel_CG5056,4.190406,0.38039932,2.7845571349822656e-05,0.0001804332609013903
Dmel_CG42708,4.1857147,0.519926,2.8427029748240398e-05,0.00018401950636533354
Dmel_CG32813,4.1799893,0.28359738,2.915225425820388e-05,0.0001885284316963864
Dmel_CG11734,4.1744175,0.22454037,2.9874971898985044e-05,0.00019310723350937653
Dmel_CG9834,4.174216,0.14202107,2.9901432457396245e-05,0.00019318324676629502
Dmel_CG44247,4.1717744,0.13925461,3.022367283266152e-05,0.00019516918166781575
Dmel_CG7546,4.166282,0.25009325,3.0960744042385966e-05,0.00019973251716298184
Dmel_CG5876,4.162994,0.7802623,3.141015306084448e-05,0.00020249291064357506
Dmel_CG12283,4.1629267,0.1388687,3.1419453983886276e-05,0.00020249291064357506
Dmel_CG4963,4.161113,0.2836817,3.167007069761292e-05,0.0002040080387437899
Dmel_CG6356,4.1554074,1.1827152,3.2470859802165106e-05,0.00020875712752458497
Dmel_CG1007,4.1548223,0.1412617,3.2554049904055735e-05,0.00020918961847882464
Dmel_CG12175,4.1543374,0.18309641,3.2623116455074285e-05,0.00020953097426008367
Dmel_CG31715,4.1529107,0.17965154,3.282727297639102e-05,0.00021073922529690002
Dmel_CG3705,4.1454086,0.66081846,3.392083152958774e-05,0.00021754692392889825
Dmel_CG9934,4.1413565,0.3766106,3.4525760926616156e-05,0.00022131854845690874
Dmel_CG8863,4.140664,0.13214411,3.463014830241364e-05,0.00022187946311166148
Dmel_CG2945,4.1353335,0.47075194,3.544396469958456e-05,0.00022687245013017083
Dmel_CG5029,4.131085,0.5813323,3.6105512471031906e-05,0.0002309944203416895
Dmel_CR43264,4.1264424,2.4233942,3.68417918842322e-05,0.00023559026138719969
Dmel_CG9652,4.126026,0.15962479,3.6908505181851897e-05,0.0002359020751919824
Dmel_CG18000,4.125416,0.32078156,3.700655471227552e-05,0.00023641377514536344
Dmel_CG42724,4.1251254,0.119552374,3.705327854565525e-05,0.00023659724653472093
Dmel_CG14614,4.1232347,0.24463871,3.7358852623693474e-05,0.00023840118579706375
Dmel_CG42666,4.1222615,1.0884333,3.7517127399139707e-05,0.00023921036931203048
Dmel_CG10372,4.119393,0.16352673,3.798718540407951e-05,0.00024209001134578508
Dmel_CG6765,4.1164894,0.19413675,3.8468692505311794e-05,0.0002449210698703015
Dmel_CG12121,4.113898,0.30446985,3.890334414661788e-05,0.0002474486183110869
Dmel_CG6583,4.1086893,0.59944636,3.97910605783626e-05,0.0002528502548647306
Dmel_CG4719,4.1062274,0.5238225,4.0217358980915975e-05,0.0002554356280175045
Dmel_CG9253,4.1055894,0.73955286,4.032851636066528e-05,0.00025601789057753743
Dmel_CG15792,4.1023374,0.12894337,4.0899750257615e-05,0.0002595188885250211
Dmel_CG12701,4.100846,0.24597755,4.1164255720543835e-05,0.00026107117974115185
Dmel_CG18445,4.097009,0.3243116,4.185224475382994e-05,0.00026530648736617426
Dmel_CG17033,4.095893,0.42409974,4.2054393453109436e-05,0.00026645939458404586
Dmel_CG43365,4.094444,0.14756875,4.231828982084183e-05,0.0002680022392943048
Dmel_CG6181,4.089354,0.60482436,4.325762942221112e-05,0.0002736872933256024
Dmel_CG3139,4.088299,0.12495126,4.345478354038854e-05,0.00027480236309155236
Dmel_CG6509,4.0870137,0.4340478,4.369609950329864e-05,0.0002761954995540392
Dmel_CG4451,4.0812445,0.19746706,4.479523328138111e-05,0.00028300680795703323
Dmel_CG11388,4.0761986,0.22621839,4.5777953577048215e-05,0.0002890764478404568
Dmel_CG3798,4.0733657,0.13193168,4.63385923039981e-05,0.0002924761966699515
Dmel_CG8922,4.070961,0.13714722,4.6819580838071617e-05,0.0002950868641693521
Dmel_CG42261,4.068995,0.35201028,4.721633549198162e-05,0.00029730228303791585
Dmel_CG15443,4.0670104,0.6912412,4.7620141554707905e-05,0.0002997012836065214
Dmel_CG7166,4.066053,0.12429741,4.781606384729103e-05,0.00030079028004655403
Dmel_CG1543,4.0654063,0.49770615,4.794887615577585e-05,0.00030148142658519163
Dmel_CG4444,4.0598016,0.13068698,4.911444084586343e-05,0.00030866229897441003
Dmel_CG32406,4.0576177,0.18100043,4.95758848319537e-05,0.0003114133377517703
Dmel_CG15356,4.052247,0.3359202,5.072810683975483e-05,0.0003183467296949466
Dmel_CG2259,4.0484567,0.3371399,5.1556467326922385e-05,0.0003233907098535022
Dmel_CG10249,4.047757,0.13116549,5.1710790520274266e-05,0.000324203959077731
Dmel_CG7945,4.0464945,0.122091405,5.199039615006302e-05,0.0003258015239904521
Dmel_CG8295,4.0411234,0.13775195,5.3195790457274744e-05,0.00033303758094285253
Dmel_CG5407,4.0389686,0.12395995,5.368677296425948e-05,0.00033595137310634944
Dmel_CG1515,4.0365095,0.24031144,5.425233689321663e-05,0.00033932887154391225
Dmel_CG8787,4.0287685,0.189866,5.606977111182824e-05,0.0003505294301524905
Dmel_CG32296,4.0285587,0.3149891,5.6119886643791294e-05,0.00035067590603236393
Dmel_CG7611,4.026368,0.3544211,5.664494854969094e-05,0.0003537886258989965
Dmel_CG14133,4.02153,1.12568,5.782130743481282e-05,0.00036096427600991693
Dmel_CG6871,4.011878,1.0306301,6.02375777520605e-05,0.0003758698999239445
Dmel_CG8946,4.0079217,0.84647924,6.125543054270423e-05,0.0003818584500766965
Dmel_CG1417,4.006822,0.14702198,6.154123434363026e-05,0.00038345820792301815
Dmel_CG7058,4.0061893,0.44231194,6.170618306380845e-05,0.0003843037685504772
Dmel_CG17565,3.99955,0.20647314,6.346298213254196e-05,0.000395057815349945
Dmel_CG3764,3.9965024,0.3904404,6.428525905119593e-05,0.0003997977232332067
Dmel_CG18177,3.9897254,0.451629,6.61498664293614e-05,0.0004111993352640672
Dmel_CG32732,3.9876928,0.4541186,6.671893769637437e-05,0.00041454069043406883
Dmel_CG31794,3.9869342,0.46516842,6.693259215447459e-05,0.00041567164154156455
Dmel_CG41099,3.9800937,0.1442864,6.888807917509569e-05,0.0004276137215115411
Dmel_CG7239,3.9782395,0.841712,6.942742291592901e-05,0.0004307581513400487
Dmel_CG9696,3.9779491,0.19221976,6.95122458598198e-05,0.00043108089799145444
Dmel_CG2162,3.975568,0.2142132,7.02114561128223e-05,0.00043521167206537635
Dmel_CG31864,3.9750066,0.39761546,7.037730315894986e-05,0.0004360340126410938
Dmel_CG13204,3.9739442,0.30952865,7.069210385469724e-05,0.00043777800978066754
Dmel_CG4528,3.9717355,0.14428544,7.135092066121344e-05,0.00044144183070103855
Dmel_CG15427,3.9681845,0.15170099,7.242228421145745e-05,0.00044785940556365286
Dmel_CG11247,3.9640281,0.14862677,7.36955334455003e-05,0.0004555188170307241
Dmel_CG45782,3.9632993,0.85837895,7.392105270069447e-05,0.00045669795653024265
Dmel_CG16721,3.962718,0.5186298,7.410129042731146e-05,0.0004573814267286519
Dmel_CG10566,3.961431,0.30192763,7.45019286509267e-05,0.00045942273317777
Dmel_CG18659,3.9581935,0.4092757,7.551879132077142e-05,0.00046525665107653876
Dmel_CG10385,3.9409268,0.33781305,8.116735930686568e-05,0.0004991203877639316
Dmel_CG13506,3.940299,0.30011594,8.138010767415159e-05,0.0005001945720046894
Dmel_CG6939,3.939052,0.51073927,8.180415867375674e-05,0.0005025658948722943
Dmel_CG9695,3.938269,0.12011162,8.207155422842455e-05,0.0005039730346335173
Dmel_CG31037,3.9340687,0.6356394,8.351986101232547e-05,0.0005126270404310925
Dmel_CG1371,3.9323092,0.64593345,8.413379096978335e-05,0.0005161541303146232
Dmel_CG7893,3.9278286,0.28892145,8.571628507573325e-05,0.0005256172198694403
Dmel_CG6006,3.9211636,0.8058126,8.812244155508413e-05,0.0005401198714903734
Dmel_CG12072,3.913875,0.17814805,9.08265841895072e-05,0.0005561752762508453
Dmel_CG31132,3.9121013,0.39469537,9.149654328608788e-05,0.000560016802665338
Dmel_CG8814,3.9012866,0.17536877,9.568279801447737e-05,0.0005853666893427594
Dmel_CG8183,3.8979533,0.13059498,9.700912282267246e-05,0.0005932046919556719
Dmel_CG11376,3.8864417,0.23100966,0.00010172437248682866,0.0006217488273718211
Dmel_CG1492,3.8841097,0.32950932,0.00010270555682011209,0.0006274540781836787
Dmel_CG8641,3.8780637,0.34948674,0.0001052911879498154,0.0006429514409147417
Dmel_CG10527,3.8669944,0.48197618,0.0001101849165276279,0.0006718979063060596
Dmel_CG8364,3.86628,0.3226691,0.00011050801141126987,0.0006735555556379858
Dmel_CG15514,3.8655753,0.2206935,0.0001108276157323897,0.0006751904025680728
Dmel_CG10984,3.8611705,0.2799672,0.00011284511760141288,0.0006871629705283442
Dmel_CG9204,3.8587103,0.3111189,0.00011398695279393014,0.0006934734012338129
Dmel_CG11727,3.857811,0.13345161,0.00011440707850932784,0.000695707273804293
Dmel_CG9992,3.8541772,0.84493697,0.00011611945497156573,0.0007057935974936842
Dmel_CG4952,3.8510919,0.5069257,0.00011759237458665825,0.0007144158088041036
Dmel_CG2021,3.8464282,0.35365763,0.00011985219446772165,0.0007278085432071766
Dmel_CG42678,3.8451748,0.110740885,0.00012046652413549862,0.0007312011979974999
Dmel_CG6264,3.8438606,0.661795,0.00012111375433312512,0.0007347903258040615
Dmel_CG34381,3.8414133,0.34707662,0.0001223279525154838,0.0007414721512942678
Dmel_CR42549,3.8406382,0.520002,0.00012271482842687756,0.0007434742094779152
Dmel_CG43665,3.8403363,0.45253047,0.00012286588135891383,0.0007440463349942335
Dmel_CG12605,3.8390338,0.14703368,0.00012351942871097516,0.0007476595175913978
Dmel_CG8637,3.8361325,0.2373645,0.00012498693424862773,0.000756193970055809
Dmel_CG34228,3.828937,0.37298235,0.0001286979390172439,0.0007782879045676954
Dmel_CG17262,3.8275363,1.1276525,0.00012943223403993879,0.0007823684395210835
Dmel_CG14562,3.8265262,0.38150594,0.0001299642985198108,0.0007852233778615328
Dmel_CG6685,3.8259864,0.9192639,0.00013024948012183422,0.0007865847510482644
Dmel_CG2201,3.8224561,0.19268778,0.00013212896707144437,0.0007968365104570218
Dmel_CG14025,3.8180463,0.19759966,0.00013451269185789383,0.0008104682639635867
Dmel_CG6863,3.8113153,0.24502149,0.00013822936144020559,0.0008320989641253969
Dmel_CG8400,3.809957,0.27280864,0.00013899089746007056,0.0008363000840305802
Dmel_CG6384,3.8069358,0.1816204,0.00014069922626569446,0.0008461915479896984
Dmel_CG10739,3.8030558,0.59860957,0.00014292217006497927,0.0008587746853332842
Dmel_CG17436,3.8019211,0.16961911,0.00014357837457957992,0.0008623233182588024
Dmel_CG10002,3.8004053,0.30786103,0.00014445967941790336,0.0008672200307129593
Dmel_CG6202,3.796882,0.13689595,0.00014652754226151125,0.0008792321611226115
Dmel_CG42394,3.7961173,0.9459042,0.00014697995484685262,0.0008815443115666318
Dmel_CG12848,3.7942445,0.15052608,0.00014809370008120028,0.0008878190295470133
Dmel_CG5000,3.7802858,0.13003238,0.00015664846317597485,0.0009382486119396015
Dmel_CG17765,3.7741244,0.12162513,0.00016057070687758407,0.000960427700991503
Dmel_CG5970,3.7668712,0.9344251,0.0001653062741683797,0.0009878534555919406
Dmel_CG8325,3.7650366,0.20158835,0.0001665247487074092,0.0009946826012563928
Dmel_CG1244,3.761449,1.143644,0.00016893178000558954,0.0010081437425310863
Dmel_CG10590,3.7597601,0.48251787,0.00017007637719708096,0.0010143946576139822
Dmel_CG8889,3.759676,1.1033965,0.00017013361428972048,0.0010143946576139822
Dmel_CG33145,3.7538881,0.49823195,0.00017411252962623043,0.0010376120521268775
Dmel_CG5727,3.7537832,0.49998328,0.00017418554044531558,0.0010376120521268775
Dmel_CG4083,3.7529726,0.14252152,0.00017474992767473293,0.0010405024012567583
Dmel_CG10741,3.748857,0.94211954,0.0001776423253088048,0.0010572453790230996
Dmel_CG40494,3.7464123,0.23626819,0.00017938169981694682,0.0010671140413284284
Dmel_CG6272,3.7439578,0.71031034,0.00018114404205541584,0.001077110342375665
Dmel_CG4562,3.7433324,0.23499061,0.00018159581928666913,0.0010793083044984709
Dmel_CG1427,3.7377825,0.31400374,0.00018565045387543795,0.0011029080535158817
Dmel_CG40351,3.735855,0.110497594,0.00018707831502283592,0.0011103866927349082
Dmel_CG7562,3.7322655,2.4002252,0.00018976534012752973,0.001125826787636961
Dmel_CG33156,3.7302694,0.6816011,0.00019127509867808475,0.0011342716930183717
Dmel_CG8766,3.729341,0.34325662,0.00019198109695887233,0.0011369191505797842
Dmel_CG9426,3.7276382,0.26809824,0.00019328258136874093,0.0011441109917867678
Dmel_CG9126,3.7262075,0.27673325,0.00019438240983935546,0.0011501032182345656
Dmel_CG7250,3.7181222,0.116684414,0.00020070919337915796,0.001186468515607519
Dmel_CG2371,3.7179067,0.44489515,0.0002008804203666527,0.0011869467644056578
Dmel_CG30476,3.7177496,0.26208165,0.0002010053982791673,0.0011871514331624887
Dmel_CG8487,3.7168584,0.40446052,0.00020171550100365896,0.0011908101521514297
Dmel_CG10847,3.715526,0.13098252,0.00020278135870035693,0.0011965648112624114
Dmel_CG32146,3.712019,0.66498446,0.00020561254149990577,0.0012127263949058625
Dmel_CG13865,3.7042704,0.1472988,0.00021200000299944558,0.0012492789414420243
Dmel_CR44320,3.7027876,0.35523534,0.00021324341197508288,0.0012560428851477205
Dmel_CG8896,3.6940072,0.69160265,0.00022074754103262813,0.0012990790133048662
Dmel_CG17600,3.6908433,0.3231379,0.0002235116817878309,0.0013147569428710322
Dmel_CG12402,3.687943,0.39066374,0.00022607424655758424,0.00132923564832806
Dmel_CG2998,3.680127,0.18867952,0.00023311793738061673,0.0013700370371729357
Dmel_CG11638,3.6686456,0.1257645,0.00024383869735815608,0.00142984574831929
Dmel_CG17689,3.6663716,0.45877838,0.0002460163024878195,0.0014419715570885086
Dmel_CG10803,3.6637692,0.14723282,0.0002485305937350308,0.0014560590870584217
Dmel_CG10328,3.6533358,0.38146147,0.0002588553005124457,0.001513671435547754
Dmel_CG18259,3.6532516,1.0131521,0.0002589402166586524,0.001513671435547754
Dmel_CG5994,3.6507819,0.21796998,0.00026144326571064845,0.0015276238126739135
Dmel_CG6734,3.646955,0.95150435,0.0002653663505805124,0.0015491689084755724
Dmel_CG11880,3.6465333,0.8214106,0.00026580200159267487,0.0015510231362918917
Dmel_CR45358,3.6462345,1.3021111,0.0002661111931330701,0.0015521381220424653
Dmel_CG12131,3.6449099,0.123382546,0.00026748544519379587,0.001559461506340582
Dmel_CG3797,3.644157,0.78539133,0.0002682696888286902,0.0015633401245666596
Dmel_CG14868,3.6439912,0.12954627,0.0002684425114337311,0.0015636538310064986
Dmel_CG7620,3.6437645,0.2627472,0.00026867915342260944,0.0015643388370077582
Dmel_CG13425,3.6424234,0.1012687,0.00027008325739627363,0.0015718175754846908
Dmel_CG1142,3.633206,0.32725975,0.00027992137622504605,0.0016276313296342169
Dmel_CG8815,3.6307554,0.10704361,0.0002825928561535381,0.001641712079006916
Dmel_CG1059,3.6295395,0.20369591,0.0002839273435794496,0.0016487358470956906
Dmel_CG17766,3.6251774,0.122202836,0.0002887631141797955,0.0016760760085851114
Dmel_CG6095,3.6242113,0.7942532,0.00028984459701032224,0.0016816105294978564
Dmel_CG42271,3.6240213,0.21406542,0.0002900577086406456,0.0016821043024036733
Dmel_CG33094,3.622672,0.16645247,0.0002915753757483801,0.0016901596880059386
Dmel_CG12154,3.6165059,0.58143777,0.0002986064563349354,0.0017293906754946612
Dmel_CG6167,3.6152887,0.33260846,0.00030001298936763795,0.0017367712305198812
Dmel_CG14542,3.610682,0.25008422,0.000305392955287733,0.0017671373075456183
Dmel_CG2893,3.6084468,1.5471131,0.0003080355424670027,0.001780860124750938
Dmel_CG4548,3.6082897,0.11760605,0.00030822216705552033,0.0017811554517487215
Dmel_CG9742,3.6070893,0.13623394,0.0003096512558756458,0.0017882218326705649
Dmel_CG3632,3.607034,0.41322392,0.00030971713653132985,0.0017882218326705649
Dmel_CG8155,3.5995545,0.49368393,0.0003187627857062343,0.0018391361950802821
Dmel_CG18505,3.5995116,0.1826667,0.0003188153300656634,0.0018391361950802821
Dmel_CG12104,3.5881622,0.899693,0.00033301711040308377,0.001918534786412505
Dmel_CG31510,3.5861928,0.27520263,0.0003355409163810057,0.0019322275119030654
Dmel_CG13366,3.5832882,0.259812,0.0003392959637578238,0.0019521402188010346
Dmel_CG5447,3.5781238,0.19918333,0.00034606964701023587,0.0019902412391078817
Dmel_CG7413,3.576749,0.4863661,0.00034789392235797645,0.0019998574075705024
Dmel_CG7139,3.5748322,0.3954387,0.00035045267885318993,0.0020136854625315997
Dmel_CG9218,3.5698032,0.12216748,0.00035724946186408953,0.0020501318889425144
Dmel_CG10861,3.5694444,0.15328063,0.0003577389931300636,0.0020519633822445073
Dmel_CG4157,3.5683925,0.2560987,0.0003591780082129303,0.0020593185889730007
Dmel_CG15201,3.568161,0.17188056,0.00035949569849383464,0.0020602411573953255
Dmel_CG10384,3.5675237,0.13213128,0.0003603707021664237,0.002064355447763284
Dmel_CG4192,3.5671248,0.15046881,0.0003609195207665266,0.002065115891373447
Dmel_CG14621,3.566984,0.612029,0.0003611136270084701,0.002065115891373447
Dmel_CG31721,3.5668564,0.2658991,0.0003612892043427102,0.002065115891373447
Dmel_CG17252,3.5619323,1.023143,0.0003681354002468984,0.0021024195109276365
Dmel_CG4590,3.5564542,0.89173794,0.0003758938975563679,0.0021457957027750784
Dmel_CG3988,3.5532815,0.1115961,0.00038045695168428047,0.0021702007976111535
Dmel_CG10225,3.550519,0.86124015,0.00038447230027343824,0.0021919091097150766
Dmel_CG13409,3.5395615,0.29771838,0.0004007923282007606,0.0022819809293267742
Dmel_CG6700,3.532803,0.12812549,0.0004111786660930517,0.0023401034435378055
Dmel_CG10619,3.5320816,0.433383,0.0004123019324338444,0.0023454803870619693
Dmel_CG3915,3.5296204,0.19967131,0.00041615635960485993,0.0023663828306220097
Dmel_CG4670,3.524794,0.3068253,0.00042381191016615947,0.002408872107047362
Dmel_CG15141,3.522905,0.3302594,0.00042684411947193154,0.0024240097553935407
Dmel_CG9399,3.5187247,0.23628004,0.0004336265604823073,0.002460400099869603
Dmel_CR43241,3.5173776,0.8580912,0.00043583311923748046,0.0024718528355199528
Dmel_CG34385,3.5162435,0.1260501,0.0004376992319872312,0.002481365663306387
Dmel_CG30418,3.5131319,0.5407733,0.00044285750462267666,0.0025095258595285008
Dmel_CG9495,3.511028,0.16662046,0.00044637709395784386,0.0025283799102155287
Dmel_CG10915,3.509284,0.20224507,0.0004493150044058024,0.0025439243743630544
Dmel_CG4220,3.509164,0.111935206,0.0004495172923979324,0.002543973617313191
Dmel_CG6815,3.4938855,0.23677234,0.0004760449582587304,0.0026906265791303125
Dmel_CG32775,3.492399,0.3154569,0.0004787027605886606,0.0027033231529418086
Dmel_CG14969,3.4886131,0.6399405,0.0004855334661710939,0.0027395428419726684
Dmel_CG6565,3.4880006,0.46940026,0.00048664697914630237,0.0027446471901122573
Dmel_CG5726,3.483537,0.25682393,0.0004948346402898464,0.0027872361800466657
Dmel_CG11771,3.4820414,0.4407311,0.000497606633862239,0.0028016490041061193
Dmel_CR44107,3.4814901,0.7591122,0.0004986323340111756,0.0028062216279404104
Dmel_CG17762,3.4782197,0.15267032,0.0005047560510383196,0.0028382538582347274
Dmel_CG6311,3.4768157,0.10226349,0.0005074066015518499,0.0028519376180465607
Dmel_CG10095,3.4735665,0.394824,0.0005135900254934925,0.0028844989481390717
Dmel_CG14459,3.473541,0.2835657,0.0005136388051628816,0.0028844989481390717
Dmel_CG11642,3.4708145,0.74568325,0.0005188825078173431,0.0029127018518700152
Dmel_CG9917,3.470002,0.16499023,0.000520454621474081,0.0029202793257006397
Dmel_CG4871,3.465173,0.27549577,0.0005298903610046825,0.002969419715975494
Dmel_CG12864,3.465009,0.13298018,0.0005302138315779312,0.0029699658826792814
Dmel_CG6450,3.4586837,0.22042851,0.0005428218897946792,0.003037999341478654
Dmel_CG4659,3.4560633,0.21582857,0.0005481266035318756,0.0030639140431635774
Dmel_CG10120,3.4560509,0.13835636,0.0005481517324006978,0.0030639140431635774
Dmel_CG8428,3.4522474,0.4703606,0.0005559379234263976,0.0031061140526132186
Dmel_CG2221,3.451089,0.10849249,0.0005583297407335902,0.00311815177347221
Dmel_CG18156,3.4445705,1.1426694,0.0005719673417978312,0.003190247384790025
Dmel_CG9446,3.4425924,0.6875766,0.0005761672484546842,0.0032123096359537567
Dmel_CG12241,3.4407754,0.7602764,0.0005800497520680049,0.003232584305311981
Dmel_CG11526,3.4403167,0.40696663,0.0005810339183362375,0.003236696363228697
Dmel_CG4943,3.4398887,0.17025188,0.0005819532117300731,0.003240443709891903
Dmel_CG42797,3.4340088,0.20310542,0.0005947248116599036,0.003308754762922436
Dmel_CG8725,3.432748,0.3368329,0.0005974970735280583,0.0033227714952315758
Dmel_CG3732,3.43039,0.13502768,0.0006027147508918121,0.0033503699413998745
Dmel_CG14026,3.42957,0.505293,0.0006045385035505231,0.003359086881673329
Dmel_CG12019,3.4185276,0.15324843,0.0006296095397033087,0.003495436823507047
Dmel_CG10653,3.4171612,0.099468164,0.0006327777887342019,0.0035115426189848593
Dmel_CG8524,3.4090168,0.1189053,0.0006519744058450592,0.003616545237319512
Dmel_CG33200,3.4050815,0.37375155,0.000661442866523031,0.0036659724626651835
Dmel_CG3740,3.4024866,1.6191931,0.0006677562060582913,0.003697844207253269
Dmel_CG5942,3.4001133,0.229187,0.0006735792897735411,0.0037284500474938746
Dmel_CG32446,3.3980277,0.10174235,0.0006787354525330735,0.0037523191340921827
Dmel_CG4162,3.3925323,0.48959816,0.000692497567486383,0.0038235758547641007
Dmel_CG10107,3.3912325,0.2107008,0.0006957903712188748,0.0038401433297720424
Dmel_CG12099,3.388852,0.1780969,0.0007018590705104219,0.003872010934331425
Dmel_CG17594,3.3805175,0.15158077,0.000723494619523467,0.003988021306693741
Dmel_CG10747,3.3777952,0.87569326,0.0007306949642972906,0.004026022023409097
Dmel_CG3479,3.3766236,0.27773994,0.0007338141059341389,0.004041513481173729
Dmel_CG3576,3.376115,0.09162836,0.0007351719099198216,0.004047295378406525
Dmel_CG31523,3.3759084,0.43582213,0.0007357241518141294,0.00404863948031385
Dmel_CG17598,3.375545,0.42648447,0.0007366964131755075,0.004052292827768666
Dmel_CG6464,3.37366,0.6701661,0.0007417587445694781,0.004078431657902725
Dmel_CG17683,3.3722193,0.09020196,0.0007456501193577649,0.004098113014839142
Dmel_CG11971,3.368059,0.70957017,0.000756993914427559,0.004158719493935014
Dmel_CG8271,3.3674002,0.21720861,0.0007588047656969742,0.004166925794410337
Dmel_CG2924,3.3648427,0.095884845,0.0007658730032293751,0.004202228449034329
Dmel_CG3848,3.3598454,0.4931365,0.0007798607138559526,0.00427719100199544
Dmel_CG5753,3.3575563,0.10731437,0.0007863470637582959,0.004310966526845126
Dmel_CG3191,3.3458292,0.23643172,0.0008203689988731824,0.00448999125955539
Dmel_CG4615,3.344834,0.5900807,0.0008233179546637731,0.004503816532351645
Dmel_CG5694,3.3447456,0.16587694,0.0008235804830105018,0.004503816532351645
Dmel_CG2979,3.342638,3.6558764,0.0008298606303604614,0.004536272272698346
Dmel_CG2540,3.3420858,1.9217883,0.0008315133623313333,0.004543416671266549
Dmel_CG42574,3.3346531,0.10361744,0.000854058554871301,0.004660790477393591
Dmel_CG15535,3.3324304,0.69023013,0.0008609098741335372,0.00469622941302981
Dmel_CG17337,3.3295825,0.27097005,0.0008697627643255915,0.004742552898756264
Dmel_CG44098,3.3276978,0.386026,0.0008756682153353052,0.004772773130535563
Dmel_CG5473,3.3219354,0.25482136,0.0008939534620139828,0.004868397200300766
Dmel_CG11086,3.3197796,0.3678811,0.0009008853172622028,0.004904115142561146
Dmel_CG3297,3.3169317,0.9883551,0.0009101185006003475,0.004950276165723993
Dmel_CG1890,3.3138905,0.51132476,0.0009200756973054314,0.005002364393169497
Dmel_CG3529,3.3136919,0.1291893,0.0009207290154612973,0.0050038461506107966
Dmel_CG8443,3.3105485,0.1389491,0.0009311328123487459,0.005058295281965634
Dmel_CG1403,3.306135,0.33177182,0.0009459255132736526,0.005132290326147427
Dmel_CG18740,3.3008282,0.31865236,0.0009639985293377065,0.005223878216093525
Dmel_CG5977,3.2996323,0.35032293,0.0009681155144071274,0.005244025546094007
Dmel_CG4303,3.2967894,0.17195687,0.000977967608401382,0.005293151856152577
Dmel_CG5146,3.296083,0.13273202,0.0009804309460873174,0.005304175818251725
Dmel_CG32147,3.2867274,0.592774,0.0010135886931168408,0.005472296226889237
Dmel_CG33528,3.2858438,0.40505865,0.0010167731707671328,0.005487234594271413
Dmel_CG5557,3.2827709,0.4870811,0.0010279215112273547,0.005545121748373838
Dmel_CG34407,3.282426,0.112423964,0.001029179547033675,0.005549630048243546
Dmel_CG31108,3.2769473,0.35343146,0.0010493593659217004,0.00565612445757878
Dmel_CG11901,3.2724578,0.107759446,0.0010661674556083185,0.005742010874651194
Dmel_CG10128,3.2700272,0.23827715,0.0010753719433403103,0.005789210449584193
Dmel_CG5848,3.2697861,0.1386491,0.0010762883430795536,0.005791771136940382
Dmel_CG5110,3.265229,0.27867627,0.0010937557468830112,0.005880317210772903
Dmel_CG33202,3.26458,0.10052722,0.0010962651252047857,0.005889623879932988
Dmel_CG17149,3.2639143,0.3979895,0.0010988442228643844,0.005898656835237285
Dmel_CG4141,3.2624094,0.2860287,0.0011046948112711861,0.005925222250985574
Dmel_CR45845,3.2601018,3.5942888,0.0011137225912021139,0.005971207087305989
Dmel_CG2009,3.2589552,0.12397529,0.001118233098218567,0.005992945001504971
Dmel_CG2139,3.2562144,0.40930334,0.0011290849267769016,0.00604863637292102
Dmel_CG11328,3.255056,0.09576289,0.001133700701644985,0.006070586287015536
Dmel_CG9738,3.2549543,0.098632686,0.0011341061817687498,0.006070586287015536
Dmel_CG42277,3.2521532,0.3091367,0.0011453430157841186,0.006125743821904397
Dmel_CG17294,3.2497869,0.10802835,0.0011549157099917278,0.006174429351098981
Dmel_CG6923,3.2492342,0.5871595,0.0011571617334112296,0.006183921243902793
Dmel_CG5838,3.2458248,0.44067615,0.0011711088009759712,0.006250828900741363
Dmel_CG4012,3.2453108,0.27636725,0.0011732247896956416,0.006259580577097209
Dmel_CG3078,3.2442923,0.15358697,0.001177429056301166,0.006279462349372412
Dmel_CG14992,3.2346585,0.3286619,0.0012178835268241955,0.006492579077483469
Dmel_CG10277,3.2341275,0.09240002,0.001220150061161429,0.006500416987581642
Dmel_CG1716,3.23353,0.22974494,0.0012227047754836593,0.006510357963788804
Dmel_CG9206,3.2270813,0.29415986,0.0012505994167772566,0.006650800054985807
Dmel_CG12921,3.2232134,0.16526966,0.0012676102203241866,0.0067358131440679895
Dmel_CG10492,3.219782,0.47946155,0.001282880436071185,0.006814200408412061
Dmel_CG17273,3.218346,0.11128746,0.0012893216407817956,0.006845646740005486
Dmel_CG8578,3.215127,0.38035187,0.0013038679501120934,0.006917290566178046
Dmel_CG11489,3.2117734,0.1739007,0.0013191842489212939,0.006995722443532979
Dmel_CG33298,3.203378,0.1370096,0.0013582561403348245,0.007197114491991907
Dmel_CG5149,3.2022998,0.12146658,0.0013633504140876844,0.0072211962077897065
Dmel_CG7148,3.2016792,0.538657,0.0013662905260976993,0.007233853264887134
Dmel_CG8893,3.2007103,0.12375055,0.0013708926016054329,0.007255295883083767
Dmel_CG33947,3.1989765,0.22834253,0.0013791639839414631,0.007296132815207234
Dmel_CG5640,3.1977837,0.20001139,0.0013848811721632016,0.007323429973197839
Dmel_CG13001,3.1918805,0.30361632,0.0014134977685172402,0.007468747155643367
Dmel_CG4356,3.1897533,0.10867745,0.0014239433125198574,0.007520916024848652
Dmel_CG1514,3.1877599,0.26876926,0.0014337954482244039,0.007568446348647959
Dmel_CG18330,3.1876996,0.6599317,0.001434094163924619,0.007568446348647959
Dmel_CG1771,3.1843917,0.6317949,0.0014505850540266377,0.007652403932141327
Dmel_CG12024,3.1835647,0.13576037,0.0014547359666508785,0.007671222045649757
Dmel_CG4101,3.1806712,0.07884169,0.0014693426888552708,0.007745139299738112
Dmel_CG8465,3.180486,0.5251359,0.001470282983159653,0.00774698824446712
Dmel_CG12730,3.1781266,0.43027392,0.0014823006977788397,0.007807179747299291
Dmel_CG15209,3.176702,0.32860163,0.0014896003187727762,0.007839342326388887
Dmel_CG1472,3.1683564,0.33353576,0.0015330346929818494,0.008058243560189794
Dmel_CG33516,3.163399,0.16662624,0.0015593848676890266,0.008193473229228906
Dmel_CG6769,3.1631749,0.19124885,0.0015605851148560257,0.008196502395812563
Dmel_CG7008,3.1629717,0.26605606,0.0015616743503742213,0.008198946319723389
Dmel_CG12012,3.1623678,0.14940836,0.0015649172025359712,0.008212690478644247
Dmel_CG14650,3.1596751,0.44603682,0.001579450848899876,0.00828565413388953
Dmel_CG8107,3.1585228,0.5773958,0.0015857082093332097,0.008315160246946411
Dmel_CG12358,3.1580753,0.090936534,0.001588144745934978,0.008322530548804632
Dmel_CG1885,3.1580322,0.42933044,0.0015883803832586574,0.008322530548804632
Dmel_CG33135,3.1452272,0.49277082,0.0016595785641292556,0.00868702844672831
Dmel_CG32486,3.1451654,0.12402554,0.0016599291096366172,0.00868702844672831
Dmel_CG1470,3.1408167,0.10034252,0.0016847749836600577,0.008811665332187121
Dmel_CG9210,3.1407626,0.3223477,0.0016850859888734675,0.008811665332187121
Dmel_CG12132,3.1398566,0.35508382,0.0016903054112421875,0.008835442883505802
Dmel_CG40293,3.138857,0.08113427,0.0016960827231311715,0.00886211652670645
Dmel_CG6199,3.1291454,0.7679832,0.0017531549709145283,0.009145775892333393
Dmel_CG8548,3.125393,0.27852574,0.0017756777157976757,0.009259595580673515
Dmel_CG8585,3.1211262,0.12259337,0.0018016081783782893,0.009391088088881039
Dmel_CG2929,3.1172674,0.3487213,0.001825359611152897,0.009505565457744546
Dmel_CG42232,3.1172059,0.14889115,0.0018257398383187912,0.009505565457744546
Dmel_CG10713,3.11609,0.47131822,0.0018326635815419988,0.009531820941063527
Dmel_CG13868,3.1160424,0.10869152,0.001832958794465226,0.009531820941063527
Dmel_CG7431,3.1127524,0.28957573,0.0018535143526600408,0.009634901941576582
Dmel_CG10539,3.1114607,0.122441165,0.0018616423165071518,0.009673326089845979
Dmel_CG10267,3.1106746,0.20493901,0.0018666055788207465,0.009695282178372898
Dmel_CG33950,3.1060295,0.40259445,0.0018961781992046737,0.009844993170979303
Dmel_CG42856,3.1024437,0.23277423,0.0019193009509102003,0.00996111129380369
Dmel_CG8403,3.0989833,0.09066618,0.0019418596540612119,0.010066263398034866
Dmel_CG5941,3.096139,0.14248715,0.0019605850780243087,0.01015532065838291
Dmel_CG8432,3.0922222,1.209725,0.001986641379108825,0.010286231033439348
Dmel_CG11377,3.0905461,0.3424929,0.0019978871726272535,0.010336313124210525
Dmel_CG2864,3.0903502,0.9497507,0.0019992073131669605,0.010339072531415595
Dmel_CG13759,3.0893433,1.0895997,0.002005994734124438,0.0103700931554403
Dmel_CG45057,3.0878277,0.09514389,0.0020162535125869707,0.010419027687339906
Dmel_CR42861,3.0863733,0.25114092,0.0020261419496894763,0.01046601075505873
Dmel_CG6027,3.0853755,0.08861591,0.0020329525142868737,0.010492941472994425
Dmel_CG8666,3.0848844,0.08060746,0.002036312792630383,0.010506158778153066
Dmel_CG5196,3.0846438,0.56647915,0.002037960447928886,0.010510533063670915
Dmel_CG9855,3.0820746,0.15894954,0.002055632153254431,0.010589205066999795
Dmel_CG30096,3.0812774,0.7919703,0.0020611457306402904,0.010613446726623846
Dmel_CG34100,3.0769637,0.31556815,0.0020912083676178604,0.010764030222822681
Dmel_CG6521,3.0761828,0.28992456,0.0020966926312622,0.01078803362075825
Dmel_CG8783,3.0709832,0.6546372,0.0021335514095495523,0.010962397904637999
Dmel_CG3847,3.070857,0.35613334,0.002134453876357417,0.010962397904637999
Dmel_CG15908,3.0708153,0.115273364,0.0021347520156737416,0.010962397904637999
Dmel_CG11371,3.0706346,0.4537906,0.002136044394009139,0.010964749758466443
Dmel_CG9151,3.0662122,0.22032012,0.0021678934256569838,0.01111087656262029
Dmel_CG4881,3.065269,0.41921768,0.002174743717360641,0.011141640229955629
Dmel_CG6542,3.0646324,0.38318208,0.002179375991669934,0.011161021008002573
Dmel_CG7809,3.0631633,0.9838767,0.0021901058302585524,0.011211601369469278
Dmel_CG4774,3.0627046,0.6920967,0.002193465814564771,0.011224429232552825
Dmel_CG42616,3.0622017,0.15275548,0.002197153647737132,0.011238924128031784
Dmel_CG9099,3.0583594,0.1375341,0.0022255246045271046,0.011372689206480758
Dmel_CG32432,3.0583088,0.084466234,0.0022259003606322583,0.011372689206480758
Dmel_CG6725,3.0575554,0.6237744,0.002231503429958143,0.01139245787609944
Dmel_CG17158,3.0540068,0.2757457,0.00225807038419787,0.011523612783978334
Dmel_CG14472,3.0524035,0.13552615,0.002270167987253054,0.011580853074725304
Dmel_CG31323,3.0481017,0.26660538,0.00230292035598212,0.011738819394088844
Dmel_CG7578,3.0419707,0.95400643,0.0023503481662495713,0.011975930691231337
Dmel_CG5688,3.0375736,0.46900058,0.0023849123739939355,0.012147338568470662
Dmel_CR45621,3.0331814,0.7047356,0.002419901081828988,0.012311235043095134
Dmel_CG9919,3.0306594,0.087832026,0.00244020346840296,0.012409718954444
Dmel_CG8224,3.028346,0.08423254,0.0024589641591905107,0.012500289367861702
Dmel_CG8683,3.0276108,0.23782304,0.002464954076257502,0.012525893857733889
Dmel_CG31706,3.023843,0.47257245,0.0024958592971229543,0.012673140271828726
Dmel_CG10262,3.0222108,0.93594295,0.0025093580129127145,0.01273676077546774
Dmel_CG18374,3.020779,0.4877809,0.002521254281456677,0.012792201742325171
Dmel_CG11873,3.0177572,0.09803276,0.002546528476930693,0.012915449909435057
Dmel_CG12096,3.015561,0.67846626,0.002565042252017359,0.013004328793888933
Dmel_CG6699,3.0149047,0.39394283,0.0025706003751512743,0.01302748150013995
Dmel_CG5076,3.0142543,0.2891379,0.0025761170428938475,0.013050406345670026
Dmel_CG5671,3.012789,0.13112664,0.002588588911047058,0.013108534443186663
Dmel_CG7331,3.006731,0.19600914,0.0026407338853403042,0.013361514168817812
Dmel_CR44291,3.0066316,0.8057914,0.002641596058944424,0.013361514168817812
Dmel_CG6692,2.9911592,0.07944173,0.0027792052261052277,0.01403594768495342
Dmel_CG8886,2.9837475,0.3440337,0.0028474174665492923,0.014369398205808084
Dmel_CG8013,2.9748654,0.4076204,0.0029311708891111865,0.014780704778898734
Dmel_CG4853,2.9738889,0.30263266,0.002940515608158224,0.014822138706101735
Dmel_CG9364,2.9716341,0.25972435,0.002962194793879561,0.014919970021606483
Dmel_CG17509,2.9577425,0.16183117,0.0030990081231260323,0.015597114418230253
Dmel_CG16974,2.9553716,0.113375895,0.0031229267733957865,0.015711478073964023
Dmel_CG7415,2.9488482,0.33256274,0.00318960532436716,0.016040797385192825
Dmel_CG7138,2.9480026,0.2898226,0.0031983438574269656,0.016078590906827755
Dmel_CG3618,2.9473028,0.13217676,0.0032055905840147124,0.016107729350337933
Dmel_CG2943,2.9472063,0.2282843,0.003206591582108214,0.016107729350337933
Dmel_CG9098,2.938985,0.44564715,0.003292888998413743,0.016522281148589155
Dmel_CG14184,2.937513,0.15867555,0.0033085621259474657,0.016594585838578493
Dmel_CG8085,2.9357975,0.11795464,0.003326915355874202,0.016680272678955697
Dmel_CG4261,2.931145,0.15519008,0.003377151044515363,0.016912782727125146
Dmel_CR43014,2.9303205,2.0725112,0.0033861249085002333,0.01695126378003869
Dmel_CG34449,2.9276056,0.08836835,0.003415831407705198,0.017093465547849965
Dmel_CG5387,2.9270735,0.07293759,0.003421681292402809,0.017113991424920816
Dmel_CG32547,2.9268935,0.2985976,0.0034236616179038303,0.017113991424920816
Dmel_CG4760,2.9268773,0.11145079,0.0034238401534218725,0.017113991424920816
Dmel_CG7466,2.925715,0.3502178,0.0034366572891775427,0.017171526021704214
Dmel_CG9986,2.922565,0.70038354,0.0034716111568530304,0.0173395827488429
Dmel_CG5208,2.9198241,0.35488138,0.003502290003188593,0.01747952636988276
Dmel_CG7638,2.9192758,0.18506819,0.0035084570363104473,0.01750365752245846
Dmel_CG1391,2.9154875,0.09234258,0.003551332325695535,0.017704119154766704
Dmel_CG8711,2.908755,0.5462576,0.003628711326512596,0.01807615448889387
Dmel_CG3714,2.906362,0.21822584,0.0036565817417672166,0.01820808664970178
Dmel_CG12734,2.9061673,0.23352462,0.003658856970649456,0.01821251494367595
Dmel_CG3940,2.9047997,0.35696846,0.003674883121501969,0.01828536126454274
Dmel_CG3412,2.9017885,0.08186474,0.003710391154258685,0.0184480704343978
Dmel_CG8286,2.9006739,0.68702984,0.0037236113757931847,0.0185067992017013
Dmel_CG7065,2.9002075,0.15847653,0.003729157697239139,0.01851780725155899
Dmel_CG10737,2.9001858,0.2293332,0.003729414993516687,0.01851780725155899
Dmel_CG8153,2.9001322,0.1345961,0.0037300537093734607,0.01851780725155899
Dmel_CG2698,2.8996706,0.16309464,0.0037355489311728255,0.01853808478268206
Dmel_CG5344,2.899425,0.12819864,0.0037384765843156333,0.01854560996394554
Dmel_CG30020,2.897928,0.61256117,0.0037563684528723195,0.018627335033658547
Dmel_CG7649,2.896468,0.1551634,0.0037738922189569516,0.018700626093479968
Dmel_CG14672,2.8964593,1.0497899,0.0037739943992016497,0.018700626093479968
Dmel_CG42368,2.887058,0.6358383,0.003888624119942696,0.019225135274705405
Dmel_CG2185,2.8868666,0.07971439,0.003890991992045757,0.019229607283743247
Dmel_CG18811,2.8817697,0.15249947,0.003954486298007043,0.019536054301545317
Dmel_CG11448,2.8808584,0.088014565,0.00396593782809679,0.01958526456182635
Dmel_CG8610,2.8804278,0.1678716,0.0039713586579751305,0.019604667214294214
Dmel_CG10395,2.8797307,0.07259577,0.003980148344980932,0.019640679459780108
Dmel_CG9829,2.878275,0.15528832,0.0039985638608867795,0.01972414703300044
Dmel_CG15438,2.8747969,0.33533818,0.00404287441769951,0.019935239295680772
Dmel_CG5807,2.8694472,0.6126103,0.004111900676662254,0.020260399997007378
Dmel_CG11153,2.8671005,0.2491666,0.0041425148270060885,0.020403593456404426
Dmel_CG1490,2.8664582,0.085187994,0.004150928500086912,0.02043737408004575
Dmel_CG9771,2.865908,0.6119088,0.0041581503834503455,0.02046526374116891
Dmel_CG4911,2.863398,0.07510178,0.004191237117628101,0.02060495584090942
Dmel_CG13921,2.8620422,0.14828512,0.004209208219466591,0.0206855666462268
Dmel_CG17270,2.8613029,0.07882443,0.00421903960523477,0.02071838544558674
Dmel_CG10362,2.851058,0.1352978,0.004357401274625947,0.02137387463600581
Dmel_CG14939,2.8454916,0.14828648,0.0044342924050337846,0.02174292406513021
Dmel_CG31731,2.8438458,0.58423203,0.004457260728588801,0.02184739397030415
Dmel_CG7120,2.8358548,0.3837283,0.004570322526105701,0.022376530668984727
Dmel_CG6303,2.833527,0.08961716,0.004603741622025729,0.02252336882168284
Dmel_CG9778,2.8332388,0.1412669,0.004607892781145967,0.022535288067375942
Dmel_CG5973,2.826611,0.44188184,0.004704343882203327,0.022972791882584137
Dmel_CG9264,2.8250995,0.29038292,0.004726592465064862,0.02307286462979842
Dmel_CG1504,2.8240342,0.36092746,0.004742332798445931,0.023141104828955802
Dmel_CG9467,2.821208,0.43223917,0.0047843184557763594,0.023337315823072437
Dmel_CG33485,2.8192651,0.100393884,0.004813373718271966,0.023470331737221486
Dmel_CG6446,2.8191023,0.342767,0.004815818115431299,0.023473540747360053
Dmel_CG31284,2.8186052,1.1611252,0.0048232798856343104,0.023501194281468473
Dmel_CG7519,2.8181186,0.2963667,0.004830595247990962,0.023528114215659462
Dmel_CG5586,2.8146834,0.14356063,0.004882530329792612,0.0237722604904797
Dmel_CG3671,2.8109455,0.46305567,0.0049396158317292285,0.024032392315717806
Dmel_CG15160,2.8105886,0.24103326,0.0049450963404062565,0.024050152112982462
Dmel_CG7121,2.80618,1.2543758,0.005013269075650175,0.02436367193902328
Dmel_CG13586,2.8060126,1.0644532,0.005015871233356438,0.024367306424228078
Dmel_CG11622,2.8052735,0.076198004,0.0050273882478994395,0.02440521203016126
Dmel_CG1708,2.8046682,0.3262217,0.005036841105050526,0.024433048712243985
Dmel_CG10446,2.8026907,0.41249728,0.0050678256532139575,0.024574279302171445
Dmel_CG4079,2.8009517,0.3402377,0.005095213256957449,0.024697970272843168
Dmel_CG1107,2.797452,0.21107957,0.005150741113428641,0.024957923662081775
Dmel_CG7471,2.7972724,0.2525906,0.005153604803719246,0.024962595180860525
Dmel_CG11444,2.7971103,0.08997228,0.005156192599307053,0.02496592739406558
Dmel_CG12591,2.7964623,0.25175062,0.005166543180483785,0.02500683017854049
Dmel_CG4051,2.7957318,0.44776404,0.005178236317782449,0.025054198620021784
Dmel_CG12130,2.793525,0.18846425,0.005213702117030929,0.025207233083113848
Dmel_CG8500,2.7922456,0.085858285,0.005234362077347169,0.02529781245252635
Dmel_CG14232,2.7911952,0.16345607,0.005251379330531278,0.02536140234564922
Dmel_CG7523,2.7898452,0.39572236,0.005273324901017797,0.025448682528194957
Dmel_CG11284,2.7857459,0.28278673,0.005340473766315592,0.02575382229840484
Dmel_CG11896,2.7853503,0.38591024,0.005346991484742636,0.025775794241013568
Dmel_CG31301,2.783857,0.28023484,0.005371669616861827,0.025875773619934483
Dmel_CG5227,2.7825081,0.3433626,0.005394049341505795,0.025974057309170996
Dmel_CG13192,2.7800932,1.4746147,0.005434329249687846,0.026158432479907685
Dmel_CG4511,2.7785618,0.17880721,0.005460013419374028,0.02626282443045172
Dmel_CG17778,2.7763696,0.08858897,0.005496968877830008,0.026430906704560605
Dmel_CG16740,2.7744145,1.1531898,0.005530117683836776,0.026570850633747374
Dmel_CG1782,2.7733061,0.07280505,0.005548988349914917,0.026628650123996195
Dmel_CG6827,2.772516,0.14243238,0.00556247655405534,0.026677556349212126
Dmel_CG8998,2.7722073,0.07150322,0.005567758574732811,0.02669314681888503
Dmel_CG9100,2.771804,0.21489462,0.005574658418586926,0.02671073137656547
Dmel_CG17068,2.7717555,1.2765778,0.005575491679926877,0.02671073137656547
Dmel_CG9448,2.770132,0.48226768,0.005603358020594199,0.0268344488879841
Dmel_CR45848,2.7673173,1.379146,0.005651971326482245,0.027057397158944695
Dmel_CG6811,2.764827,0.119150706,0.0056952991943946905,0.02724496786077198
Dmel_CG17060,2.7598772,0.13854697,0.005782308002914734,0.02763102162411001
Dmel_CG31774,2.7529,0.07997133,0.005906996553537457,0.028216590952393938
Dmel_CG5370,2.7501154,0.3631243,0.005957430256283021,0.0284161854801507
Dmel_CG3497,2.7490532,0.25075096,0.005976765723441992,0.02849806907538143
Dmel_CG6957,2.74771,0.46622106,0.006001307857528098,0.02860471039382544
Dmel_CG15236,2.7459872,0.085148126,0.006032910222660458,0.028725335467248838
Dmel_CG7012,2.7418091,1.0132875,0.006110184351346333,0.029049903242055777
Dmel_CG33147,2.7410204,0.12899323,0.006124867479427497,0.029098656380027742
Dmel_CG10833,2.73916,0.70084834,0.006159637627185152,0.029253269988738735
Dmel_CG42280,2.7380843,0.3096573,0.0061798244156834195,0.029327942450883285
Dmel_CG13339,2.7359307,0.22059889,0.0062204132976038835,0.029499260607655228
Dmel_CG18361,2.7310355,0.5370742,0.006313569521922088,0.029930237044580865
Dmel_CG32700,2.730602,0.087369315,0.006321874658456326,0.02995880089678131
Dmel_CG17223,2.7299101,0.1571983,0.006335159584920938,0.030010934428783723
Dmel_CG10229,2.7259305,0.35226884,0.006412051661986176,0.030353303634783984
Dmel_CG32475,2.723884,0.13392963,0.006451912972617082,0.03050322410865586
Dmel_CG7293,2.723828,0.10322598,0.006453006850472818,0.03050322410865586
Dmel_CG7583,2.721833,0.1114947,0.0064920956915539155,0.030665934393497483
Dmel_CG6192,2.721142,0.20492864,0.006505679202624834,0.030708020977619592
Dmel_CG11228,2.7208977,0.49161336,0.0065104915616810985,0.030708675381210093
Dmel_CG2699,2.7187436,0.097574614,0.006553036722387495,0.030887179185399596
Dmel_CG7853,2.718296,0.43960577,0.006561908092075221,0.0309179039935319
Dmel_CG5588,2.7154655,0.24543856,0.006618264932996033,0.031161641294361685
Dmel_CG42672,2.7141442,0.33342665,0.0066447237547670145,0.031274468073564946
Dmel_CG42404,2.7114248,0.087251745,0.006699471764534243,0.03152085873889885
Dmel_CG31062,2.7074568,0.0957681,0.006780090192753744,0.03186593892095027
Dmel_CG1228,2.7051,0.12499306,0.006828381777308909,0.032069966024165966
Dmel_CG1709,2.6987207,0.07677483,0.006960654953708096,0.032679516522571665
Dmel_CG10494,2.696022,0.4218072,0.007017304278088274,0.03293371268512786
Dmel_CG3876,2.6945584,0.22145525,0.007048196943874642,0.03306688898231227
Dmel_CG9548,2.6936834,0.5975719,0.007066725617217236,0.03314198477368012
Dmel_CG5674,2.6932495,0.21553256,0.007075932580311276,0.03317332502242971
Dmel_CG4154,2.6920538,0.539993,0.0071013484012399115,0.03328060604161686
Dmel_CG2818,2.685673,0.3462544,0.007238389110568778,0.03391075625739191
Dmel_CG3822,2.6832333,0.25729102,0.007291411100427678,0.03413663092057083
Dmel_CG5794,2.6832156,0.10677031,0.007291798416714276,0.03413663092057083
Dmel_CG9311,2.683024,0.26770467,0.007295975869529011,0.03414402382531365
Dmel_CG34191,2.674768,0.13486144,0.00747809816441857,0.034971419209474885
Dmel_CG4699,2.668859,0.0651225,0.007610938183152777,0.035567332384356554
Dmel_CG3634,2.667757,1.0435699,0.007635947159867248,0.035671518531039996
Dmel_CG6428,2.665867,0.28489476,0.0076790037132745195,0.03584717150839803
Dmel_CG10632,2.6572366,0.2606323,0.007878413692960232,0.03673890501745579
Dmel_CG8516,2.6555297,0.45651802,0.007918394578906985,0.036912246598586974
Dmel_CR41602,2.6546733,0.8433489,0.007938525779038518,0.036992967114306795
Dmel_CG32491,2.6544683,0.06535503,0.007943352081518931,0.03700233594584909
Dmel_CG4132,2.6535697,0.30191475,0.007964533380256038,0.03707471950051172
Dmel_CG1839,2.6497505,0.5441393,0.008055121580829331,0.03748312772439031
Dmel_CG6282,2.6489697,0.11693994,0.008073755423737079,0.03754324841589842
Dmel_CG31973,2.645733,0.39469057,0.008151412392661837,0.03789094809054447
Dmel_CG1559,2.6454306,0.2194038,0.008158700709455251,0.037911416556913526
Dmel_CG12239,2.6421146,0.7331623,0.008239013744793695,0.038244040840810296
Dmel_CG12370,2.6393695,0.55210024,0.008306037740546321,0.038518509228939804
Dmel_CG1967,2.636909,0.084407076,0.00836652739022302,0.03876746700808205
Dmel_CG7483,2.6349945,0.2793574,0.008413866151153509,0.03895934287960122
Dmel_CR42451,2.6305506,0.27064946,0.008524668570537053,0.039416843661304504
Dmel_CG9977,2.626762,0.09098341,0.0086201601062973,0.03980850550977351
Dmel_CG32227,2.6267095,0.2974109,0.008621490501545955,0.03980850550977351
Dmel_CG31342,2.623297,0.28052497,0.008708331257983037,0.04019535688835795
Dmel_CG5229,2.622573,0.2717309,0.008726857005892357,0.04026672328456161
Dmel_CG4829,2.619931,0.71469504,0.008794757796508847,0.04055154814172728
Dmel_CG8311,2.616298,0.7543245,0.008888894570763257,0.04095685959130434
Dmel_CG4107,2.615043,0.5851239,0.008921622740091322,0.04109325076324573
Dmel_CG32163,2.6148467,0.39394024,0.008926748119637366,0.041102451660881084
Dmel_CG7187,2.6113827,0.12131346,0.009017693818724764,0.04149212691591811
Dmel_CG13852,2.6046455,0.16522111,0.009196939428563507,0.042287257183608484
Dmel_CG33267,2.6017184,0.94443333,0.009275800222456545,0.04263493904277771
Dmel_CG8002,2.6009662,0.42043972,0.009296164036478287,0.0427135984627137
Dmel_CG34347,2.5998929,0.38452208,0.009325283923901683,0.04283242084725341
Dmel_CG4645,2.5991511,0.14119036,0.009345460762235665,0.04291009779054468
Dmel_CG13390,2.597931,0.7011685,0.009378735930329939,0.04303281035630787
Dmel_CG9952,2.5966218,0.13821058,0.009414550501479641,0.04317388596292134
Dmel_CG7717,2.5919108,0.35862035,0.009544452357892563,0.043747348599604524
Dmel_CG45058,2.5913887,0.10918957,0.009558945965537953,0.04379850381211096
Dmel_CG5466,2.5877657,0.11388622,0.00966006392643672,0.04424639249121818
Dmel_CG7565,2.583232,0.19786292,0.009787949574389254,0.0448165314832924
Dmel_CG10971,2.581887,0.24942796,0.00982617628760985,0.04497589083785477
Dmel_CG7358,2.579815,0.08453757,0.009885329734769823,0.04523089068405649
Dmel_CG9044,2.5773766,0.21247473,0.009955339836247794,0.04553537096697956
Dmel_CG5803,2.5768886,0.08305851,0.00996940810583801,0.04558269423632767
Dmel_CG1964,2.576744,0.089750305,0.0099735741045982,0.04558269423632767
Dmel_CG18769,2.5766568,0.14949743,0.00997609227788436,0.04558269423632767
Dmel_CG1147,2.5754807,0.7052163,0.010010087202529886,0.045722125800641375
Dmel_CG10751,2.573244,0.06524736,0.010075013638886979,0.045986715605631744
Dmel_CG14312,2.5722423,0.055530593,0.010104212927115204,0.046103979887229474
Dmel_CG6654,2.569289,0.13331215,0.01019074151601968,0.04644631140860297
Dmel_CR32865,2.5683234,0.29958776,0.010219180336392488,0.04652151185615821
Dmel_CG4140,2.5682786,0.27989453,0.010220501082773666,0.04652151185615821
Dmel_CG6379,2.5673506,0.22045624,0.01024789522675777,0.04661391179467769
Dmel_CG7059,2.5666285,0.556264,0.010269258384108002,0.046694469359389944
Dmel_CG11680,2.5665119,0.07020442,0.010272712192222535,0.046694469359389944
Dmel_CG15099,2.564334,0.27641425,0.01033740401006649,0.046956040821390856
Dmel_CG8269,2.5580392,0.19818074,0.01052642236969252,0.04774860764933704
Dmel_CG12054,2.557656,0.09421304,0.010538023729514222,0.04778473769135486
Dmel_CG4674,2.5572696,0.38351715,0.010549741870865688,0.0478213721714543
Dmel_CG8924,2.5537486,0.25695077,0.010657015915156469,0.04825770025536566
Dmel_CG10347,2.547913,1.4106123,0.010836947146884246,0.04905557094633341
Dmel_CG17348,2.546074,0.15228152,0.010894214889627924,0.04929782295612967
Dmel_CG8230,2.5454571,0.3838237,0.01091347647765454,0.04936798430046757
Dmel_CG42358,2.5421948,0.47665974,0.011015873085647407,0.049767937653131956
Dmel_CG1998,2.5419326,0.07020433,0.011024140059466697,0.049767937653131956
Dmel_CG32139,2.5419176,0.28205886,0.011024615060365811,0.049767937653131956
Dmel_CG7492,2.5416234,0.1044825,0.01103389949642792,0.049792744945933824
Dmel_CG18024,2.5406773,0.086473346,0.011063798121997327,0.049910529049490865
Dmel_CG2304,2.5393019,0.13220306,0.01110739545348161,0.050090008117433714
Dmel_CG14711,2.5336192,0.8609185,0.011289134808765158,0.05087466410218894
Dmel_CG6608,2.5332065,0.24111612,0.011302439016576642,0.05091715842195189
Dmel_CG4057,2.5329666,0.16840465,0.011310174044613343,0.05093454322147496
Dmel_CG1487,2.5319402,0.085478716,0.01134333459702315,0.05106637887614978
Dmel_CG5273,2.5292265,0.13928492,0.011431417825441091,0.05144529508360322
Dmel_CG9543,2.528885,0.0966269,0.011442554209942751,0.0514777832498657
Dmel_CG15817,2.528261,0.10625876,0.011462913970200238,0.051547245106714996
Dmel_CG7841,2.5281713,0.14153968,0.011465839543940943,0.051547245106714996
Dmel_CG14782,2.5204482,0.9081519,0.01172054876566106,0.05265631840326564
Dmel_CG3895,2.5172203,0.32600817,0.011828483302802494,0.05312306872253164
Dmel_CR45054,2.5159135,0.07823502,0.011872428836896551,0.05330221638047748
Dmel_CG8536,2.5151794,0.23802191,0.011897179190770713,0.0533950928093982
Dmel_CG12489,2.51211,0.68661326,0.012001168709710968,0.05384341345657625
Dmel_CG14670,2.5119643,0.29525116,0.012006120609770514,0.05384724605221649
Dmel_CG45781,2.511561,0.42822796,0.012019856168786983,0.05389045715251783
Dmel_CG6391,2.5065277,0.08847145,0.012192350113959752,0.05464518173517909
Dmel_CG8591,2.5055842,0.39181992,0.012224924146209787,0.054772495126267584
Dmel_CG34393,2.5011313,0.26189265,0.012379730793081597,0.05539562267105676
Dmel_CG6004,2.5010989,4.646201,0.012380864758001195,0.05539562267105676
Dmel_CG10540,2.5008678,0.2600631,0.012388940167432196,0.055401160204707124
Dmel_CG3065,2.5008223,0.4050279,0.01239053419386913,0.055401160204707124
Dmel_CG8177,2.4973068,0.07690871,0.012514066377254869,0.0559344715181994
Dmel_CG17163,2.4949718,0.12002439,0.012596719687940367,0.056284764848427184
Dmel_CG8627,2.4900477,0.4330826,0.012772592213813709,0.05701461181882162
Dmel_CG13626,2.4888623,0.15839963,0.012815259457322875,0.057183471826376876
Dmel_CG1349,2.4875917,0.05199629,0.012861124249609503,0.05736864689888611
Dmel_CG30158,2.4830742,0.13694869,0.013025394749603155,0.05805109933787671
Dmel_CG13933,2.48302,0.21235341,0.013027371733307846,0.05805109933787671
Dmel_CG44425,2.4820228,0.06621004,0.013063894733655443,0.058194115489819044
Dmel_CG14991,2.4806387,0.23330572,0.01311472162830727,0.058400730910737324
Dmel_CR44018,2.4797583,0.46181405,0.013147146639496017,0.05852528929187573
Dmel_CG32045,2.479561,0.11306275,0.01315442354109476,0.05853785294735057
Dmel_CG9727,2.4759157,0.39701143,0.013289496089462866,0.059078913434246115
Dmel_CG8978,2.474838,0.06029469,0.013329665343168562,0.05923744750577547
Dmel_CG7001,2.472923,0.13207686,0.01340130218314692,0.05951554984411412
Dmel_CG5215,2.472923,0.08280534,0.01340130218314692,0.05951554984411412
Dmel_CG6668,2.4683707,0.10658095,0.01357297154926504,0.06021688694425789
Dmel_CG5191,2.4681783,0.20084713,0.013580265915096533,0.060228914745286376
Dmel_CG11367,2.4679053,0.26111764,0.01359062751940004,0.06024252873235515
Dmel_CG3532,2.467856,0.31865102,0.013592504199941634,0.06024252873235515
Dmel_CG11198,2.4669268,0.14611574,0.01362782255042898,0.06037869728091275
Dmel_CG17364,2.4657085,0.07030696,0.013674258519394274,0.06055131044939466
Dmel_CG1464,2.4643924,0.35058203,0.013724575165053522,0.06074592194138374
Dmel_CG10874,2.4613326,0.21735796,0.013842199871247622,0.06124590858857407
Dmel_CG32843,2.459964,0.4531327,0.01389509484227699,0.06145925322193265
Dmel_CG18780,2.4497447,0.9164896,0.014295749122972294,0.06318884602252907
Dmel_CG5603,2.4493814,0.19939794,0.01431018122376292,0.06323136901865115
Dmel_CG11907,2.445275,0.53926826,0.014474170155936408,0.06393447731736482
Dmel_CG3691,2.4433856,0.39678803,0.014550181132040482,0.064248632478543
Dmel_CG31764,2.4409266,0.3993537,0.014649632653784373,0.06462263266310186
Dmel_CG6822,2.439905,0.13165227,0.014691132167161686,0.06478394892908447
Dmel_CG12236,2.4318025,0.14538574,0.01502389622047616,0.06620691490049538
Dmel_CG5701,2.4309785,0.12217425,0.015058109547437188,0.0663132096390322
Dmel_CG7083,2.4306471,0.25114167,0.015071884752114028,0.06633394039716901
Dmel_CG42458,2.4306223,0.2167507,0.015072912717901734,0.06633394039716901
Dmel_CG5092,2.430024,0.5226665,0.015097827629616024,0.0663991140832611
Dmel_CG4502,2.4287593,0.060987715,0.015150589740216007,0.06660886576653682
Dmel_CG10019,2.4264984,0.3441504,0.015245321862517609,0.06700293464727221
Dmel_CG10460,2.4234087,0.34768185,0.015375618748787638,0.06753852947513284
Dmel_CG9159,2.423365,0.16287573,0.01537746596070295,0.06753852947513284
Dmel_CG6842,2.4219275,0.06391491,0.015438435214329038,0.06778365424373467
Dmel_CG12081,2.4194312,0.20192744,0.015544797620055355,0.06822785087680275
Dmel_CR42254,2.4192324,0.68467236,0.015553299396691454,0.06824237307910598
Dmel_CG3295,2.4167001,0.48954174,0.01566191917332645,0.06868253311289253
Dmel_CG12502,2.4165285,0.0849919,0.015669297182288395,0.06868253311289253
Dmel_CG15522,2.4163823,0.16106078,0.015675597496132943,0.0686872379782204
Dmel_CG6794,2.4147742,0.48101863,0.015744964714651397,0.06896819377174467
Dmel_CG9373,2.4126976,0.055830214,0.015834955185325704,0.06929308894118051
Dmel_CG10080,2.4119697,0.78353924,0.015866603918908966,0.06940846940691835
Dmel_CG3268,2.408644,0.10035264,0.016011906176178214,0.06997421318961021
Dmel_CG14438,2.4080076,0.06858936,0.016039844311556434,0.07005053058365976
Dmel_CG17603,2.4080033,0.2125479,0.016040030935715106,0.07005053058365976
Dmel_CG8203,2.407177,0.14773668,0.016076374146809225,0.07018592447283058
Dmel_CG30015,2.4070172,0.10211022,0.016083413380154198,0.07019333617688685
Dmel_CG14104,2.4054182,0.7578276,0.01615397193681963,0.07045447899825646
Dmel_CG8233,2.4045238,0.118402354,0.016193552806636674,0.07060367532581703
Dmel_CG11804,2.4032745,1.0302304,0.016248982223490187,0.07079836717469647
Dmel_CG6818,2.4019644,0.7104153,0.016307297933342707,0.07100536850300083
Dmel_CG30498,2.4014187,0.0817401,0.01633163744174448,0.07108779318382386
Dmel_CG9791,2.398337,0.1739783,0.01646971365409438,0.07164134628548635
Dmel_CG6117,2.3979847,0.16732486,0.016485556913507036,0.07168653322316212
Dmel_CG4644,2.3977923,0.26994047,0.01649421381654694,0.0717004511290914
Dmel_CG4254,2.3962333,0.05725324,0.016564537861999185,0.07198233863906457
Dmel_CG11301,2.3959851,0.27066022,0.016575763120400513,0.0720073068314655
Dmel_CG15891,2.3938892,0.05411617,0.01667078969374338,0.07239618220934625
Dmel_CG11807,2.3921394,0.21327019,0.016750478689519562,0.07271821620712804
Dmel_CG7713,2.3896592,0.80023795,0.01686401624414119,0.07316277235531837
Dmel_CG43373,2.388651,0.2301759,0.016910362915444142,0.07333963005671666
Dmel_CG14478,2.3861332,0.06708906,0.017026584909257375,0.07381931781344479
Dmel_CG6801,2.3828185,0.20157152,0.01718066716570571,0.07443822856067878
Dmel_CG17510,2.3821523,0.10675638,0.017211777987962768,0.07454844249829226
Dmel_CG6340,2.3816128,0.052875623,0.01723700944956313,0.07460854452460774
Dmel_CG12214,2.3812866,0.06580905,0.01725228688449245,0.07465008295986675
Dmel_CR44023,2.380248,0.6913002,0.01730098254069625,0.07481152075264542
Dmel_CG33276,2.3799527,0.42529884,0.017314858090740327,0.07484689150342719
Dmel_CG17816,2.3792064,0.11236206,0.017349962289675426,0.0749739738403896
Dmel_CG16975,2.3787148,0.372432,0.01737311464672295,0.0750493423972999
Dmel_CG8414,2.3772674,0.46943337,0.01744143780587312,0.07529498495630048
Dmel_CG1070,2.3764534,0.071644805,0.01747996844861368,0.07541177458412093
Dmel_CG5063,2.3758233,0.79546076,0.017509849857387804,0.0755158966117273
Dmel_CG1973,2.3755298,0.25883597,0.01752378049606838,0.07555118093793786
Dmel_CG43689,2.375291,0.3112661,0.01753511546670107,0.07557525495176083
Dmel_CG32944,2.37386,0.10089966,0.01760322354495268,0.07584392150958137
Dmel_CG17187,2.3733594,0.8307556,0.017627095820978114,0.07592188337708076
Dmel_CG8348,2.3707361,0.4644279,0.017752705923621017,0.0764128098730114
Dmel_CG9893,2.3684998,0.09938199,0.01786039070573281,0.07685114415980185
Dmel_CG7766,2.3654778,0.08150814,0.01800682578550919,0.07745587484365835
Dmel_CG34408,2.3649924,0.18515746,0.01803044372072456,0.07753208800197692
Dmel_CG8841,2.364317,0.6947254,0.01806335104615491,0.07762279139879716
Dmel_CG6944,2.3639536,0.08058438,0.01808107765628888,0.0776601624925645
Dmel_CG2846,2.3605654,0.25040203,0.01824709740929158,0.07833554624485484
Dmel_CR45347,2.360219,0.20458828,0.018264145216336635,0.07838312615541468
Dmel_CR43259,2.3584015,1.2198124,0.018353832207609735,0.07874231441077359
Dmel_CG1553,2.351523,0.13271247,0.018696739766058124,0.08010885466767845
Dmel_CG13893,2.348586,0.10326171,0.018844838064006476,0.0806907842942682
Dmel_CG12090,2.3452945,0.21302849,0.019012051321446913,0.08138024964662341
Dmel_CG2218,2.3429563,0.19262238,0.01913161750100762,0.08186538117249793
Dmel_CG4887,2.3425057,0.05242633,0.01915473728497734,0.0819265650985949
Dmel_CG5479,2.3424346,0.07204453,0.01915838479171921,0.0819265650985949
Dmel_CG4626,2.3392396,0.92054164,0.01932303238267955,0.08257690033846894
Dmel_CG7105,2.3352268,0.16716424,0.019531577731725123,0.08341386511946695
Dmel_CG15704,2.3346105,0.08482777,0.01956377961452762,0.08352424558625973
Dmel_CG8454,2.334388,0.35521474,0.019575412730282595,0.08354676800540552
Dmel_CG3971,2.3324468,0.058411885,0.01967719668076848,0.08395390960453851
Dmel_CG10283,2.3250191,0.19921288,0.02007093630738357,0.08557825243845799
Dmel_CG14408,2.31877,0.060950626,0.020407510313432613,0.08695690435435083
Dmel_CG6091,2.3163881,0.09743059,0.02053708222511722,0.08748064749441342
Dmel_CG4974,2.3140242,0.063623644,0.02066639664890028,0.08800295475152255
Dmel_CG9121,2.3107553,0.05961629,0.020846371217163664,0.08874057796072164
Dmel_CG16778,2.3092058,0.44518313,0.020932167980273714,0.08907694929688371
Dmel_CG8949,2.308425,0.052645504,0.020975514219527137,0.08923251290346587
Dmel_CG32202,2.3066587,0.35392734,0.021073857176203793,0.08962186315614694
Dmel_CG6455,2.3044496,0.06954765,0.021197426405548513,0.09008906222358118
Dmel_CG31937,2.3040962,0.52814,0.02121724814074836,0.09014415060380672
Dmel_CG7073,2.3033855,0.048190918,0.021257157125991324,0.09025534791361939
Dmel_CG10520,2.3024979,0.124969065,0.02130711354104252,0.09040903424050363
Dmel_CG32742,2.298427,0.2876239,0.021537498905893057,0.09135709267990337
Dmel_CG32346,2.2969098,0.07000038,0.0216239165747724,0.09166447990615616
Dmel_CG18208,2.2951405,0.07772818,0.021725077979895188,0.09206360842754037
Dmel_CG7745,2.2923288,0.37518585,0.021886675234755907,0.09265876264817248
Dmel_CG8014,2.290456,0.35127366,0.021994897438721444,0.09308693953051159
Dmel_CG9705,2.2886758,0.110381104,0.022098195564870766,0.09349400770056882
Dmel_CG31248,2.2882276,0.3830149,0.022124276982277563,0.09357422717222705
Dmel_CG6238,2.2814307,0.22623806,0.022522968740667778,0.09516859556949044
Dmel_CG1044,2.279035,0.26161727,0.02266498065744247,0.09570710501910396
Dmel_CG13124,2.2759635,0.41220862,0.0228481885993552,0.09641876890948191
Dmel_CG10327,2.2755616,0.04099316,0.022872261359648,0.09648936967163223
Dmel_CR44816,2.275087,1.0279273,0.022900709913069993,0.09657837900117226
Dmel_CG6904,2.2689664,0.27525598,0.0232703648769836,0.09801149514373124
Dmel_CR44366,2.2600636,0.8517686,0.023817299270288476,0.10018666123907198
Dmel_CG3995,2.2594895,0.30641404,0.023852955093251953,0.10030453852173565
Dmel_CR45332,2.2565126,0.07120199,0.024038547421328427,0.1010203235253204
Dmel_CG11178,2.2529643,0.32341394,0.02426140511704858,0.10189169851170833
Dmel_CG8165,2.2524345,0.49640536,0.024294832963735462,0.10199948881036668
Dmel_CG30051,2.251457,0.20011948,0.024356603819262013,0.10219352834895343
Dmel_CG34242,2.2503643,0.36717603,0.024425833131211258,0.10245128412934795
Dmel_CG6859,2.2494051,0.32879043,0.024486738827128256,0.10267397413123562
Dmel_CG31111,2.2475595,1.0829693,0.024604286308852183,0.10310106070938346
Dmel_CG43398,2.2435853,0.058195964,0.024859096410165107,0.10412168535861308
Dmel_CG5692,2.2435138,0.23904063,0.02486369748537614,0.10412168535861308
Dmel_CG32532,2.2432647,0.8148475,0.024879744840471497,0.10415569510947306
Dmel_CG15643,2.2431061,0.53488904,0.0248899750424052,0.10416533822683016
Dmel_CG2845,2.242596,0.27205008,0.02492288073060242,0.10426984262363782
Dmel_CG9045,2.2389052,0.08911838,0.025162091759104905,0.10520364231829385
Dmel_CG1738,2.2314918,0.5012543,0.0256485767906813,0.10713539339044595
Dmel_CG8336,2.227556,0.14622854,0.025910136912545487,0.10815918334426947
Dmel_CG4074,2.226458,0.27720517,0.02598350775065982,0.10843101789502085
Dmel_CG34163,2.2234042,0.94991547,0.02618856525554624,0.10925204318194703
Dmel_CG12772,2.2177851,0.6657086,0.026569486065753965,0.11063042344425629
Dmel_CG13701,2.2174487,0.2894509,0.026592438431822844,0.11069091968089452
Dmel_CG42698,2.21167,0.08747495,0.026989475535821313,0.11223692975197085
Dmel_CG15010,2.211261,0.15904428,0.02701776479034997,0.11231902787408699
Dmel_CR44978,2.210492,0.29764146,0.027071046800294853,0.11246937274823732
Dmel_CG10306,2.208487,0.07117586,0.027210348878257053,0.1130123876767307
Dmel_CG3936,2.2081525,0.81968033,0.02723364387229179,0.11307340098761023
Dmel_CG1828,2.199803,0.3408237,0.02782087018765381,0.11543860282158469
Dmel_CG42242,2.1947026,0.070982635,0.02818492830276865,0.11687540007153133
Dmel_CG17950,2.1912625,0.044204045,0.028432803239235464,0.11782890803115524
Dmel_CG13707,2.1890912,0.5840025,0.028590216669906608,0.11844389573116101
Dmel_CG8092,2.1889603,0.09684303,0.028599730770072815,0.11844596976032994
Dmel_CG1322,2.1886942,0.3992103,0.028619076090739465,0.11848874571783469
Dmel_CG33206,2.1877496,0.34381744,0.028687844429573145,0.11873605154299864
Dmel_CG11141,2.187562,0.4716084,0.028701525063057363,0.11875527104963375
Dmel_CG2962,2.1861613,6.3665237,0.028803800649638025,0.11914093306165983
Dmel_CG6852,2.1849403,0.03542857,0.028893219855268926,0.11947319135245091
Dmel_CG5869,2.1801386,0.2650708,0.029247194859420664,0.12082281912846493
Dmel_CG12547,2.1756368,0.04429592,0.02958243441052811,0.12216931822399431
Dmel_CG16792,2.1710408,0.31697118,0.029928094515624077,0.12340676619274323
Dmel_CG5270,2.1710284,1.0503461,0.029929028525703723,0.12340676619274323
Dmel_CG14919,2.167454,0.7835075,0.030200244919567035,0.12448601583689786
Dmel_CG33203,2.1636767,0.070390925,0.030489166745541117,0.12563754788433862
Dmel_CR30055,2.1625013,0.042514116,0.030579557538244505,0.1259705221348185
Dmel_CG15111,2.1615067,0.0875037,0.0306562308956906,0.12624679730500477
Dmel_CG43722,2.1599658,0.24896917,0.030775317142036168,0.12669750706876481
Dmel_CG8920,2.1577766,0.04321975,0.03094519806770073,0.12732341236675562
Dmel_CG7803,2.157757,0.08907707,0.03094673001289228,0.12732341236675562
Dmel_CG4186,2.1568396,0.22421238,0.031018172838495364,0.1275774050925407
Dmel_CG5262,2.1564348,1.3487507,0.03104972962073105,0.1276672393448144
Dmel_CG1871,2.1559613,0.042235658,0.03108668120737578,0.12773997979366972
Dmel_CG5954,2.1559591,0.093230575,0.031086862139879445,0.12773997979366972
Dmel_CG1241,2.150646,0.6239273,0.03150415505221133,0.12937378173159658
Dmel_CR44506,2.150152,0.4745489,0.03154318844177812,0.12949360803292917
Dmel_CG15624,2.1482723,1.0446237,0.03169213298753959,0.13006443460001804
Dmel_CG9143,2.1479092,0.25356874,0.031720963216466655,0.13014210978070195
Dmel_CG14521,2.1469848,0.059415575,0.03179448988175869,0.1304030560350159
Dmel_CG18492,2.146062,0.23363662,0.03186803940931825,0.1306639331912172
Dmel_CG5336,2.1442091,0.7894278,0.03201613282733356,0.13123019385027768
Dmel_CG7125,2.1439874,0.1080986,0.032033889158614375,0.13123163554442568
Dmel_CG8398,2.1439555,0.08887019,0.03203645741012994,0.13123163554442568
Dmel_CG12114,2.1437018,0.5860899,0.03205679305107046,0.13125872552739618
Dmel_CG4996,2.1399758,0.349922,0.03235672829450045,0.13237850763325978
Dmel_CG6766,2.1395557,0.11981827,0.032390698690828376,0.13247624385190654
Dmel_CG1484,2.1391788,0.48141667,0.03242119812846116,0.13255972763102306
Dmel_CG31156,2.137487,0.5531195,0.032558405109616405,0.1330379358039394
Dmel_CG14667,2.134836,0.13591152,0.03277440781927705,0.13383129793611126
Dmel_CG6480,2.1334207,0.2259388,0.03289022622249475,0.13422685179807564
Dmel_CG10413,2.1325295,0.34373987,0.03296334146275027,0.13448347412666914
Dmel_CG7449,2.1295445,0.168108,0.033209234738873654,0.13544461629532548
Dmel_CG42236,2.1288178,0.055915434,0.033269338698904125,0.13560557687416225
Dmel_CG42543,2.1277647,0.06607929,0.03335659390489417,0.13587693754005403
Dmel_CG10308,2.125688,0.39826316,0.03352924650306478,0.13649560975736502
Dmel_CG12159,2.1223722,0.54018974,0.033806503824547515,0.1375390918756591
Dmel_CG11290,2.1185584,0.12727597,0.03412780214703772,0.13876034901430156
Dmel_CG14213,2.1156325,0.03396899,0.03437607261837992,0.13972656055618018
Dmel_CG4845,2.1150157,0.29853708,0.0344285968977301,0.13989678164287916
Dmel_CG17523,2.1115906,0.37677035,0.03472157503686278,0.14104365303227628
Dmel_CG17556,2.108786,0.13495673,0.03496305669409857,0.14190558460351313
Dmel_CG9802,2.10875,0.13936676,0.03496615805084662,0.14190558460351313
Dmel_CG4656,2.1085694,0.3374924,0.034981768443559505,0.1419251062416843
Dmel_CG4877,2.108411,0.5833523,0.034995449104212546,0.14193678909828922
Dmel_CG13937,2.107685,0.055174112,0.03505823844571551,0.14214758143015968
Dmel_CG2278,2.1056225,0.15105534,0.03523714526172673,0.14278486767941748
Dmel_CG5034,2.1045394,0.05231957,0.0353314156770498,0.14312272916526247
Dmel_CG13142,2.1042376,0.33607227,0.03535773545979333,0.14318520852916614
Dmel_CG3998,2.1037161,0.13656645,0.035403211799143144,0.1433252021726864
Dmel_CG11523,2.1035502,0.068266004,0.035417707331805486,0.14333972653133845
Dmel_CG13954,2.1029341,0.054353222,0.03547151988506945,0.14346914213902667
Dmel_CG4004,2.1024184,0.1000028,0.035516647897860125,0.14360746770023997
Dmel_CG1116,2.1006477,0.36698878,0.035671894800240585,0.14414648510761424
Dmel_CG11006,2.1003258,0.23902585,0.03570019595511644,0.144216500167902
Dmel_CG4449,2.0975473,0.10902082,0.03594514909365216,0.1451614026550962
Dmel_CG16932,2.0959468,0.04352045,0.036086914816429914,0.14564439422687517
Dmel_CG16718,2.0951004,0.3562216,0.03616207727324612,0.14590293443282998
Dmel_CG13300,2.092291,0.14397815,0.03641249012868632,0.1468489239455542
Dmel_CG15645,2.0921917,0.14308016,0.03642136328502179,0.1468489239455542
Dmel_CG15765,2.0884395,0.08897733,0.036758205953583055,0.14812621417848357
Dmel_CG34133,2.0880244,0.2870452,0.036795633656264475,0.14823158242702988
Dmel_CG11248,2.087015,0.15300547,0.03688677935682363,0.1485532232693899
Dmel_CG10440,2.0865505,0.134483,0.03692879047163254,0.14867378569488776
Dmel_CG9588,2.085122,0.2729377,0.03705822215127382,0.1491065821463225
Dmel_CG1666,2.0842023,0.11787522,0.03714177499253036,0.14939702025614982
Dmel_CG5877,2.0813081,0.5749999,0.03740572234310878,0.15041266747576268
Dmel_CG7285,2.080515,0.3423066,0.03747833504205557,0.1506537155071648
Dmel_CG42239,2.0804029,0.30115703,0.037488596736049686,0.1506537155071648
Dmel_CG1090,2.077424,0.06955296,0.03776243682082082,0.15161508776731022
Dmel_CG10981,2.0768723,0.3877581,0.03781335141056424,0.15177313710636062
Dmel_CG7600,2.0764327,0.27936858,0.03785393956707823,0.15188965491632822
Dmel_CG40041,2.070496,0.12178231,0.038405914175910376,0.15396342836657664
Dmel_CG1775,2.0681107,0.06693213,0.038629606594188515,0.15476575007750953
Dmel_CG10043,2.067369,0.3108071,0.03869939854303986,0.15499810919051715
Dmel_CG7231,2.0670893,0.10505659,0.038725730009444605,0.15505631263074696
Dmel_CG13594,2.0663202,0.070724376,0.03879825648640543,0.1552520975906985
Dmel_CG13298,2.0655456,0.033441316,0.03887140927627697,0.15549747010640963
Dmel_CG4935,2.0649593,0.7754886,0.03892684402659272,0.1556718372956345
Dmel_CG31739,2.0636275,0.11391667,0.03905304525163969,0.1561290135843618
Dmel_CG3772,2.0631886,1.0971237,0.03909472493354666,0.15624810837948194
Dmel_CG4406,2.0626657,0.056767236,0.039144408589676036,0.1563991101480489
Dmel_CG10042,2.0591164,0.31543067,0.03948308235987085,0.15760850099971535
Dmel_CG12125,2.0576205,0.10360623,0.0396265765092394,0.15813326507984055
Dmel_CG15267,2.0572188,0.04598442,0.039665173704985325,0.15823923729727143
Dmel_CG10197,2.0533044,0.46297035,0.04004305899383526,0.1596498295624967
Dmel_CR46064,2.0528471,0.021972733,0.04008739446907183,0.15977811668731356
Dmel_CG6461,2.0523548,0.39910403,0.04013518404025445,0.15992008898513757
Dmel_CG10367,2.051525,0.46326306,0.04021584225757343,0.16019290182078583
Dmel_CG5912,2.0504177,0.30424184,0.04032370076445214,0.16057386416535321
Dmel_CG4755,2.0482647,0.21367365,0.04053406493243068,0.1612649552761343
Dmel_CG6033,2.0467618,0.044728775,0.040681474507418616,0.16180243840859201
Dmel_CG1683,2.0453818,1.2905332,0.04081723980273764,0.16229329750310903
Dmel_CG10512,2.0446367,0.5421074,0.0408906760143065,0.16253610813793154
Dmel_CG11844,2.0438833,0.031793043,0.04096506361026569,0.16278255243498682
Dmel_CG5276,2.0371897,0.70734286,0.04163102236017298,0.16514645314563034
Dmel_CG5422,2.0371466,0.038454868,0.041635354940375416,0.16514645314563034
Dmel_CG32183,2.0335724,0.053590693,0.04199473353509702,0.16652166366466808
Dmel_CG12112,2.032517,0.8918768,0.04210134718848099,0.1667962136447383
Dmel_CG6121,2.03251,0.50502026,0.04210205012248664,0.1667962136447383
Dmel_CG10072,2.032354,0.21546401,0.042117829698705596,0.16680843883987048
Dmel_CG6597,2.0301838,0.14583313,0.04233785716295314,0.16762934045747732
Dmel_CG31637,2.0263987,0.054035604,0.04272394015700787,0.16905609683927744
Dmel_CG42588,2.025677,0.27143192,0.04279789359450316,0.16919588439391278
Dmel_CG10198,2.0234296,0.2759352,0.04302887557179091,0.17001115161522076
Dmel_CG12991,2.0234187,0.041658685,0.04302998936703632,0.17001115161522076
Dmel_CG1800,2.0222816,0.27112603,0.04314727290390012,0.17042329823569327
Dmel_CG13654,2.019349,0.38746062,0.043450948219273346,0.17157118706414395
Dmel_CG15112,2.0148377,0.041419204,0.043921662539217074,0.1732736617916096
Dmel_CG9153,2.013801,0.05505672,0.04403040841922318,0.17365053932683427
Dmel_CG1414,2.0124896,1.2544842,0.04416836826449824,0.17413310106819718
Dmel_CG4720,2.0115697,0.47267523,0.04426532413872338,0.17435972591308807
Dmel_CG7185,2.011463,0.040325645,0.04427656992405257,0.17435972591308807
Dmel_CG11856,2.0102432,0.11973265,0.044405457098229226,0.17481489266861303
Dmel_CG15168,2.007,0.031238014,0.044749676957733485,0.1761172521418316
Dmel_CG14351,2.0066125,0.06952709,0.044790933378530726,0.17617409623683697
Dmel_CG5505,2.000456,0.07397743,0.04545103681503796,0.17866349829088057
Dmel_CG32443,1.9995332,0.045184687,0.04555069548192544,0.17900170135406165
Dmel_CG14341,1.9982604,0.11557099,0.04568843473471591,0.17948930369174942
Dmel_CG8790,1.9958442,0.07966885,0.0459508791675897,0.18046637870331628
Dmel_CG31908,1.9934273,0.21188717,0.046214676738985244,0.18139398656720582
Dmel_CG4336,1.9889278,0.1443399,0.04670916979495736,0.18322543291807006
Dmel_CG10336,1.9869639,0.496572,0.04692640369079865,0.18390029917711995
Dmel_CG6170,1.9868665,0.097795054,0.046937189212393295,0.18390029917711995
Dmel_CG17019,1.9859858,0.099649504,0.04703491021257553,0.1841733477662262
Dmel_CG3165,1.9849246,0.9229141,0.047152865340004374,0.18458022145755063
Dmel_CG13094,1.9839364,0.20168537,0.0472629314664968,0.18495598046492984
Dmel_CG7272,1.9789395,0.20844306,0.04782281284348556,0.18692432587038776
Dmel_CG3688,1.9770875,0.5165215,0.04803173477893322,0.18768511053522494
Dmel_CG3861,1.9767493,0.06989688,0.04806997754545689,0.18777870836053775
Dmel_CG33139,1.975322,0.6391831,0.04823161238934606,0.18835412136950866
Dmel_CG3018,1.9743358,0.018703273,0.04834357142331422,0.188679201685112
Dmel_CG11590,1.9729314,0.38068208,0.04850338235612688,0.1892467183912896
Dmel_CG10379,1.9723718,0.34740263,0.04856717534888572,0.18943937407530642
Dmel_CG43783,1.9660026,0.25362748,0.04929831115406935,0.19215890648640105
Dmel_CR43148,1.9659165,0.123069555,0.049308259087751646,0.19215890648640105
Dmel_CG8167,1.9641302,1.0754687,0.04951500311953417,0.1929073987529791
Dmel_CG6201,1.9621388,0.86081815,0.04974633512003273,0.19375121215540905
Dmel_CG30022,1.9617356,0.46733376,0.04979327687715399,0.1938765782052387
Dmel_CG3626,1.9610205,0.7514687,0.04987664042820591,0.19414364095588085
Dmel_CG34341,1.9562827,0.07302386,0.05043186199927234,0.19624669781831147
Dmel_CG42231,1.952043,1.1786371,0.05093308793710162,0.1980798190534041
Dmel_CG14024,1.9518837,0.03992603,0.050952023819414424,0.19809483580204879
Dmel_CG1749,1.9516871,0.32331166,0.05097536937319655,0.19812698282554742
Dmel_CG5175,1.9514484,0.06167782,0.05100372630970151,0.19817858292010274
Dmel_CG7192,1.949884,0.22433801,0.05118993376975109,0.19878455072940282
Dmel_CG9395,1.9479359,0.025684372,0.051422626715414116,0.1996291691779193
Dmel_CG3530,1.9473722,0.04573208,0.05149013194779072,0.19971423374436775
Dmel_CG14962,1.9460461,0.8013314,0.051649200385875275,0.2002720986340475
Dmel_CG9968,1.9456581,0.41779158,0.05169583132402011,0.2003937815424626
Dmel_CG9635,1.94183,0.12682794,0.05215767435081426,0.20212444666589507
Dmel_CG12299,1.9399757,0.15295307,0.05238263548173442,0.20281988725346575
Dmel_CG2608,1.9399692,0.14864953,0.05238343332609868,0.20281988725346575
Dmel_CG2791,1.9382273,0.0262913,0.05259550303934721,0.20346114378571142
Dmel_CG2200,1.9364359,0.17627518,0.05281433829860931,0.20418747266314355
Dmel_CG5285,1.9356894,0.17117484,0.052905747921820075,0.204420592014301
Dmel_CG6440,1.9347897,0.50492525,0.05301610696382112,0.2047867905971703
Dmel_CG8595,1.934192,0.12734391,0.05308953334316014,0.20499170635279088
Dmel_CG10753,1.9341038,0.22699977,0.05310035525644168,0.20499170635279088
Dmel_CG34371,1.9290819,0.054735553,0.05372068921384684,0.2071430683565614
Dmel_CG15433,1.9272635,0.8424022,0.05394679380460911,0.20795389187045124
Dmel_CG6961,1.9268584,0.7722112,0.05399727001244351,0.20808742675469802
Dmel_CG13197,1.9262217,0.15694547,0.054076696947956276,0.20826341376622498
Dmel_CG9749,1.9261112,0.11618768,0.05409048254958724,0.20826341376622498
Dmel_CG15097,1.9250586,0.19531703,0.05422202683993713,0.20864762948861315
Dmel_CG15626,1.9232745,0.39914525,0.054445576447982175,0.20938522683726477
Dmel_CG11280,1.9225416,0.06234951,0.05453763821905493,0.2096596839619203
Dmel_CG7928,1.9209256,0.80135095,0.05474108892795116,0.21033703204742873
Dmel_CG6406,1.917883,0.25551942,0.055125838377716556,0.21175347621209392
Dmel_CG6817,1.9153986,0.116271354,0.05544169485302519,0.2128423348126217
Dmel_CG14283,1.9147723,0.030486638,0.055521559300790335,0.21308668538892694
Dmel_CG15191,1.9116536,0.25054595,0.05592063564994706,0.21455564177400127
Dmel_CG8824,1.9106253,0.11892621,0.05605275071024318,0.21493702862074865
Dmel_CG17840,1.9087421,1.3911884,0.05629537925213169,0.21580442787405557
Dmel_CG9712,1.9081554,0.074443035,0.056371127156785605,0.2160317824343306
Dmel_CG9009,1.9060192,0.6477549,0.05664770868901074,0.21696518212832705
Dmel_CG15653,1.9058435,0.7566154,0.05667050734794626,0.21698925904993058
Dmel_CR44628,1.9039792,0.48107916,0.056912894400416573,0.2178538727980991
Dmel_CG30122,1.9030718,0.043550815,0.057031186578233986,0.21824310507413303
Dmel_CG14637,1.9026527,0.37459907,0.05708587130612782,0.21838877287738737
Dmel_CG31817,1.9022071,0.6121054,0.05714408153952396,0.21849197019172023
Dmel_CG6456,1.9021916,1.3358711,0.0571461001102612,0.21849197019172023
Dmel_CG14808,1.9006072,0.8611214,0.057353470289894494,0.21918902184763805
Dmel_CG8166,1.9000566,0.1441928,0.05742568829498403,0.21936946798964682
Dmel_CG8625,1.8966553,0.08228347,0.05787343635502172,0.2209102267653877
Dmel_CG5193,1.8966098,0.1134781,0.05787945443674224,0.2209102267653877
Dmel_CG2899,1.8937538,0.4058832,0.05825769483084828,0.22222478019511674
Dmel_CG18375,1.8922733,0.24054568,0.05845457702232133,0.2228464162025891
Dmel_CG11427,1.892145,0.20882805,0.05847165173690135,0.22284686063649092
Dmel_CG15084,1.8917729,0.7252558,0.058521253604260734,0.2229712361883416
Dmel_CG12913,1.8856484,0.20416221,0.05934234721014925,0.22583775982872034
Dmel_CG6322,1.8837818,0.08107148,0.05959450271612189,0.22673171980097212
Dmel_CG18362,1.8807404,0.14770664,0.06000724136339728,0.22810389318958743
Dmel_CG42700,1.8802122,0.10896995,0.060079171920257586,0.22831127767614373
Dmel_CG2126,1.8797588,0.42206773,0.06014095879025496,0.22848000562669568
Dmel_CG3359,1.8785671,0.90395635,0.06030362430094252,0.2288481788887562
Dmel_CG2061,1.8785385,0.14010786,0.06030752937308902,0.2288481788887562
Dmel_CG6116,1.8777878,0.2333264,0.06041019178740955,0.22917157340598984
Dmel_CG6084,1.876972,0.11690878,0.060521943326294306,0.22952925173184227
Dmel_CG4448,1.8754979,0.68733674,0.060724249658715264,0.23023005330789884
Dmel_CG7097,1.8739237,0.034924246,0.060940954930228636,0.23098502703724677
Dmel_CG9441,1.8718233,0.20619266,0.06123105182761705,0.23188393431317456
Dmel_CG13229,1.8704938,0.32895508,0.061415279626314496,0.2324476352446425
Dmel_CG11396,1.8694593,0.13045225,0.061558944656305056,0.2329242993747494
Dmel_CG8152,1.8662986,0.719785,0.061999600954765456,0.23445662047383392
Dmel_CG32210,1.8642392,0.22829522,0.06228811596725098,0.23541217484200316
Dmel_CG6610,1.8630888,0.76696956,0.062449762615174265,0.23595524166935164
Dmel_CG32196,1.8626046,0.6836177,0.06251791091809403,0.23614483109361128
Dmel_CG12878,1.8617253,0.18945609,0.06264181112156418,0.2365448390656537
Dmel_CG11103,1.8610481,0.29518604,0.06273739130534534,0.2368377073092626
Dmel_CG3480,1.859518,0.36844215,0.06295373524117154,0.23751795429349273
Dmel_CG14390,1.8592018,0.06877938,0.06299853334755569,0.23755056720810025
Dmel_CG10255,1.8587751,0.22390287,0.0630590169960961,0.23764225475930567
Dmel_CG34145,1.8563501,0.5307093,0.06340367338792387,0.23880414789071586
Dmel_CG2675,1.855787,0.5532516,0.06348391298989323,0.23903785117483867
Dmel_CG7055,1.8542397,0.22755134,0.06370486654015052,0.2398011031807843
Dmel_CG13982,1.8534207,0.16041176,0.06382207936280206,0.2401735237418619
Dmel_CG6513,1.8528032,0.031890366,0.06391056261203139,0.24038063558327497
Dmel_CG17168,1.8524778,0.04969363,0.06395725214933022,0.24040682222378387
Dmel_CG9537,1.8515772,0.086596645,0.0640865566739916,0.24082397519385862
Dmel_CG32505,1.8511502,0.15814309,0.06414795748263494,0.24098579453382096
Dmel_CG5026,1.8488363,0.5464002,0.06448145491186257,0.24216941954752388
Dmel_CG32220,1.8467889,0.49451393,0.06477774104301982,0.2431431862457365
Dmel_CG9765,1.84167,0.07372836,0.06552342998982766,0.24580171096098352
Dmel_CG3262,1.8395007,0.03756625,0.06584158726666786,0.24678347794692285
Dmel_CG8103,1.8393736,0.03548047,0.06586025851608389,0.24678347794692285
Dmel_CG4165,1.8353548,0.22677252,0.06645312750180037,0.2489340218076279
Dmel_CG7693,1.8349178,0.11448408,0.06651787986526554,0.24910557404088185
Dmel_CG33523,1.8345655,0.16758254,0.0665700856383845,0.2492300556621113
Dmel_CG11399,1.8342482,0.10332138,0.066617168435661,0.2493352920572547
Dmel_CG13648,1.8328857,0.66466886,0.06681955797070861,0.250021586359078
Dmel_CG30007,1.8327507,0.24423926,0.0668396638726042,0.25002562566179676
Dmel_CG8068,1.8315096,0.07554876,0.06702452648549861,0.25064578899998213
Dmel_CG14274,1.8306441,0.15090725,0.06715367304485144,0.25105730227095097
Dmel_CG14141,1.8294405,0.33855188,0.06733364310100919,0.25165853355812334
Dmel_CG11186,1.8237981,0.062379926,0.06818261327098257,0.2545419661914722
Dmel_CG11849,1.821726,0.59690624,0.06849658388253385,0.2555688838161208
Dmel_CG10699,1.8207887,0.15605241,0.06863898014076016,0.25600892604575975
Dmel_CG4049,1.8206934,0.1696984,0.06865348568489897,0.25600892604575975
Dmel_CG8378,1.8204787,0.25997534,0.06868614705932995,0.2560580591508241
Dmel_CG8490,1.820318,0.17726833,0.06871059269714834,0.2560765452731782
Dmel_CG4280,1.8182335,0.035993494,0.06902844715492025,0.25704245510422413
Dmel_CG9908,1.8177617,0.31373474,0.06910057052155398,0.2571652781715494
Dmel_CG9424,1.8170867,1.4250301,0.06920384640265008,0.25747671165833086
Dmel_CG13579,1.8141785,0.31784204,0.06965024604804813,0.2589488000895989
Dmel_CG8556,1.8135124,0.6600142,0.06975282740694402,0.2591766810871589
Dmel_CG5938,1.8127756,0.010440842,0.0698664357376223,0.25950108310573616
Dmel_CG9123,1.810147,0.025427356,0.07027298408983625,0.26081174379131306
Dmel_CG7740,1.8101093,0.026171876,0.07027885128719577,0.26081174379131306
Dmel_CG42806,1.8089805,0.44307345,0.07045403428494026,0.26138804758283457
Dmel_CG9853,1.8078514,0.08357417,0.07062963546210334,0.2618429653115567
Dmel_CG10060,1.8053614,0.7931342,0.07101813968596024,0.26303533641860305
Dmel_CG2051,1.8023198,0.16650015,0.07149511960371101,0.2647273504402272
Dmel_CG12217,1.8021532,0.10897999,0.07152129373174478,0.264749667867284
Dmel_CG14657,1.7988837,0.068409495,0.07203707906272792,0.26650879953921947
Dmel_CG3182,1.7945665,0.03773004,0.07272279569814007,0.268816290092728
Dmel_CG1838,1.794427,0.18037102,0.07274502608494543,0.268816290092728
Dmel_CG8379,1.7943139,0.62505794,0.07276307311923244,0.268816290092728
Dmel_CG7563,1.7929481,0.08691023,0.07298122025203156,0.26947069832310955
Dmel_CG4953,1.7924848,0.2631422,0.07305535262361756,0.2696686485468984
Dmel_CG10732,1.7914665,0.59841937,0.07321847497880096,0.27019488337445197
Dmel_CG7281,1.7886332,0.19732353,0.07367390332117572,0.27172291988312386
Dmel_CG4184,1.7883714,0.76686513,0.07371610536104235,0.27174991062610887
Dmel_CG33111,1.7883313,0.49839306,0.07372258057850073,0.27174991062610887
Dmel_CG8599,1.786375,0.3156564,0.07403856190690757,0.2727616321891428
Dmel_CG34015,1.7858441,0.120722644,0.07412451545218894,0.27300175379966785
Dmel_CG16791,1.7846408,0.10507575,0.07431960367103034,0.27364357294508534
Dmel_CG4879,1.7827853,0.13571323,0.07462125990631714,0.2746773043218245
Dmel_CG6223,1.7812604,0.1547308,0.07486992493268146,0.2754383212599012
Dmel_CG14411,1.7807024,0.049314365,0.07496108426077801,0.2756965038541517
Dmel_CG6395,1.7804394,0.047847997,0.07500407726865038,0.2757774424698754
Dmel_CG3774,1.778253,0.1880091,0.07536231183193888,0.27701710203734514
Dmel_CG7394,1.777692,0.037614074,0.0754544679612674,0.2772782895634829
Dmel_CG11987,1.7760427,0.21215959,0.0757258876744094,0.27804243920911254
Dmel_CG6919,1.7718035,0.046656054,0.0764271907947048,0.28036999054574313
Dmel_CR46004,1.7717077,0.24729511,0.07644309464760378,0.28036999054574313
Dmel_CG4673,1.7709918,0.19230306,0.07656207429254518,0.2806421808307772
Dmel_CG14798,1.7704307,0.14772622,0.07665542543818828,0.2808804491454272
Dmel_CG7865,1.7700415,0.39017606,0.07672024109406851,0.2809868138843797
Dmel_CG13277,1.7647511,0.55653614,0.07760560641839938,0.2841502574377783
Dmel_CR32162,1.7633355,0.898703,0.07784392867996599,0.28494347264162484
Dmel_CG1966,1.7588938,0.033251006,0.07859553074674372,0.2876145557067556
Dmel_CG15445,1.7586815,0.33830038,0.0786316181083771,0.2876665071164208
Dmel_CG5081,1.7562658,0.008781954,0.07904304508637763,0.2887880115129369
Dmel_CG9617,1.7559166,0.047665987,0.07910264134323354,0.28888006110743775
Dmel_CG5147,1.7558314,0.642367,0.07911721634013152,0.28888006110743775
Dmel_CG3164,1.751533,0.5426932,0.07985413819123505,0.2912834381887905
Dmel_CG2972,1.7514751,1.0661914,0.0798641068255241,0.2912834381887905
Dmel_CG34413,1.7493397,0.038545586,0.08023232367224195,0.29246406806572306
Dmel_CG8765,1.7476205,0.33446178,0.08052976268386064,0.2934668916884672
Dmel_CG3766,1.7472166,0.23971134,0.08059977592693192,0.29356458238898514
Dmel_CG33543,1.7472081,0.059988853,0.08060124901144954,0.29356458238898514
Dmel_CG5308,1.7469362,0.072092,0.08064839926219138,0.2935681860819289
Dmel_CG31256,1.7469339,0.26631218,0.08064880120716617,0.2935681860819289
Dmel_CG10133,1.7468134,0.5123501,0.08066970458780541,0.2935681860819289
Dmel_CG5625,1.7465918,0.0907687,0.0807081729417357,0.2935681860819289
Dmel_CG5654,1.7457056,0.024364566,0.08086212821543541,0.2940257960373649
Dmel_CG31475,1.743781,0.07616582,0.08119729068017308,0.2951628206993511
Dmel_CG8464,1.7411308,0.24753913,0.08166065602957048,0.2967651219260469
Dmel_CG7158,1.7394499,0.13680504,0.08195566539901568,0.29767258126270457
Dmel_CG30172,1.7392398,0.091346346,0.08199259378725217,0.29767791501081337
Dmel_CG5537,1.7391838,0.024133502,0.0820024391095917,0.29767791501081337
Dmel_CG9175,1.7380794,0.18844488,0.08219682564648075,0.29830115598464607
Dmel_CG7888,1.7375245,0.429195,0.08229463563049541,0.29849125222752976
Dmel_CG5815,1.7366545,0.28554112,0.08244817693302317,0.29893262111412844
Dmel_CG5454,1.7365773,0.12191321,0.08246181809137171,0.29893262111412844
Dmel_CG11317,1.7349763,0.049561664,0.08274501163955149,0.29979382353331846
Dmel_CG17360,1.734755,0.034423474,0.08278421246874215,0.29984985073292775
Dmel_CG3572,1.7344728,0.11926389,0.08283424444896555,0.2998690926456904
Dmel_CG8445,1.7338101,0.37778473,0.08295178926576087,0.30021191482824666
Dmel_CG5033,1.7312874,0.8953738,0.08340053261526127,0.30170342064922745
Dmel_CG34348,1.7312351,0.23376442,0.08340982628556755,0.30170342064922745
Dmel_CG43756,1.7268431,0.032236286,0.08419585263774562,0.30404443515048507
Dmel_CG6194,1.7262217,0.33586457,0.08430752873043854,0.30428800120196203
Dmel_CG12015,1.7262101,0.13078518,0.08430961208251607,0.30428800120196203
Dmel_CG8298,1.7256495,0.41398793,0.08441049613997915,0.30456845957591056
Dmel_CR45409,1.721986,0.44039565,0.0850720534207337,0.30683796828789756
Dmel_CG30419,1.7183751,0.08116082,0.08572822389433635,0.30898370548422216
Dmel_CG10068,1.7160419,0.21084519,0.08615436896232319,0.310434483831612
Dmel_CG6515,1.7154368,0.34389403,0.08626516920976157,0.31074851660786096
Dmel_CG1084,1.7149248,0.21738206,0.08635901858789671,0.31091612692152076
Dmel_CG31663,1.7124218,0.6993401,0.08681897807559447,0.31248649435535114
Dmel_CR45674,1.7121406,1.8344284,0.08687075989937379,0.3125872551581793
Dmel_CG8967,1.7109296,0.3763723,0.0870941051561638,0.3133051288960165
Dmel_CG6948,1.7102597,0.031064462,0.08721787048485818,0.31366448714874695
Dmel_CG6284,1.7083586,1.3876845,0.08756982303349214,0.3148440614180904
Dmel_CG1532,1.7075577,0.12694749,0.08771843897910266,0.31520590829214873
Dmel_CG12891,1.7071673,0.4663064,0.08779095760083577,0.31538025528501445
Dmel_CG13969,1.7061938,0.20082088,0.08797199855178275,0.315857932505185
Dmel_CG6649,1.706042,0.5021307,0.08800024822618828,0.3158730570719312
Dmel_CG3771,1.7055899,0.35418487,0.0880844655675278,0.3160890120215409
Dmel_CG8571,1.7052014,0.17795916,0.08815686813443667,0.3162624635966782
Dmel_CG14226,1.7042916,0.064741015,0.08832661899012904,0.31678496183113697
Dmel_CG33556,1.7028544,0.22875373,0.08859532763029408,0.3176619919207898
Dmel_CG4625,1.7011491,0.12741457,0.08891499353904103,0.3186342869093368
Dmel_CG2503,1.699372,0.055849303,0.08924911182448021,0.31974443252058193
Dmel_CG5004,1.6985348,0.38095003,0.0894068648357752,0.32022229784871137
Dmel_CG6147,1.6979015,0.15215096,0.08952634741626775,0.3205628695905107
Dmel_CG4041,1.695122,0.85078,0.0900522807935388,0.3221826904187023
Dmel_CG7887,1.6932684,0.24003614,0.09040438045862716,0.32326638465491686
Dmel_CG5373,1.6924614,0.4121635,0.09055803627064499,0.32355170055262256
Dmel_CG12234,1.6912006,0.5219956,0.09079849792893,0.3242345275228448
Dmel_CG2163,1.690053,0.19790934,0.09101782686896796,0.3249294384365955
Dmel_CG3959,1.6887871,0.106783435,0.09126023199366531,0.3257063304260608
Dmel_CG31922,1.6886122,0.27843133,0.09129377171309364,0.32573756559374517
Dmel_CG8726,1.6882774,0.033162564,0.09135799125797468,0.32580590406010984
Dmel_CG12728,1.6863725,0.17324673,0.09172407483966129,0.32692243280657807
Dmel_CG18766,1.6862825,0.05213119,0.09174139514877773,0.32692243280657807
Dmel_CG14948,1.6862366,0.025669789,0.09175024215742027,0.32692243280657807
Dmel_CG10855,1.6852928,1.9265479,0.09193209205826357,0.3274815998204504
Dmel_CG11560,1.6850646,0.6477602,0.09197610985080716,0.32754960963399915
Dmel_CG4409,1.6847097,0.18945366,0.09204459078028901,0.32770467825623895
Dmel_CG7952,1.6821147,0.56195974,0.09254658926620436,0.32940268947648743
Dmel_CG30069,1.6813266,0.22212143,0.09269949085628376,0.32985757090236256
Dmel_CG16979,1.6792889,0.35080618,0.09309575769666083,0.33117795124304816
Dmel_CG2006,1.6786664,1.4726022,0.09321707864950284,0.33151979175456475
Dmel_CG12366,1.6765496,0.63942736,0.0936306098400682,0.3329003906678399
Dmel_CG9536,1.6758707,0.17947932,0.09376353464041952,0.33319270111134475
Dmel_CG1824,1.6733468,0.13224865,0.09425905851387195,0.33485940579718876
Dmel_CG6805,1.6732224,0.163005,0.09428352495621325,0.33485940579718876
Dmel_CG6643,1.6722678,0.1702411,0.09447152389911642,0.3354364484080759
Dmel_CG7627,1.6715446,0.49041033,0.09461416806005939,0.3358521832731606
Dmel_CG5709,1.6703262,0.13636859,0.09485483714343905,0.3366155589797279
Dmel_CG3508,1.6679286,0.10337848,0.09532990323893661,0.33821011297593573
Dmel_CG5377,1.6657275,0.24584287,0.09576770030127314,0.3395799648297438
Dmel_CG5446,1.66548,0.01168532,0.0958170337871791,0.3396632427831995
Dmel_CG12001,1.6628094,0.7414199,0.09635060694162091,0.3414626013537865
Dmel_CG12286,1.6620718,1.0460064,0.09649838267209243,0.3418019532867835
Dmel_CG11152,1.6615628,1.2898258,0.09660046135234765,0.34207131841315025
Dmel_CG3845,1.6591058,0.06409213,0.09709448938545241,0.34363551979914625
Dmel_CG16985,1.6578125,0.12538277,0.09735531848947236,0.34446586975502325
Dmel_CG34390,1.6554971,0.09309383,0.09782370190124144,0.3460299506552393
Dmel_CG4751,1.6544329,0.23287798,0.09803959269406269,0.34660701845377395
Dmel_CG10466,1.6500207,0.20212168,0.09893870957121918,0.3495976290603365
Dmel_CG31911,1.6490645,0.57272923,0.09913441210706822,0.35019497567176977
Dmel_CG8080,1.647055,0.60065573,0.09954674217318808,0.3515570381343361
Dmel_CG7324,1.6434016,0.049982462,0.10029987211961225,0.35393142307299263
Dmel_CG9005,1.6427652,0.051392227,0.10043152223387523,0.35428666168909967
Dmel_CG7053,1.6426544,0.04037258,0.10045446324127429,0.35428666168909967
Dmel_CG8887,1.6411452,0.04686469,0.1007672604806783,0.3552944915418818
Dmel_CG3443,1.639891,0.09929799,0.1010278213290195,0.3561176502372975
Dmel_CG42665,1.6378436,0.19007708,0.10145431098341524,0.3575251007329203
Dmel_CG5991,1.6370374,0.16951208,0.10162266143185496,0.3580223576075083
Dmel_CG8573,1.6364735,0.16391134,0.10174050982881357,0.35834147404460975
Dmel_CR45308,1.6321433,0.8453868,0.10264931353061146,0.3613486817856323
Dmel_CG4452,1.6312041,0.05579815,0.10284725697190354,0.36194852808457006
Dmel_CR45418,1.6298301,2.2970777,0.10313739374720103,0.36277529208564474
Dmel_CG5802,1.629388,0.31080458,0.10323090095749272,0.3630070295644667
Dmel_CG6741,1.6271989,0.6597466,0.10369485711479971,0.3645409623717451
Dmel_CG31712,1.6267359,0.08080513,0.10379319636260001,0.36478908622651157
Dmel_CG6751,1.6255647,0.6342732,0.10404228696908588,0.3655667628504699
Dmel_CG8793,1.6252944,0.1986443,0.1040998431339279,0.36567122123040535
Dmel_CG7169,1.6226492,0.30912736,0.1046644071053063,0.3674579144458537
Dmel_CG16728,1.620959,0.47740898,0.10502642231440079,0.3686303994747705
Dmel_CG2179,1.6183143,0.06359503,0.10559488660152462,0.3705266768573124
Dmel_CG9398,1.6177914,0.28919291,0.10570755652396358,0.37082301128708095
Dmel_CG1697,1.6166167,0.19908124,0.10596103719938259,0.37161302104005517
Dmel_CG8944,1.6161206,0.29732427,0.10606825708960556,0.37188979893663465
Dmel_CG4062,1.6145682,0.15766855,0.10640423996279295,0.3728688312936166
Dmel_CG18809,1.6134487,0.045697972,0.10664705527091836,0.3735205099453993
Dmel_CG33957,1.6131761,0.1596346,0.10670625507981243,0.37362827018486944
Dmel_CG42492,1.6122413,0.090476565,0.10690945959713297,0.3742400662136186
Dmel_CG33169,1.6108236,0.26328856,0.10721816661615206,0.3751208539677461
Dmel_CG31751,1.6087801,0.04007782,0.10766443132677835,0.37658192495746456
Dmel_CG10338,1.6078769,0.25076544,0.10786214305856387,0.3770727379442904
Dmel_CG11970,1.6056634,0.56208277,0.10834787477580707,0.37856937581198635
Dmel_CG13927,1.6049938,0.09284472,0.10849515508991824,0.37888249615642183
Dmel_CG8098,1.6027198,0.76174825,0.10899653042399444,0.38053225459662887
Dmel_CG7369,1.5996194,0.17188352,0.10968305046384456,0.3826240950744309
Dmel_CR44458,1.5994235,0.74924594,0.10972651598786613,0.38264734932633676
Dmel_CG1545,1.5993271,0.53603935,0.10974795370298784,0.38264734932633676
Dmel_CG8436,1.5984485,0.1768947,0.10994318906820984,0.38322637865924286
Dmel_CG42796,1.598291,0.19343914,0.10997823171356945,0.38324686898648
Dmel_CG43850,1.5978851,0.060192518,0.11006854153193864,0.38345988978557943
Dmel_CR43585,1.5960563,2.4447773,0.11047622137892643,0.3847781672781532
Dmel_CG1216,1.5955902,0.064666204,0.11058031168186724,0.3850386528382134
Dmel_CG8631,1.5934443,0.8544992,0.11106054055392867,0.3864048487457904
Dmel_CG18112,1.5934428,0.47498885,0.1110608868208546,0.3864048487457904
Dmel_CG2708,1.5929393,0.3527635,0.11117381527208167,0.38669536963748685
Dmel_CG5905,1.5921044,0.3280499,0.11136124756515903,0.3871423688501997
Dmel_CR44900,1.591811,0.7590803,0.11142719416820328,0.3871994125019723
Dmel_CG5358,1.5917051,0.6345962,0.11145097721101391,0.3871994125019723
Dmel_CG10321,1.5916113,0.04977513,0.11147207282313444,0.3871994125019723
Dmel_CG3194,1.5915071,0.1588741,0.11149551608762372,0.3871994125019723
Dmel_CG11430,1.590306,0.004913211,0.11176582834605861,0.3880356011348894
Dmel_CG9740,1.5899527,0.19317022,0.11184545587141143,0.38820949170792857
Dmel_CG31812,1.589614,0.8887325,0.11192181845799458,0.3883719610130728
Dmel_CG4705,1.588639,0.6747724,0.1121419062027293,0.3889974362406677
Dmel_CG4949,1.5874845,0.78277826,0.11240296619199863,0.38973281760661055
Dmel_CG12750,1.5845995,0.03604631,0.11305736151406887,0.3918983876698441
Dmel_CR42454,1.5814044,2.0402644,0.11378559222794861,0.39431868867813097
Dmel_CG1594,1.5802889,0.16054295,0.11404073397477839,0.3950986778704358
Dmel_CG7752,1.5796177,0.06686489,0.1141944421281819,0.3955269277824034
Dmel_CG12576,1.5785017,-0.0066796853,0.11445039379071965,0.3963089920431744
Dmel_CG8426,1.5771301,0.02781212,0.11476559343789741,0.3971911149242586
Dmel_CG12178,1.5769764,0.21459067,0.11480095392679024,0.39720888245180375
Dmel_CG3040,1.576569,0.03533788,0.11489472735201221,0.3973932953566404
Dmel_CG7639,1.5754179,0.01666648,0.11516001853720388,0.39803203671683224
Dmel_CG9809,1.5745664,0.3409241,0.11535656016035456,0.3986065098783117
Dmel_CG9473,1.5709995,0.077993445,0.11618276409339907,0.4011449561091322
Dmel_CG5732,1.5706689,0.66314286,0.1162595638776386,0.40130468319307827
Dmel_CG3743,1.5689065,0.52554286,0.11666971662564966,0.4025089908578793
Dmel_CG9279,1.568008,0.02404599,0.11687927402194467,0.4031261259638779
Dmel_CG10679,1.5661474,0.0025512103,0.1173140972799359,0.40451969361208023
Dmel_CG10089,1.5647082,0.026495447,0.11765132834644486,0.40543146978306704
Dmel_CG32187,1.5646241,0.25832972,0.11767107722034988,0.40543146978306704
Dmel_CG32685,1.5642059,0.022301175,0.11776922601787651,0.40558007297155196
Dmel_CG6850,1.5636413,0.2141967,0.11790182424077807,0.40590722356512043
Dmel_CG8858,1.563466,0.31720605,0.11794302425904327,0.4059427139308768
Dmel_CR45860,1.5598134,1.2990543,0.11880399026386934,0.4086919466119128
Dmel_CG7926,1.5594647,0.03738989,0.11888643903576179,0.40886854105442183
Dmel_CG1768,1.5562205,0.30233434,0.11965564698909685,0.4110297779055389
Dmel_CG31633,1.5562063,1.7815735,0.11965904336619655,0.4110297779055389
Dmel_CG9900,1.556155,0.108624876,0.11967125258858471,0.4110297779055389
Dmel_CG12681,1.5535554,0.90729636,0.12029051693007961,0.41283303290106454
Dmel_CG8383,1.5527294,0.020255012,0.1204878039643039,0.41340214931982183
Dmel_CG6218,1.5512655,0.017857874,0.12083808255102184,0.41449575640902586
Dmel_CG6538,1.5505031,0.19680843,0.12102079026919452,0.4150141453359825
Dmel_CG5198,1.5420746,0.16353962,0.12305547062812483,0.4215516005016132
Dmel_CG9579,1.5414613,0.027923483,0.12320453793880894,0.42195226297990307
Dmel_CG14082,1.5358012,0.050898816,0.12458716668390456,0.42601932840867557
Dmel_CG6013,1.5356714,0.03715946,0.12461900147651996,0.42601932840867557
Dmel_CG9837,1.5353601,0.64649934,0.12469539294211197,0.4261696121332363
Dmel_CG17343,1.5350783,0.17763394,0.12476461275345575,0.426295313622767
Dmel_CG7357,1.534872,0.1248,0.12481526649282632,0.426357529758833
Dmel_CG9723,1.5318372,0.44045103,0.12556260519228907,0.4286875019048768
Dmel_CG34340,1.5313954,0.20459536,0.12567168211986623,0.42894846097069145
Dmel_CG6762,1.530617,0.030060908,0.12586408127781396,0.4293821111297386
Dmel_CG12151,1.5302602,0.23909408,0.12595234087924495,0.42946022612718165
Dmel_CG12127,1.5284483,0.15735884,0.12640126043261743,0.4308791085201104
Dmel_CG31849,1.5280838,0.26586875,0.1264917305055988,0.43107568220282
Dmel_CG7450,1.5270435,0.50487155,0.12675019248081726,0.43173257630648515
Dmel_CG5485,1.5256603,0.34155256,0.1270944855201947,0.4327931158903546
Dmel_CG7421,1.5242602,0.43247414,0.12744374852103352,0.43375765328021276
Dmel_CG5841,1.5228753,0.16656035,0.12778989255809903,0.4347105819585761
Dmel_CG3335,1.5214983,0.13569637,0.12813483068143705,0.43565842431688595
Dmel_CG16743,1.5212905,0.45485857,0.1281869340477557,0.43570463973788376
Dmel_CG3356,1.5211798,0.27242032,0.12821473570248812,0.43570463973788376
Dmel_CG2611,1.520787,0.13207059,0.1283132901048358,0.4359268214239006
Dmel_CG9031,1.5182917,0.05786277,0.12894087947393404,0.4378623206425869
Dmel_CG32743,1.5177665,0.15932305,0.12907326592900187,0.4381688937155809
Dmel_CR44317,1.5175445,0.7548691,0.12912926989210607,0.4382457994969437
Dmel_CG40439,1.515669,1.2351916,0.12960308634135495,0.43974029372882656
Dmel_CG3889,1.5154272,0.20446657,0.1296642527973886,0.43974860000254623
Dmel_CG12717,1.5153948,0.16991298,0.12967246214214037,0.43974860000254623
Dmel_CG4917,1.5139359,0.67654365,0.13004210459094614,0.44077464442342623
Dmel_CG4867,1.51149,-0.002681756,0.13066366238222016,0.4427671963292303
Dmel_CG1578,1.5033348,0.018488891,0.13275273897601086,0.44915132412043224
Dmel_CG9148,1.5028447,0.022275243,0.13287908654775182,0.4494630827088821
Dmel_CG18145,1.5002459,0.08520346,0.1335507135489071,0.4515024251984019
Dmel_CG42863,1.4989724,0.5398923,0.13388079826199667,0.45250194700640384
Dmel_CR46349,1.4978734,1.8880005,0.13416615092102446,0.4533498043849788
Dmel_CG6208,1.4970134,0.0025833452,0.13438976772209857,0.45398867291416384
Dmel_CG6425,1.4946722,0.6807711,0.1350000240048521,0.4558158570009664
Dmel_CG17943,1.494279,0.06532647,0.13510269791795163,0.45595070771721125
Dmel_CG9062,1.4942535,0.24603164,0.135109356658612,0.45595070771721125
Dmel_CG4558,1.4931461,0.16303481,0.13539895421546128,0.45681069508225336
Dmel_CG5890,1.4918184,0.028601713,0.13574673944839014,0.4578665049002296
Dmel_CG14135,1.4909995,0.09620685,0.13596164189445822,0.45847368132796396
Dmel_CG7655,1.4903326,0.4742848,0.13613681770157107,0.45882519951474227
Dmel_CR43906,1.490158,0.71829665,0.13618269444090178,0.45882519951474227
Dmel_CG3941,1.4901264,0.17694171,0.1361910184910252,0.45882519951474227
Dmel_CG9946,1.4899383,0.0064015915,0.13624046332140052,0.45882519951474227
Dmel_CG33955,1.488913,0.049513876,0.13651026768444477,0.45961604602646394
Dmel_CG4089,1.4884064,0.67398477,0.13664374687968403,0.45994761212754304
Dmel_CG7586,1.4881581,0.2719805,0.13670920065788514,0.4600500911255489
Dmel_CG13890,1.4843456,0.68816745,0.13771725666438714,0.4629681427031751
Dmel_CG10366,1.482126,0.12081735,0.1383067744037089,0.4645933850815794
Dmel_CG14182,1.4817075,0.07062849,0.13841816759230965,0.46484874529275266
Dmel_CG1374,1.481022,0.57110655,0.13860071804617918,0.46522401937288393
Dmel_CG7109,1.4802265,0.07971314,0.1388128118753497,0.4658169460811977
Dmel_CG3493,1.479789,0.021206353,0.13892956998472272,0.4660897317256169
Dmel_CG43225,1.4768713,0.3782927,0.13971016717764478,0.46801386200706835
Dmel_CG7261,1.4768465,0.4673091,0.13971679329227069,0.46801386200706835
Dmel_CG31119,1.475447,0.064794905,0.14009239175538,0.4691524261104608
Dmel_CG7183,1.4740446,0.18248256,0.140469598255524,0.4699366065875359
Dmel_CG16972,1.472252,0.24389933,0.1409528362883138,0.4714332455242381
Dmel_CG7991,1.4713839,0.10842346,0.14118731474317345,0.4720973290178225
Dmel_CG2917,1.4704043,0.6887283,0.1414522974097244,0.47258729820930884
Dmel_CG13894,1.4703553,0.43378288,0.1414655722472653,0.47258729820930884
Dmel_CR46003,1.4703104,0.28841877,0.14147769813221375,0.47258729820930884
Dmel_CG3373,1.4688067,0.08453772,0.14188521511799165,0.47370772659185173
Dmel_CG3832,1.4680684,0.017906012,0.14208564053585945,0.4742563886923366
Dmel_CG7291,1.4677726,0.0683538,0.1421659974701338,0.4744041068448523
Dmel_CG4143,1.4667246,0.004763014,0.14245098949363522,0.47523443841986807
Dmel_CG1795,1.4652668,0.76928717,0.14284812421141807,0.4762026197705846
Dmel_CG12372,1.4652603,0.011854808,0.14284991455259452,0.4762026197705846
Dmel_CG33056,1.4648147,0.5134629,0.14297148739106735,0.4764870189718529
Dmel_CG31815,1.4642768,0.28557324,0.14311834440888344,0.47666159613940673
Dmel_CG1104,1.4642277,0.09974869,0.14313173913843855,0.47666159613940673
Dmel_CG10130,1.4613887,0.009594313,0.14390879764708137,0.4791247808158845
Dmel_CG9760,1.4608434,1.0930986,0.14405840644353426,0.4795013979418652
Dmel_CG8216,1.4598823,0.033827364,0.14432241935232792,0.48025595650468883
Dmel_CG8455,1.4597522,0.13921028,0.14435819406388561,0.48025595650468883
Dmel_CG7806,1.4567062,0.3066533,0.14519749865540976,0.4828037271838916
Dmel_CG13926,1.4561347,0.30459982,0.14535539024670915,0.48320647185226534
Dmel_CG10504,1.4531698,0.12925029,0.14617661740157425,0.4856738428877813
Dmel_CG11790,1.4530377,0.06296865,0.14621327962927816,0.4856738428877813
Dmel_CG14899,1.4529219,0.058916308,0.1462454452710563,0.4856738428877813
Dmel_CG8964,1.4516166,0.779872,0.14660821909840344,0.48675558544015146
Dmel_CG14030,1.4502574,0.11251316,0.14698675038778755,0.4878890848309968
Dmel_CG4319,1.4489027,0.31481022,0.1473647343419416,0.48900590627707635
Dmel_CG34415,1.4477088,0.3520583,0.1476985103675435,0.48975678141304296
Dmel_CG12171,1.4461294,0.14017934,0.14814090594410959,0.4909759508225836
Dmel_CG8470,1.4453216,0.051804934,0.1483675784521836,0.4916032144327142
Dmel_CG17193,1.4438773,0.10582682,0.14877347515571035,0.4926996565073563
Dmel_CG8058,1.441655,0.22349624,0.1493997121729123,0.49464893365186213
Dmel_CG6354,1.4406186,-0.0029517605,0.1496924617068854,0.49524964491096624
Dmel_CG32708,1.4406124,0.07645965,0.14969420817185586,0.49524964491096624
Dmel_CR43944,1.4362531,0.23435588,0.1509303273280803,0.4989623726838498
Dmel_CG10159,1.4353986,-0.013991647,0.1511735550133557,0.49951513362597616
Dmel_CG12190,1.4346993,0.04411489,0.1513728215565824,0.5000478250565735
Dmel_CG8877,1.433496,0.15126882,0.15171614707531414,0.5010560162645648
Dmel_CG6752,1.4327391,0.7647172,0.15193240642068184,0.5016441589884875
Dmel_CG7128,1.4324855,0.73964834,0.15200494993703387,0.5017576104301839
Dmel_CG10279,1.430397,0.09285955,0.1526030836433478,0.5036055053132178
Dmel_CG4136,1.4302408,0.21952422,0.15264794929649533,0.5036270905611964
Dmel_CG15440,1.4279971,0.18981701,0.15329268287002096,0.5053735939776581
Dmel_CG8862,1.426302,0.07622859,0.15378121159930108,0.5064909996693985
Dmel_CG31997,1.4261525,0.102587275,0.15382433450122282,0.5064909996693985
Dmel_CG8497,1.4243059,0.4390115,0.1543579452959982,0.5078662391423916
Dmel_CG9302,1.4240464,0.87204087,0.1544330445817351,0.5079861423901328
Dmel_CG9135,1.4219222,0.105104975,0.15504885231147053,0.5097565594758655
Dmel_CG6493,1.42081,0.2983843,0.15537199577539423,0.510435849121114
Dmel_CG9383,1.419762,0.014271523,0.15567698127860558,0.5113099752517261
Dmel_CG8353,1.4192847,0.30697867,0.15581602715212467,0.5116387838096127
Dmel_CG32177,1.4185951,-0.0034843534,0.15601711264008283,0.5121710909825952
Dmel_CG5604,1.418076,0.018015979,0.15616856319631572,0.5125402320086876
Dmel_CG5520,1.4157606,0.0467925,0.15684558996061215,0.5145052165932112
Dmel_CG32638,1.4146408,0.69476825,0.15717383520877448,0.5154532988466447
Dmel_CG10260,1.4136947,0.009108648,0.1574515513804804,0.5162352386953325
Dmel_CG33527,1.4134167,1.6248068,0.15753323658277396,0.5163742234807265
Dmel_CG11738,1.4125942,0.18124259,0.15777507664824042,0.5170379756195829
Dmel_CG11715,1.4118772,0.44941702,0.15798614971291014,0.5176005967034036
Dmel_CG4029,1.4116573,0.41789362,0.15805086701555515,0.5176428484733228
Dmel_CG9374,1.4115659,0.04917693,0.15807782900262113,0.5176428484733228
Dmel_CG11436,1.4113098,0.2407418,0.15815327281098723,0.5177094051091874
Dmel_CG6190,1.4112295,0.21071443,0.1581769470750618,0.5177094051091874
Dmel_CG17172,1.4104542,0.8493316,0.15840563280743059,0.518150171219946
Dmel_CG8359,1.4103719,0.3247793,0.1584299054837336,0.518150171219946
Dmel_CG9523,1.4095644,0.13514425,0.15866833748737574,0.5188008516848979
Dmel_CR43856,1.4062783,1.5813143,0.15964151641071456,0.5218530266550249
Dmel_CG4376,1.4053769,0.08437296,0.15990921314536333,0.5224681675642018
Dmel_CG5730,1.4053769,0.29249457,0.15990921314536333,0.5224681675642018
Dmel_CG4631,1.4038779,0.41902912,0.1603552083820996,0.5237951263607186
Dmel_CG8475,1.4034686,0.07799597,0.16047715293231257,0.5240631875456063
Dmel_CG9586,1.3995757,0.071146525,0.16164039664508367,0.5277307956057253
Dmel_CG12288,1.398023,0.48022977,0.1621061506752869,0.5291199518191617
Dmel_CG6369,1.3973879,0.046046726,0.162296983349706,0.5296112883532372
Dmel_CG34136,1.3957223,0.3748784,0.16279812942041916,0.5311147514185025
Dmel_CG1732,1.3955386,0.51323533,0.1628535093507475,0.5311635558148853
Dmel_CG34455,1.3951157,0.16737798,0.1629809603965493,0.5314473450548521
Dmel_CG12244,1.3921542,0.06334916,0.1638756923520993,0.5339673873540632
Dmel_CG10139,1.3903632,-0.005838847,0.1644185948325958,0.5356035584271545
Dmel_CG6556,1.3884325,0.16010572,0.1650053875506975,0.5369826146121139
Dmel_CG3975,1.3876077,0.45346278,0.1652565454671412,0.5376668145540239
Dmel_CG12400,1.3849853,0.062150422,0.16605696525248037,0.5400036081125574
Dmel_CG17803,1.3836901,0.3469095,0.16645335783744886,0.5411587271998801
Dmel_CG3820,1.383453,0.24056785,0.16652600042176957,0.5412609872724398
Dmel_CG18608,1.381608,0.05131406,0.1670921020939926,0.5429666947619082
Dmel_CG1886,1.3798791,0.4154004,0.1676238522242668,0.5442908431131925
Dmel_CG18428,1.3744556,0.0039736885,0.16930027811144632,0.5491915464484118
Dmel_CG7614,1.3724874,0.08349806,0.1699117610772689,0.5509031463894376
Dmel_CG11975,1.3712255,0.09681063,0.17030469051118968,0.552040931920953
Dmel_CG6912,1.3681617,0.0005212187,0.17126147124973456,0.5545951191948649
Dmel_CG42648,1.3663476,-0.010552785,0.17182990867488568,0.5562988001716366
Dmel_CG11130,1.3658957,1.1365621,0.17197169290777814,0.5566206937194859
Dmel_CG7453,1.3654726,0.22622496,0.1721045889858407,0.5568313835815838
Dmel_CG6619,1.365308,0.05165621,0.17215626458033617,0.5568313835815838
Dmel_CG42542,1.3643689,-0.019596808,0.17245149874745402,0.5576242975000721
Dmel_CG11859,1.3641268,0.33543643,0.17252767517215672,0.5577333774753535
Dmel_CG1454,1.3634448,0.23510078,0.17274236795841325,0.5579189201884471
Dmel_CG6061,1.363405,0.1865518,0.172754895841016,0.5579189201884471
Dmel_CG10118,1.3617345,0.3513575,0.1732816806006373,0.5589333737783444
Dmel_CG17646,1.3609885,0.020861315,0.17351733115389467,0.5595561346486699
Dmel_CG4427,1.3605043,0.013208342,0.17367041257454374,0.5597750531376207
Dmel_CG6401,1.358507,0.628611,0.17430284831623533,0.5615380558283032
Dmel_CG8402,1.3574582,0.10622325,0.17463565061868747,0.5624723247010226
Dmel_CG4164,1.3559321,0.049558096,0.17512075191752774,0.5638560655485899
Dmel_CG10369,1.3557043,0.97179246,0.1751932595992024,0.5638560655485899
Dmel_CG2910,1.355702,0.23927717,0.1751939970805032,0.5638560655485899
Dmel_CG2275,1.3546293,0.07508114,0.1755356998045674,0.5648174904828159
Dmel_CG10623,1.3530244,0.6258354,0.17604782873309888,0.5663266872415306
Dmel_CG43740,1.3527198,0.028355738,0.17614518006599833,0.5663625669800059
Dmel_CG11098,1.3524687,0.012413616,0.17622541093216015,0.5663783053168552
Dmel_CG4058,1.3524348,1.0551939,0.1762362750506522,0.5663783053168552
Dmel_CG30343,1.3522965,1.0214145,0.17628047740747643,0.5663818468488137
Dmel_CG8730,1.3493471,0.18930878,0.17722551352140858,0.5690008485670243
Dmel_CG10863,1.3491756,0.034511,0.17728056468574116,0.569038568767788
Dmel_CG9027,1.348165,0.23597813,0.17760530298971045,0.5699417061264432
Dmel_CG14806,1.3477758,0.0025981846,0.17773050178703997,0.5702042294881573
Dmel_CG12817,1.3458122,0.053828847,0.17836308699395187,0.5719544475811424
Dmel_CG1605,1.3451931,0.3318988,0.17856285064753175,0.5724553355353048
Dmel_CG8819,1.3430184,0.75995415,0.1792660225604934,0.5741493547324992
Dmel_CG16916,1.3427666,-0.0055064373,0.179347559484761,0.5742367540991156
Dmel_CG6874,1.3426642,0.4749972,0.17938070737210787,0.5742367540991156
Dmel_CG42233,1.3389468,0.24588096,0.1805880043103283,0.5779607804778432
Dmel_CG4215,1.3364228,0.5397783,0.18141109966505764,0.5801711513016603
Dmel_CG42569,1.3357409,0.5634243,0.18163397365290535,0.5807425906989852
Dmel_CG10890,1.3347377,0.11987845,0.18196221750454544,0.5816505716923454
Dmel_CG15162,1.3337877,0.3477092,0.1822734311716402,0.5824967284167399
Dmel_CG9246,1.3336182,0.3123205,0.18232901037752514,0.5824967284167399
Dmel_CG5148,1.333524,0.033286914,0.18235990721455508,0.5824967284167399
Dmel_CG1516,1.3323829,0.087768294,0.18273439645010814,0.5834927214420749
Dmel_CG18069,1.332033,0.08877639,0.18284932858218284,0.5834927214420749
Dmel_CG18802,1.3301216,0.10548572,0.183478215272473,0.5852153463338756
Dmel_CG12535,1.3287454,1.7465553,0.1839320049060683,0.586378087450423
Dmel_CG6214,1.3262782,0.025917927,0.18474756983534213,0.5888352692714603
Dmel_CG3313,1.3246783,0.27723652,0.18527785809360386,0.5901895157069366
Dmel_CG42518,1.32459,2.9767435,0.18530720202471807,0.5901895157069366
Dmel_CG12945,1.3235933,0.011280703,0.1856381676454999,0.5911003540173283
Dmel_CG12253,1.3228326,0.042089738,0.1858910777736621,0.591762270596825
Dmel_CG4145,1.3178867,0.39189065,0.18754159307610674,0.5965829277688498
Dmel_CG9786,1.3129686,0.47547188,0.1891935324651951,0.6012556735490034
Dmel_CG34310,1.3116479,1.7715559,0.18963894946734294,0.6023874956678645
Dmel_CG1722,1.3114911,0.39588958,0.18969187772419893,0.6023874956678645
Dmel_CG30106,1.3113035,0.61521524,0.18975524950643252,0.6023874956678645
Dmel_CG7101,1.3112799,0.38785073,0.189763204679536,0.6023874956678645
Dmel_CG11412,1.3109798,-0.017938584,0.18986455682718872,0.6023874956678645
Dmel_CG32597,1.3109621,0.03481016,0.18987055833317823,0.6023874956678645
Dmel_CG8544,1.3105173,0.044056263,0.19002090249773373,0.6027189668652472
Dmel_CG6219,1.3103269,0.64464027,0.19008526927897573,0.6027776360026593
Dmel_CG34438,1.3082336,0.3389672,0.19079410222627846,0.6047698910435414
Dmel_CG33261,1.308064,0.309535,0.1908515895409456,0.6047698910435414
Dmel_CG14130,1.3073995,0.34951276,0.19107707849580113,0.6053384494969438
Dmel_CG4381,1.306305,1.4767079,0.19144882216076964,0.6061264273574105
Dmel_CG13604,1.3062599,0.44256553,0.19146418080516026,0.6061264273574105
Dmel_CG1106,1.3055254,0.27078092,0.19171398438673615,0.6067710666729528
Dmel_CG3277,1.3043588,0.6067,0.19211124706615024,0.6078819883689575
Dmel_CG7084,1.3040469,0.44854873,0.19221760190337878,0.6080721007733029
Dmel_CG5114,1.3005059,0.36333823,0.193427658748744,0.6116055975979897
Dmel_CG17299,1.2999911,0.00031022713,0.19360402377061714,0.6118923186543139
Dmel_CR43957,1.2998335,0.58631086,0.1936580285581989,0.6118923186543139
Dmel_CG11882,1.2992826,0.2018611,0.1938469999513972,0.612342169798392
Dmel_CG12449,1.2975367,0.5517168,0.1944465901247927,0.6140885942874071
Dmel_CG6177,1.2951158,0.2321296,0.19528025618387912,0.6164806362855625
Dmel_CG17952,1.2950649,0.84664154,0.19529783797707911,0.6164806362855625
Dmel_CG10269,1.2938539,0.11838032,0.19571588016790475,0.6176518687047157
Dmel_CG10639,1.291174,0.021860242,0.19664334289235352,0.6204298124726093
Dmel_CG8116,1.2908647,0.01966576,0.19675059551271734,0.6206191972233842
Dmel_CG13185,1.2886447,0.12432992,0.1975216347615365,0.6226768890527673
Dmel_CG32702,1.2883937,0.6853815,0.19760894982819366,0.6226768890527673
Dmel_CG5595,1.288318,0.07991965,0.1976352842207172,0.6226768890527673
Dmel_CG2041,1.2883049,0.031964764,0.19763985269302886,0.6226768890527673
Dmel_CG12367,1.2858937,1.1987067,0.19848014990885066,0.6250245985986596
Dmel_CG12758,1.2854165,0.04454965,0.19864679605368496,0.6251356378496453
Dmel_CG31935,1.285384,0.17720087,0.1986581252309656,0.6251356378496453
Dmel_CG13201,1.2851866,0.13390431,0.19872705457028528,0.6251588524786602
Dmel_CG42399,1.2850906,0.16777162,0.19876064878288124,0.6251588524786602
Dmel_CG4395,1.2838672,1.0889364,0.1991884267751407,0.6263544188208002
Dmel_CG6312,1.2830204,0.073771656,0.19948494341514744,0.6271367563202039
Dmel_CG6038,1.2827867,0.102335006,0.19956680249574232,0.6272440448688232
Dmel_CG6975,1.2817433,0.33968526,0.19993269415136206,0.6282437909715564
Dmel_CG12753,1.2808895,0.06702539,0.20023246124303495,0.6290353270845619
Dmel_CG10601,1.2806336,0.14711027,0.2003224146159852,0.629167507282185
Dmel_CG18497,1.2799377,0.096333124,0.20056705232166583,0.629785336812189
Dmel_CG6525,1.2797477,0.020832743,0.2006338836257997,0.6298446881812313
Dmel_CG34150,1.2785444,-0.015175717,0.20105752600279947,0.6308731970398251
Dmel_CG10147,1.2782876,0.22579731,0.20114802192478054,0.6310064827198714
Dmel_CG5310,1.2776053,1.66905,0.20138862688491688,0.631309147398543
Dmel_CG15845,1.2743014,0.0017804226,0.20255663069714225,0.6338387956592424
Dmel_CG43748,1.2742666,0.41806102,0.20256894302908635,0.6338387956592424
Dmel_CG6230,1.2741543,0.29986218,0.20260875663420952,0.6338387956592424
Dmel_CG31671,1.272961,0.024564153,0.2030318713825897,0.6349456977245624
Dmel_CG31717,1.2705885,0.0160939,0.203875082560675,0.6374309921317702
Dmel_CG1753,1.2689455,0.02696946,0.2044605365480825,0.6391093983773435
Dmel_CR45473,1.2675838,0.26218736,0.20494661176538165,0.6403124665144728
Dmel_CG5742,1.267458,0.04988643,0.20499159475126605,0.6403124665144728
Dmel_CG4020,1.264568,3.0570056,0.2060262463644702,0.6430857252910933
Dmel_CG7705,1.2642945,0.13775748,0.2061243223392072,0.6432390690713659
Dmel_CG10443,1.2629275,0.09956803,0.2066152108952769,0.6441590715005536
Dmel_CG5664,1.2615359,0.63469654,0.20711584562191732,0.6455667284908955
Dmel_CG1172,1.2580311,0.023799341,0.2083804991233692,0.6493545503865769
Dmel_CG3022,1.2562258,0.048428945,0.20903409552317864,0.6512368537861761
Dmel_CG30197,1.2542503,0.10399051,0.20975104723135196,0.6531721450512156
Dmel_CG3093,1.2542403,0.42537427,0.20975469538970626,0.6531721450512156
Dmel_CG5047,1.2533706,0.069971986,0.21007085636751255,0.6540016876392993
Dmel_CG13895,1.2530713,0.28473324,0.2101797392836786,0.6541856830712508
Dmel_CG9670,1.2529154,0.38306785,0.2102365150873594,0.6542074460722211
Dmel_CG5618,1.2505215,0.461467,0.21110907854633476,0.6566647474766237
Dmel_CG12341,1.2504748,0.07042033,0.21112613637384792,0.6566647474766237
Dmel_CR45134,1.2472003,1.4853795,0.21232407781235796,0.6599221160199138
Dmel_CG10733,1.2452949,0.19341631,0.21302334321341865,0.6617824475573367
Dmel_CG9801,1.2434151,0.062708996,0.21371488273239225,0.6637738770943906
Dmel_CR44831,1.2425911,0.7840854,0.21401854513780516,0.6645599484064031
Dmel_CG34402,1.2412056,0.45047134,0.21452980911214536,0.6658328345636991
Dmel_CG9214,1.2396775,0.10139487,0.21509467332188814,0.6671133118062147
Dmel_CG13633,1.2370158,0.6101259,0.21608121157946558,0.6696988682466408
Dmel_CG7857,1.2359245,0.108076595,0.21648661386645884,0.6706389893491597
Dmel_CG10800,1.2342626,0.13874683,0.21710509313783766,0.6722379898502179
Dmel_CG31122,1.2334489,-0.015140246,0.2174083293254685,0.6730183405573573
Dmel_CG17218,1.2327449,0.32521,0.21767093834562934,0.6736725861516522
Dmel_CG13396,1.2314209,0.9148965,0.21816551463450928,0.6750442730897307
Dmel_CG7769,1.2267861,0.097771645,0.21990296300673862,0.6796641112590054
Dmel_CG10698,1.2267483,0.54581493,0.21991719055424175,0.6796641112590054
Dmel_CG10354,1.2252848,0.16452748,0.22046792599409615,0.6812059758966418
Dmel_CG15889,1.2224647,0.20856932,0.2215319332289597,0.6841718295092267
Dmel_CR33787,1.2219187,3.160855,0.22173836977628403,0.6846484767927979
Dmel_CG14982,1.2217199,-0.015011193,0.2218135912893875,0.6847198503955464
Dmel_CG7632,1.2209209,0.18945083,0.22211597613025436,0.6851704324712846
Dmel_CG3172,1.219296,0.05700459,0.2227318868833571,0.6867485444171512
Dmel_CG42360,1.2192249,0.049925007,0.2227588462099711,0.6867485444171512
Dmel_CG3035,1.2191577,0.047777057,0.2227843425043996,0.6867485444171512
Dmel_CG3223,1.2177405,0.13013294,0.22332259587739123,0.6882463021634142
Dmel_CG10254,1.2164963,-0.0021066251,0.22379591058344073,0.6895432733826482
Dmel_CG14945,1.2139778,0.5347727,0.2247561930203582,0.6920152606561686
Dmel_CR34531,1.2132503,3.9291427,0.22503413557444985,0.6925465048205727
Dmel_CG6359,1.21067,-0.024993496,0.22602189638051307,0.6954234934058352
Dmel_CG14322,1.2097965,0.08436674,0.2263569745717683,0.6958028076836508
Dmel_CG3411,1.2090571,0.12477813,0.226640927324531,0.6963498774775922
Dmel_CR45789,1.2086744,3.1519492,0.22678797074448542,0.6966387853093229
Dmel_CG7650,1.2075082,0.31313524,0.22723649439038474,0.6978071922006663
Dmel_CG15736,1.2067784,0.18380442,0.22751751449605473,0.6983900158824236
Dmel_CG4925,1.2065042,0.053642854,0.22762314687380725,0.698551091328515
Dmel_CG2064,1.2044421,0.30279619,0.22841874149781438,0.7008290175164087
Dmel_CG10424,1.2040726,0.12453594,0.22856153178870264,0.7011034288597903
Dmel_CG31240,1.2037945,0.49006054,0.22866900211242103,0.701269394809644
Dmel_CR45629,1.2025437,23.509193,0.2291529143062334,0.7024255766032689
Dmel_CG15435,1.1992607,1.0626107,0.23042659395587084,0.7061650818969446
Dmel_CG15104,1.1988679,0.17758349,0.23057928648668757,0.7064682685291587
Dmel_CG5965,1.196539,-0.009544631,0.2314862596685353,0.7084212711467681
Dmel_CG7637,1.1956668,0.7972638,0.23182663127369252,0.7089675963620184
Dmel_CG10669,1.1933393,0.4329604,0.232736479216063,0.7115844749600474
Dmel_CG14149,1.1921465,0.1446902,0.23320378150378174,0.7128473814238651
Dmel_CG13879,1.1916156,0.25969002,0.23341200464375023,0.7133179425636097
Dmel_CG11755,1.1914195,0.13680644,0.23348896696640875,0.7133872389922291
Dmel_CG11902,1.18945,0.18947132,0.23426261728479125,0.7154014268431013
Dmel_CG31043,1.1864033,0.11974609,0.235463075042322,0.7185834345404443
Dmel_CG1017,1.1853529,0.049819965,0.23587792846633326,0.7195152873667794
Dmel_CG13365,1.1846011,0.0025192474,0.23617520157646932,0.7200877781708547
Dmel_CG11937,1.1837056,0.6358496,0.23652961826364172,0.7208338853438117
Dmel_CG31550,1.1833603,-0.0027922427,0.23666635017207338,0.7210833544194798
Dmel_CG1787,1.1818447,0.31759676,0.23726731643645826,0.7221841134544134
Dmel_CG11652,1.1818173,0.29076892,0.23727819733835998,0.7221841134544134
Dmel_CG10365,1.1794841,0.22779046,0.23820543870435396,0.7245966828735915
Dmel_CG6215,1.1784589,0.4568663,0.2386136988307832,0.7255737987750595
Dmel_CG13012,1.1784003,0.7032676,0.23863708685075768,0.7255737987750595
Dmel_CG34389,1.1775306,0.3041321,0.2389837883838799,0.726291850867846
Dmel_CG33214,1.1769418,0.15078376,0.2392187679921458,0.7268378798115116
Dmel_CG7864,1.1756783,0.6537587,0.23972348388554732,0.7278754261251597
Dmel_CG17760,1.1756709,0.83626735,0.23972641688377527,0.7278754261251597
Dmel_CG8232,1.1749407,0.091137156,0.2400184539631548,0.7284255204456852
Dmel_CG10122,1.1740054,0.3664466,0.240392862303067,0.7292249777295945
Dmel_CG1404,1.1731925,0.025245111,0.24071860083742314,0.730044572722035
Dmel_CG9633,1.1727874,0.116107225,0.24088104451930215,0.730368667749919
Dmel_CG31950,1.1704173,0.11139046,0.24183309667000286,0.7330862106898518
Dmel_CG4766,1.1697156,0.19111791,0.24211543493891552,0.7337728160821699
Dmel_CG14216,1.1691035,0.1337093,0.24236191271826424,0.7342042563392573
Dmel_CG10425,1.1651404,0.28966755,0.24396214706729535,0.7388583947018502
Dmel_CG30403,1.164825,0.44537994,0.24408985402980177,0.7390748322132776
Dmel_CG41520,1.1644176,0.64233756,0.2442548327080737,0.7392351273535681
Dmel_CG9376,1.1629922,0.02719845,0.24483263959249457,0.7408118159993026
Dmel_CG5300,1.1620393,0.26046988,0.24521952691585902,0.7416409213351677
Dmel_CG5394,1.161046,0.41830963,0.2456231736116936,0.7426907787462645
Dmel_CG17806,1.1592859,0.39816725,0.2463396449293257,0.7445145524416441
Dmel_CG14895,1.1591276,-0.0003202719,0.24640416449371927,0.7445383135460945
Dmel_CG4288,1.1580803,0.6498978,0.24683123605078272,0.7456573041249048
Dmel_CG32803,1.1573066,0.14100993,0.2471471484450367,0.7464400546348489
Dmel_CG7499,1.1521329,0.4493582,0.24926649664002554,0.751976821016202
Dmel_CG3218,1.1512176,0.28977937,0.24964271091557788,0.7528197856006739
Dmel_CG18741,1.1511744,0.016096773,0.24966049963075387,0.7528197856006739
Dmel_CG10370,1.1505743,0.00016182239,0.24990740945643664,0.7531728485583267
Dmel_CG5380,1.1504719,0.11451083,0.2499495314331377,0.7531728485583267
Dmel_CG2478,1.1498468,0.058402672,0.25020698057538604,0.7536068427597421
Dmel_CG8405,1.1494966,0.023591587,0.2503512902511785,0.753864872866805
Dmel_CG12630,1.1459177,0.16713364,0.25182922180689815,0.7579678890894294
Dmel_CG9559,1.1446747,0.73756903,0.25234396388422453,0.7591694206507772
Dmel_CG7571,1.1442908,0.44047278,0.25250305998145706,0.7594741843022036
Dmel_CG10809,1.1436498,-0.0050502345,0.2527689094965019,0.7597440018919327
Dmel_CG5366,1.1435169,0.1253039,0.2528240255896371,0.7597440018919327
Dmel_CG31886,1.1427164,0.63015956,0.2531563414066531,0.7601947538515822
Dmel_CG32364,1.1425983,0.44686732,0.2532054210188247,0.7601947538515822
Dmel_CG10617,1.1391518,0.020249264,0.2546398259188237,0.7643192951965834
Dmel_CG32484,1.1368659,0.026653824,0.25559438666335244,0.7668415148728571
Dmel_CG5745,1.136348,0.36821422,0.25581095904267703,0.7671409887676447
Dmel_CG8290,1.1360542,-0.007329212,0.2559339177378679,0.7673346139615154
Dmel_CG3568,1.1319686,0.20006587,0.25764763746173036,0.7719442781314634
Dmel_CG7197,1.1308074,0.05795107,0.2581361525302116,0.7732316344653546
Dmel_CR44294,1.1300402,1.5826097,0.2584593113225775,0.7738468466826135
Dmel_CG14894,1.1280445,-0.018590067,0.25930112975458797,0.7760908095875119
Dmel_CG7162,1.1279835,0.034467928,0.25932689634721595,0.7760908095875119
Dmel_CG6945,1.1258214,0.5058495,0.2602411246499917,0.7783620731173944
Dmel_CG3353,1.1257685,0.23912774,0.26026352250801543,0.7783620731173944
Dmel_CG9453,1.1245985,0.18192293,0.2607592322351421,0.7796671378389083
Dmel_CG44015,1.1235628,0.008591653,0.26119855351894183,0.7806254700460348
Dmel_CG31549,1.1222155,0.21311866,0.2617708298635819,0.7821579070571464
Dmel_CG5850,1.1215161,0.31902552,0.26206821692788107,0.7828684788927677
Dmel_CG12505,1.1210436,0.09538641,0.26226934397220036,0.783113258154666
Dmel_CG5729,1.1201886,0.008980595,0.2626334181057537,0.7840222052084755
Dmel_CG15743,1.1197032,0.016185164,0.26284027668773413,0.7842833959930777
Dmel_CG3567,1.1194826,0.11625495,0.2629342806184506,0.784385784700808
Dmel_CG6210,1.1184381,0.01935971,0.26337992111106756,0.7855368913573625
Dmel_CG4345,1.1167799,0.5342097,0.26408841437616537,0.7871140515575389
Dmel_CG4347,1.1161791,0.015328997,0.26434547243240525,0.787701554021369
Dmel_CG3762,1.1152203,0.6569629,0.2647560321593544,0.7885673206269438
Dmel_CG16858,1.1141824,0.5121848,0.26520098342181975,0.7897136014380542
Dmel_CG4930,1.113634,0.20645016,0.2654362473584916,0.7902350988984906
Dmel_CG8053,1.1129504,0.08391853,0.2657297000915082,0.7908501514211469
Dmel_CG45074,1.1128725,-0.0062305583,0.26576320437377554,0.7908501514211469
Dmel_CG10449,1.1122493,0.11015574,0.2660310113737592,0.7914678561155918
Dmel_CG31183,1.1115488,0.30267856,0.266332225533327,0.7921846481967972
Dmel_CG5952,1.1112475,0.60577637,0.26646181643152067,0.7923907512393331
Dmel_CG8431,1.1098821,0.549024,0.26704983932286475,0.7939597146022095
Dmel_CG4589,1.1067121,-0.0038597968,0.26841840261087146,0.7974047452618206
Dmel_CG30183,1.1023806,0.5076708,0.27029622128164166,0.802703422341707
Dmel_CG6838,1.101888,0.019914502,0.27051040347325983,0.8031579783195001
Dmel_CG7668,1.1009438,0.00022158513,0.2709211324280404,0.804014137587371
Dmel_CG10513,1.0999854,0.45768315,0.2713385138143848,0.8050709889444188
Dmel_CG12773,1.0991292,0.20613904,0.2717117041785083,0.8058143770277088
Dmel_CG9613,1.097646,0.23342058,0.27235909612872067,0.8073699260607982
Dmel_CG8915,1.096844,0.29849806,0.2727096092316653,0.8082266519876667
Dmel_CG10083,1.0942659,0.030001761,0.27383833600030294,0.8112059453065782
Dmel_CG9067,1.0920252,0.034030583,0.27482205301498985,0.8135698577765221
Dmel_CG9097,1.0909334,0.11335255,0.2753021553913323,0.8147638918050207
Dmel_CG7395,1.0895109,0.015444132,0.27592865850793147,0.8161103987064433
Dmel_CG12027,1.0893645,1.4125695,0.2759931665876857,0.816117507229698
Dmel_CG13896,1.0885084,1.0882511,0.2763707193873238,0.81686631207126
Dmel_CG4690,1.0878527,0.8175105,0.27666012506115023,0.8175378240226164
Dmel_CG15478,1.0867932,0.23247336,0.27712824659814195,0.8187370253026491
Dmel_CG2023,1.0855485,0.2669089,0.27767877353455883,0.8199947782062107
Dmel_CG3445,1.0851057,-0.02270877,0.2778748744123789,0.8203895135145071
Dmel_CG32112,1.0840993,0.024989583,0.2783207687633007,0.8213773188038921
Dmel_CR45875,1.0840684,1.5543643,0.27833446470083945,0.8213773188038921
Dmel_CG1105,1.0825123,0.036274232,0.27902499113470325,0.8232302219355939
Dmel_CG11561,1.0810989,0.39737457,0.27965312816997456,0.824713141221193
Dmel_CG14102,1.0798987,0.5040303,0.280187283900006,0.8259176980103138
Dmel_CG6694,1.079684,0.020838467,0.2802829137616625,0.8259598656234295
Dmel_CG5669,1.0795844,0.415919,0.28032729630016706,0.8259598656234295
Dmel_CG7438,1.0786645,0.50729907,0.2807372861782208,0.8267971039148363
Dmel_CG13391,1.0768504,0.23928666,0.2815470989856531,0.8286249558276523
Dmel_CG32528,1.0739744,0.06897902,0.28283418562344365,0.8314818866393004
Dmel_CG43745,1.0730004,0.39282975,0.28327091401341564,0.8324284842021468
Dmel_CG3361,1.0716343,0.061989278,0.2838843501615037,0.8336367028988425
Dmel_CG8430,1.071486,0.0037024235,0.28395098406916186,0.8336460861601556
Dmel_CG9394,1.0708963,0.14875351,0.2842160627346909,0.8342379451410706
Dmel_CG5087,1.0686017,0.06432191,0.28524915432826226,0.8368964360410124
Dmel_CR45736,1.0681511,0.5752469,0.28545234992790247,0.8371495703370542
Dmel_CG10419,1.0680885,0.4083186,0.2854805647620776,0.8371495703370542
Dmel_CR45469,1.0665274,1.624356,0.28618532713712574,0.838519818039904
Dmel_CR45018,1.0657045,0.80846286,0.28655726865272313,0.8391618751044407
Dmel_CG7870,1.0656188,0.031442937,0.2865960349645179,0.8391618751044407
Dmel_CG10137,1.0645456,-0.026612073,0.2870816120129791,0.8402092346241778
Dmel_CG9995,1.0643699,0.0071600825,0.287161167427165,0.840254932344773
Dmel_CG10605,1.0640814,0.25215325,0.28729181045044394,0.8404500625844354
Dmel_CG10622,1.0637219,0.09574662,0.28745468942249663,0.8407393887605227
Dmel_CG9057,1.0626163,0.5472089,0.28795596325994965,0.8420180937247438
Dmel_CG17162,1.060472,1.2825223,0.2889299007395527,0.8441146788836066
Dmel_CG17712,1.0583602,0.038847964,0.28989127269001236,0.8459829479057189
Dmel_CG42747,1.0576353,0.18952622,0.29022171825660215,0.8467592361478704
Dmel_CG1902,1.0568839,-0.044912774,0.2905645788201995,0.8473832956671641
Dmel_CG3885,1.0543723,0.23585384,0.2917124781168209,0.8505421954588736
Dmel_CG8740,1.0530888,0.71578777,0.2923003103894295,0.8520670760486897
Dmel_CG10620,1.0528717,0.1462765,0.2923997757724458,0.8521679870094722
Dmel_CG8195,1.0527265,-0.026068883,0.2924663346979336,0.8521729721209634
Dmel_CG2202,1.0512747,0.20235106,0.29313248356387656,0.853741561563943
Dmel_CG33260,1.05127,1.1406547,0.29313461119979534,0.853741561563943
Dmel_CG1537,1.0486225,0.7457068,0.29435189525582817,0.8569070127507394
Dmel_CG32647,1.0476927,0.024258252,0.2947802390791825,0.8574467228995329
Dmel_CG10144,1.047688,0.16048129,0.2947823747283881,0.8574467228995329
Dmel_CG12343,1.0476185,-0.035556868,0.29481441071066605,0.8574467228995329
Dmel_CG4931,1.0475119,0.038881835,0.29486353708111934,0.8574467228995329
Dmel_CG30060,1.0472084,0.34541807,0.2950034704922131,0.8576638508270292
Dmel_CG3715,1.0469505,0.04071607,0.2951224310565589,0.8577540463195311
Dmel_CG3298,1.0468385,1.0710386,0.29517408561533764,0.8577540463195311
Dmel_CG15536,1.0466809,0.060444396,0.2952467684892569,0.8577540463195311
Dmel_CG15119,1.0461774,0.065284975,0.29547914903331485,0.8580975684965283
Dmel_CG6357,1.0444157,0.27793005,0.29629308810367627,0.860271204323997
Dmel_CG3044,1.0442693,0.64354753,0.29636077563952135,0.8602776568762868
Dmel_CG13389,1.0436963,0.08579585,0.29662591030346186,0.8606670539407799
Dmel_CG13096,1.043523,0.18771617,0.29670616087546486,0.8607098587338816
Dmel_CG7207,1.0404052,0.0076318705,0.2981517198312792,0.8643308516000088
Dmel_CG14712,1.0402306,0.39509633,0.2982327841658322,0.8643751691052495
Dmel_CG11988,1.0397487,0.5812974,0.29845668424432936,0.8648333600120689
Dmel_CG33052,1.0390884,0.4548456,0.29876365263312477,0.8655320015987418
Dmel_CG1448,1.0387357,0.35023138,0.29892763489802465,0.8658161891547149
Dmel_CG3143,1.0373267,0.89477307,0.2995836249003603,0.8675249922467242
Dmel_CG7899,1.0368714,0.19933502,0.29979578182295163,0.8679241537949763
Dmel_CG8374,1.0367475,1.2913712,0.29985356199902535,0.8679241537949763
Dmel_CG8825,1.036098,0.08913067,0.30015644432157895,0.8684182815565541
Dmel_CG6070,1.0352437,0.21140616,0.3005550755793073,0.8693801999092399
Dmel_CG13995,1.0349635,0.011932076,0.30068598711680616,0.8694204626796411
Dmel_CG12716,1.0349306,1.0432371,0.30070131670945655,0.8694204626796411
Dmel_CG32039,1.0339385,-0.020870484,0.3011648768213382,0.8701863778164479
Dmel_CG5164,1.0321522,1.173515,0.30200080941694063,0.8722181618786851
Dmel_CG2848,1.0313892,0.31116635,0.30235834897858516,0.8729554206551818
Dmel_CG18408,1.0313239,0.15050873,0.302388941086857,0.8729554206551818
Dmel_CG11555,1.0305628,0.010926514,0.3027458803821427,0.8737938972329754
Dmel_CG43861,1.0303832,0.29274136,0.30283013063771813,0.8738451354216632
Dmel_CG3991,1.0296562,0.022491612,0.3031714582598707,0.8745940608965308
Dmel_CG7851,1.0295469,-0.059128262,0.3032227791982798,0.8745940608965308
Dmel_CG15863,1.0288916,0.2990233,0.3035306446154412,0.8752899277795727
Dmel_CG3168,1.028422,0.21435146,0.3037513759402476,0.8757342762682742
Dmel_CG31705,1.0282451,0.21853568,0.3038345408731691,0.8757819042803937
Dmel_CG32417,1.0277296,0.20335002,0.30407704024099547,0.8762886810980091
Dmel_CG31320,1.0261885,0.44929066,0.30480276166235243,0.8778025621312675
Dmel_CG18377,1.0245589,1.0528119,0.3055713737213931,0.8798232738985159
Dmel_CG12086,1.0239326,-0.022759447,0.3058671392870691,0.8804819446596659
Dmel_CG10584,1.0235974,0.21534108,0.30602549374351407,0.8807448561724744
Dmel_CG12324,1.0218828,0.03150972,0.30683635952827026,0.8828851763873439
Dmel_CG9805,1.0215554,-0.020437216,0.30699138930574776,0.8829751864324218
Dmel_CG13089,1.0212889,0.11994891,0.30711757209088286,0.8829751864324218
Dmel_CG10731,1.0207229,0.03427107,0.3073857787829657,0.8834988011782485
Dmel_CG10823,1.0203228,0.24475114,0.3075754098766994,0.8838505272665006
Dmel_CG8996,1.0200281,0.056307003,0.30771512012117974,0.8839490817820033
Dmel_CG7574,1.0199667,0.2738804,0.3077442393389137,0.8839490817820033
Dmel_CG9247,1.0194654,0.02587804,0.3079820229242287,0.8844387594508937
Dmel_CG43273,1.0167327,0.6123528,0.3092806125267572,0.8877799321131752
Dmel_CG7890,1.014995,-0.014597146,0.31010821633577423,0.88996114236043
Dmel_CG3423,1.0145301,0.081185296,0.31032989406845857,0.8902084998807278
Dmel_CG3224,1.0135851,0.0061261943,0.3107807524113054,0.8913072604620177
Dmel_CG7961,1.0128886,0.023222534,0.3111134150250019,0.8920666347029347
Dmel_CG41378,1.0122452,0.13521232,0.31142083860890135,0.8927533246421406
Dmel_CG7665,1.0119606,0.62316626,0.31155689960769073,0.8929485752987272
Dmel_CG5489,1.0104554,0.29971248,0.3122771793300383,0.8944277274577229
Dmel_CG32533,1.0094038,0.30429372,0.3127809907983372,0.8956755284552079
Dmel_CG4587,1.0076128,0.08146843,0.3136403487122692,0.8977451148830168
Dmel_CG8611,1.0067858,0.23095071,0.31403775596314654,0.8986868795974975
Dmel_CG3751,1.0053666,0.09685338,0.31472035342839855,0.8998564326376383
Dmel_CG42673,1.0031265,0.006627764,0.31579981921106637,0.9023538648081373
Dmel_CG1763,1.0024091,0.86419207,0.31614607432962105,0.9031468614707718
Dmel_CG16771,1.0016638,0.7310306,0.31650601108504417,0.9039785897997316
Dmel_CG9715,1.0012977,-0.0046297763,0.31668290747802186,0.9042872853473892
Dmel_CG8339,1.0010297,-0.0054484443,0.31681244869667424,0.9044606535570272
Dmel_CG17559,1.0003817,0.3070448,0.3171258058031301,0.9051586042699681
Dmel_CG9984,0.9964117,0.06749323,0.3190501612402251,0.9092687418906523
Dmel_CG4585,0.9937962,0.092787296,0.32032207123417966,0.9126956500625227
Dmel_CG4233,0.9935101,0.03719801,0.3204614254265462,0.9127649549953175
Dmel_CG11597,0.9934611,0.10734265,0.3204853133207819,0.9127649549953175
Dmel_CG9054,0.9921335,0.32226112,0.3211324215193144,0.9139604702645616
Dmel_CG10961,0.9920292,0.0024184186,0.3211832776563234,0.9139604702645616
Dmel_CG5899,0.99035096,0.02054761,0.32200259689110655,0.9158873833686362
Dmel_CG34132,0.9888894,-0.03630785,0.32271726528349576,0.9171339928828758
Dmel_CG1381,0.9885808,0.030049462,0.3228682613698123,0.917364718413125
Dmel_CG3253,0.9876348,-0.0151081635,0.3233315528116575,0.918482476329008
Dmel_CG8660,0.98727834,-0.035435066,0.32350620308649747,0.9185814638633673
Dmel_CG10346,0.98485446,0.48581114,0.32469556887776174,0.9217594449390077
Dmel_CG7339,0.9845243,0.22995064,0.3248577942289811,0.9220148877114751
Dmel_CG31298,0.984147,-0.0018639663,0.32504323209059705,0.9220148877114751
Dmel_CG7314,0.9841003,0.03326293,0.3250662030870759,0.9220148877114751
Dmel_CG7987,0.9836226,0.00035540946,0.32530109940722485,0.9224820343785803
Dmel_CG1615,0.9830345,1.5546274,0.3255904564471013,0.9231033847187395
Dmel_CG32649,0.98199224,0.12613893,0.3261036545145384,0.9243589568540873
Dmel_CG10946,0.98098284,0.029158035,0.326601191304729,0.9250609129942451
Dmel_CG13163,0.9808354,0.1638956,0.326673940715288,0.9250609129942451
Dmel_CG4007,0.9807759,0.15370561,0.3267032719889119,0.9250609129942451
Dmel_CG2019,0.98050094,0.041657623,0.3268389037529974,0.9252455911715078
Dmel_CG18466,0.97852844,0.6410054,0.3278130195823663,0.9278033362765185
Dmel_CG5491,0.9780442,0.6022949,0.3280524500779982,0.9282633051508431
Dmel_CG44245,0.9779141,0.03097654,0.32811681397349257,0.9282633051508431
Dmel_CG6191,0.9776546,-0.009368008,0.32824518423588267,0.9284265962212085
Dmel_CG2813,0.9767591,0.08589323,0.3286884263956351,0.9292802519933393
Dmel_CG4016,0.9762865,-0.023310294,0.32892253207404787,0.9297420937803964
Dmel_CG42701,0.9747577,0.28329724,0.329680481479109,0.9310025402537473
Dmel_CG10573,0.97462523,0.17460737,0.32974620193843274,0.9310025402537473
Dmel_CG9360,0.97452986,2.917763,0.3297935335880978,0.9310025402537473
Dmel_CG7061,0.9728937,0.42797908,0.3306061384612272,0.9328956979856102
Dmel_CG3027,0.9716298,1.1527928,0.3312347461450923,0.9341566472461316
Dmel_CG11419,0.97043,0.00065857364,0.3318321867597539,0.9353510867031158
Dmel_CG32372,0.9692472,0.5489332,0.3324218479703691,0.9368122462317436
Dmel_CG13766,0.9686491,0.19942947,0.3327203050415326,0.9374523002896183
Dmel_CG16868,0.966916,0.19007829,0.3335860171729459,0.939287304836015
Dmel_CG6631,0.96643794,0.24442197,0.33382507650835314,0.9396115240717487
Dmel_CG9388,0.9662966,-0.037464455,0.3338957727205172,0.9396115240717487
Dmel_CG6791,0.96625686,0.15332185,0.3339156698436243,0.9396115240717487
Dmel_CG17161,0.96581936,-0.008753734,0.33413458866739343,0.9398631008772593
Dmel_CG34324,0.9657923,2.130076,0.33414811713709425,0.9398631008772593
Dmel_CG8176,0.9647972,-0.023122031,0.3346464039131447,0.9410632128873603
Dmel_CG17454,0.9643531,-0.0038381917,0.3348689215012892,0.9412680793702206
Dmel_CR45706,0.9640801,0.12717839,0.33500576875538557,0.9412680793702206
Dmel_CR45962,0.96263045,0.11138779,0.3357329982067472,0.942821552621239
Dmel_CG15312,0.962549,0.0069410037,0.3357739035284528,0.942821552621239
Dmel_CG1074,0.9613299,-0.0038305493,0.3363863155329321,0.9443393660367999
Dmel_CG34155,0.961026,-0.0070939753,0.3365390938945626,0.9445664743418298
Dmel_CG2691,0.9607012,0.28327692,0.3367024044675183,0.9448230401681953
Dmel_CG14715,0.9602556,0.036760326,0.3369265782510762,0.9452502486757882
Dmel_CG43367,0.96005094,-0.00268115,0.3370295671669744,0.945322566976236
Dmel_CG10055,0.9599185,0.03600883,0.3370962292710328,0.945322566976236
Dmel_CG4608,0.9589983,0.74755216,0.33755959969816407,0.946218152652213
Dmel_CG5567,0.958638,0.013259425,0.3377411314540556,0.9465251031003934
Dmel_CG11324,0.9577931,-0.04732393,0.3381670917584054,0.9475167916411952
Dmel_CG6371,0.95684975,0.596177,0.33864310298872946,0.9485476338259577
Dmel_CR45557,0.95677793,0.22861154,0.3386793621422566,0.9485476338259577
Dmel_CR46268,0.9564466,0.11639601,0.33884665436720873,0.9488139537693351
Dmel_CG34149,0.956089,0.2673005,0.3390272646749096,0.9489535107086569
Dmel_CG1620,0.95606196,-0.040997513,0.33904092023264165,0.9489535107086569
Dmel_CG9344,0.9535535,-0.0010627698,0.3403096918393381,0.9523018868102092
Dmel_CG33162,0.95267075,-0.028661622,0.3407569066298791,0.9531474052837892
Dmel_CG10626,0.95242286,0.68071,0.3408825700571332,0.9532959891723318
Dmel_CG2714,0.9513416,0.2181819,0.3414309817801219,0.9545154580175965
Dmel_CG3812,0.9512768,0.010733265,0.3414639044319855,0.9545154580175965
Dmel_CG2054,0.95056313,2.9679432,0.34182618769985507,0.9551667559979379
Dmel_CG12219,0.9505315,0.15258463,0.34184226873588786,0.9551667559979379
Dmel_CG40470,0.9499376,0.8000605,0.34214397589082945,0.9556033979131541
Dmel_CG10334,0.9466506,-0.01996713,0.3438168406451827,0.959256285120668
Dmel_CG42679,0.9452848,0.06037605,0.3445135011889805,0.9607920032097607
Dmel_CG8036,0.94498163,0.2215627,0.34466823972793015,0.9609217996728863
Dmel_CG9213,0.94265777,0.25958934,0.34585597535289136,0.9633093200746811
Dmel_CG42235,0.9422871,0.6736934,0.34604568556024873,0.9636334719108346
Dmel_CG4290,0.9409541,-0.01726626,0.346728399493061,0.9651255873201259
Dmel_CG11596,0.93990916,0.08352413,0.3472641735541966,0.966381778639223
Dmel_CG7456,0.93915844,0.04427378,0.3476494005071925,0.9670746765590637
Dmel_CG42278,0.9380834,-0.01949957,0.3482015566853617,0.9683618524072447
Dmel_CG9252,0.93797064,0.22861035,0.348259501900665,0.9683618524072447
Dmel_CG6757,0.9371211,0.1347206,0.34869627247196133,0.9687674240428726
Dmel_CG9177,0.93711334,-0.05415321,0.3487002447091384,0.9687674240428726
Dmel_CG4497,0.93586457,0.026665336,0.3493429336108912,0.9703478103108689
Dmel_CG9195,0.9355981,-0.011308575,0.3494801537621419,0.9705238166923725
Dmel_CR45918,0.93320704,1.6546954,0.3507130863710074,0.9733904079475101
Dmel_CG2072,0.9331653,0.030015016,0.3507346154502291,0.9733904079475101
Dmel_CG8066,0.93272126,0.08900215,0.35096391223544077,0.973821108675238
Dmel_CG3271,0.9303468,0.013272749,0.35219156394202167,0.976402814717744
Dmel_CG17723,0.929052,-0.004439049,0.3528621364205494,0.9778492903210544
Dmel_CG7156,0.92886204,0.09069116,0.3529606002915868,0.9779159284064395
Dmel_CG17361,0.9283913,-0.0020214848,0.35320463340644015,0.978378805550557
Dmel_CG18495,0.928109,1.5309588,0.3533510243621447,0.978378805550557
Dmel_CG7626,0.9279472,-0.034922354,0.35343495110967604,0.9784050331856442
Dmel_CG8322,0.9265895,-0.011294251,0.3541397112250052,0.9799431343878275
Dmel_CG12369,0.9259674,0.20185332,0.35446292244323574,0.9805303655655905
Dmel_CG9003,0.9257295,-0.00070474274,0.35458655832520025,0.9805303655655905
Dmel_CG1344,0.92522985,-0.02841789,0.3548463626328554,0.9808658080265782
Dmel_CG5787,0.92449653,0.019779667,0.3552278540234768,0.9815074074269362
Dmel_CG5501,0.9241934,-0.0050764736,0.35538562878263114,0.9815408321003228
Dmel_CG13900,0.92319095,0.71252877,0.3559077057320672,0.9825044275321142
Dmel_CG6920,0.92307895,0.09525319,0.3559660571341132,0.9825044275321142
Dmel_CG3891,0.9229423,0.16529658,0.35603729426283603,0.9825044275321142
Dmel_CG13221,0.92113507,-0.026424063,0.3569799180576796,0.9844854361376637
Dmel_CG5895,0.9197959,0.4684595,0.3576794395539714,0.986019654489736
Dmel_CR43995,0.91978276,1.718417,0.35768630187600425,0.986019654489736
Dmel_CG8930,0.9193159,0.59374166,0.3579303718380813,0.9864855319471951
Dmel_CG8091,0.919049,0.4213868,0.3580699162833696,0.9866631935164101
Dmel_CG32075,0.9184853,0.35613415,0.3583648694843361,0.9872689203131364
Dmel_CG5634,0.9181879,-0.021268941,0.3585204885288995,0.987490618268344
Dmel_CG8961,0.91707736,0.18806256,0.3591021114987062,0.9886781578052584
Dmel_CG3217,0.9164981,-0.02731085,0.35940569662422783,0.9893067154040591
Dmel_CG5392,0.91534585,0.6378408,0.36001010794486266,0.9902054744987744
Dmel_CG2272,0.915301,-0.02110777,0.36003361670764356,0.9902054744987744
Dmel_CG11875,0.9148639,0.9744705,0.36026308040376,0.9906292403401988
Dmel_CG4976,0.9142893,0.31967846,0.36056484721290283,0.9909044779696443
Dmel_CG5022,0.91358227,0.0011698599,0.3609363921318317,0.991623862034269
Dmel_CG16753,0.913293,0.056250516,0.36108844774870685,0.991623862034269
Dmel_CG8745,0.9131702,0.04936028,0.36115301755543805,0.991623862034269
Dmel_CG33116,0.9120477,-0.003235909,0.3617436186808073,0.9928305958823076
Dmel_CG3011,0.9118009,0.102199495,0.36187352233088754,0.99297973626022
Dmel_CG2103,0.9111819,0.3216831,0.3621995281978445,0.9933034108637199
Dmel_CG4086,0.9111464,-0.044513054,0.36221824403462033,0.9933034108637199
Dmel_CG3700,0.9098099,0.46533108,0.36292276573443805,0.9944053512335801
Dmel_CG17437,0.9094129,0.0012688382,0.36313219069767844,0.9947717569227001
Dmel_CG42610,0.90833133,0.3804721,0.3637031963009676,0.9959207548637247
Dmel_CG3077,0.9080278,-0.013281224,0.36386352935895616,0.996131249574909
Dmel_CG8288,0.90789884,-0.02121244,0.3639316740894253,0.996131249574909
Dmel_CG4875,0.9075656,-0.024306556,0.3641077855945033,0.996399896121265
Dmel_CG33967,0.9074262,0.035446696,0.36418147028920445,0.996399896121265
Dmel_CG2209,0.9063426,1.4877337,0.36475452839977074,0.9975523949430566
Dmel_CG15088,0.9034399,0.62039024,0.3662924693738312,1.0
Dmel_CG5384,0.90198064,-0.00060341373,0.3670671596544418,1.0
Dmel_CG4279,0.9017331,0.01055656,0.3671986650776178,1.0
Dmel_CG6789,0.90085113,2.456848,0.3676674815454467,1.0
Dmel_CG17753,0.8998888,0.1378124,0.36817941741544113,1.0
Dmel_CG3327,0.8989528,1.166713,0.36867780944889916,1.0
Dmel_CG13784,0.8987628,0.016683064,0.36877901945098035,1.0
Dmel_CG4435,0.8975341,0.5810112,0.36943401041168,1.0
Dmel_CG30149,0.89579904,0.2786586,0.3703600916517056,1.0
Dmel_CG44002,0.89385706,0.91469073,0.37139835973487767,1.0
Dmel_CG34411,0.8931794,1.6473699,0.3717611149424541,1.0
Dmel_CG34039,0.8922383,0.13278554,0.3722652025261357,1.0
Dmel_CG10221,0.8921947,0.0372943,0.3722885865770301,1.0
Dmel_CG12845,0.89192325,0.40461534,0.37243408479429607,1.0
Dmel_CR45527,0.891344,0.31206977,0.3727446539727254,1.0
Dmel_CG12672,0.8906659,0.10221826,0.3731084307375877,1.0
Dmel_CG14084,0.88985306,-0.03991751,0.37354479672305574,1.0
Dmel_CG3054,0.8880586,0.07601394,0.37450923652096146,1.0
Dmel_CG32179,0.8870905,0.31697726,0.3750301788487127,1.0
Dmel_CG32137,0.8851767,0.24474847,0.3760613282274563,1.0
Dmel_CG3338,0.88280225,0.11122027,0.3773431242643853,1.0
Dmel_CG9356,0.87955624,0.30241117,0.3790997569786734,1.0
Dmel_CG2614,0.87924576,0.45703635,0.3792680350411819,1.0
Dmel_CG9286,0.8788086,0.070126414,0.3795050417343916,1.0
Dmel_CG10189,0.8771961,0.3600667,0.38038015784893453,1.0
Dmel_CG17271,0.87663305,-0.013959744,0.38068598585802016,1.0
Dmel_CG1019,0.8759549,0.17012957,0.3810545223443085,1.0
Dmel_CG11502,0.8751521,0.12677993,0.3814911307998936,1.0
Dmel_CG5663,0.874162,-0.008884439,0.3820300161463758,1.0
Dmel_CG6928,0.87316304,1.2432168,0.38257420839638623,1.0
Dmel_CG8768,0.87273633,0.14376716,0.3828067970722696,1.0
Dmel_CG4070,0.8726375,0.61750174,0.3828606942299816,1.0
Dmel_CG7338,0.86921346,0.1785205,0.3847303836667906,1.0
Dmel_CG5978,0.8692027,0.14932172,0.38473629655683483,1.0
Dmel_CR45528,0.8677438,1.1218745,0.3855346238912788,1.0
Dmel_CG8494,0.86750746,0.15039477,0.3856640405005157,1.0
Dmel_CR44043,0.8670483,1.1394699,0.385915548295543,1.0
Dmel_CG33155,0.8670348,0.9378521,0.3859229533224635,1.0
Dmel_CG7099,0.86461127,0.3160982,0.3872521829576988,1.0
Dmel_CG7292,0.8643363,0.14471012,0.3874031576118434,1.0
Dmel_CG7334,0.86433053,0.40751424,0.3874063386435932,1.0
Dmel_CG17153,0.861629,0.1024494,0.3888917072694392,1.0
Dmel_CG9935,0.86159503,0.5721701,0.38891041320200737,1.0
Dmel_CG14513,0.8611034,0.27196378,0.38918107278585035,1.0
Dmel_CG9948,0.86019367,0.068750605,0.3896822972864682,1.0
Dmel_CG18368,0.859721,0.1532351,0.3899428506489423,1.0
Dmel_CG7556,0.85946226,-0.039905034,0.390085518662437,1.0
Dmel_CG17233,0.85903364,-0.031139953,0.390321948924946,1.0
Dmel_CG9273,0.85895026,0.60643977,0.39036796709681176,1.0
Dmel_CG14688,0.8588406,0.6294054,0.3904284774883202,1.0
Dmel_CG9847,0.8576914,0.38297823,0.3910629009629649,1.0
Dmel_CG8344,0.8569882,0.35112676,0.3914514101650203,1.0
Dmel_CG4591,0.85632324,0.009290419,0.391819013223502,1.0
Dmel_CG34232,0.8538306,0.524524,0.3931988541494926,1.0
Dmel_CG12157,0.8536356,-0.02832393,0.3933069285475542,1.0
Dmel_CG33546,0.8535325,0.20462723,0.3933640761440357,1.0
Dmel_CG4200,0.8531656,0.25181764,0.39356745106995217,1.0
Dmel_CG3857,0.8517013,0.2934608,0.3943798722832761,1.0
Dmel_CG4560,0.85031736,-0.045798253,0.3951486622629481,1.0
Dmel_CG3962,0.8484252,0.09845945,0.3962012071200375,1.0
Dmel_CG12076,0.84743124,0.0065621375,0.39675479292962246,1.0
Dmel_CG14967,0.84708756,0.057630163,0.39694631225961874,1.0
Dmel_CG14593,0.8467107,0.52097243,0.3971564020588252,1.0
Dmel_CG2247,0.846389,0.006124047,0.3973357632951263,1.0
Dmel_CG6494,0.8462218,0.8047175,0.39742901597868485,1.0
Dmel_CG5393,0.84556574,0.5670781,0.39779504715624237,1.0
Dmel_CG11897,0.8394162,0.122530706,0.4012357843744223,1.0
Dmel_CG7825,0.83930695,0.2648998,0.40129709017732007,1.0
Dmel_CG1965,0.83895165,-0.030866396,0.40149642704712984,1.0
Dmel_CG12428,0.8380581,0.2391114,0.4019980652777092,1.0
Dmel_CG2762,0.8376677,0.4451041,0.4022173518935147,1.0
Dmel_CG6672,0.83746535,0.25431246,0.4023310360863015,1.0
Dmel_CG10382,0.83615786,0.87187976,0.40306610866748993,1.0
Dmel_CG11085,0.83598834,0.43146414,0.40316147082670284,1.0
Dmel_CG1663,0.83564734,0.6374227,0.40335332220595477,1.0
Dmel_CG5705,0.8348805,0.04725807,0.4037850246148599,1.0
Dmel_CR43837,0.8341367,2.1889749,0.40420394874753174,1.0
Dmel_CG33993,0.834095,0.22069557,0.40422744751868045,1.0
Dmel_CG6650,0.83394945,0.064798184,0.40430948204346695,1.0
Dmel_CR43685,0.8330215,-0.0067372727,0.4048326045903369,1.0
Dmel_CG3178,0.8316618,0.06511221,0.4055998413995484,1.0
Dmel_CG3937,0.8309347,1.0745292,0.4060105092098103,1.0
Dmel_CR43963,0.8308795,1.7960633,0.4060417065504387,1.0
Dmel_CG31359,0.83013386,0.69631004,0.4064631198874846,1.0
Dmel_CG4022,0.82992995,-0.036587827,0.4065783938238521,1.0
Dmel_CG42274,0.82973224,0.52113366,0.4066901932405267,1.0
Dmel_CG1844,0.82920396,-0.04377,0.4069889972775298,1.0
Dmel_CG6773,0.8290634,-0.05598828,0.40706852566740226,1.0
Dmel_CG8878,0.8283969,-0.011135377,0.40744575622608203,1.0
Dmel_CG3340,0.8283722,0.30419853,0.40745974792383377,1.0
Dmel_CG34231,0.82757056,0.6328294,0.40791375894782544,1.0
Dmel_CG5169,0.8267469,-0.038465768,0.4083805494177929,1.0
Dmel_CG5621,0.82665074,0.6973495,0.40843506186062095,1.0
Dmel_CG12254,0.8255571,0.20304044,0.4090553636579817,1.0
Dmel_CG1137,0.82439405,0.61815715,0.40971570623365805,1.0
Dmel_CG11095,0.82377577,0.113285474,0.4100669629256365,1.0
Dmel_CG4574,0.82372403,0.04168967,0.4100963704145796,1.0
Dmel_CG4334,0.8220389,0.42641822,0.41105477392973877,1.0
Dmel_CG9856,0.82167935,-0.017888319,0.41125940825513485,1.0
Dmel_CG15400,0.8207673,0.050413024,0.4117788484361621,1.0
Dmel_CG7186,0.81979644,0.5801906,0.41233214311967414,1.0
Dmel_CG4109,0.8193165,-0.009327969,0.41260587202384347,1.0
Dmel_CG31293,0.81891525,0.7114636,0.4128347594097308,1.0
Dmel_CG6258,0.8157326,0.1410034,0.41465310165514335,1.0
Dmel_CG12868,0.81572217,0.028285304,0.41465906614085735,1.0
Dmel_CG11407,0.81520045,0.5643675,0.4149575761012052,1.0
Dmel_CG11279,0.8135616,-0.037090443,0.4158961342011289,1.0
Dmel_CG10754,0.8126711,0.078530155,0.41640662984358356,1.0
Dmel_CG33198,0.80919033,-0.05481894,0.418405667616613,1.0
Dmel_CG44248,0.80731595,0.055911902,0.4194844770076963,1.0
Dmel_CG11051,0.8071391,0.2867792,0.4195863526202931,1.0
Dmel_CR45558,0.8067166,1.8948116,0.4198297562826808,1.0
Dmel_CG32721,0.8064274,0.2616209,0.41999644886712384,1.0
Dmel_CG11943,0.80634516,0.3298065,0.4200438598677939,1.0
Dmel_CG1609,0.805213,0.29886648,0.42069680404458,1.0
Dmel_CG6227,0.80454373,-0.012285301,0.42108301596734654,1.0
Dmel_CG7364,0.80311537,-0.030277848,0.42190806129179215,1.0
Dmel_CG4038,0.8021809,0.1356565,0.42244834389764274,1.0
Dmel_CG34293,0.8013437,-0.018196125,0.4229327097514053,1.0
Dmel_CG31673,0.800727,0.22100566,0.4232897129972216,1.0
Dmel_CR45620,0.799455,0.57902586,0.4240266309960631,1.0
Dmel_CG42327,0.7981247,0.23046172,0.4247981320851528,1.0
Dmel_CG7009,0.7978034,0.061443694,0.42498457976434145,1.0
Dmel_CG32438,0.796633,-0.012054397,0.4256642182144815,1.0
Dmel_CG2941,0.7963816,0.6545855,0.42581027408878147,1.0
Dmel_CG8376,0.79499453,-0.0052433815,0.4266166872296272,1.0
Dmel_CG14145,0.7948408,0.016135547,0.42670609400640414,1.0
Dmel_CG15828,0.792934,0.14253332,0.4278162752161313,1.0
Dmel_CG6488,0.7908557,0.0023387966,0.4290281914681153,1.0
Dmel_CR44785,0.7895076,1.377704,0.4298153592891051,1.0
Dmel_CG10226,0.7892223,0.5420712,0.42998210015892924,1.0
Dmel_CG13651,0.788036,0.06346792,0.43067563927372177,1.0
Dmel_CG42709,0.7879113,-0.009465276,0.4307485979075597,1.0
Dmel_CG32280,0.78778386,0.5807142,0.4308231450933645,1.0
Dmel_CG8643,0.78753865,0.31964305,0.4309666130066322,1.0
Dmel_CG8228,0.7874255,0.08018278,0.4310328209293255,1.0
Dmel_CG12290,0.7862728,-0.0033001094,0.43170766437590313,1.0
Dmel_CG1109,0.78463477,0.09195053,0.43266774070698666,1.0
Dmel_CG10052,0.78462625,0.4104389,0.4326727231058022,1.0
Dmel_CG3308,0.7842606,0.1170729,0.43288722420936354,1.0
Dmel_CG7039,0.78405666,-0.03925874,0.43300684604960504,1.0
Dmel_CG5248,0.7834041,0.78505844,0.4333898551211458,1.0
Dmel_CG4848,0.7830295,0.08433539,0.4336097772059119,1.0
Dmel_CG7062,0.78239894,0.0017593452,0.4339801628869423,1.0
Dmel_CG5486,0.781181,-0.022980448,0.43469604857898436,1.0
Dmel_CG7098,0.7799793,0.040320866,0.4354030691205424,1.0
Dmel_CG10426,0.7798082,0.027455179,0.435503768956899,1.0
Dmel_CG11306,0.7788015,-0.048881654,0.4360966471070603,1.0
Dmel_CR40741,0.7780817,0.5543858,0.436520838965166,1.0
Dmel_CG9200,0.77784115,0.35909677,0.43666266852573155,1.0
Dmel_CG5483,0.77752954,0.22457421,0.4368464262116508,1.0
Dmel_CG7375,0.777309,-0.05426724,0.4369764724911924,1.0
Dmel_CG4619,0.77728045,0.14612623,0.4369933277562784,1.0
Dmel_CG7238,0.77556014,0.27521792,0.4380087497828331,1.0
Dmel_CG10110,0.7750543,0.25888732,0.43830759426835075,1.0
Dmel_CG1343,0.7737444,0.59863114,0.43908194067671624,1.0
Dmel_CG10645,0.7735722,0.59727585,0.43918381469061996,1.0
Dmel_CG1896,0.77288795,-0.0018351647,0.4395887038252232,1.0
Dmel_CG11990,0.7724346,0.039278943,0.4398570722665971,1.0
Dmel_CG7957,0.7723168,0.37442017,0.4399268085814433,1.0
Dmel_CG5976,0.7721562,0.12628834,0.44002193456861705,1.0
Dmel_CG5341,0.77142054,0.1443691,0.44045769829143244,1.0
Dmel_CG8620,0.77112705,0.18116812,0.4406316153171751,1.0
Dmel_CG3380,0.77104753,0.38641366,0.44067876276570794,1.0
Dmel_CG9008,0.7708263,0.18983577,0.4408099211202947,1.0
Dmel_CG8460,0.77055943,0.22197276,0.44096811915473,1.0
Dmel_CG34367,0.77003115,0.5718146,0.4412814059997592,1.0
Dmel_CG31762,0.76827765,-0.0142730605,0.44232225787595836,1.0
Dmel_CG33868,0.7680996,0.7112001,0.4424280031042588,1.0
Dmel_CG12900,0.7675965,0.47786024,0.4427269663981628,1.0
Dmel_CG7381,0.7673957,0.15953581,0.4428463086279596,1.0
Dmel_CG32113,0.767196,0.054380104,0.44296498057731415,1.0
Dmel_CG12007,0.7666137,0.00894162,0.443311230055109,1.0
Dmel_CG13281,0.766467,0.24755469,0.44339850563979943,1.0
Dmel_CG9947,0.76616883,-0.041216195,0.44357584310876086,1.0
Dmel_CG30381,0.76588,0.15504082,0.44374770613555903,1.0
Dmel_CG5828,0.76455164,0.016296355,0.4445385816940688,1.0
Dmel_CG33103,0.76443887,1.2753378,0.44460575116507106,1.0
Dmel_CG31999,0.76355845,0.643726,0.44513042419655957,1.0
Dmel_CR44384,0.7621953,1.6967843,0.4459434428793275,1.0
Dmel_CR46354,0.761172,0.96218884,0.4465543380895277,1.0
Dmel_CG3091,0.76053715,1.3861519,0.44693356292231745,1.0
Dmel_CG4407,0.75605506,-0.042529892,0.4496161805512644,1.0
Dmel_CG31216,0.75546235,0.4371296,0.44997163303812937,1.0
Dmel_CG7191,0.75490314,0.56819016,0.4503070852861669,1.0
Dmel_CG10576,0.7548267,-0.055752188,0.4503529661458351,1.0
Dmel_CR45164,0.75451857,1.5319438,0.45053790675470773,1.0
Dmel_CG5517,0.7544757,-0.030231735,0.4505636349833826,1.0
Dmel_CR45139,0.75431234,0.5774016,0.4506616880221571,1.0
Dmel_CG31460,0.7540513,-0.005675299,0.4508184125233382,1.0
Dmel_CG9304,0.753313,-0.014447466,0.45126185949701314,1.0
Dmel_CG4908,0.7530264,-0.0630645,0.4514340167748848,1.0
Dmel_CG17639,0.752882,0.54130465,0.4515208055492853,1.0
Dmel_CG6081,0.7528017,0.47123244,0.4515690771867725,1.0
Dmel_CG4965,0.75208694,0.8825347,0.4519987768928794,1.0
Dmel_CG10958,0.75157607,0.15316063,0.4523060458339764,1.0
Dmel_CG7970,0.7504423,0.1953258,0.4529883581579698,1.0
Dmel_CG3208,0.7504392,0.11555189,0.45299021811318263,1.0
Dmel_CG7485,0.74950975,-0.015472003,0.4535500279208352,1.0
Dmel_CG9323,0.7491429,0.23221244,0.4537710822602289,1.0
Dmel_CG6040,0.747326,0.5512404,0.454866778327333,1.0
Dmel_CG33466,0.746563,0.40913382,0.45532739139000733,1.0
Dmel_CG11466,0.74614596,0.6605975,0.45557925440611036,1.0
Dmel_CG8569,0.74539447,0.14381097,0.45603327210277733,1.0
Dmel_CG6394,0.7450392,0.09097714,0.4562480041842212,1.0
Dmel_CG8651,0.7441727,0.05389242,0.45677200213167146,1.0
Dmel_CG42267,0.744041,0.9190826,0.45685165885976353,1.0
Dmel_CG7074,0.7430857,0.28256977,0.4574298126153278,1.0
Dmel_CG10059,0.74268603,0.7658391,0.4576718055557988,1.0
Dmel_CG30394,0.7426312,0.09432102,0.4577050121243895,1.0
Dmel_CG31007,0.74216545,1.1279856,0.45798708861508786,1.0
Dmel_CG17737,0.7421033,0.02937359,0.458024752971005,1.0
Dmel_CG42522,0.7420562,-0.03451361,0.45805329482039847,1.0
Dmel_CR43838,0.7419735,1.787423,0.4581033624418015,1.0
Dmel_CG13194,0.74182373,0.17751014,0.45819414707956185,1.0
Dmel_CG9368,0.74138695,-0.015500783,0.4584588371937618,1.0
Dmel_CG5202,0.740617,0.58295834,0.45892570563435964,1.0
Dmel_CG15523,0.7405112,0.3247272,0.4589898798857457,1.0
Dmel_CG17996,0.7398428,-0.04847679,0.4593954181022112,1.0
Dmel_CG17896,0.7388623,0.041416004,0.45999061723297663,1.0
Dmel_CG5417,0.7380977,-0.04904098,0.4604550734469298,1.0
Dmel_CG18321,0.73705125,-0.0006693757,0.46109119354393446,1.0
Dmel_CR45907,0.73650134,0.7433813,0.4614256467476029,1.0
Dmel_CG9393,0.7364203,0.06824479,0.46147498066427384,1.0
Dmel_CG43119,0.73582405,0.1949007,0.4618377928673242,1.0
Dmel_CG34137,0.73556066,0.8188466,0.4619981012852622,1.0
Dmel_CG6586,0.7350942,-0.04406899,0.4622821255543932,1.0
Dmel_CG18789,0.7335484,0.3710123,0.463224004684186,1.0
Dmel_CG11853,0.7322305,3.2199142,0.46402790476013733,1.0
Dmel_CG1146,0.73066306,0.7300717,0.4649849744515797,1.0
Dmel_CG7845,0.7297097,0.061545093,0.4655676753068293,1.0
Dmel_CG12262,0.72960657,0.16145837,0.4656307134327632,1.0
Dmel_CG10542,0.7294996,-0.038968872,0.4656961175491473,1.0
Dmel_CG15537,0.72885704,0.08230077,0.46608912188515017,1.0
Dmel_CG7846,0.72883385,0.085167505,0.46610329615383816,1.0
Dmel_CG31719,0.7288153,0.6231012,0.46611463574112544,1.0
Dmel_CG17612,0.7282504,0.23558836,0.466460330391401,1.0
Dmel_CG6903,0.7280662,-0.021586476,0.4665730722517414,1.0
Dmel_CR45251,0.7275901,2.0404508,0.4668645693782336,1.0
Dmel_CG4445,0.72753716,0.11589594,0.466896964182971,1.0
Dmel_CG10495,0.72590065,0.18614279,0.4678996906628423,1.0
Dmel_CG30342,0.7258141,0.024165587,0.467952723066668,1.0
Dmel_CG7034,0.72569907,0.09217258,0.468023280265066,1.0
Dmel_CG6612,0.72462827,0.3615474,0.46868012350955135,1.0
Dmel_CG10151,0.72322226,0.018268269,0.4695433449549843,1.0
Dmel_CG3589,0.7214873,0.14649767,0.4706097720569301,1.0
Dmel_CG15173,0.72103935,-0.010778813,0.4708853185695693,1.0
Dmel_CG4851,0.7205918,-0.0015855724,0.47116071643798607,1.0
Dmel_CG4370,0.72037786,0.12612382,0.47129238752418756,1.0
Dmel_CG5953,0.7196179,0.12464888,0.47176029292341337,1.0
Dmel_CG18143,0.7189182,0.06739193,0.47219133458984963,1.0
Dmel_CG43662,0.71828645,4.0883193,0.4725806953854689,1.0
Dmel_CG16889,0.7181798,0.27848455,0.47264639959393273,1.0
Dmel_CG6163,0.7178269,0.5793584,0.47286402117309145,1.0
Dmel_CG8182,0.71743107,0.12950596,0.4731081372244015,1.0
Dmel_CG16947,0.7172268,0.5117076,0.4732341520481652,1.0
Dmel_CG11968,0.71648,-0.020081619,0.4736950136546383,1.0
Dmel_CG13434,0.71485776,0.1694405,0.4746969386065858,1.0
Dmel_CG10171,0.7147303,0.021687757,0.47477569180766654,1.0
Dmel_CG6949,0.71449786,0.078139834,0.474919375215896,1.0
Dmel_CG33801,0.713819,1.9778403,0.4753391055607299,1.0
Dmel_CG3159,0.7131351,-0.021072555,0.47576214541907813,1.0
Dmel_CG15382,0.712318,0.24772586,0.47626786621509964,1.0
Dmel_CG11601,0.71223927,0.03454432,0.476316637470126,1.0
Dmel_CG5403,0.7121991,0.40392688,0.47634150230035044,1.0
Dmel_CG8097,0.71219754,0.21333063,0.47634245865417735,1.0
Dmel_CG2144,0.7121373,0.051535618,0.4763797572740254,1.0
Dmel_CG43693,0.7110993,0.33256567,0.4770226924510529,1.0
Dmel_CG8864,0.7106382,0.7131452,0.4773084342527214,1.0
Dmel_CG6308,0.70992,0.024802307,0.4777537462143827,1.0
Dmel_CG3939,0.70960027,0.12694512,0.47795205492572845,1.0
Dmel_CG16940,0.7088264,0.022925347,0.47843220571846734,1.0
Dmel_CG31317,0.7086175,0.8812119,0.47856187243092807,1.0
Dmel_CG6522,0.70802706,0.63277006,0.4789284464650595,1.0
Dmel_CG3025,0.70722157,0.2072691,0.4794288070832463,1.0
Dmel_CG4663,0.7068435,-0.027315553,0.4796637342827127,1.0
Dmel_CG32068,0.70569164,-0.015809394,0.4803799413761437,1.0
Dmel_CG4649,0.705302,0.14546089,0.48062233033195456,1.0
Dmel_CG9144,0.7037844,0.38886645,0.4815670569987559,1.0
Dmel_CG5728,0.7037724,0.06253993,0.4815745130557384,1.0
Dmel_CG12759,0.7033971,0.0076954896,0.4818083283795843,1.0
Dmel_CG14646,0.7018007,0.10629179,0.4828034546356481,1.0
Dmel_CG42495,0.70168024,-0.03140428,0.4828786037911431,1.0
Dmel_CG10036,0.70118326,0.26646858,0.4831886612075641,1.0
Dmel_CG11200,0.70116585,0.38965946,0.4831995043315217,1.0
Dmel_CG11183,0.70112723,-0.059631463,0.48322360063554026,1.0
Dmel_CG12404,0.70047545,-0.044919115,0.4836304446847598,1.0
Dmel_CG11737,0.6990154,0.19006687,0.4845424205076512,1.0
Dmel_CG12252,0.6988837,-0.043672264,0.48462471537858887,1.0
Dmel_CG3713,0.69843733,0.49977112,0.4849037537579116,1.0
Dmel_CG11660,0.6981759,0.11448614,0.4850672102350473,1.0
Dmel_CG7771,0.69794536,0.44668916,0.48521137608035714,1.0
Dmel_CR44690,0.6972549,0.5099909,0.4856432879306908,1.0
Dmel_CG12004,0.69618255,0.0043535763,0.48631451635948875,1.0
Dmel_CG10069,0.6958431,0.064782485,0.48652708384147414,1.0
Dmel_CG9363,0.69496036,-0.032377657,0.4870801394599066,1.0
Dmel_CG4821,0.69386214,0.3280094,0.48776866664739815,1.0
Dmel_CG1960,0.69314545,0.39010647,0.4882182839057908,1.0
Dmel_CG1845,0.6924519,0.17996,0.48865357882386107,1.0
Dmel_CG10121,0.69186807,0.54237545,0.48902020303343596,1.0
Dmel_CG32262,0.69119924,-0.016228719,0.4894403540604604,1.0
Dmel_CR43958,0.69057864,0.18326217,0.4898303561615547,1.0
Dmel_CG8114,0.69022614,0.7252304,0.49005200618880773,1.0
Dmel_CG44025,0.69005233,0.2530084,0.4901612730374544,1.0
Dmel_CG9296,0.68968475,-0.052254662,0.4903924763057854,1.0
Dmel_CG12189,0.68950707,0.28459537,0.4905042131798373,1.0
Dmel_CG10574,0.68819416,-0.059678048,0.4913305187261391,1.0
Dmel_CG4596,0.68764967,-0.0515377,0.49167341165089773,1.0
Dmel_CG11405,0.6864179,-0.020805093,0.4924496502909529,1.0
Dmel_CG42301,0.6863391,0.104011215,0.49249931297523053,1.0
Dmel_CR44987,0.6863391,0.15752487,0.49249931297523053,1.0
Dmel_CG6667,0.6860097,0.7227409,0.492707000245572,1.0
Dmel_CG7718,0.68598074,0.058415174,0.4927252633877194,1.0
Dmel_CG5872,0.6850524,0.038016804,0.49331085013478426,1.0
Dmel_CG14966,0.6843496,0.050872814,0.4937544289820275,1.0
Dmel_CG2655,0.6827571,0.577494,0.49476033882726933,1.0
Dmel_CG18801,0.6823999,0.9698505,0.49498611148655813,1.0
Dmel_CG15220,0.68124646,-0.032913227,0.4957155498650754,1.0
Dmel_CR44998,0.68105376,0.83483565,0.4958374637441919,1.0
Dmel_CG6011,0.68078774,0.122705765,0.49600582403550797,1.0
Dmel_CG11906,0.6804116,0.15494561,0.4962438774047314,1.0
Dmel_CG5514,0.6796547,-0.02759772,0.49672310168777567,1.0
Dmel_CG45017,0.67938983,1.1025417,0.49689088844872187,1.0
Dmel_CG3363,0.6784009,0.0048290123,0.49751754281725713,1.0
Dmel_CG5799,0.67825377,0.12829132,0.49761080614067144,1.0
Dmel_CG1004,0.6778232,0.011460657,0.49788379558274887,1.0
Dmel_CG13337,0.6760782,0.066244945,0.4989910141550875,1.0
Dmel_CG44244,0.67460924,0.07962719,0.4999240609453993,1.0
Dmel_CG11100,0.6739829,0.6565805,0.5003221871961014,1.0
Dmel_CG11305,0.6735674,0.21953742,0.5005863883604924,1.0
Dmel_CG32133,0.67317545,0.027017167,0.500835679360474,1.0
Dmel_CG10954,0.67314184,-0.02046777,0.5008570502217342,1.0
Dmel_CG33108,0.6729187,-0.018088583,0.5009990436167677,1.0
Dmel_CG17786,0.6711072,0.089168414,0.5021522388488922,1.0
Dmel_CG7518,0.669797,-0.023048516,0.5029872192544542,1.0
Dmel_CG8274,0.6697742,-0.03215322,0.503001744999754,1.0
Dmel_CG8861,0.66952205,0.018984178,0.503162527796171,1.0
Dmel_CG9638,0.6695193,-0.018239098,0.5031642514954254,1.0
Dmel_CG4813,0.66937375,0.20210512,0.5032570896204305,1.0
Dmel_CG4063,0.6692726,-0.036553912,0.5033216137520915,1.0
Dmel_CG3938,0.6671568,0.6485282,0.5046719566864404,1.0
Dmel_CR45941,0.6671047,1.4984595,0.5047052525968675,1.0
Dmel_CG32791,0.6666942,0.118681885,0.5049674675136513,1.0
Dmel_CG5725,0.66557556,-0.04489565,0.5056824475812693,1.0
Dmel_CG4579,0.6640533,0.14596207,0.5066561890734793,1.0
Dmel_CG7536,0.66296357,-0.067589656,0.5073538763045644,1.0
Dmel_CG7922,0.6627261,0.56168485,0.5075059905966212,1.0
Dmel_CG5949,0.6625114,0.678236,0.5076435324179284,1.0
Dmel_CG45783,0.66231173,0.7454676,0.5077714440768317,1.0
Dmel_CG2087,0.66061306,0.013213815,0.5088604904775885,1.0
Dmel_CG2135,0.6603632,0.5814848,0.5090207693959409,1.0
Dmel_CG11025,0.65995854,0.21713303,0.5092804426711834,1.0
Dmel_CG31860,0.6561769,0.2218861,0.5117102998445946,1.0
Dmel_CG6986,0.6561522,0.8420066,0.5117261995193794,1.0
Dmel_CG5254,0.6561464,0.26093712,0.5117299260429534,1.0
Dmel_CG3902,0.6560483,0.69834167,0.511793030659213,1.0
Dmel_CR45660,0.6558599,0.6094795,0.5119142824194842,1.0
Dmel_CG9263,0.6555718,0.96911854,0.512099667559359,1.0
Dmel_CG4042,0.6552405,-0.01683698,0.5123129286134974,1.0
Dmel_CR46342,0.6545369,0.07569782,0.5127659512049576,1.0
Dmel_CG4294,0.6541206,-0.033512168,0.5130340836905807,1.0
Dmel_CG4148,0.65407896,0.5064685,0.5130609507101427,1.0
Dmel_CG7956,0.6528251,-0.051250134,0.5138690448025239,1.0
Dmel_CG17323,0.6514577,0.79924524,0.5147510621611926,1.0
Dmel_CG11910,0.65135884,0.1712499,0.5148148589335793,1.0
Dmel_CR45131,0.65106463,0.24484468,0.5150047783248493,1.0
Dmel_CG11723,0.6509503,0.0789103,0.5150785625997767,1.0
Dmel_CG17167,0.6507688,0.60917926,0.5151957313427306,1.0
Dmel_CG10383,0.6500347,0.13511007,0.5156697826830541,1.0
Dmel_CG6905,0.64976865,-0.0022035546,0.5158416541118275,1.0
Dmel_CG3647,0.6495053,0.052347735,0.5160118086507957,1.0
Dmel_CR32111,0.6485793,0.7975414,0.5166103250252667,1.0
Dmel_CG3169,0.64713204,-0.021973217,0.5175465077216606,1.0
Dmel_CG43322,0.64712584,0.2632826,0.5175505061138834,1.0
Dmel_CG2116,0.6463389,0.066380866,0.5180599319973477,1.0
Dmel_CG5760,0.6452939,0.5860105,0.5187367341014668,1.0
Dmel_CG3522,0.6451669,0.0072046733,0.5188190519664412,1.0
Dmel_CG3071,0.6446784,-0.022204822,0.5191356257483686,1.0
Dmel_CG11967,0.6439146,0.15166746,0.5196308318572549,1.0
Dmel_CG15459,0.6431261,2.115563,0.5201423163798686,1.0
Dmel_CG3923,0.6408203,0.025560597,0.5216394330554677,1.0
Dmel_CG11539,0.64015573,0.46782562,0.5220713528302097,1.0
Dmel_CG2977,0.6400414,4.9652615,0.522145658546718,1.0
Dmel_CG14685,0.64001906,-0.02485687,0.5221602190876137,1.0
Dmel_CG10571,0.6383447,0.26833674,0.5232493357936223,1.0
Dmel_CG11390,0.6382358,0.23739839,0.523320208925159,1.0
Dmel_CG10274,0.63661855,0.36671758,0.5243733298492436,1.0
Dmel_CG10565,0.6349299,-0.07409101,0.5254741288686456,1.0
Dmel_CG4030,0.6346237,-0.04158614,0.5256738743499825,1.0
Dmel_CG14057,0.63401127,0.011780268,0.5260734817653425,1.0
Dmel_CG1462,0.63395524,0.6296243,0.5261100236050273,1.0
Dmel_CG11820,0.6328427,0.051538657,0.5268363409939212,1.0
Dmel_CG8950,0.6326118,0.3845708,0.5269871645093448,1.0
Dmel_CG3309,0.63195074,0.06837889,0.5274190753920022,1.0
Dmel_CG5025,0.6318021,0.1344299,0.527516229745108,1.0
Dmel_CG4903,0.63091505,-0.036069073,0.5280960649332826,1.0
Dmel_CG7595,0.62924457,0.736983,0.5291889647132066,1.0
Dmel_CG6745,0.6289526,0.4410663,0.5293800749454914,1.0
Dmel_CG3631,0.62893677,0.014027255,0.5293904403926084,1.0
Dmel_CG6176,0.62525946,0.017034635,0.5318007979439855,1.0
Dmel_CG10302,0.6249312,-0.00474564,0.5320162106611399,1.0
Dmel_CG2093,0.624245,-0.0073140115,0.5324666926972279,1.0
Dmel_CG31753,0.6234337,0.3404592,0.5329995600111606,1.0
Dmel_CG7110,0.6216736,0.95190924,0.5341565118992326,1.0
Dmel_CG33696,0.62099165,0.009902618,0.5346051142163588,1.0
Dmel_CG2173,0.6207573,-0.02377838,0.5347593492729624,1.0
Dmel_CG3157,0.6207179,-0.04952434,0.5347852690634187,1.0
Dmel_CG1471,0.6195946,0.40029573,0.5355247579846363,1.0
Dmel_CG2974,0.6193447,0.09523131,0.5356893000938383,1.0
Dmel_CG4282,0.61906165,0.26650795,0.5358757440978756,1.0
Dmel_CG14871,0.61877203,0.87669426,0.5360665459965077,1.0
Dmel_CG11635,0.61792946,0.08047147,0.5366218467493387,1.0
Dmel_CG7018,0.6160427,0.003999169,0.5378663413582508,1.0
Dmel_CG9436,0.61529356,0.47833216,0.5383608730083999,1.0
Dmel_CG32165,0.6144865,0.05885506,0.5388938967644687,1.0
Dmel_CG3639,0.61405015,0.0059929844,0.5391821967809538,1.0
Dmel_CG9020,0.61395824,0.12274747,0.5392429282281859,1.0
Dmel_CG10435,0.61372846,0.0027126034,0.5393947718383096,1.0
Dmel_CG8412,0.61365587,-0.049885493,0.5394427537671771,1.0
Dmel_CG13968,0.6131975,0.0072372807,0.5397457528483747,1.0
Dmel_CG6291,0.61291444,0.17179555,0.5399329043424483,1.0
Dmel_CG44255,0.61283064,0.106656775,0.5399883155847734,1.0
Dmel_CG5811,0.61265224,0.64330536,0.540106297385192,1.0
Dmel_CG3476,0.61262137,0.16980806,0.5401267284441278,1.0
Dmel_CG18273,0.6122151,0.4675727,0.5403954328387035,1.0
Dmel_CG8180,0.6121205,0.75775474,0.5404580209298666,1.0
Dmel_CG18731,0.61045694,-0.07084642,0.5415591413868391,1.0
Dmel_CG8485,0.61023337,-0.03997637,0.5417072185330056,1.0
Dmel_CG15387,0.61010325,0.031203745,0.5417934143611242,1.0
Dmel_CG13055,0.60817635,0.34759915,0.5430705269050395,1.0
Dmel_CG17486,0.607516,-0.04460236,0.5435085193616801,1.0
Dmel_CG30446,0.60703176,1.0727727,0.5438298255287937,1.0
Dmel_CG46149,0.60647684,-0.06654414,0.5441981370150476,1.0
Dmel_CR44093,0.6055254,1.4441707,0.5448299630869335,1.0
Dmel_CR45126,0.6052744,0.55622345,0.5449966986974217,1.0
Dmel_CG45110,0.6044055,0.008892013,0.5455740560033513,1.0
Dmel_CG42314,0.6040796,0.09170953,0.5457907073753161,1.0
Dmel_CG11696,0.60372746,-0.0053914906,0.5460248620226392,1.0
Dmel_CR42875,0.60366064,0.8954027,0.5460692851348738,1.0
Dmel_CG43845,0.60325557,0.108667,0.5463386867603273,1.0
Dmel_CG1662,0.6031892,-0.028112905,0.5463828656650369,1.0
Dmel_CG30344,0.6029057,-0.033719763,0.5465714164640127,1.0
Dmel_CR43152,0.60209984,0.8054308,0.5471077035569321,1.0
Dmel_CG1825,0.601202,-0.056797642,0.5477054549453788,1.0
Dmel_CG46284,0.6004181,0.008461489,0.5482276265268556,1.0
Dmel_CR32218,0.6004011,0.014007938,0.5482389472541795,1.0
Dmel_CG32135,0.59972686,-0.022654956,0.5486882674925289,1.0
Dmel_CG9342,0.59953344,0.2764554,0.5488172297102542,1.0
Dmel_CG17853,0.59864104,0.46550506,0.5494122969317534,1.0
Dmel_CG5576,0.5985599,0.07512967,0.5494663863085432,1.0
Dmel_CG17359,0.59838575,0.16157657,0.549582558558132,1.0
Dmel_CG7210,0.5980205,0.042816766,0.5498262762648669,1.0
Dmel_CG31538,0.59748566,0.22742932,0.5501831894557481,1.0
Dmel_CG1443,0.5972833,1.6990695,0.5503182535065594,1.0
Dmel_CG18332,0.5965612,0.049996216,0.5508003899489801,1.0
Dmel_CR45911,0.5965419,-0.017315574,0.5508132841499693,1.0
Dmel_CG42553,0.5963735,0.2589734,0.5509257278761888,1.0
Dmel_CG32055,0.59558034,1.9370521,0.5514556031546161,1.0
Dmel_CG2321,0.5955008,0.5606124,0.5515087592835686,1.0
Dmel_CG5009,0.5951788,0.08099554,0.5517239899258652,1.0
Dmel_CG14005,0.59513474,-0.046116628,0.551753413147363,1.0
Dmel_CG18468,0.5949046,0.10152352,0.5519072523632556,1.0
Dmel_CG5404,0.5940404,0.38810363,0.552485111794977,1.0
Dmel_CG3095,0.5940311,0.81860936,0.5524913102876059,1.0
Dmel_CG5871,0.59352213,0.15955077,0.5528317632259899,1.0
Dmel_CG15100,0.5932395,-0.016777279,0.5530208907750269,1.0
Dmel_CG10251,0.59302825,0.13743295,0.5531622404015593,1.0
Dmel_CG10149,0.59254867,-0.063022844,0.5534832499006813,1.0
Dmel_CG8272,0.592332,0.14464238,0.5536282768616693,1.0
Dmel_CG18593,0.59132725,-0.049961507,0.5543011763767207,1.0
Dmel_CG7728,0.5912392,0.1549631,0.5543601581953886,1.0
Dmel_CG5720,0.59045726,-0.03658716,0.5548841445734964,1.0
Dmel_CR45281,0.5902808,0.36465526,0.5550024307774937,1.0
Dmel_CG3830,0.589934,0.1216669,0.5552348977679467,1.0
Dmel_CG17328,0.58903503,0.075958595,0.5558377730372153,1.0
Dmel_CG8368,0.5888752,-0.021505343,0.5559450188435144,1.0
Dmel_CG10580,0.588357,0.3556587,0.5562927304489429,1.0
Dmel_CG33123,0.5880534,0.06928613,0.5564964319424979,1.0
Dmel_CG32756,0.58565193,-0.064650215,0.5581094426977495,1.0
Dmel_CG17295,0.5855013,-0.015862076,0.5582106720016461,1.0
Dmel_CG3105,0.58532524,-0.034801647,0.5583290437386321,1.0
Dmel_CG10738,0.58345854,0.37950614,0.5595846377437721,1.0
Dmel_CG42514,0.5828766,0.91172737,0.5599763492039451,1.0
Dmel_CG33152,0.58241093,0.021455461,0.5602899180738914,1.0
Dmel_CG6723,0.58169425,0.40031186,0.5607726578924643,1.0
Dmel_CG2025,0.5813849,0.048864823,0.5609810576905622,1.0
Dmel_CG5281,0.5804856,-0.05668962,0.5615872170401679,1.0
Dmel_CG13322,0.58000636,-0.061223447,0.5619103363479773,1.0
Dmel_CR44716,0.5793827,0.16643308,0.5623309685773537,1.0
Dmel_CG10650,0.57911706,0.3049973,0.5625102066908831,1.0
Dmel_CG17461,0.57876796,-0.02665273,0.5627457591601739,1.0
Dmel_CG15107,0.57840264,-0.008087464,0.5629923064023628,1.0
Dmel_CG8038,0.57792073,0.35485372,0.5633176408132665,1.0
Dmel_CG7504,0.57712525,0.015393471,0.5638548493628104,1.0
Dmel_CG13008,0.5769754,0.5230665,0.5639560599462496,1.0
Dmel_CG4859,0.57668,0.84028566,0.5641556373720635,1.0
Dmel_CG15883,0.57577217,0.4504484,0.5647691920040687,1.0
Dmel_CG2615,0.57446694,0.06536009,0.5656518530164556,1.0
Dmel_CG17278,0.57341045,1.1934497,0.5663668232913068,1.0
Dmel_CG5360,0.5726103,0.058182683,0.5669085657238043,1.0
Dmel_CG8241,0.57234544,-0.020008512,0.5670879811085243,1.0
Dmel_CG32810,0.5723176,-0.025276745,0.5671068134553776,1.0
Dmel_CG6718,0.5722211,-0.05249456,0.5671722058752527,1.0
Dmel_CG17746,0.5717851,-0.06584308,0.5674675630312397,1.0
Dmel_CG2671,0.57134837,0.93740916,0.5677635172379709,1.0
Dmel_CG34395,0.5704409,0.58257425,0.5683786891583587,1.0
Dmel_CG4713,0.5703772,0.046970006,0.5684218940519521,1.0
Dmel_CG3906,0.56941915,2.6045601,0.5690717277832515,1.0
Dmel_CG9326,0.56898624,-0.06018286,0.5693654610484529,1.0
Dmel_CG6479,0.5685785,0.38727778,0.5696422286859647,1.0
Dmel_CG8938,0.5679116,0.05564971,0.5700949973811174,1.0
Dmel_CG1671,0.56748915,0.0854264,0.5703819008056094,1.0
Dmel_CG14816,0.5673687,0.08285838,0.5704637359626139,1.0
Dmel_CG31116,0.56676084,0.29552782,0.570876669120324,1.0
Dmel_CG30085,0.5659723,0.81858563,0.5714125923696897,1.0
Dmel_CG9634,0.5659619,0.62243,0.5714196801272955,1.0
Dmel_CR43256,0.56578463,0.28580034,0.571540178405193,1.0
Dmel_CG12924,0.5656534,0.9000359,0.5716294441800531,1.0
Dmel_CG16758,0.56520313,0.27733585,0.5719356236253506,1.0
Dmel_CG9233,0.56482893,-0.004866734,0.5721901322172496,1.0
Dmel_CG31176,0.5647374,0.35211092,0.5722523886374593,1.0
Dmel_CG6281,0.56455284,0.1513424,0.572377962008245,1.0
Dmel_CG9776,0.56352025,-0.03392787,0.5730806785919007,1.0
Dmel_CG18596,0.5631615,0.35259765,0.5733249118635741,1.0
Dmel_CG4598,0.56308734,0.15454711,0.5733753946463327,1.0
Dmel_CG6206,0.5628885,0.55425775,0.5735108146017343,1.0
Dmel_CG11063,0.5627159,0.009786036,0.573628366153679,1.0
Dmel_CG2059,0.5627155,-0.03914556,0.5736286291453442,1.0
Dmel_CG42390,0.5626599,0.41615868,0.5736665005417332,1.0
Dmel_CG6535,0.5619231,0.20591842,0.574168408376595,1.0
Dmel_CG6187,0.5617258,-0.05928713,0.5743028644791897,1.0
Dmel_CG7221,0.5611481,-0.002988118,0.5746965828923386,1.0
Dmel_CG5608,0.5608859,-0.020138485,0.5748753247495413,1.0
Dmel_CG12814,0.5597946,1.2763414,0.5756195311836501,1.0
Dmel_CG33166,0.55847746,0.94139045,0.5765183987531411,1.0
Dmel_CG9242,0.55821836,-0.060148053,0.5766952987326204,1.0
Dmel_CG1567,0.55750394,1.3992236,0.577183158454726,1.0
Dmel_CG4078,0.5573927,0.5347961,0.5772591238328686,1.0
Dmel_CG6646,0.55562186,0.13842054,0.5784694010630698,1.0
Dmel_CG18600,0.5555909,0.082746536,0.5784905241992393,1.0
Dmel_CG7341,0.5553778,0.97153586,0.5786362837193806,1.0
Dmel_CG13609,0.55487037,0.4842927,0.5789833241730624,1.0
Dmel_CG30285,0.5546472,0.17062192,0.579136010665693,1.0
Dmel_CG10195,0.55447537,0.41836375,0.5792535762945248,1.0
Dmel_CG7422,0.5533227,0.4049179,0.5800424801592206,1.0
Dmel_CG13005,0.5533169,0.33113888,0.5800464457718439,1.0
Dmel_CG4722,0.55267936,0.20877397,0.5804830052008323,1.0
Dmel_CG43343,0.5521681,0.039027717,0.5808332100587755,1.0
Dmel_CG12768,0.55185914,0.1911297,0.5810448621294675,1.0
Dmel_CG7146,0.55112004,0.13479152,0.5815513861292807,1.0
Dmel_CR45683,0.55033463,0.25726697,0.5820898932942214,1.0
Dmel_CR43910,0.54823625,0.6905197,0.5835297011644698,1.0
Dmel_CG4843,0.54739594,0.7709672,0.5841067251769225,1.0
Dmel_CG9248,0.54676497,0.07798243,0.5845401980746545,1.0
Dmel_CG43313,0.5462784,0.8219163,0.5848745571654734,1.0
Dmel_CR43411,0.5456996,1.1322833,0.585272454104037,1.0
Dmel_CG5721,0.5451972,0.040313955,0.585617895507937,1.0
Dmel_CG12713,0.54515356,0.23356974,0.5856479037252545,1.0
Dmel_CG15747,0.5450605,-0.047304545,0.5857119059362389,1.0
Dmel_CG12797,0.5442743,-0.06267185,0.5862527346446429,1.0
Dmel_CG11534,0.54387885,0.02519433,0.5865248302987358,1.0
Dmel_CG18598,0.5437715,0.0633929,0.5865987101194278,1.0
Dmel_CG34213,0.5435827,0.023294967,0.5867286746573047,1.0
Dmel_CG15073,0.542983,0.010465855,0.5871415134673871,1.0
Dmel_CG1840,0.54285246,-0.07681361,0.5872313828758751,1.0
Dmel_CR45910,0.5421099,0.28591338,0.5877428024555289,1.0
Dmel_CG15019,0.54203844,-0.08549109,0.5877920138481937,1.0
Dmel_CG7908,0.540836,-0.079604164,0.5886206471487034,1.0
Dmel_CG9346,0.5400505,-0.07317912,0.5891621842828412,1.0
Dmel_CG3980,0.5396794,-0.05323357,0.5894181232074236,1.0
Dmel_CG31643,0.5391601,0.4759223,0.5897764172465968,1.0
Dmel_CG4241,0.5382155,0.19693024,0.5904282633897766,1.0
Dmel_CG2987,0.53667325,-0.051751263,0.5914933557016305,1.0
Dmel_CG9433,0.53625697,0.33406794,0.5917809805118589,1.0
Dmel_CG3724,0.5359851,1.0498219,0.5919688517858077,1.0
Dmel_CG43749,0.53559816,0.075240165,0.5922362953254106,1.0
Dmel_CG15797,0.5343725,0.009688889,0.5930838325281526,1.0
Dmel_CG2617,0.5342644,0.15530972,0.5931586261816686,1.0
Dmel_CG9238,0.5341107,0.6334089,0.5932649474532485,1.0
Dmel_CG34246,0.53404546,0.054211177,0.5933100965628422,1.0
Dmel_CG6760,0.5338373,0.7498764,0.5934541033471763,1.0
Dmel_CG8614,0.53340715,-0.04702464,0.5937517858873951,1.0
Dmel_CG32315,0.53283983,0.20356755,0.5941444357861961,1.0
Dmel_CG9522,0.5316343,0.6918163,0.5949793111432213,1.0
Dmel_CG15439,0.5311257,0.14877144,0.595331659689651,1.0
Dmel_CG1474,0.5305971,-0.03357235,0.595698021148892,1.0
Dmel_CG8727,0.5301889,-0.029261988,0.5959809578360616,1.0
Dmel_CG3810,0.530075,0.06871177,0.5960599340681432,1.0
Dmel_CG1133,0.52971125,0.41041628,0.5963121545034884,1.0
Dmel_CG7757,0.52958304,-0.005197445,0.5964010590656896,1.0
Dmel_CG12532,0.5294293,-0.053865384,0.5965076453818927,1.0
Dmel_CG11257,0.52779627,0.28361952,0.5976407272722286,1.0
Dmel_CG32512,0.526332,0.7113478,0.5986575540214802,1.0
Dmel_CG13088,0.5262312,0.31691146,0.5987275701609225,1.0
Dmel_CG31632,0.5257358,0.48475403,0.5990718030995124,1.0
Dmel_CG11241,0.5256462,0.43449622,0.5991340590053225,1.0
Dmel_CG17608,0.5255836,0.19215497,0.5991775325399993,1.0
Dmel_CG1311,0.5252183,-0.014654637,0.5994314250545499,1.0
Dmel_CG17568,0.5247395,-0.06045897,0.599764296630724,1.0
Dmel_CG6378,0.52382237,0.08575318,0.6004020865673858,1.0
Dmel_CG10516,0.5234779,0.0627414,0.6006417062290264,1.0
Dmel_CG33344,0.5233771,0.085404254,0.6007118273292453,1.0
Dmel_CG8777,0.5233741,0.22913681,0.6007139766934282,1.0
Dmel_CG10955,0.5220781,-0.06969136,0.6016159412927625,1.0
Dmel_CG2925,0.5220094,0.032846652,0.6016637979505812,1.0
Dmel_CG6016,0.52144134,-0.0236212,0.6020593532378483,1.0
Dmel_CG10431,0.5203308,0.40348005,0.6028330546869713,1.0
Dmel_CR43730,0.5196191,0.9338218,0.6033290936689529,1.0
Dmel_CG33080,0.5176856,0.6203336,0.6046776413578477,1.0
Dmel_CG18316,0.51749754,-0.034956995,0.6048088783955994,1.0
Dmel_CG13315,0.51737976,0.5738617,0.6048910764742568,1.0
Dmel_CG12918,0.516899,0.007780317,0.605226658281171,1.0
Dmel_CG5395,0.51676387,-0.06776409,0.6053210135698979,1.0
Dmel_CG17081,0.51606953,0.54733723,0.6058058340268545,1.0
Dmel_CG3270,0.51584715,0.14044522,0.6059611858998029,1.0
Dmel_CG33129,0.51431566,-0.03111505,0.6070313318916619,1.0
Dmel_CG17077,0.5142253,0.33062348,0.6070944984866127,1.0
Dmel_CG31897,0.51206744,0.13139652,0.6086038094660327,1.0
Dmel_CG17684,0.5116867,-0.022287605,0.6088703000257172,1.0
Dmel_CG2213,0.51118314,0.24407241,0.6092228175838967,1.0
Dmel_CG31788,0.51043403,1.1749048,0.609747436470692,1.0
Dmel_CG7764,0.5097922,0.05615623,0.6101970375973544,1.0
Dmel_CG6000,0.5097814,3.2036393,0.6102046133654804,1.0
Dmel_CG7937,0.5079047,1.1419122,0.6115201823240455,1.0
Dmel_CG10843,0.50777185,0.5754424,0.6116133483694519,1.0
Dmel_CG8985,0.50700223,0.03160442,0.6121532392394857,1.0
Dmel_CG42865,0.50621796,0.3122119,0.6127036408300326,1.0
Dmel_CG7067,0.5051113,0.29387265,0.6134806994232754,1.0
Dmel_CG8330,0.50492394,0.54144377,0.6136122404815872,1.0
Dmel_CG6798,0.5040737,-0.026450677,0.6142096204096339,1.0
Dmel_CG11488,0.50350255,-0.08926363,0.6146110016773242,1.0
Dmel_CG11926,0.50317585,0.050032895,0.6148406469265939,1.0
Dmel_CG11140,0.50249773,-0.06368594,0.6153174305996199,1.0
Dmel_CG9331,0.5020591,-0.010861384,0.6156259603652605,1.0
Dmel_CG10514,0.5014841,0.27239585,0.6160304654040349,1.0
Dmel_CR45669,0.50119025,0.38034943,0.6162372454013778,1.0
Dmel_CG6689,0.50021017,-0.028140325,0.6169270944519792,1.0
Dmel_CG1030,0.49987692,0.4071298,0.6171617419660547,1.0
Dmel_CG18471,0.49961898,-0.030133545,0.6173433963153689,1.0
Dmel_CG31898,0.49956608,0.74505216,0.6173806546667716,1.0
Dmel_CG3312,0.4994676,-0.017276265,0.6174500067750603,1.0
Dmel_CG2292,0.49921507,0.5862253,0.6176278901262496,1.0
Dmel_CG9753,0.49916178,0.23128715,0.617665428011146,1.0
Dmel_CG44243,0.49912122,0.0072434973,0.6176939901142158,1.0
Dmel_CG7122,0.49853775,0.2642116,0.6181050763710609,1.0
Dmel_CG4069,0.4984829,-0.012170631,0.6181437153785522,1.0
Dmel_CG7003,0.4979033,0.094275594,0.6185522105837917,1.0
Dmel_CG43664,0.4974793,0.5595511,0.6188511045383622,1.0
Dmel_CG13689,0.4970862,-0.0055611846,0.6191282774852893,1.0
Dmel_CG10689,0.4961208,0.08925937,0.6198091873938567,1.0
Dmel_CG9621,0.4960845,0.3029273,0.6198347959725352,1.0
Dmel_CG2050,0.496059,-0.05313385,0.6198527767395071,1.0
Dmel_CG34424,0.49598333,0.80202717,0.6199061755086135,1.0
Dmel_CG8121,0.49537396,-0.07165284,0.6203361631056135,1.0
Dmel_CG11128,0.49460977,1.9623034,0.620875602254175,1.0
Dmel_CG4797,0.49453062,0.40802413,0.6209314931598369,1.0
Dmel_CG11107,0.49432904,-0.00894342,0.6210738203690139,1.0
Dmel_CG11093,0.49414137,0.45206943,0.6212063446578955,1.0
Dmel_CG9004,0.49245,0.015876858,0.6224012534431437,1.0
Dmel_CG7420,0.49177578,0.09743261,0.6228778578002386,1.0
Dmel_CG15504,0.49123672,0.5484516,0.6232590366224244,1.0
Dmel_CG9538,0.49028215,0.9393648,0.6239342656406777,1.0
Dmel_CG4971,0.48975775,0.2790418,0.6243053391071164,1.0
Dmel_CG17166,0.48960173,-0.096801735,0.6244157504963181,1.0
Dmel_CG12972,0.48953956,0.18041807,0.6244597534249638,1.0
Dmel_CG6437,0.48927853,0.0042570825,0.6246445256785929,1.0
Dmel_CG1435,0.4883556,0.9294161,0.6252979776866661,1.0
Dmel_CG7376,0.48707744,0.29862607,0.6262034541176715,1.0
Dmel_CG31449,0.4865148,0.78201807,0.626602206687405,1.0
Dmel_CG3697,0.4864144,0.10755552,0.6266733751128934,1.0
Dmel_CG18787,0.4860298,0.23306043,0.6269460370823307,1.0
Dmel_CG6712,0.48599812,-0.013974535,0.626968487427621,1.0
Dmel_CG11783,0.48593405,-0.048654318,0.6270139367452219,1.0
Dmel_CG42345,0.48411834,1.9263353,0.6283018898030045,1.0
Dmel_CG4788,0.48395962,0.100171044,0.6284145231563367,1.0
Dmel_CG30495,0.48393297,0.17211996,0.6284334332536455,1.0
Dmel_CG8675,0.48386347,-0.05869396,0.6284827650899711,1.0
Dmel_CG1513,0.48305565,-0.0299731,0.6290562323057526,1.0
Dmel_CG11993,0.48288494,-0.07220208,0.6291774237238523,1.0
Dmel_CG7144,0.48261735,1.056882,0.6293674566199599,1.0
Dmel_CG30023,0.48229954,0.30271348,0.6295931697046838,1.0
Dmel_CG17064,0.48195356,0.690895,0.6298389428509164,1.0
Dmel_CG32442,0.48003128,-0.03914499,0.6312051559774208,1.0
Dmel_CG30035,0.479927,0.2390434,0.6312792936278484,1.0
Dmel_CG6098,0.47971347,0.052334484,0.6314311500988403,1.0
Dmel_CG11567,0.47889522,-0.05927121,0.6320131817031343,1.0
Dmel_CG14103,0.47887397,-0.026895093,0.6320282917442535,1.0
Dmel_CG31022,0.4780248,-0.032111447,0.6326325445083018,1.0
Dmel_CR46117,0.4779696,0.51039755,0.6326718472980826,1.0
Dmel_CG13663,0.4777769,0.2239233,0.6328090029203796,1.0
Dmel_CG10309,0.4774672,0.06398681,0.6330294678709067,1.0
Dmel_CG32155,0.47717682,0.2937229,0.6332362177410787,1.0
Dmel_CG7985,0.47669065,-0.07889189,0.6335824229434484,1.0
Dmel_CG4869,0.47615042,0.6154648,0.6339672200652584,1.0
Dmel_CG7692,0.47589016,0.02539267,0.6341526401519,1.0
Dmel_CG3342,0.47576118,-0.025521548,0.634244533394638,1.0
Dmel_CG33250,0.47567543,0.16417646,0.634305615256488,1.0
Dmel_CG3917,0.4754654,0.038641885,0.6344553038618941,1.0
Dmel_CG5649,0.4754534,-0.054715272,0.6344638343614366,1.0
Dmel_CG33310,0.47527346,-0.041699123,0.6345920728819817,1.0
Dmel_CG4559,0.4749155,0.21345684,0.6348472065805897,1.0
Dmel_CG2702,0.4748653,0.17002103,0.6348829893165999,1.0
Dmel_CG33507,0.47362304,-0.044626083,0.6357687459647237,1.0
Dmel_CG7535,0.47259355,0.08637424,0.6365031874122768,1.0
Dmel_CG4214,0.47255608,-0.05813198,0.6365299161427644,1.0
Dmel_CG8034,0.47242558,0.27141082,0.6366230570649871,1.0
Dmel_CG3534,0.4720657,0.07468695,0.6368799132618794,1.0
Dmel_CG14886,0.47136095,0.1658407,0.6373830037566416,1.0
Dmel_CG13531,0.47136056,0.16139184,0.6373832794685024,1.0
Dmel_CG2919,0.47136018,0.48352298,0.6373835551804133,1.0
Dmel_CG4825,0.47067782,-0.022604667,0.6378708164873486,1.0
Dmel_CG11168,0.46947882,0.3501579,0.6387274187157336,1.0
Dmel_CG4746,0.46881348,0.017845033,0.6392029652319151,1.0
Dmel_CG8461,0.4687517,0.019465065,0.6392471326246048,1.0
Dmel_CG5798,0.4686953,-0.04437127,0.6392874364866233,1.0
Dmel_CG3654,0.46826553,-0.018631663,0.6395947194197928,1.0
Dmel_CG44158,0.46801567,0.69431883,0.6397733750351724,1.0
Dmel_CG14231,0.4670001,-0.0037741924,0.6404998098939874,1.0
Dmel_CG33323,0.46661124,0.041024953,0.6407780456113887,1.0
Dmel_CG15923,0.4660347,1.5977705,0.6411906568196328,1.0
Dmel_CG16863,0.4659397,0.14757806,0.6412586529659032,1.0
Dmel_CG4537,0.4656671,0.06998812,0.6414538130891687,1.0
Dmel_CG4426,0.4653539,0.21476233,0.6416780290218198,1.0
Dmel_CG1227,0.46458277,0.13493435,0.6422302758343184,1.0
Dmel_CG15094,0.464526,0.014032058,0.6422709347741855,1.0
Dmel_CG15497,0.46443835,0.7751046,0.6423337231343504,1.0
Dmel_CG5127,0.46433717,0.07548234,0.642406195697024,1.0
Dmel_CG5535,0.4641947,1.1255577,0.6425082716072181,1.0
Dmel_CG11920,0.46305746,0.2591957,0.6433231843343501,1.0
Dmel_CG3302,0.46259177,0.20788346,0.6436570212506376,1.0
Dmel_CG15618,0.46252918,0.114063345,0.6437018704965567,1.0
Dmel_CG43789,0.46244964,0.84383464,0.6437589028933965,1.0
Dmel_CG4854,0.46225426,0.13849282,0.6438990010843773,1.0
Dmel_CG12140,0.46183565,0.107232034,0.6441991749746078,1.0
Dmel_CG14220,0.4614696,-0.0017995533,0.6444617362437517,1.0
Dmel_CG31038,0.4609641,0.05591358,0.6448243541944975,1.0
Dmel_CG11212,0.4609452,1.4107696,0.6448379297697331,1.0
Dmel_CG32594,0.46037367,0.75624925,0.6452480233321936,1.0
Dmel_CG13325,0.459779,0.22728007,0.6456748568717579,1.0
Dmel_CG9379,0.4594338,0.7102748,0.6459226956111301,1.0
Dmel_CG7024,0.45924455,0.782981,0.6460585523158857,1.0
Dmel_CR45161,0.45881593,0.2367005,0.6463663529988255,1.0
Dmel_CG8067,0.45874873,-0.02131878,0.6464146083254982,1.0
Dmel_CG10726,0.45819113,0.25216204,0.6468151294472773,1.0
Dmel_CG1695,0.45689017,0.015223425,0.6477499840367041,1.0
Dmel_CG6984,0.45625842,0.07751161,0.6482041537712145,1.0
Dmel_CG3587,0.45604527,0.10091085,0.6483574239633508,1.0
Dmel_CG12926,0.45598465,0.07068409,0.6484010198376688,1.0
Dmel_CG2841,0.45554328,0.32084462,0.6487184452283693,1.0
Dmel_CG4610,0.45533243,-0.022530572,0.6488700987858971,1.0
Dmel_CG13796,0.45426163,0.57396543,0.6496405346224308,1.0
Dmel_CG9996,0.45425314,0.03091009,0.6496466484872183,1.0
Dmel_CG13526,0.45369244,3.232589,0.6500502157123946,1.0
Dmel_CG9796,0.45282513,0.08758726,0.6506746685997313,1.0
Dmel_CG4972,0.45081982,-0.07949846,0.6521194112261345,1.0
Dmel_CG8075,0.45066652,-0.028584221,0.6522299142749375,1.0
Dmel_CG9198,0.44974014,0.37490794,0.6528978268246795,1.0
Dmel_CG8171,0.44960228,0.1375406,0.652997244032879,1.0
Dmel_CG43107,0.4494478,1.063919,0.6531086431829158,1.0
Dmel_CG34279,0.4490107,0.89001113,0.6534239446838986,1.0
Dmel_CG8326,0.44897747,0.10947398,0.6534479012150867,1.0
Dmel_CG4661,0.44833493,0.2506928,0.6539115025312758,1.0
Dmel_CG7544,0.4483079,0.29006726,0.6539310079193177,1.0
Dmel_CG7228,0.44797117,0.32487983,0.6541740091332662,1.0
Dmel_CR45891,0.44735062,0.52397865,0.6546219296300777,1.0
Dmel_CG8079,0.44659722,-0.091637574,0.6551659006734241,1.0
Dmel_CG30388,0.44646206,0.043675628,0.6552635058301515,1.0
Dmel_CG2105,0.44638675,0.015124302,0.6553178884009808,1.0
Dmel_CG33096,0.4461126,0.1956934,0.6555159121787495,1.0
Dmel_CG4665,0.44608402,-0.06238969,0.655536552670747,1.0
Dmel_CG14167,0.44556156,1.4090483,0.6559139853331274,1.0
Dmel_CR44986,0.44509932,1.4986514,0.6562479735230311,1.0
Dmel_CG2658,0.4439617,-0.032792695,0.6570702620970275,1.0
Dmel_CG14064,0.44392425,-0.010541184,0.6570973438404333,1.0
Dmel_CG30000,0.44330874,0.0031389417,0.6575424423312519,1.0
Dmel_CG2069,0.44322532,1.4854316,0.6576027661551817,1.0
Dmel_CR44474,0.44296506,0.10271333,0.6577910131631595,1.0
Dmel_CG5245,0.44288552,1.242929,0.6578485529298645,1.0
Dmel_CG31974,0.44126752,0.29931894,0.659019340151872,1.0
Dmel_CG13458,0.4409192,0.8580315,0.6592714902092076,1.0
Dmel_CR46204,0.44065198,1.0037332,0.6594649619615373,1.0
Dmel_CR45556,0.44041914,0.90180254,0.6596335693625303,1.0
Dmel_CG1978,0.44007313,1.4507906,0.6598841356771815,1.0
Dmel_CG14142,0.4400264,0.62011504,0.6599179762404118,1.0
Dmel_CG2233,0.439558,0.49890712,0.6602572593338947,1.0
Dmel_CG5599,0.43935683,0.75748116,0.6604030074888865,1.0
Dmel_CG3328,0.4389027,0.46941215,0.6607320372424753,1.0
Dmel_CG45676,0.43840262,0.48912558,0.6610944375489167,1.0
Dmel_CG1937,0.4381474,-0.055904992,0.661279446254589,1.0
Dmel_CG13295,0.4380408,0.16042078,0.6613567026099805,1.0
Dmel_CG10528,0.437562,-0.08726379,0.6617038408747034,1.0
Dmel_CG33958,0.43722215,0.4737466,0.6619502411945053,1.0
Dmel_CG11892,0.43714184,1.101254,0.6620084866204934,1.0
Dmel_CG3808,0.4369951,0.26587382,0.6621149018141956,1.0
Dmel_CG7530,0.43663213,0.4631584,0.6623781687133352,1.0
Dmel_CG12560,0.4363363,1.0000236,0.6625927340875796,1.0
Dmel_CG17065,0.43592623,-0.023494616,0.6628902582646445,1.0
Dmel_CG6983,0.4358598,-0.034676183,0.6629384498608282,1.0
Dmel_CG9507,0.4355648,0.06717739,0.6631525270657921,1.0
Dmel_CG1747,0.4354551,1.1240017,0.6632321125180933,1.0
Dmel_CG31251,0.43531147,0.017088415,0.663336364000996,1.0
Dmel_CG8380,0.43476236,0.05360958,0.6637349337772237,1.0
Dmel_CR43426,0.434711,0.62991416,0.6637722169717568,1.0
Dmel_CG42663,0.4345909,-0.043595616,0.6638594012243157,1.0
Dmel_CG9156,0.43446887,0.5050728,0.6639479918137031,1.0
Dmel_CG7130,0.43316677,1.2388016,0.6648936241550107,1.0
Dmel_CG5650,0.43316367,0.0025791565,0.6648958682830064,1.0
Dmel_CG31096,0.43250567,0.5106695,0.6653739359587847,1.0
Dmel_CG8451,0.43216777,0.18597192,0.6656194754753546,1.0
Dmel_CG44877,0.43159974,4.323777,0.6660323432789289,1.0
Dmel_CG1314,0.43146613,0.9877129,0.6661294703343323,1.0
Dmel_CG9852,0.43118423,-0.06878217,0.6663344099458623,1.0
Dmel_CG12051,0.43061236,-0.07308614,0.6667502612143286,1.0
Dmel_CG5969,0.4302478,-0.07909971,0.66701538124503,1.0
Dmel_CG18012,0.4300366,0.005065056,0.667169023853144,1.0
Dmel_CG17209,0.42989525,0.23925094,0.6672718345621097,1.0
Dmel_CG8222,0.42977324,0.07818049,0.6673606051173147,1.0
Dmel_CG7656,0.42933843,-0.09485428,0.6676769582927671,1.0
Dmel_CG18176,0.42861053,1.1185143,0.6682066870351857,1.0
Dmel_CG12375,0.4279865,-0.07854408,0.6686609521384498,1.0
Dmel_CG5039,0.42789498,-0.017946627,0.6687275841449312,1.0
Dmel_CG8193,0.4271721,0.29132214,0.6692539843201819,1.0
Dmel_CG8312,0.42681453,0.36578694,0.6695144325544704,1.0
Dmel_CG4375,0.4266477,1.0604438,0.669635951162624,1.0
Dmel_CG9591,0.42627466,0.027044639,0.66990771156229,1.0
Dmel_CG8673,0.42589778,-0.032346625,0.6701823291062938,1.0
Dmel_CG16969,0.4253556,0.22124365,0.6705774505084516,1.0
Dmel_CG10932,0.42499572,0.32046813,0.6708397894056803,1.0
Dmel_CG6913,0.4245227,0.9449856,0.6711846628284361,1.0
Dmel_CR43558,0.42445356,2.069876,0.6712350623789538,1.0
Dmel_CG30054,0.42381796,0.14143589,0.6716985822851642,1.0
Dmel_CG10550,0.42379016,0.27420273,0.6717188606129092,1.0
Dmel_CG13123,0.42313448,0.07923748,0.6721971604095497,1.0
Dmel_CG6962,0.42303947,1.1011773,0.67226646573724,1.0
Dmel_CG1603,0.42301166,0.16588761,0.6722867507502965,1.0
Dmel_CG9224,0.42243746,0.17911254,0.6727057459423826,1.0
Dmel_CG2346,0.42196673,0.70647675,0.6730493020210935,1.0
Dmel_CG3004,0.42174932,0.021802632,0.6732079978056853,1.0
Dmel_CG1239,0.42151725,-0.030287722,0.6733774209088464,1.0
Dmel_CG15744,0.4209021,0.07432099,0.6738265709676319,1.0
Dmel_CG14805,0.42039895,-0.056823436,0.6741940413319136,1.0
Dmel_CG31793,0.41988766,0.07466793,0.674567513716273,1.0
Dmel_CG6892,0.41969228,0.47480065,0.67471026679168,1.0
Dmel_CG2525,0.41960502,0.15415142,0.6747740298528007,1.0
Dmel_CR44179,0.41935632,0.773357,0.6749557391688512,1.0
Dmel_CG10335,0.41932735,-0.009413456,0.6749769022002807,1.0
Dmel_CG10535,0.4190644,0.11237155,0.6751690742856282,1.0
Dmel_CG9684,0.4164007,0.39307538,0.6771168198205616,1.0
Dmel_CG4330,0.41578943,2.056008,0.6775641070842042,1.0
Dmel_CG3949,0.41569558,0.0030815138,0.6776327784332803,1.0
Dmel_CG8707,0.41563225,-0.08251531,0.677679126042973,1.0
Dmel_CG13775,0.41481322,0.32792538,0.6782786461476471,1.0
Dmel_CG5855,0.41459504,-0.083701625,0.6784383829555418,1.0
Dmel_CG4033,0.4138984,0.22224547,0.6789485065537102,1.0
Dmel_CG6890,0.4133528,0.84333426,0.6793481684148138,1.0
Dmel_CG15350,0.41314194,1.6458942,0.6795026266630382,1.0
Dmel_CG31184,0.41271216,-0.060479764,0.6798175255239005,1.0
Dmel_CG32354,0.41236383,0.29004803,0.6800727675598496,1.0
Dmel_CG7442,0.41227812,0.49663666,0.6801355932850373,1.0
Dmel_CG9485,0.41216844,0.06051096,0.6802159681707218,1.0
Dmel_CG3045,0.41133434,0.124322355,0.6808273889578904,1.0
Dmel_CG11066,0.40975574,0.6816591,0.6819851334231007,1.0
Dmel_CG6778,0.409453,-0.055923097,0.6822072522916547,1.0
Dmel_CG12809,0.4091317,0.72422,0.6824430003901711,1.0
Dmel_CG10700,0.40878186,1.5762706,0.6826997517152246,1.0
Dmel_CG45071,0.40859187,-0.061752643,0.68283919497425,1.0
Dmel_CG10342,0.40853086,0.46337405,0.6828839778296085,1.0
Dmel_CG12050,0.40825823,0.0130241215,0.6830840971352938,1.0
Dmel_CG5931,0.40820804,-0.036853906,0.6831209487280211,1.0
Dmel_CG31957,0.40791148,-0.013160209,0.6833386720050841,1.0
Dmel_CG11337,0.40725887,0.31699073,0.6838178693443314,1.0
Dmel_CG7602,0.4070488,-0.04098077,0.6839721469569933,1.0
Dmel_CG3836,0.40573665,0.14554463,0.6849361131801626,1.0
Dmel_CG14885,0.4051134,0.2833612,0.685394162859455,1.0
Dmel_CG6951,0.4047898,0.21437193,0.6856320310588908,1.0
Dmel_CR43576,0.40405765,1.8585947,0.6861703299295526,1.0
Dmel_CG10265,0.40404218,-0.077620804,0.6861816881621549,1.0
Dmel_CG33230,0.40369466,0.07016109,0.6864372671318817,1.0
Dmel_CG11781,0.40323514,-0.062174972,0.6867752543751555,1.0
Dmel_CG3593,0.40274242,0.15778428,0.6871377371725027,1.0
Dmel_CG15890,0.40265357,1.650173,0.687203082635234,1.0
Dmel_CG6568,0.40001616,-0.047268793,0.6891446219667647,1.0
Dmel_CG33114,0.3993929,0.43736762,0.6896037276905183,1.0
Dmel_CR45961,0.39922222,0.1607661,0.6897294754705602,1.0
Dmel_CG16717,0.39887583,-0.041557297,0.6899846958312824,1.0
Dmel_CG9518,0.3985055,0.79795474,0.6902575958454289,1.0
Dmel_CG3619,0.39792782,0.32524773,0.6906833888933888,1.0
Dmel_CG7788,0.3976807,0.20014264,0.6908655762514544,1.0
Dmel_CG3051,0.3976745,-0.06155444,0.6908701311648746,1.0
Dmel_CG33048,0.3970779,0.23826458,0.6913100176871025,1.0
Dmel_CG33289,0.39668518,1.1921539,0.691599630947711,1.0
Dmel_CG17030,0.395887,0.5260355,0.6921883939570334,1.0
Dmel_CG1233,0.39564177,0.027299773,0.6923693043433581,1.0
Dmel_CG8254,0.3955352,0.9011724,0.6924479417321674,1.0
Dmel_CG3651,0.39531896,-0.06807564,0.6926075060404466,1.0
Dmel_CG9300,0.39526877,0.09911215,0.6926445497060114,1.0
Dmel_CG8728,0.39506102,-0.06823615,0.692797861305832,1.0
Dmel_CG15202,0.39451498,0.4769335,0.6932008629288555,1.0
Dmel_CG12116,0.39430416,0.8753907,0.6933565006577815,1.0
Dmel_CG9001,0.3927379,1.5736325,0.6945130713382117,1.0
Dmel_CG6023,0.39265758,0.9676574,0.6945724018588804,1.0
Dmel_CG6453,0.39243245,-0.0041357446,0.6947387084341332,1.0
Dmel_CG15343,0.39167365,0.5946957,0.6952993524993085,1.0
Dmel_CG5252,0.39133734,0.32184905,0.6955479152256738,1.0
Dmel_CG9096,0.3910002,1.0554711,0.6957970815359793,1.0
Dmel_CG13376,0.38994908,1.1599063,0.6965741888493171,1.0
Dmel_CG8474,0.3896811,-0.0131123895,0.6967723708072115,1.0
Dmel_CG6310,0.38840833,0.096369654,0.6977138746901055,1.0
Dmel_CG17334,0.38732633,0.4224792,0.6985146334167864,1.0
Dmel_CG6269,0.3871819,0.58500546,0.6986215409681817,1.0
Dmel_CG8605,0.38574234,0.12420742,0.6996875127720317,1.0
Dmel_CG31361,0.38573307,-0.023199612,0.6996943771716702,1.0
Dmel_CG31627,0.3854747,0.5678567,0.699885732185522,1.0
Dmel_CG4317,0.38536465,0.75868404,0.6999672569266076,1.0
Dmel_CG3160,0.38514417,0.02081415,0.7001306028628549,1.0
Dmel_CR45835,0.38469586,0.051252123,0.7004627728355339,1.0
Dmel_CG11732,0.38416526,0.42594638,0.7008559575731863,1.0
Dmel_CR46254,0.383939,1.2774816,0.701023672102842,1.0
Dmel_CG4424,0.38243684,0.12182366,0.7021373680044214,1.0
Dmel_CG12210,0.38235343,0.13334747,0.702199226962459,1.0
Dmel_CG4621,0.3822762,-0.076301396,0.7022565055345038,1.0
Dmel_CG10973,0.38068023,-0.08983784,0.7034405453545707,1.0
Dmel_CG2189,0.3802149,0.63835573,0.7037858945961131,1.0
Dmel_CG12499,0.3800315,0.1731008,0.7039220449089862,1.0
Dmel_CG12756,0.3799886,-0.032576036,0.7039538624555879,1.0
Dmel_CR45414,0.37919855,1.5407783,0.7045404299936076,1.0
Dmel_CG14516,0.37768444,0.50668985,0.7056650319948006,1.0
Dmel_CG12780,0.377596,1.830389,0.7057307325562665,1.0
Dmel_CG10376,0.3773786,-0.05940428,0.7058922677166881,1.0
Dmel_CG15203,0.37703028,0.42333642,0.7061510958996365,1.0
Dmel_CG11668,0.37684917,1.0578624,0.706285688510838,1.0
Dmel_CG18178,0.376129,-0.08266926,0.7068209930574951,1.0
Dmel_CG42702,0.37609038,0.46489766,0.7068496998127642,1.0
Dmel_CG1616,0.3760599,0.46409687,0.706872378444204,1.0
Dmel_CR45855,0.37602976,1.2703682,0.7068947702596151,1.0
Dmel_CG13126,0.37589538,-0.0043874737,0.7069946752949159,1.0
Dmel_CG12263,0.3757664,-0.027952252,0.7070905659083742,1.0
Dmel_CR46124,0.37550035,4.2921295,0.7072883908662742,1.0
Dmel_CG1024,0.37546673,-0.016456617,0.707313371620764,1.0
Dmel_CG3590,0.37421405,0.21579722,0.7082450626354103,1.0
Dmel_CG4968,0.37417004,-0.08146436,0.7082778118879524,1.0
Dmel_CG18437,0.37395185,-0.019075809,0.7084401297408114,1.0
Dmel_CG13993,0.3733514,-0.08555261,0.7088869313095361,1.0
Dmel_CG31033,0.3732734,0.030057136,0.7089449797685876,1.0
Dmel_CG5427,0.37298995,0.96478516,0.7091559225545208,1.0
Dmel_CG14796,0.37276056,0.048086923,0.7093266473492226,1.0
Dmel_CG32243,0.3725675,-0.074562296,0.7094703664047819,1.0
Dmel_CG7480,0.37210837,0.06408488,0.7098121718352132,1.0
Dmel_CG5038,0.37161872,0.1087215,0.7101767519849591,1.0
Dmel_CR46194,0.37158665,0.45786038,0.7102006187728347,1.0
Dmel_CG1826,0.3713735,-0.036143,0.7103593545201845,1.0
Dmel_CG8613,0.37131482,-0.0710826,0.7104030665704593,1.0
Dmel_CG10420,0.3709279,-0.11135402,0.7106912448412602,1.0
Dmel_CG1124,0.3705533,1.4914697,0.7109702592169049,1.0
Dmel_CG11188,0.37036872,-0.06701037,0.7111077671460589,1.0
Dmel_CG4302,0.37024903,0.2883753,0.7111969509541907,1.0
Dmel_CG12321,0.37020424,0.022396075,0.7112303239761848,1.0
Dmel_CG11700,0.36995247,1.5056574,0.7114179136712974,1.0
Dmel_CG18247,0.36914077,1.2545289,0.7120228079611888,1.0
Dmel_CG15812,0.3690813,-0.031556427,0.7120671318003804,1.0
Dmel_CG11205,0.36888745,0.22736904,0.7122116227570838,1.0
Dmel_CG12785,0.3688666,0.19150911,0.7122271662246091,1.0
Dmel_CG13401,0.36852252,-0.027041966,0.7124836506954226,1.0
Dmel_CG15064,0.36835763,1.9729095,0.7126065790251878,1.0
Dmel_CG30084,0.36821207,0.5877924,0.7127151191433839,1.0
Dmel_CG3989,0.36551863,-0.067534566,0.7147243028262543,1.0
Dmel_CG2543,0.36547923,0.6874743,0.7147536991496857,1.0
Dmel_CG9165,0.36546108,-0.060675547,0.7147672446568275,1.0
Dmel_CG14723,0.36543986,0.2734827,0.7147830958962924,1.0
Dmel_CG1685,0.3652607,-0.06901542,0.7149168276129478,1.0
Dmel_CG10092,0.3650958,0.061152298,0.7150399031115479,1.0
Dmel_CG15102,0.36423582,0.3992481,0.7156819180686842,1.0
Dmel_CG7143,0.3640219,0.048682403,0.7158416602754567,1.0
Dmel_CG33296,0.36356393,2.4596064,0.7161836772843365,1.0
Dmel_CG8587,0.36229038,0.6150837,0.7171350490662745,1.0
Dmel_CG14512,0.36225715,0.016290879,0.7171598633064613,1.0
Dmel_CG13252,0.36187834,0.5532887,0.7174429398858839,1.0
Dmel_CG11426,0.36179534,0.44517943,0.717504985300793,1.0
Dmel_CR43629,0.3616617,0.39984852,0.7176048390441498,1.0
Dmel_CG14375,0.3614922,0.24919836,0.7177315390331804,1.0
Dmel_CG9386,0.36104542,-0.08927298,0.7180654985176624,1.0
Dmel_CG6638,0.3609705,0.39168847,0.7181215004570819,1.0
Dmel_CG1849,0.3608253,0.09547926,0.7182300446101301,1.0
Dmel_CG11851,0.36039203,0.15958345,0.7185539787775037,1.0
Dmel_CG15848,0.35980856,1.148578,0.7189903015935084,1.0
Dmel_CR44119,0.35955253,0.7027152,0.7191817812317074,1.0
Dmel_CR44951,0.3585937,1.1792947,0.7198990477843651,1.0
Dmel_CG34377,0.35829175,0.39750913,0.7201249959636491,1.0
Dmel_CR32658,0.35776463,0.5831027,0.7205194525709085,1.0
Dmel_CG44437,0.3577492,1.679975,0.720531012861301,1.0
Dmel_CR43577,0.35737965,0.5838642,0.7208076118504816,1.0
Dmel_CG30438,0.35696918,1.4370565,0.7211148905434259,1.0
Dmel_CG15151,0.3562459,-0.049214486,0.7216564234068573,1.0
Dmel_CG33082,0.3561374,0.28221813,0.7217376798373216,1.0
Dmel_CG10778,0.35604432,-0.028390754,0.7218073720176257,1.0
Dmel_CG6041,0.35603234,-0.012469424,0.7218163367395752,1.0
Dmel_CG6126,0.355345,0.16040246,0.7223311493367358,1.0
Dmel_CG7405,0.35527086,0.29390207,0.7223866872020837,1.0
Dmel_CG3068,0.35483295,0.26828143,0.7227147375464371,1.0
Dmel_CG4901,0.3543974,0.277421,0.723041102747719,1.0
Dmel_CG8757,0.35365131,0.50750536,0.723600206976232,1.0
Dmel_CG16789,0.3533312,0.05785422,0.7238401577160549,1.0
Dmel_CG42354,0.35283345,1.0316594,0.7242133075230661,1.0
Dmel_CR32207,0.35276395,0.9869097,0.7242654205486099,1.0
Dmel_CG4572,0.35189354,-0.027986951,0.7249180995489625,1.0
Dmel_CR44965,0.35181051,2.180238,0.7249803664273192,1.0
Dmel_CG18676,0.3517808,0.026590768,0.7250026671005143,1.0
Dmel_CG32221,0.35174718,0.023819232,0.7250278642457028,1.0
Dmel_CG8679,0.35132203,0.07230943,0.7253467641816986,1.0
Dmel_CG10618,0.350732,1.3236786,0.7257894217601198,1.0
Dmel_CG5413,0.3498755,0.07248531,0.7264321335005445,1.0
Dmel_CG1401,0.3494488,-0.0046311575,0.7267524022013443,1.0
Dmel_CG42234,0.34920746,0.22238906,0.7269335708057041,1.0
Dmel_CG10593,0.3492059,-0.035449307,0.7269347303339572,1.0
Dmel_CG7753,0.34871858,0.58313334,0.72730059271188,1.0
Dmel_CR44127,0.34819612,0.8328502,0.7276929056734032,1.0
Dmel_CG18004,0.3474709,-0.056598235,0.7282375647761584,1.0
Dmel_CG12265,0.3468998,-0.07680727,0.7286666022006265,1.0
Dmel_CG8786,0.3467121,-0.10026312,0.7288076026352232,1.0
Dmel_CG4916,0.34620664,-0.06123052,0.7291874210339411,1.0
Dmel_CG32650,0.34539226,0.17876045,0.7297995065862488,1.0
Dmel_CG8771,0.3453297,0.13096806,0.7298465302412314,1.0
Dmel_CG5955,0.34503388,0.37082246,0.730068890414278,1.0
Dmel_CG9985,0.34483927,0.48127288,0.7302152076599389,1.0
Dmel_CG5813,0.3448022,-0.06758229,0.73024307872504,1.0
Dmel_CG1674,0.3445794,0.8844458,0.7304106029435148,1.0
Dmel_CG10496,0.34396848,0.030775132,0.7308699814015,1.0
Dmel_CG2670,0.3438623,-0.032683887,0.7309498452853325,1.0
Dmel_CG16812,0.34363407,-0.08766553,0.7311214898994177,1.0
Dmel_CG18327,0.34345528,0.9086376,0.7312559687729765,1.0
Dmel_CG13822,0.34326375,0.20816405,0.7314000416957093,1.0
Dmel_CG7737,0.34199873,0.011249557,0.7323518577914336,1.0
Dmel_CG4413,0.34196705,4.4978065e-06,0.7323756875375371,1.0
Dmel_CG10222,0.34167203,0.45073107,0.7325977234246845,1.0
Dmel_CG6477,0.34121597,1.0296936,0.7329409930918971,1.0
Dmel_CG11440,0.34107968,0.07159803,0.7330436065067272,1.0
Dmel_CR45382,0.3400865,0.424649,0.7337914039697913,1.0
Dmel_CG7824,0.3398903,0.2632854,0.7339391325876874,1.0
Dmel_CR44708,0.33922303,0.9540161,0.7344417162415422,1.0
Dmel_CG8308,0.33913654,0.26697624,0.7345068743089116,1.0
Dmel_CG18085,0.33768305,0.8233265,0.7356020481232052,1.0
Dmel_CG7741,0.33731928,-0.089180775,0.7358762167339808,1.0
Dmel_CG8169,0.3363454,0.1060628,0.736610409046605,1.0
Dmel_CG42572,0.33576888,0.2797625,0.7370451572923895,1.0
Dmel_CG6136,0.33542213,-0.08424408,0.7373066874050305,1.0
Dmel_CG8112,0.33530626,0.4326108,0.7373940650471908,1.0
Dmel_CG14290,0.3350174,-0.06524408,0.7376119414143882,1.0
Dmel_CG4459,0.335007,0.9112633,0.737619806330031,1.0
Dmel_CR44050,0.33462045,0.11804936,0.7379114101771865,1.0
Dmel_CG3919,0.33402,0.7740255,0.738364475964828,1.0
Dmel_CG6634,0.3339883,0.44512922,0.7383883700607374,1.0
Dmel_CG12818,0.33392653,-0.0089068785,0.7384349934144563,1.0
Dmel_CG10293,0.33373964,0.37991366,0.7385760349148127,1.0
Dmel_CG9019,0.33328012,1.1338319,0.7389228479028072,1.0
Dmel_CG1231,0.33309168,-0.060074877,0.7390650857335184,1.0
Dmel_CG8923,0.33306888,1.5876976,0.7390822831255006,1.0
Dmel_CG15547,0.33229387,-0.082174756,0.7396673636061237,1.0
Dmel_CG7044,0.3316513,-0.0024751467,0.7401525670331063,1.0
Dmel_CG10268,0.33114854,-0.08197538,0.7405322875093955,1.0
Dmel_CG12992,0.33083922,0.11135148,0.7407659257650554,1.0
Dmel_CG9623,0.3307373,0.46874034,0.7408429353737821,1.0
Dmel_CG2078,0.32996267,0.28407502,0.7414281764918238,1.0
Dmel_CG2976,0.32993487,-0.08409046,0.7414491849381621,1.0
Dmel_CG8874,0.32978812,0.024146277,0.7415600660416544,1.0
Dmel_CG5348,0.32929653,0.25342432,0.7419315568239855,1.0
Dmel_CG10181,0.3291803,0.6220928,0.742019404365523,1.0
Dmel_CG32380,0.3290436,-0.06878396,0.7421227243798633,1.0
Dmel_CG32195,0.32831725,0.07138572,0.7426717993183489,1.0
Dmel_CG33350,0.32806045,0.34185106,0.742865948067009,1.0
Dmel_CG31642,0.3273032,0.82085407,0.7434385631008767,1.0
Dmel_CG3193,0.32721865,-0.0664571,0.7435025202560006,1.0
Dmel_CG6603,0.3271781,-0.05040369,0.7435331852731726,1.0
Dmel_CG14722,0.32673982,-0.09602336,0.7438646854621115,1.0
Dmel_CG14450,0.32669887,-0.095070876,0.7438956473759861,1.0
Dmel_CG6910,0.32654634,0.13544424,0.7440110279650122,1.0
Dmel_CG1135,0.32648844,-0.080532014,0.7440548448842991,1.0
Dmel_CG10681,0.3263776,-0.055318687,0.7441386835659192,1.0
Dmel_CG6759,0.3259621,0.11342577,0.7444530325821934,1.0
Dmel_CR44901,0.3259424,0.022773352,0.7444679330816675,1.0
Dmel_CG14447,0.3259231,0.36864498,0.7444825415073382,1.0
Dmel_CR44129,0.32547206,3.1165652,0.7448238204766877,1.0
Dmel_CR43641,0.3240819,0.5957,0.7458760226370715,1.0
Dmel_CR45972,0.32315436,1.507057,0.7465783391370551,1.0
Dmel_CG3273,0.3229976,-0.07580556,0.7466970695696846,1.0
Dmel_CG10889,0.32289526,0.5572571,0.7467745692774888,1.0
Dmel_CG8060,0.32281378,-0.0023251618,0.7468362784232736,1.0
Dmel_CG8266,0.3226933,-0.07191736,0.7469275290445039,1.0
Dmel_CG13475,0.32240254,0.80656564,0.747147773520446,1.0
Dmel_CG10236,0.32184917,1.3634882,0.7475669677733336,1.0
Dmel_CG7108,0.3211371,0.46120137,0.7481065013425108,1.0
Dmel_CG6534,0.32105213,0.14332324,0.7481708791008331,1.0
Dmel_CG11309,0.3209332,-0.070498094,0.748261010912314,1.0
Dmel_CG6045,0.32048836,1.2247614,0.7485981577879516,1.0
Dmel_CG13578,0.32032618,0.7445352,0.7487210878804227,1.0
Dmel_CR44334,0.32014275,0.96927565,0.7488601236569625,1.0
Dmel_CG1468,0.31935537,0.48893908,0.749457045717306,1.0
Dmel_CG31223,0.3193322,-0.043111082,0.7494746131341381,1.0
Dmel_CG4311,0.31907424,-0.099748775,0.7496702058185061,1.0
Dmel_CG15661,0.31795093,1.0429322,0.7505221585207038,1.0
Dmel_CG15011,0.31793702,0.07721951,0.7505327036733269,1.0
Dmel_CG12752,0.3177837,-0.046894513,0.7506489963637035,1.0
Dmel_CG1772,0.3171655,0.4433054,0.7511180326669581,1.0
Dmel_CG13920,0.31700292,-0.022830686,0.7512413860380124,1.0
Dmel_CG10603,0.31653875,-0.09630157,0.7515936080737087,1.0
Dmel_CG5116,0.3162167,0.57965565,0.7518380254930159,1.0
Dmel_CG9220,0.3159047,0.692132,0.7520748469252975,1.0
Dmel_CG15095,0.31524283,0.31934422,0.7525772904370096,1.0
Dmel_CG11043,0.31489605,0.5573844,0.7528405728375895,1.0
Dmel_CG11836,0.31468984,0.42225838,0.7529971486113924,1.0
Dmel_CG12296,0.31273746,0.15421899,0.754480136536803,1.0
Dmel_CG3629,0.3119018,0.018032758,0.7551151418538813,1.0
Dmel_CG8776,0.31159097,0.019596506,0.7553514037464879,1.0
Dmel_CR45530,0.31156972,1.6555398,0.7553675466988186,1.0
Dmel_CG10907,0.31101444,-0.09539733,0.755789649413318,1.0
Dmel_CG33962,0.31096038,0.48232555,0.7558307481497124,1.0
Dmel_CG44239,0.31073716,-0.035928577,0.7560004345319798,1.0
Dmel_CG32176,0.31057075,-0.061134208,0.7561269730414351,1.0
Dmel_CG34002,0.31028923,1.568874,0.7563410171003013,1.0
Dmel_CG2916,0.3101371,1.1963906,0.7564567085049592,1.0
Dmel_CG14396,0.3101139,0.58318305,0.7564743269643929,1.0
Dmel_CG12077,0.31007028,0.058550328,0.7565075087400321,1.0
Dmel_CG14211,0.31005058,-0.05836796,0.756522484732716,1.0
Dmel_CG34261,0.3096517,0.3662361,0.7568258416733546,1.0
Dmel_CG11029,0.30923,1.0469172,0.7571465656492533,1.0
Dmel_CR44500,0.309152,0.9371718,0.7572058982961715,1.0
Dmel_CG10965,0.30892226,1.2582474,0.7573806735642843,1.0
Dmel_CG10018,0.30858707,-0.019602964,0.757635662085119,1.0
Dmel_CG3584,0.3084971,-0.030771688,0.7577041139559393,1.0
Dmel_CG42578,0.30837005,1.4305131,0.7578007724081244,1.0
Dmel_CG7345,0.30821598,0.5982774,0.7579180015694291,1.0
Dmel_CG8780,0.3077441,0.048336357,0.7582770688630038,1.0
Dmel_CG2961,0.30768114,1.3048348,0.7583249680345787,1.0
Dmel_CR45195,0.30765644,1.2722443,0.7583437753248997,1.0
Dmel_CG42323,0.30582452,0.7564274,0.7597382631708678,1.0
Dmel_CR43635,0.30561754,0.97594166,0.7598958683474576,1.0
Dmel_CG7685,0.305314,-0.08329224,0.7601270014289414,1.0
Dmel_CG7816,0.30475757,-0.08301915,0.7605508010293868,1.0
Dmel_CG1856,0.30470777,0.32864472,0.7605887435706365,1.0
Dmel_CG15367,0.3045834,0.085217915,0.7606834553724316,1.0
Dmel_CG30356,0.3036551,0.7145315,0.76139067165763,1.0
Dmel_CG10157,0.30356243,0.5281832,0.7614612865682122,1.0
Dmel_CG10390,0.30331838,0.38439927,0.7616472486685966,1.0
Dmel_CG14997,0.30316737,-0.07121522,0.7617623048996205,1.0
Dmel_CG3722,0.30307972,0.094340354,0.7618291046677034,1.0
Dmel_CG3735,0.30251363,-0.025692573,0.7622605502947614,1.0
Dmel_CG34160,0.30171275,1.6629361,0.7628710572668191,1.0
Dmel_CG14804,0.30120957,-0.050071005,0.7632546865541503,1.0
Dmel_CG17186,0.30063614,0.09462928,0.763691971175939,1.0
Dmel_CG16876,0.30027547,1.2372522,0.7639670426925474,1.0
Dmel_CG16742,0.29987234,-0.060234778,0.7642745454721283,1.0
Dmel_CG7702,0.29971787,0.3453849,0.7643923724822941,1.0
Dmel_CG17569,0.29893243,-0.016317533,0.7649916071688542,1.0
Dmel_CG10388,0.29886138,0.36496735,0.7650458221684698,1.0
Dmel_CG1584,0.29882354,0.088234164,0.7650746980185911,1.0
Dmel_CR44565,0.2987772,2.0930214,0.7651100566471378,1.0
Dmel_CG5104,0.29810914,1.8099937,0.7656198645761829,1.0
Dmel_CR45967,0.2977276,1.1949112,0.7659110605666775,1.0
Dmel_CG4482,0.29770175,0.7657537,0.7659308088612861,1.0
Dmel_CR44347,0.29759634,0.10368402,0.7660112773654949,1.0
Dmel_CR43126,0.29683173,-0.0163363,0.7665949705911203,1.0
Dmel_CG1702,0.29669195,0.57814157,0.7667017005557974,1.0
Dmel_CG10131,0.29643553,0.74936306,0.7668974819407804,1.0
Dmel_CG3376,0.2960911,0.8705485,0.7671605128855881,1.0
Dmel_CG5897,0.29605016,0.871547,0.7671917717101053,1.0
Dmel_CG1815,0.29595748,-0.056812495,0.7672625478068109,1.0
Dmel_CG46387,0.2956416,0.498689,0.7675037909172159,1.0
Dmel_CG11992,0.29539293,0.034091685,0.7676937341078981,1.0
Dmel_CG7673,0.29535353,0.5330302,0.7677238195581689,1.0
Dmel_CG12267,0.2951728,0.0076133288,0.7678618631692576,1.0
Dmel_CG3658,0.29501912,-0.086897984,0.7679792650260041,1.0
Dmel_CG7838,0.29478472,0.579872,0.7681583278560007,1.0
Dmel_CG11049,0.29468125,0.22834381,0.7682373908358554,1.0
Dmel_CG31195,0.2946546,0.08449447,0.7682577469933962,1.0
Dmel_CG1582,0.29414102,-0.028842185,0.7686501505190113,1.0
Dmel_CR45124,0.29386994,1.0371183,0.7688572926803969,1.0
Dmel_CG8795,0.2934135,-0.013918378,0.7692061077854767,1.0
Dmel_CG15444,0.29270452,0.31111902,0.7697480147293368,1.0
Dmel_CG14044,0.29263732,0.4414466,0.7697993777617557,1.0
Dmel_CG3756,0.29262766,-0.07190724,0.7698067575907753,1.0
Dmel_CG6782,0.29253075,0.95058995,0.7698808522294377,1.0
Dmel_CG14043,0.29211447,-0.076926,0.770199099297878,1.0
Dmel_CG34376,0.2917789,-0.049343858,0.7704556735800357,1.0
Dmel_CR41609,0.29134488,0.6793794,0.7707875744673038,1.0
Dmel_CG11658,0.29106066,-0.07609154,0.7710049273296752,1.0
Dmel_CR43900,0.29039454,0.10615784,0.771514418529155,1.0
Dmel_CG32091,0.290264,0.52775365,0.7716142608235261,1.0
Dmel_CG4909,0.2902594,-0.010147102,0.771617805589908,1.0
Dmel_CR44813,0.29013735,0.13557942,0.7717111528202961,1.0
Dmel_CG2903,0.2893998,-0.0754474,0.7722754421521816,1.0
Dmel_CG13876,0.28890166,-0.026894325,0.7726566272008695,1.0
Dmel_CG32578,0.28866148,0.04280882,0.7728404430116443,1.0
Dmel_CR42911,0.28842592,0.6889433,0.773020724915249,1.0
Dmel_CG5529,0.28838962,0.7488612,0.7730485071504692,1.0
Dmel_CG7340,0.28831008,-0.09321419,0.7731093926403994,1.0
Dmel_CG9000,0.28802434,-0.049052298,0.7733281190223169,1.0
Dmel_CG8913,0.28794324,0.38049152,0.7733901933026757,1.0
Dmel_CG11092,0.28767332,0.07835921,0.7735968224184674,1.0
Dmel_CG10006,0.28758332,0.9604551,0.7736657023566911,1.0
Dmel_CR45643,0.28754818,1.5402219,0.7736926044474695,1.0
Dmel_CG10724,0.28726977,-0.06517285,0.7739057613886556,1.0
Dmel_CG13189,0.28682184,-0.015747763,0.7742487403693137,1.0
Dmel_CR45464,0.28627774,1.5777938,0.7746654008290088,1.0
Dmel_CR45203,0.28619125,1.3280673,0.7747316466573128,1.0
Dmel_CG13135,0.28600627,1.2231181,0.7748733117657299,1.0
Dmel_CR33940,0.28571358,0.1738605,0.7750975069362398,1.0
Dmel_CG15706,0.2856039,0.069903515,0.7751815110117551,1.0
Dmel_CG6241,0.28555796,0.031173345,0.7752167106848389,1.0
Dmel_CG9081,0.28392723,0.9665642,0.7764661539188908,1.0
Dmel_CG31612,0.28367776,0.45568055,0.7766573346294681,1.0
Dmel_CG4552,0.28335416,-0.0786352,0.7769053570085862,1.0
Dmel_CG12836,0.28288382,0.52281517,0.7772658883138843,1.0
Dmel_CG5508,0.2826421,0.05655129,0.7774512046810599,1.0
Dmel_CG43155,0.28244516,0.25619608,0.7776021906344769,1.0
Dmel_CG11418,0.28239998,-0.06253136,0.7776368297730885,1.0
Dmel_CG8607,0.28225017,0.081747375,0.777751704609102,1.0
Dmel_CG9320,0.2821617,0.03284234,0.7778195067277924,1.0
Dmel_CG7479,0.28207445,-0.09659185,0.7778864222678017,1.0
Dmel_CG7002,0.28106117,0.5856364,0.7786634736124816,1.0
Dmel_CG42809,0.27962855,0.27571458,0.7797625022272031,1.0
Dmel_CG4991,0.27870062,0.5166437,0.7804745879536115,1.0
Dmel_CG15270,0.27822796,-0.04265331,0.7808373691216698,1.0
Dmel_CG4738,0.2780318,0.11069962,0.7809879491762082,1.0
Dmel_CG5854,0.27787077,-0.023026751,0.7811115613827291,1.0
Dmel_CG5645,0.2778538,0.058501985,0.7811246047199764,1.0
Dmel_CG18213,0.27783138,0.6513413,0.7811417983040669,1.0
Dmel_CG30466,0.2777252,0.005471874,0.7812233210640375,1.0
Dmel_CG8991,0.27772018,0.15968363,0.781227174926759,1.0
Dmel_CG9601,0.27743402,-0.08450214,0.7814468539805188,1.0
Dmel_CG4679,0.27719963,-0.07034961,0.781626819992746,1.0
Dmel_CG8247,0.27691194,0.43619934,0.7818477168305424,1.0
Dmel_CG31773,0.27674782,0.72945476,0.7819737396893316,1.0
Dmel_CG10742,0.27628252,-0.104393296,0.782331082670618,1.0
Dmel_CG8086,0.27594617,0.49833387,0.7825894064978602,1.0
Dmel_CG12655,0.27580523,0.3503256,0.7826976664378454,1.0
Dmel_CG13741,0.27506188,1.3462065,0.783268695976381,1.0
Dmel_CG4573,0.27476996,0.3160654,0.7834929867997936,1.0
Dmel_CR44268,0.2747522,2.033468,0.7835066347058903,1.0
Dmel_CG14121,0.27463555,-0.049970426,0.7835962378302919,1.0
Dmel_CG6465,0.27462205,0.3362104,0.7836066224839436,1.0
Dmel_CG14696,0.27449462,0.7841281,0.7837045368273718,1.0
Dmel_CG6293,0.27399147,0.9076527,0.7840911835754878,1.0
Dmel_CG8421,0.2732709,0.077270575,0.7846449853895497,1.0
Dmel_CG4703,0.2729218,0.045265153,0.7849133187479811,1.0
Dmel_CG10880,0.27239355,-0.05657339,0.7853194293403303,1.0
Dmel_CG33486,0.27219042,0.32795745,0.7854755956117552,1.0
Dmel_CR44840,0.2721611,0.6238938,0.7854981602737426,1.0
Dmel_CG9541,0.27195334,0.24110058,0.7856578994810653,1.0
Dmel_CR44218,0.2718622,0.5534131,0.7857279738031571,1.0
Dmel_CG1518,0.27128798,-0.11265427,0.7861695413281518,1.0
Dmel_CG5507,0.2711961,0.15169036,0.786240222278092,1.0
Dmel_CG12249,0.27119532,0.28764603,0.7862408162431196,1.0
Dmel_CG10723,0.27112773,0.28616852,0.7862927886646712,1.0
Dmel_CG14536,0.2710312,-0.07829946,0.7863670366329788,1.0
Dmel_CR45185,0.27100572,0.8946883,0.7863866384207777,1.0
Dmel_CG31806,0.2708362,0.20801623,0.7865170234539892,1.0
Dmel_CG5321,0.27080104,0.48511314,0.7865440516246476,1.0
Dmel_CG42707,0.27032298,-0.0428017,0.7869117790886468,1.0
Dmel_CG11398,0.26990014,-0.07494798,0.7872370703731184,1.0
Dmel_CG12821,0.269882,0.04983625,0.7872510334787768,1.0
Dmel_CG12297,0.26976925,0.059602764,0.7873377845185092,1.0
Dmel_CG30263,0.269743,0.04525809,0.7873579871942914,1.0
Dmel_CG14795,0.26949972,0.27745172,0.7875451658459884,1.0
Dmel_CG15912,0.26941514,-0.12883307,0.7876102355857099,1.0
Dmel_CG32396,0.26938272,0.36394143,0.7876351942354476,1.0
Dmel_CG8805,0.26925874,0.31675184,0.7877305739415636,1.0
Dmel_CG4133,0.26915216,-0.06490724,0.7878125852062143,1.0
Dmel_CG13090,0.26911974,-0.026312606,0.7878375456233274,1.0
Dmel_CG14098,0.26910505,0.8951271,0.7878488373121747,1.0
Dmel_CG10970,0.26853046,0.97604495,0.7882910311108826,1.0
Dmel_CG2647,0.268003,-0.038494516,0.788697029848228,1.0
Dmel_CG2111,0.268003,1.05049,0.788697029848228,1.0
Dmel_CG12005,0.2679628,-0.05096165,0.7887279427929585,1.0
Dmel_CG7077,0.26787013,0.10539793,0.7887992816272973,1.0
Dmel_CG1072,0.26761603,-0.007697417,0.7889948780137683,1.0
Dmel_CG6093,0.26759827,0.5427383,0.7890085524228411,1.0
Dmel_CG10916,0.26723066,-0.075604804,0.7892915678234316,1.0
Dmel_CG1667,0.26718742,0.5129463,0.7893248655815809,1.0
Dmel_CR44408,0.26710555,0.76000893,0.7893878945343715,1.0
Dmel_CR44165,0.26703528,1.2691174,0.7894420053952331,1.0
Dmel_CG8710,0.26698583,-0.03294943,0.7894800619935638,1.0
Dmel_CG12325,0.26655102,-0.05404,0.7898148627633852,1.0
Dmel_CG10359,0.266317,0.5893515,0.7899950646788263,1.0
Dmel_CG10480,0.26559415,-0.09137799,0.7905517989125178,1.0
Dmel_CG3187,0.26556635,-0.09533101,0.7905732139042162,1.0
Dmel_CG6814,0.26504272,0.046556078,0.7909765590951975,1.0
Dmel_CG8095,0.26492456,1.0361103,0.7910675872157142,1.0
Dmel_CG11986,0.26486045,-0.050358135,0.791116969676025,1.0
Dmel_CG12204,0.2643677,-0.09943325,0.7914965881319564,1.0
Dmel_CG43800,0.2636093,0.0759335,0.7920809877558123,1.0
Dmel_CG15110,0.26319072,-0.029102612,0.7924035883246066,1.0
Dmel_CR46029,0.26276168,0.52367574,0.7927342610286121,1.0
Dmel_CG42526,0.26272655,0.36624,0.792761347484083,1.0
Dmel_CG3166,0.2625497,-0.03745155,0.7928976765173947,1.0
Dmel_CG15860,0.2624721,1.0132738,0.7929575085069758,1.0
Dmel_CG45218,0.26229948,0.43780264,0.7930905720767663,1.0
Dmel_CG10702,0.26214114,0.37264562,0.793212626733476,1.0
Dmel_CG31174,0.26166964,0.3144015,0.7935761414504389,1.0
Dmel_CG7671,0.2614063,0.012843518,0.7937792052343331,1.0
Dmel_CG6953,0.2605834,0.4021179,0.7944137951495509,1.0
Dmel_CG12194,0.26055983,-0.057602137,0.7944319623285784,1.0
Dmel_CR13130,0.26054093,0.9648082,0.7944465557170803,1.0
Dmel_CG3345,0.2596068,0.2754589,0.7951670819362759,1.0
Dmel_CR45856,0.2593334,1.8694887,0.7953780007430142,1.0
Dmel_CG13850,0.25919864,-0.10748437,0.7954819761105529,1.0
Dmel_CR32582,0.25895768,0.61893165,0.7956678895440914,1.0
Dmel_CG18371,0.25888896,1.0045397,0.7957209246698425,1.0
Dmel_CG1129,0.25887197,-0.09013273,0.795734034621695,1.0
Dmel_CG5107,0.2587283,2.0140705,0.7958448756098241,1.0
Dmel_CG42764,0.25765172,0.72575504,0.796675718090025,1.0
Dmel_CG15638,0.25708446,0.633283,0.7971135826048531,1.0
Dmel_CG14548,0.25697672,0.30397722,0.7971967512951075,1.0
Dmel_CG1102,0.2566431,0.14811477,0.7974543205513213,1.0
Dmel_CG15727,0.25660446,-0.08379369,0.7974841332324253,1.0
Dmel_CG43323,0.25656816,0.423126,0.7975121574220208,1.0
Dmel_CG4557,0.25572324,-0.08987834,0.7981645388221301,1.0
Dmel_CG11563,0.25568888,-0.11835567,0.7981910783465365,1.0
Dmel_CG3407,0.25544214,0.04168796,0.7983816330143277,1.0
Dmel_CG4581,0.25515792,-0.07850733,0.7986011287049566,1.0
Dmel_CR45135,0.2550413,0.95618725,0.7986911981195769,1.0
Dmel_CG8589,0.25442886,0.3015757,0.7991642556180631,1.0
Dmel_CG4730,0.25421572,0.18871573,0.7993289184052426,1.0
Dmel_CG11173,0.25409174,-0.08497566,0.799424677499248,1.0
Dmel_CG16908,0.2540234,0.39044768,0.7994774805328089,1.0
Dmel_CG12113,0.25398982,0.121097736,0.7995034349023291,1.0
Dmel_CR43887,0.25394154,2.802919,0.7995407260508189,1.0
Dmel_CG18398,0.2538195,-0.00039953156,0.7996350001124153,1.0
Dmel_CG7810,0.2529939,-0.07947355,0.8002729183497954,1.0
Dmel_CG3704,0.25275487,-0.08921506,0.8004576351931969,1.0
Dmel_CG33978,0.25232276,0.14847866,0.8007915862037689,1.0
Dmel_CG9680,0.25205633,0.24187894,0.8009975258911206,1.0
Dmel_CR45190,0.25199917,2.1785781,0.8010417002637327,1.0
Dmel_CG6383,0.2519042,0.02708008,0.8011151266419416,1.0
Dmel_CG5410,0.2518447,-0.107121654,0.8011610936429366,1.0
Dmel_CR45223,0.2516273,0.015056902,0.8013291476926983,1.0
Dmel_CR44396,0.25149447,0.031139927,0.8014318353319421,1.0
Dmel_CG13568,0.25080094,0.31844276,0.8019680160051551,1.0
Dmel_CG14414,0.2505928,-0.062107712,0.802128948122554,1.0
Dmel_CG31956,0.25033987,1.195502,0.8023245262789707,1.0
Dmel_CG5789,0.2501603,0.43105498,0.8024633793577491,1.0
Dmel_CG33275,0.25009236,0.11882176,0.8025159361289411,1.0
Dmel_CG12938,0.25002438,0.039371133,0.8025684937934526,1.0
Dmel_CG12919,0.24969654,0.37244758,0.8028220373410759,1.0
Dmel_CG5303,0.24958417,0.04343308,0.8029089457376014,1.0
Dmel_CG1897,0.24936946,0.15848495,0.8030750042960965,1.0
Dmel_CR45430,0.24916905,0.40988287,0.8032300202184843,1.0
Dmel_CR45121,0.24873771,1.5812796,0.803563674187445,1.0
Dmel_CG2194,0.24870604,0.841811,0.8035881694441797,1.0
Dmel_CG1287,0.24769433,0.67657167,0.8043709241926172,1.0
Dmel_CG44254,0.24741551,0.13599999,0.8045866644026006,1.0
Dmel_CG9867,0.24722785,-0.06126933,0.8047318940334549,1.0
Dmel_CG32667,0.24696487,0.32440728,0.8049354061478267,1.0
Dmel_CG43329,0.24695754,0.7918805,0.8049410843552922,1.0
Dmel_CG4786,0.24660845,0.39583445,0.8052112593742938,1.0
Dmel_CG1882,0.24608368,-0.114421256,0.8056174622577436,1.0
Dmel_CR44187,0.24597284,0.27888346,0.8057032528024806,1.0
Dmel_CG10688,0.24580449,-0.045538057,0.8058335871640723,1.0
Dmel_CG4616,0.24561836,-0.045662463,0.8059776786761149,1.0
Dmel_CG31161,0.24549286,0.11320827,0.806074839534616,1.0
Dmel_CG10563,0.24546234,0.017323969,0.8060984575494642,1.0
Dmel_CG5835,0.24488775,0.396004,0.8065433463372843,1.0
Dmel_CG18171,0.24439424,0.1868638,0.8069254983820932,1.0
Dmel_CG9025,0.24427493,-0.0814112,0.807017903569501,1.0
Dmel_CG14029,0.24420735,0.41505808,0.8070702377991622,1.0
Dmel_CR44429,0.24346207,0.9405548,0.8076474668256157,1.0
Dmel_CG18094,0.2433358,2.0056522,0.8077452771547593,1.0
Dmel_CG6840,0.24325585,-0.078580864,0.8078071953386606,1.0
Dmel_CG11839,0.24288669,-0.03502667,0.8080931712612156,1.0
Dmel_CG7133,0.24279208,-0.10567414,0.8081664641992414,1.0
Dmel_CG30330,0.2426052,0.8874569,0.8083112600937243,1.0
Dmel_CG4250,0.24231674,0.11338273,0.8085347492866297,1.0
Dmel_CG14352,0.24211207,0.02542898,0.8086933253911461,1.0
Dmel_CR44663,0.24119997,0.16574593,0.8094001317122641,1.0
Dmel_CG44008,0.24107409,0.49499494,0.809497696376703,1.0
Dmel_CG12952,0.2408953,0.013230997,0.8096362672309756,1.0
Dmel_CG3603,0.24070068,1.4926428,0.8097871157227804,1.0
Dmel_CG5911,0.24039291,0.2828521,0.8100256742867546,1.0
Dmel_CG1259,0.24024077,0.3642376,0.8101436131466011,1.0
Dmel_CG12839,0.24019675,0.36834455,0.8101777383925058,1.0
Dmel_CG8784,0.23990133,0.10745638,0.8104067460852793,1.0
Dmel_CG11619,0.23966308,0.9289275,0.8105914608466029,1.0
Dmel_CG4099,0.23962986,0.890932,0.8106172079882339,1.0
Dmel_CG4510,0.23902747,-0.09778581,0.8110842847034248,1.0
Dmel_CG14117,0.23884365,1.5244229,0.8112268163829708,1.0
Dmel_CR45597,0.23847835,1.0190609,0.8115101016957138,1.0
Dmel_CG2277,0.23796554,-0.032484956,0.8119078208077729,1.0
Dmel_CG5837,0.23765391,-0.09322254,0.8121495307610644,1.0
Dmel_CG11761,0.2375593,-0.122021295,0.8122229158887952,1.0
Dmel_CG3319,0.23740639,-0.11381561,0.8123415337048435,1.0
Dmel_CG7609,0.23729904,0.06047334,0.8124248083808958,1.0
Dmel_CG31258,0.23702371,0.18665683,0.8126383966519658,1.0
Dmel_CG6287,0.23642169,-0.0008022807,0.8131054635845607,1.0
Dmel_CR45896,0.23598611,2.3046227,0.8134434469970161,1.0
Dmel_CG9310,0.23552813,0.12862359,0.8137988464572743,1.0
Dmel_CG5482,0.23538448,-0.07787762,0.813910328725971,1.0
Dmel_CG30460,0.23509255,-0.005364219,0.8141369010780384,1.0
Dmel_CG1569,0.23485738,0.3035528,0.8143194290047371,1.0
Dmel_CR45939,0.23465002,1.6789706,0.8144803856394758,1.0
Dmel_CG10988,0.2345724,-0.03081485,0.8145406339923867,1.0
Dmel_CG4950,0.23402523,1.7948599,0.8149654009986551,1.0
Dmel_CR44027,0.23382133,0.1897059,0.8151236908364913,1.0
Dmel_CG42388,0.23373483,0.09992353,0.8151908463812624,1.0
Dmel_CG16801,0.23352553,0.042104,0.815353344431771,1.0
Dmel_CG7795,0.2334066,1.8350546,0.8154456900369219,1.0
Dmel_CG11513,0.23331702,0.076935485,0.8155152507570149,1.0
Dmel_CG16896,0.23307064,-0.093765356,0.8157065502328693,1.0
Dmel_CG7974,0.23285942,-0.10057138,0.8158705727936403,1.0
Dmel_CG7568,0.23273315,1.5890368,0.8159686303535401,1.0
Dmel_CG6856,0.23264973,0.31074727,0.816033403900262,1.0
Dmel_CG6701,0.23233773,0.47754943,0.8162757160872955,1.0
Dmel_CG18188,0.23224737,0.85526514,0.8163458939376053,1.0
Dmel_CG8870,0.23209907,1.5090172,0.8164610607806133,1.0
Dmel_CG10825,0.23199907,-0.0028280125,0.8165387406553648,1.0
Dmel_CG40300,0.23162217,0.8842402,0.8168314810042723,1.0
Dmel_CG1628,0.23136114,0.4049627,0.8170342546712015,1.0
Dmel_CG10646,0.23030964,-0.14561437,0.8178511724870313,1.0
Dmel_CR44892,0.23025326,0.19940138,0.8178949790385828,1.0
Dmel_CR44753,0.22989838,2.6982164,0.818170733327549,1.0
Dmel_CG15047,0.22948559,1.2420945,0.8184915247818357,1.0
Dmel_CG43219,0.22945082,0.24553329,0.818518533869176,1.0
Dmel_CG11423,0.22938094,0.42428303,0.8185728527969309,1.0
Dmel_CG32392,0.22927165,0.07261681,0.8186577841363574,1.0
Dmel_CG4103,0.22919828,-0.0039575594,0.8187148063709635,1.0
Dmel_CG15082,0.2289326,0.3155953,0.8189212949042055,1.0
Dmel_CR43408,0.22856615,1.9587328,0.8192061376304337,1.0
Dmel_CG13317,0.22830395,0.65970826,0.8194099543945461,1.0
Dmel_CG34219,0.22783825,-0.079005525,0.8197719918562519,1.0
Dmel_CG10555,0.22783323,-0.095433876,0.8197758946253721,1.0
Dmel_CG9629,0.22779731,0.402228,0.8198038145654133,1.0
Dmel_CG32537,0.22767568,-0.051978283,0.8198983838010688,1.0
Dmel_CR44300,0.22731964,2.0732021,0.820175201499827,1.0
Dmel_CG33914,0.22701032,0.3705097,0.8204157088169897,1.0
Dmel_CG14086,0.22668828,0.1859022,0.8206661426211621,1.0
Dmel_CG13418,0.22655544,0.026385054,0.8207694443858511,1.0
Dmel_CR44603,0.22635001,0.024994053,0.8209292078872816,1.0
Dmel_CG44402,0.2263473,0.64047337,0.8209313100881496,1.0
Dmel_CG1422,0.22630174,-0.058820363,0.8209667473820702,1.0
Dmel_CG2003,0.22599512,1.6642253,0.8212052078244501,1.0
Dmel_CG16708,0.22553521,-0.074986465,0.8215629294636683,1.0
Dmel_CG14285,0.22551051,0.28782383,0.8215821531722358,1.0
Dmel_CG6868,0.22540586,0.0432666,0.8216635547503961,1.0
Dmel_CG3738,0.22537227,0.5165156,0.8216896877675619,1.0
Dmel_CG2411,0.22525641,0.30662698,0.8217798031372079,1.0
Dmel_CR44619,0.22491814,0.8986295,0.8220429534710731,1.0
Dmel_CG12841,0.22452195,-0.11368082,0.8223511892498786,1.0
Dmel_CG5983,0.22432733,0.50130874,0.8225026133625994,1.0
Dmel_CG2397,0.2242891,0.4447563,0.8225323581617676,1.0
Dmel_CR43859,0.22363688,0.88440233,0.8230398617216029,1.0
Dmel_CG14877,0.22333375,1.0272787,0.8232757604053281,1.0
Dmel_CG9653,0.22326425,0.047832586,0.8233298540748976,1.0
Dmel_CG6042,0.22311017,0.23029591,0.8234497647015622,1.0
Dmel_CR44597,0.2229333,0.7953354,0.8235874115548275,1.0
Dmel_CG12346,0.22265567,-0.12188979,0.8238035100282014,1.0
Dmel_CG6454,0.22208609,-0.07318151,0.8242468692779594,1.0
Dmel_CG8202,0.22204746,-0.078391306,0.8242769295638513,1.0
Dmel_CG6744,0.22182891,0.1457089,0.8244470756388118,1.0
Dmel_CG10361,0.22172773,0.26864395,0.8245258386296922,1.0
Dmel_CG34334,0.2210342,0.57443863,0.8250658034552038,1.0
Dmel_CG9078,0.22098786,-0.061047655,0.8251018842361858,1.0
Dmel_CG5488,0.22093187,1.4074943,0.825145482339491,1.0
Dmel_CG17949,0.2208724,1.2723672,0.8251917871225511,1.0
Dmel_CG3225,0.22064959,0.20414184,0.8253652851260181,1.0
Dmel_CG3029,0.22052525,-0.09425297,0.8254621109442688,1.0
Dmel_CG18858,0.21948032,0.41885647,0.8262759134296759,1.0
Dmel_CR43893,0.21907021,0.40796638,0.8265953503782009,1.0
Dmel_CG6664,0.21898448,-0.070304595,0.8266621289619565,1.0
Dmel_CG11474,0.21885899,-0.11623553,0.8267598926630254,1.0
Dmel_CG15117,0.21871032,0.030570762,0.826875708521934,1.0
Dmel_CR45267,0.21851955,0.2047356,0.8270243193215788,1.0
Dmel_CR45522,0.21798667,1.6180184,0.8274394997080763,1.0
Dmel_CG2982,0.21779822,-0.08288792,0.8275863286694961,1.0
Dmel_CG14879,0.21768238,1.1676902,0.8276765953667247,1.0
Dmel_CG4658,0.21749008,-0.07130371,0.8278264431092878,1.0
Dmel_CG8239,0.21748467,0.090592735,0.8278306557870259,1.0
Dmel_CG12582,0.21739817,0.25780842,0.8278980593043755,1.0
Dmel_CR44178,0.21657218,0.21581258,0.828541766485482,1.0
Dmel_CG7839,0.21632041,-0.08367534,0.8287380012255336,1.0
Dmel_CR46066,0.21625206,0.8159164,0.8287912753850081,1.0
Dmel_CG32602,0.21624124,0.11174057,0.8287997030078013,1.0
Dmel_CG6234,0.21595936,0.2901203,0.8290194301243059,1.0
Dmel_CG1669,0.2158188,5.3511367,0.8291289976855462,1.0
Dmel_CG43374,0.21576357,0.054109547,0.8291720429941125,1.0
Dmel_CG6992,0.2155033,0.62876385,0.8293749347782826,1.0
Dmel_CG31152,0.21531178,0.1998675,0.8295242511353949,1.0
Dmel_CG4139,0.21496308,0.8615374,0.8297961070034323,1.0
Dmel_CG6321,0.21461476,0.6155136,0.8300676821573967,1.0
Dmel_CG30271,0.21451436,0.26285678,0.8301459670146719,1.0
Dmel_CR44514,0.21451436,3.0112567,0.8301459670146719,1.0
Dmel_CG14173,0.21409269,1.2169259,0.8304747818182554,1.0
Dmel_CG6813,0.21382508,-0.069919966,0.8306834681524213,1.0
Dmel_CG2256,0.21379535,0.49293926,0.830706656260276,1.0
Dmel_CG9888,0.21319216,-0.122817166,0.8311770753886785,1.0
Dmel_CG6847,0.21283382,1.2515666,0.8314565848089062,1.0
Dmel_CR43597,0.21281914,1.1748177,0.8314680306923428,1.0
Dmel_CG9380,0.21280293,1.1156344,0.8314806814472008,1.0
Dmel_CG2928,0.21262299,0.20913607,0.8316210475134397,1.0
Dmel_CG13994,0.21245462,-0.11161551,0.8317523820008966,1.0
Dmel_CG10152,0.21236773,-0.038279932,0.8318201596637995,1.0
Dmel_CG7509,0.21231097,0.20482044,0.8318644417457022,1.0
Dmel_CG31368,0.21142474,-0.061253604,0.8325558535731556,1.0
Dmel_CG1368,0.21125714,1.8655096,0.8326866188023312,1.0
Dmel_CG12512,0.21124132,0.78830147,0.8326989724389606,1.0
Dmel_CG2253,0.21113165,0.0050305407,0.8327845451048632,1.0
Dmel_CG33494,0.21063814,1.8191814,0.8331696466071079,1.0
Dmel_CR44228,0.21060339,1.6091835,0.8331967679411685,1.0
Dmel_CG3325,0.2105138,0.38949478,0.8332666816287372,1.0
Dmel_CG7106,0.21041842,0.7040748,0.8333411170469983,1.0
Dmel_CG34234,0.21025468,0.50344247,0.8334688963086507,1.0
Dmel_CG14183,0.2096604,-0.0418085,0.8339327358009027,1.0
Dmel_CG18011,0.20935611,0.32052693,0.8341702536484028,1.0
Dmel_CR46033,0.20905259,0.16009295,0.8344071837327316,1.0
Dmel_CG1041,0.20870736,-0.010957546,0.8346766873691469,1.0
Dmel_CG6506,0.20860311,0.1202537,0.8347580849041842,1.0
Dmel_CG42494,0.20855755,0.38198438,0.8347936591976962,1.0
Dmel_CG16766,0.20851892,0.25829217,0.8348238071687142,1.0
Dmel_CG6414,0.2080092,1.278509,0.8352217831206805,1.0
Dmel_CG5751,0.20800766,0.42468047,0.8352229891725946,1.0
Dmel_CG4707,0.20781457,-0.04746877,0.835373748712497,1.0
Dmel_CG15399,0.20768869,0.9531554,0.8354720471906804,1.0
Dmel_CG43885,0.20763887,0.109570496,0.8355109451510415,1.0
Dmel_CG9597,0.207613,0.8123143,0.8355311481264178,1.0
Dmel_CR44914,0.20734733,0.19265726,0.8357386118214968,1.0
Dmel_CG13424,0.20733382,1.1391715,0.8357491662395037,1.0
Dmel_CG8084,0.20729172,0.26886404,0.8357820359021942,1.0
Dmel_CG17446,0.20690055,-0.07827675,0.8360875263861267,1.0
Dmel_CG9969,0.20649625,-0.06770832,0.8364032962364167,1.0
Dmel_CG6175,0.20637268,0.26960993,0.8364998118638622,1.0
Dmel_CG34325,0.20581894,0.63121724,0.8369323527276662,1.0
Dmel_CG18642,0.20568223,-0.088041626,0.8370391381900693,1.0
Dmel_CG17048,0.20565598,0.72314626,0.8370596509956,1.0
Dmel_CG5773,0.20561813,0.71832013,0.8370892137631338,1.0
Dmel_CG34115,0.2055046,1.3772377,0.8371779034457885,1.0
Dmel_CG14629,0.20514162,0.8857852,0.8374614829768217,1.0
Dmel_CR43481,0.20507172,0.05099714,0.8375160895462269,1.0
Dmel_CG5632,0.20479485,-0.05661326,0.837732411656435,1.0
Dmel_CR43889,0.20419863,1.2447641,0.8381982849964345,1.0
Dmel_CR46096,0.20392136,2.0909781,0.8384149475002616,1.0
Dmel_CG14941,0.20377463,0.12570927,0.8385296206361615,1.0
Dmel_CG9945,0.20350084,-0.06440722,0.8387435857314854,1.0
Dmel_CG2129,0.20332205,0.065620735,0.838883318315234,1.0
Dmel_CG4822,0.20324482,0.89883214,0.8389436795339207,1.0
Dmel_CG4389,0.20286484,0.1043007,0.8392406705217013,1.0
Dmel_CG33293,0.20257832,1.4670151,0.8394646361859676,1.0
Dmel_CG3448,0.20256674,0.062811755,0.8394736916750569,1.0
Dmel_CG31921,0.20250031,0.75579935,0.839525610222643,1.0
Dmel_CG31547,0.20212072,0.14735137,0.8398223441520448,1.0
Dmel_CG3790,0.20209524,0.40186334,0.839842268100724,1.0
Dmel_CG15725,0.20193537,0.047188457,0.8399672479372726,1.0
Dmel_CG4269,0.20191027,1.2765229,0.8399868707419269,1.0
Dmel_CG9975,0.20176585,0.37802806,0.8400997792729508,1.0
Dmel_CG31777,0.2017419,0.62578696,0.8401184970479467,1.0
Dmel_CG6231,0.20167704,0.029390005,0.8401692166345538,1.0
Dmel_CG3267,0.20151408,0.82587874,0.8402966223322109,1.0
Dmel_CG44010,0.2013017,-0.068925686,0.8404626786914527,1.0
Dmel_CG3979,0.20115572,0.14128134,0.8405768088152137,1.0
Dmel_CG30052,0.20095183,0.07901853,0.8407362342798238,1.0
Dmel_CG9554,0.20094797,0.17047504,0.8407392537645508,1.0
Dmel_CR45175,0.20027529,0.9151276,0.8412652837203848,1.0
Dmel_CG2493,0.2001525,0.42572445,0.8413613175111122,1.0
Dmel_CG31955,0.20000422,1.2502202,0.8414772859892145,1.0
Dmel_CR45808,0.19991423,0.40383726,0.8415476539560589,1.0
Dmel_CG17028,0.19967173,0.92841053,0.8417373215589116,1.0
Dmel_CG12231,0.19913267,3.5626385,0.842158972234995,1.0
Dmel_CG31374,0.19831015,0.27667153,0.8428024089445957,1.0
Dmel_CG3624,0.19818929,0.48606113,0.8428969697669639,1.0
Dmel_CR45350,0.19814372,1.4376413,0.8429326194829105,1.0
Dmel_CG9628,0.19774559,-0.01609592,0.8432441150072701,1.0
Dmel_CG16739,0.1969366,0.094150215,0.8438771518272524,1.0
Dmel_CG32105,0.19674043,-0.0574903,0.8440306671341476,1.0
Dmel_CG15351,0.19671881,0.9052997,0.8440475904440345,1.0
Dmel_CG9648,0.19660722,-0.09458783,0.8441349279554009,1.0
Dmel_CG6232,0.1964794,0.25384662,0.8442349604696961,1.0
Dmel_CR44331,0.19630176,0.6072373,0.8443739826366418,1.0
Dmel_CG31710,0.1961921,0.16675162,0.844459816134258,1.0
Dmel_CG31235,0.19602141,0.22002707,0.8445934057441176,1.0
Dmel_CG7765,0.19592063,-0.071992345,0.8446722922056243,1.0
Dmel_CR44855,0.19587235,1.8192196,0.8447100736297055,1.0
Dmel_CG1623,0.19581637,0.80331707,0.844753900529148,1.0
Dmel_CG7081,0.19569395,-0.06818008,0.8448497168724012,1.0
Dmel_CG3052,0.19561441,0.47073403,0.8449119836130622,1.0
Dmel_CG6325,0.19534448,-0.046510432,0.8451232745789121,1.0
Dmel_CR44999,0.19523405,1.7937452,0.845209728744687,1.0
Dmel_CG9250,0.19487454,-0.039796546,0.845491171119872,1.0
Dmel_CG9743,0.19483863,0.18083547,0.8455192862110911,1.0
Dmel_CG4322,0.19479382,0.124771476,0.8455543547726291,1.0
Dmel_CG4432,0.19445632,0.71098083,0.8458185880783515,1.0
Dmel_CG18599,0.19364926,-0.0034629821,0.8464505205949914,1.0
Dmel_CG9515,0.19357125,-0.099343844,0.8465116025670432,1.0
Dmel_CG15473,0.19343495,0.67308813,0.8466183470390589,1.0
Dmel_CG12149,0.19337548,-0.025152816,0.8466649163308619,1.0
Dmel_CG8145,0.19326736,0.009394499,0.8467495891424177,1.0
Dmel_CG11237,0.19305575,1.2030834,0.8469153110501195,1.0
Dmel_CG31300,0.19304146,0.5434984,0.8469265005470863,1.0
Dmel_CR45145,0.19266419,0.42616197,0.8472219749107133,1.0
Dmel_CG43293,0.19223323,0.84642696,0.8475595133569516,1.0
Dmel_CG1461,0.19196215,0.40346816,0.8477718502592136,1.0
Dmel_CG11672,0.19175287,4.120168,0.8479357988461318,1.0
Dmel_CG11450,0.19171385,0.45432663,0.8479663508785966,1.0
Dmel_CG44085,0.1913559,0.4239047,0.8482467747520931,1.0
Dmel_CG6372,0.19126128,0.26374784,0.8483208921473342,1.0
Dmel_CG40733,0.19112034,3.6704197,0.8484313144274138,1.0
Dmel_CG34425,0.19108327,0.47548237,0.8484603574938554,1.0
Dmel_CG15520,0.1910655,0.20246325,0.8484742740361021,1.0
Dmel_CG8791,0.19104002,0.46498665,0.8484942413313888,1.0
Dmel_CG14589,0.19082068,0.5672294,0.848666085102009,1.0
Dmel_CG9999,0.19069634,-0.007957828,0.8487635067725763,1.0
Dmel_CG9313,0.19068785,1.1302756,0.8487701629958819,1.0
Dmel_CG9630,0.1904994,0.021869969,0.8489178129025448,1.0
Dmel_CG14709,0.19048704,1.0265381,0.8489274950488745,1.0
Dmel_CG13610,0.19021982,0.18144871,0.8491368770361039,1.0
Dmel_CR45928,0.19003563,1.0849974,0.849281211568855,1.0
Dmel_CG3903,0.18961124,0.72142303,0.8496137751338215,1.0
Dmel_CG3066,0.1894367,0.4404054,0.8497505606394206,1.0
Dmel_CG31213,0.18938805,1.0506399,0.849788691918518,1.0
Dmel_CR44738,0.18906522,0.17802173,0.8500416988246533,1.0
Dmel_CG4805,0.18895131,-0.017133448,0.8501309812648246,1.0
Dmel_CG6142,0.1889486,0.6010982,0.8501330998545478,1.0
Dmel_CG8199,0.18878719,0.6852247,0.8502596118875643,1.0
Dmel_CR45965,0.18873005,0.102210715,0.8503044065460601,1.0
Dmel_CG12031,0.18854508,-0.082292385,0.8504493871646241,1.0
Dmel_CG32655,0.1885223,2.152943,0.8504672452524609,1.0
Dmel_CG9119,0.18847673,-0.11224135,0.8505029616582345,1.0
Dmel_CG42561,0.18845278,0.2427915,0.8505217280282655,1.0
Dmel_CG5776,0.1883126,0.15273559,0.8506316037967269,1.0
Dmel_CG10805,0.18816008,0.3633232,0.8507511688784473,1.0
Dmel_CR44589,0.18811682,0.98043126,0.8507850715008696,1.0
Dmel_CR44894,0.188045,0.81161547,0.850841374679624,1.0
Dmel_CG44159,0.18749705,1.0555301,0.8512709384569209,1.0
Dmel_CG45081,0.18738274,0.78251946,0.8513605499992599,1.0
Dmel_CR46024,0.18721245,1.6184912,0.8514940626472853,1.0
Dmel_CG13397,0.18716921,0.77553463,0.8515279712993324,1.0
Dmel_CG6204,0.18697806,-0.07085873,0.8516778387177228,1.0
Dmel_CG7409,0.18672821,0.734952,0.851873734105539,1.0
Dmel_CG42266,0.18643783,0.6344088,0.8521014323458819,1.0
Dmel_CG18563,0.18621579,1.0344473,0.8522755450362941,1.0
Dmel_CG9575,0.18610612,-0.01020177,0.852361544221657,1.0
Dmel_CG32452,0.18596402,-0.0453462,0.8524729823964083,1.0
Dmel_CG5371,0.18589412,0.39374846,0.852527794100984,1.0
Dmel_CG5996,0.18584777,0.3675156,0.8525641337452452,1.0
Dmel_CR44340,0.18583465,0.17974567,0.8525744300346862,1.0
Dmel_CG18271,0.18575665,0.19487706,0.852635602625182,1.0
Dmel_CR45641,0.18569486,0.5655834,0.8526840567913163,1.0
Dmel_CG11160,0.18566976,0.33629557,0.852703741455115,1.0
Dmel_CG6678,0.18551028,0.81852335,0.8528288169231992,1.0
Dmel_CG3695,0.1849967,0.2757934,0.8532316274599062,1.0
Dmel_CR44157,0.18498087,0.2381801,0.853244045536222,1.0
Dmel_CG16790,0.1849156,-0.075492464,0.8532952326249176,1.0
Dmel_CG32407,0.18480593,0.002596804,0.8533812525556197,1.0
Dmel_CG14489,0.18465456,0.36147133,0.8534999871546953,1.0
Dmel_CR44566,0.18448389,0.6393883,0.8536338704537679,1.0
Dmel_CG7966,0.18442672,0.43148637,0.8536787010980444,1.0
Dmel_CR45187,0.18434294,0.2654738,0.853744433369952,1.0
Dmel_CG16892,0.18428926,-0.11834351,0.8537865389071573,1.0
Dmel_CG7223,0.18420354,0.26203606,0.8538537874634335,1.0
Dmel_CG3788,0.18406491,0.43955097,0.8539625385018381,1.0
Dmel_CG17932,0.18361774,0.8488358,0.8543133476613662,1.0
Dmel_CG3239,0.18330148,1.0697763,0.8545614761973721,1.0
Dmel_CG3823,0.18325746,0.6406145,0.8545960153763806,1.0
Dmel_CG5562,0.18320726,0.11434666,0.8546354024995009,1.0
Dmel_CG34027,0.18280102,0.52853084,0.8549541485371858,1.0
Dmel_CG4098,0.18253303,-0.093680896,0.8551644369268693,1.0
Dmel_CG32335,0.18218859,-0.033464152,0.8554347362455186,1.0
Dmel_CG33336,0.18211211,-0.018140443,0.855494737723305,1.0
Dmel_CG9873,0.1811614,0.4655255,0.856240886378095,1.0
Dmel_CR45444,0.18098415,0.14503373,0.8563800079359992,1.0
Dmel_CG33233,0.18069802,0.8445402,0.8566046122855515,1.0
Dmel_CG17574,0.1806625,-0.11988014,0.856632499196448,1.0
Dmel_CG5335,0.18052618,0.0812473,0.8567395017217025,1.0
Dmel_CR32863,0.18000217,0.72322226,0.8571508645414597,1.0
Dmel_CG33115,0.17983304,0.47850832,0.8572836487440368,1.0
Dmel_CG1743,0.17976855,0.008327412,0.857334277574507,1.0
Dmel_CG11495,0.17918237,1.4900993,0.8577945114386755,1.0
Dmel_CG7206,0.17912328,-0.066753946,0.85784090133066,1.0
Dmel_CG14505,0.17896496,0.5283871,0.8579652165331964,1.0
Dmel_CG4937,0.17890626,0.24711366,0.8580113050156446,1.0
Dmel_CG15365,0.17880818,0.8921038,0.858088322375558,1.0
Dmel_CG11123,0.17875257,-0.028397517,0.8581319863607129,1.0
Dmel_CR44943,0.17853014,0.4242185,0.8583066466401443,1.0
Dmel_CG16844,0.17842512,0.3081242,0.8583891275168919,1.0
Dmel_CG7103,0.17784704,1.1391383,0.8588431032185144,1.0
Dmel_CG9620,0.1777949,-0.047710102,0.8588840452076142,1.0
Dmel_CG33521,0.17765783,0.047483537,0.858991709285942,1.0
Dmel_CR43849,0.17751843,0.84455174,0.8591011957277777,1.0
Dmel_CG14615,0.17745432,0.7302194,0.859151542203348,1.0
Dmel_CG4780,0.17731415,-0.11590815,0.8592616392023422,1.0
Dmel_CG9496,0.17724696,0.22544727,0.8593144139408093,1.0
Dmel_CG9728,0.17706816,0.23983605,0.8594548463343337,1.0
Dmel_CG30108,0.17691602,0.9152429,0.8595743538597697,1.0
Dmel_CG4484,0.17669514,0.46087858,0.8597478578189626,1.0
Dmel_CG43673,0.1763731,21.205963,0.8600008460038124,1.0
Dmel_CG6623,0.1760966,-0.03191473,0.8602180511627322,1.0
Dmel_CG9656,0.175673,0.030300029,0.8605508566704616,1.0
Dmel_CR43344,0.17549574,-0.04092221,0.8606901144590836,1.0
Dmel_CG15196,0.17532313,1.1992006,0.8608257356846326,1.0
Dmel_CG46281,0.17508565,-0.037397236,0.8610123353532165,1.0
Dmel_CG18578,0.1749868,0.82386816,0.861090011649286,1.0
Dmel_CG33278,0.17493814,0.72012895,0.8611282434447304,1.0
Dmel_CG4026,0.17478909,0.4638592,0.8612453682717571,1.0
Dmel_CG10344,0.17457978,0.32611233,0.8614098336711608,1.0
Dmel_CG7347,0.17457901,0.14767767,0.8614104405656863,1.0
Dmel_CG17129,0.17456588,0.5527185,0.8614207577851382,1.0
Dmel_CG4193,0.1744315,2.7840834,0.8615263589200194,1.0
Dmel_CG6742,0.17363255,-0.109422356,0.8621542511950457,1.0
Dmel_CG42534,0.17354876,0.58474565,0.8622201105862046,1.0
Dmel_CG8346,0.17340356,1.0965846,0.8623342286649025,1.0
Dmel_CG5130,0.17334487,0.9881831,0.8623803623208869,1.0
Dmel_CG6589,0.17334254,0.8985249,0.8623821833958857,1.0
Dmel_CR42547,0.17254707,-0.085099675,0.8630074623140607,1.0
Dmel_CG12621,0.17249532,2.0789032,0.8630481387743815,1.0
Dmel_CG10479,0.1719713,-0.007953705,0.8634600842612644,1.0
Dmel_CR45604,0.17183036,1.7386098,0.8635708939196411,1.0
Dmel_CG43103,0.17147934,1.0443791,0.8638468671667925,1.0
Dmel_CR46364,0.17122719,0.42481047,0.8640451288303362,1.0
Dmel_CG14797,0.17094298,0.5418193,0.8642686009357715,1.0
Dmel_CG16716,0.17075454,0.773869,0.8644167786449832,1.0
Dmel_CR45171,0.17053907,1.4263601,0.864586217196217,1.0
Dmel_CG13848,0.17027648,-0.11306502,0.8647927098687096,1.0
Dmel_CR43432,0.17015252,0.8878497,0.8648901897655712,1.0
Dmel_CG2034,0.16992971,-0.07954885,0.8650654158077542,1.0
Dmel_CR44106,0.16991349,1.5940871,0.8650781708221359,1.0
Dmel_CG17807,0.1699104,-0.089985795,0.8650806003526701,1.0
Dmel_CG34328,0.1698965,1.4546685,0.8650915332558549,1.0
Dmel_CG17170,0.1698494,-0.10113035,0.8651285838419978,1.0
Dmel_CG18048,0.16984166,-0.121775754,0.8651346577368653,1.0
Dmel_CG7850,0.16979301,-0.057677995,0.8651729234577213,1.0
Dmel_CR43609,0.16963546,0.1536353,0.8652968336749279,1.0
Dmel_CG6563,0.16940609,-0.11032034,0.8654772382931496,1.0
Dmel_CG34028,0.16938755,0.5474617,0.8654918167503706,1.0
Dmel_CG12792,0.16901337,-0.0972738,0.8657861291376463,1.0
Dmel_CG5205,0.16892146,0.06210692,0.8658584192395139,1.0
Dmel_CG1638,0.16892107,0.3619242,0.8658587229818058,1.0
Dmel_CG14882,0.16885273,-0.08170528,0.8659124856795437,1.0
Dmel_CG7082,0.16869016,-0.09853668,0.8660403644193171,1.0
Dmel_CG14613,0.16796032,-0.12074445,0.8666144950384118,1.0
Dmel_CG42584,0.16777728,0.045138784,0.8667584944032942,1.0
Dmel_CR44938,0.16765757,0.038055673,0.8668526735952391,1.0
Dmel_CG17669,0.16751353,0.64971316,0.866965994934727,1.0
Dmel_CG13455,0.1673502,1.3470819,0.8670945101107618,1.0
Dmel_CG7820,0.1672413,0.014314242,0.8671801888467031,1.0
Dmel_CG32356,0.16693237,0.34527946,0.8674232575794141,1.0
Dmel_CG11686,0.16629946,0.7684711,0.8679212837692419,1.0
Dmel_CG1938,0.16629058,-0.009895307,0.8679282729177544,1.0
Dmel_CG34349,0.16627437,0.18753257,0.8679410357373252,1.0
Dmel_CG18743,0.16610485,0.0036492802,0.8680744396488757,1.0
Dmel_CG31040,0.16582914,-0.09843439,0.8682914189525937,1.0
Dmel_CG18372,0.16575576,2.1781085,0.8683491602151409,1.0
Dmel_CG30357,0.1656905,0.3468968,0.8684005201387667,1.0
Dmel_CG6424,0.16552484,0.4063848,0.8685308978231974,1.0
Dmel_CR44620,0.16512132,2.1772158,0.8688484994444169,1.0
Dmel_CG5171,0.16511668,2.1863203,0.8688521466673753,1.0
Dmel_CG5718,0.16448957,0.21643086,0.8693457632200933,1.0
Dmel_CR45973,0.16447914,2.0393357,0.8693539703300914,1.0
Dmel_CG42230,0.16439071,0.7088973,0.869423579347377,1.0
Dmel_CG12410,0.16415979,1.1858907,0.8696053578831279,1.0
Dmel_CG12426,0.16402,0.7574183,0.8697154010814567,1.0
Dmel_CG32595,0.16386631,0.39181712,0.8698363907141449,1.0
Dmel_CG13914,0.16382924,1.8379433,0.8698655745993715,1.0
Dmel_CG32548,0.16381842,1.6279926,0.8698740865992846,1.0
Dmel_CG8734,0.16381688,-0.088659815,0.8698753026005029,1.0
Dmel_CG33777,0.16379873,0.77227175,0.869889590637866,1.0
Dmel_CR32636,0.1633481,0.6580881,0.870244373174847,1.0
Dmel_CG15373,0.16315772,1.4154425,0.8703942591671368,1.0
Dmel_CG32077,0.16292988,0.39305753,0.8705736420318609,1.0
Dmel_CG3097,0.16277504,0.5571237,0.8706955653735813,1.0
Dmel_CG8942,0.16254567,1.6267965,0.8708761756713354,1.0
Dmel_CG30354,0.16250974,0.16985075,0.8709044536511134,1.0
Dmel_CG9552,0.1625055,1.3625863,0.8709077983693141,1.0
Dmel_CG8798,0.16230276,-0.07693669,0.8710674353306808,1.0
Dmel_CR45233,0.16217032,0.94291973,0.8711717343161273,1.0
Dmel_CG17835,0.16172007,0.6000782,0.8715263067928133,1.0
Dmel_CG15080,0.16152853,0.32152405,0.8716771447689641,1.0
Dmel_CG3770,0.16149068,0.2696686,0.8717069479858914,1.0
Dmel_CG7445,0.16120493,1.0993176,0.8719319985624202,1.0
Dmel_CR33945,0.16080101,0.7582667,0.872250128273389,1.0
Dmel_CG10208,0.16076626,0.26801172,0.8722775017768265,1.0
Dmel_CR45640,0.16059674,1.2970443,0.872411025835477,1.0
Dmel_CR44552,0.16033918,20.341364,0.8726139041974263,1.0
Dmel_CG9542,0.160082,-0.071856,0.8728164867536903,1.0
Dmel_CG3281,0.15999086,-0.14002675,0.8728882747666711,1.0
Dmel_CG14031,0.15993139,1.1758292,0.8729351200514006,1.0
Dmel_CG4152,0.15986343,-0.10340128,0.8729886580652091,1.0
Dmel_CG4957,0.15973213,-0.09811096,0.8730920854207466,1.0
Dmel_CG10658,0.15973136,0.243982,0.8730926938233744,1.0
Dmel_CG14125,0.15968812,3.9408507,0.873126764490311,1.0
Dmel_CG2723,0.15944947,0.5107103,0.8733147657929018,1.0
Dmel_CG15475,0.15931122,0.20084037,0.8734236759694255,1.0
Dmel_CR45112,0.15904324,3.1963017,0.8736348103484477,1.0
Dmel_CG17875,0.15903628,0.3908322,0.8736402865760562,1.0
Dmel_CR43431,0.15870303,0.0691177,0.8739028483643599,1.0
Dmel_CG4984,0.15860379,0.85262406,0.873981041523752,1.0
Dmel_CG33667,0.15838213,1.9438734,0.8741556874979649,1.0
Dmel_CG11983,0.15820915,-0.008394882,0.8742920008115442,1.0
Dmel_CG9072,0.15814735,0.44431156,0.8743406850422046,1.0
Dmel_CG17169,0.15797628,0.9607789,0.8744754819871912,1.0
Dmel_CG33642,0.15795775,0.8767883,0.8744900877440569,1.0
Dmel_CG10414,0.15788554,-0.051847436,0.8745469897462854,1.0
Dmel_CG4114,0.15750016,0.47769752,0.874850680913731,1.0
Dmel_CG17219,0.15742987,1.3157326,0.874906065459992,1.0
Dmel_CG6768,0.15734415,0.32546195,0.8749736232635836,1.0
Dmel_CG32476,0.15734184,0.9778213,0.8749754491628166,1.0
Dmel_CG1829,0.15694179,0.6050678,0.8752907310687887,1.0
Dmel_CG12653,0.15672863,0.34145835,0.875458727198225,1.0
Dmel_CG11881,0.15658343,0.2588519,0.8755731625583505,1.0
Dmel_CG1971,0.15653092,0.10244544,0.8756145547124233,1.0
Dmel_CG5857,0.15603277,-0.096742645,0.8760071883731322,1.0
Dmel_CG44385,0.15588719,0.43845364,0.8761219405666614,1.0
Dmel_CR46088,0.15567558,0.29324767,0.876288746806944,1.0
Dmel_CG5167,0.15553617,0.4311415,0.8763986349424915,1.0
Dmel_CR44662,0.15512994,-0.0019053794,0.8767188765526818,1.0
Dmel_CG4278,0.15496737,-0.0971778,0.8768470397364958,1.0
Dmel_CR44206,0.15457156,-0.047337428,0.8771590894855332,1.0
Dmel_CG31915,0.15437463,-0.085197866,0.8773143603790803,1.0
Dmel_CR45141,0.15427731,-0.025699364,0.8773910842105885,1.0
Dmel_CG3456,0.15419854,0.07829159,0.8774531948226338,1.0
Dmel_CG5346,0.15406223,0.69854075,0.8775606723206542,1.0
Dmel_CG10215,0.1536085,-0.019511916,0.877918439449016,1.0
Dmel_CG16772,0.1532262,1.2632405,0.8782198966438367,1.0
Dmel_CG5591,0.15317677,-0.076552846,0.8782588742177203,1.0
Dmel_CG10223,0.15317175,-0.08000311,0.8782628328940774,1.0
Dmel_CG44257,0.15316905,0.036526754,0.8782649644902997,1.0
Dmel_CG11504,0.15299335,-0.13862461,0.8784035201371061,1.0
Dmel_CG42711,0.15280259,0.70152706,0.8785539561991931,1.0
Dmel_CG3838,0.15265778,-0.10099313,0.8786681565428521,1.0
Dmel_CG6628,0.15208858,0.51579773,0.87911706446875,1.0
Dmel_CG6172,0.15190247,0.9759045,0.8792638664083778,1.0
Dmel_CG15649,0.15167077,3.8236296,0.8794466132106643,1.0
Dmel_CR46359,0.15131088,1.2778093,0.8797304926421543,1.0
Dmel_CG33180,0.1511873,-0.07332868,0.8798279655418828,1.0
Dmel_CR45991,0.15102859,3.1550963,0.8799531599686997,1.0
Dmel_CG3090,0.15101469,0.1823428,0.8799641260468783,1.0
Dmel_CG10467,0.15093514,0.047092874,0.8800268768258348,1.0
Dmel_CG7328,0.15060884,0.92102635,0.8802842847453318,1.0
Dmel_CG4702,0.15039259,2.9611163,0.8804548815806277,1.0
Dmel_CG12662,0.15037638,2.398847,0.8804676765670345,1.0
Dmel_CG14434,0.15034202,-0.058145538,0.8804947898556366,1.0
Dmel_CR44727,0.14995316,0.8448762,0.8808015758060338,1.0
Dmel_CG32032,0.14986743,0.06922808,0.8808692112638962,1.0
Dmel_CR45821,0.14944343,0.36251315,0.8812037453504163,1.0
Dmel_CG9509,0.14910206,2.4118009,0.8814730942105602,1.0
Dmel_CG4414,0.14858848,0.489852,0.8818783620938064,1.0
Dmel_CG7035,0.14849542,-0.14680739,0.8819518011660702,1.0
Dmel_CG14301,0.14833362,0.6586307,0.8820794839605579,1.0
Dmel_CG8345,0.14827493,0.22446628,0.88212580401359,1.0
Dmel_CG9389,0.14804709,0.874002,0.8823056027741473,1.0
Dmel_CG11919,0.14786947,-0.058911882,0.8824457890665786,1.0
Dmel_CR43966,0.1477876,1.6420616,0.882510397902045,1.0
Dmel_CG10337,0.14778142,1.58734,0.8825152740722997,1.0
Dmel_CG5498,0.14762464,-0.10734363,0.8826390083818889,1.0
Dmel_CG5091,0.1475783,-0.09294758,0.8826755806474529,1.0
Dmel_CG10016,0.14748253,0.99413425,0.8827511641220797,1.0
Dmel_CG8509,0.14716473,1.7737421,0.8830019991857518,1.0
Dmel_CG18336,0.14712264,0.02544033,0.8830352212348952,1.0
Dmel_CG2125,0.14671718,0.23310585,0.883355260676395,1.0
Dmel_CG14916,0.14665385,0.52025044,0.8834052495095734,1.0
Dmel_CG11295,0.14648472,0.030733027,0.8835387585465801,1.0
Dmel_CG5541,0.1463229,0.5217189,0.8836664791914419,1.0
Dmel_CG15717,0.14627658,0.4799538,0.8837030584535714,1.0
Dmel_CG8025,0.14616536,-0.049332935,0.8837908496941479,1.0
Dmel_CG11592,0.1460862,0.27084222,0.8838533408564201,1.0
Dmel_CG4533,0.14578229,0.02154016,0.8840932526618418,1.0
Dmel_CG8204,0.14573789,-0.04447432,0.8841283105506855,1.0
Dmel_CG32295,0.14554945,0.95446473,0.88427708046329,1.0
Dmel_CG15322,0.14520499,1.2459697,0.8845490228950186,1.0
Dmel_CR44082,0.14519109,1.1145413,0.8845599984358756,1.0
Dmel_CR44809,0.14515711,0.97210383,0.8845868276290051,1.0
Dmel_CG4438,0.14482425,0.028889796,0.8848496387633319,1.0
Dmel_CG5157,0.14457518,1.3039994,0.8850462980745908,1.0
Dmel_CG1676,0.14446975,-0.060334504,0.8851295374051518,1.0
Dmel_CG5316,0.14420988,-0.093835756,0.8853347445377399,1.0
Dmel_CG14937,0.14397779,0.092442565,0.8855180043622395,1.0
Dmel_CG7021,0.14393608,0.18830425,0.8855509368935378,1.0
Dmel_CG2155,0.14387353,0.886883,0.8856003360611334,1.0
Dmel_CG30345,0.14366192,4.736429,0.8857674427128472,1.0
Dmel_CG31439,0.14336844,0.35906455,0.8859992048702503,1.0
Dmel_CR45825,0.14330666,-0.044523437,0.886047998146642,1.0
Dmel_CG3299,0.14329661,0.22781907,0.8860559270948666,1.0
Dmel_CR46005,0.14283554,0.53310466,0.8864200610721007,1.0
Dmel_CG14445,0.14282241,0.5196115,0.8864304303978553,1.0
Dmel_CG9766,0.14272356,-0.08131072,0.8865085059454261,1.0
Dmel_CG15738,0.14261313,-0.11787756,0.8865957322739715,1.0
Dmel_CG1360,0.1425915,-0.030940162,0.8866128117159565,1.0
Dmel_CG10105,0.14242855,-0.08657378,0.8867415192041259,1.0
Dmel_CR34601,0.14237757,3.0816913,0.8867817790319424,1.0
Dmel_CR44095,0.14236058,2.3840172,0.8867951990394819,1.0
Dmel_CG15529,0.1422934,0.7238632,0.8868482693872606,1.0
Dmel_CG32064,0.14217754,0.5269604,0.8869397711783185,1.0
Dmel_CG5052,0.1419501,0.8880994,0.8871194240778482,1.0
Dmel_CR43806,0.14170103,1.7771559,0.8873161643818772,1.0
Dmel_CG17520,0.14169292,-0.013667027,0.8873225699969312,1.0
Dmel_CR45944,0.14124691,0.63798136,0.8876748901481682,1.0
Dmel_CR46250,0.14108163,2.1795857,0.8878054525196263,1.0
Dmel_CR43423,0.1410685,1.9339849,0.8878158244273717,1.0
Dmel_CG5062,0.14084068,0.440138,0.8879958105898352,1.0
Dmel_CG15737,0.14074259,0.23652129,0.8880732979370186,1.0
Dmel_CG31127,0.14053252,0.21588297,0.8882392586879144,1.0
Dmel_CG15877,0.14041552,-0.09344134,0.8883316985104769,1.0
Dmel_CG7208,0.14030083,0.6144953,0.8884223093154325,1.0
Dmel_CG7289,0.14028616,-0.12418692,0.8884339027223087,1.0
Dmel_CG11084,0.1400116,0.12402351,0.8886508258648305,1.0
Dmel_CG1689,0.13999191,0.7153757,0.8886663860734088,1.0
Dmel_CR45177,0.1397718,1.4241927,0.888840297204649,1.0
Dmel_CG16799,0.13952388,0.2031635,0.889036182464211,1.0
Dmel_CG8120,0.13937367,0.7420872,0.8891548763627354,1.0
Dmel_CG17754,0.13935784,-0.09487078,0.8891673866613697,1.0
Dmel_CG3322,0.13934587,0.7475209,0.8891768456859793,1.0
Dmel_CG32365,0.13915241,-0.09484921,0.889329717915995,1.0
Dmel_CR44137,0.13910337,0.29864535,0.8893684706124123,1.0
Dmel_CG34388,0.13879019,0.913518,0.8896159448491647,1.0
Dmel_CG31694,0.13875158,-0.06436852,0.889646460297032,1.0
Dmel_CG7744,0.13874695,0.24511382,0.8896501221617642,1.0
Dmel_CG2958,0.13861102,0.5897006,0.8897575379076699,1.0
Dmel_CG10237,0.13837005,0.50160646,0.8899479617025774,1.0
Dmel_CR45440,0.13835384,0.525349,0.8899607789169499,1.0
Dmel_CG12075,0.13808545,0.7116769,0.890172877470757,1.0
Dmel_CG11898,0.13783948,1.2566645,0.890367282617697,1.0
Dmel_CG14680,0.1377607,0.16301057,0.8904295424889485,1.0
Dmel_CG3430,0.13755913,0.30037078,0.8905888575879581,1.0
Dmel_CG14253,0.13746569,0.7745027,0.8906627178111304,1.0
Dmel_CG12819,0.1374232,-0.07557657,0.8906962909535431,1.0
Dmel_CG44405,0.13740776,0.65432084,0.8907084994175585,1.0
Dmel_CG42830,0.13737647,0.4552537,0.8907332216365493,1.0
Dmel_CG5575,0.13732204,0.32478654,0.8907762568637414,1.0
Dmel_CG34309,0.13715212,0.8904958,0.8909105532579072,1.0
Dmel_CG7417,0.13706253,0.046106506,0.8909813653442716,1.0
Dmel_CG1665,0.13676597,0.11211171,0.8912157839684868,1.0
Dmel_CG5660,0.13675593,-0.05525701,0.8912237201821708,1.0
Dmel_CR45813,0.13659915,0.35627204,0.8913476486243438,1.0
Dmel_CG15043,0.13652886,1.0373149,0.8914032036153168,1.0
Dmel_CG11413,0.13649295,0.2381783,0.8914315918110169,1.0
Dmel_CG44006,0.13617747,0.7080805,0.8916809865608116,1.0
Dmel_CG3608,0.13595659,0.08081458,0.8918555997896886,1.0
Dmel_CG42445,0.13551946,0.2884209,0.8922011784821654,1.0
Dmel_CG31875,0.13500471,4.029375,0.8926081450051803,1.0
Dmel_CG14590,0.13499777,3.1447747,0.8926136406208662,1.0
Dmel_CG30109,0.13494873,-0.118156634,0.8926524153891815,1.0
Dmel_CG12857,0.13456103,0.7940336,0.892958958803885,1.0
Dmel_CG1842,0.1345533,0.82867485,0.8929650654090205,1.0
Dmel_CG8588,0.13409378,0.01846493,0.8933284198236632,1.0
Dmel_CG5526,0.13406713,0.33106485,0.8933494889604118,1.0
Dmel_CG11125,0.13392773,0.78259695,0.8934597214676971,1.0
Dmel_CR43574,0.13370647,2.416793,0.8936346930795711,1.0
Dmel_CG9445,0.13369875,2.162444,0.8936408003846987,1.0
Dmel_CG14490,0.13368174,1.6812099,0.8936542364781765,1.0
Dmel_CR43700,0.13334386,1.0325058,0.8939214378518856,1.0
Dmel_CG44880,0.13308051,2.489779,0.8941297105870871,1.0
Dmel_CG13329,0.13307355,2.3320396,0.8941352076203813,1.0
Dmel_CG46386,0.13291292,-0.033605386,0.8942622515837392,1.0
Dmel_CG31938,0.13288356,-0.040383745,0.8942854618317287,1.0
Dmel_CG9930,0.13277777,0.54260725,0.8943691416349793,1.0
Dmel_CG15861,0.13273412,0.25541547,0.8944036522612426,1.0
Dmel_CG14016,0.13270208,0.98454154,0.8944290009016703,1.0
Dmel_CG13373,0.13268122,0.9172524,0.894445492846105,1.0
Dmel_CG3858,0.13260013,0.64814067,0.8945096286192615,1.0
Dmel_CG15539,0.13250977,0.41677317,0.8945810950074228,1.0
Dmel_CG5697,0.13241053,1.6754327,0.8946595868556251,1.0
Dmel_CG14137,0.13240589,1.72068,0.8946632518698568,1.0
Dmel_CR44657,0.13239121,1.4713122,0.8946748577630919,1.0
Dmel_CG6496,0.13210817,0.04887578,0.894898733744392,1.0
Dmel_CG33484,0.13190196,0.2091311,0.895061835570274,1.0
Dmel_CG12789,0.13185717,0.011753945,0.8950972665162021,1.0
Dmel_CG43232,0.13175754,1.5964634,0.8951760705772015,1.0
Dmel_CG14898,0.13142699,-0.08485545,0.8954375364175391,1.0
Dmel_CG18617,0.13140537,0.49861625,0.8954546420556022,1.0
Dmel_CG4666,0.13134359,0.6841269,0.8955035155750212,1.0
Dmel_CR46107,0.13111305,1.4295545,0.895685878393668,1.0
Dmel_CG13658,0.13105977,0.922322,0.8957280333977553,1.0
Dmel_CG5144,0.1307265,0.73649305,0.8959916615817001,1.0
Dmel_CR44989,0.13062611,0.0023096008,0.8960710883161787,1.0
Dmel_CR43809,0.1304755,1.4349965,0.8961902303708001,1.0
Dmel_CG13377,0.13046546,1.2993392,0.896198173257711,1.0
Dmel_CG9456,0.13045311,1.1592833,0.8962079491328068,1.0
Dmel_CG12880,0.12984917,0.29459727,0.8966857642066611,1.0
Dmel_CG13350,0.12983179,1.4224935,0.8966995126382472,1.0
Dmel_CG6517,0.12961283,0.11951947,0.8968727455324697,1.0
Dmel_CG8890,0.12952171,-0.028565858,0.8969448509731573,1.0
Dmel_CG6698,0.1293711,0.60097295,0.8970640101343261,1.0
Dmel_CG9799,0.1292962,-0.1966613,0.8971232850434354,1.0
Dmel_CR44498,0.12925178,0.055613887,0.897158422502893,1.0
Dmel_CG2310,0.12889072,-0.042762034,0.8974441128053036,1.0
Dmel_CG17036,0.12882045,0.7180218,0.8974997246571661,1.0
Dmel_CG10660,0.12873703,0.38729817,0.8975657261896355,1.0
Dmel_CG3792,0.12862274,-0.12755719,0.8976561738851031,1.0
Dmel_CG8031,0.12857021,-0.11047314,0.8976977313802841,1.0
Dmel_CG33666,0.12827134,20.31666,0.8979342477584424,1.0
Dmel_CG1857,0.12826285,0.07665511,0.8979409705788255,1.0
Dmel_CG10616,0.1279377,-0.099099696,0.8981982767507707,1.0
Dmel_CG3461,0.12776586,-0.14354707,0.8983342683044124,1.0
Dmel_CG9782,0.1275137,0.6353075,0.8985338298535879,1.0
Dmel_CG1092,0.12740634,0.50034946,0.8986187906235591,1.0
Dmel_CG11261,0.12718508,0.7283916,0.898793911271117,1.0
Dmel_CG14965,0.12700011,-0.026824705,0.8989403073573295,1.0
Dmel_CG31020,0.1269754,0.28035697,0.8989598678465194,1.0
Dmel_CR44186,0.12697077,2.3948743,0.8989635354450763,1.0
Dmel_CG9117,0.12693755,0.031697076,0.8989898199645449,1.0
Dmel_CG8282,0.12691826,-0.08079969,0.8990051017128491,1.0
Dmel_CG14575,0.12644598,0.06842856,0.8993789049231323,1.0
Dmel_CR45327,0.1263228,2.1895666,0.8994764091891421,1.0
Dmel_CG1652,0.12616563,0.46097386,0.8996008133863393,1.0
Dmel_CG31776,0.12598182,1.0893416,0.8997463113507465,1.0
Dmel_CG6511,0.12592351,0.04058963,0.8997924679217817,1.0
Dmel_CG3437,0.12577368,-0.14011607,0.8999110704661217,1.0
Dmel_CG9015,0.12576288,0.39478052,0.8999196294991166,1.0
Dmel_CG3871,0.12570186,0.23190765,0.8999679271176916,1.0
Dmel_CG14291,0.12568642,2.1775844,0.8999801544216657,1.0
Dmel_CG31683,0.12567946,2.0303721,0.8999856567161986,1.0
Dmel_CG11323,0.12535587,1.0959475,0.9002418244115115,1.0
Dmel_CG3274,0.12523423,-0.063634574,0.900338119252936,1.0
Dmel_CG8147,0.1250678,2.4781377,0.9004698774282144,1.0
Dmel_CG12213,0.12504618,-0.06652622,0.9004869970212999,1.0
Dmel_CG43341,0.12468048,0.9445306,0.9007765085729823,1.0
Dmel_CG6683,0.12467006,-0.0821909,0.900784763055931,1.0
Dmel_CG5619,0.12461947,0.7277527,0.9008248127366125,1.0
Dmel_CG15695,0.12438431,1.6754266,0.9010110012068483,1.0
Dmel_CG15027,0.12426614,-0.094132215,0.9011045560906941,1.0
Dmel_CR43820,0.12405723,0.15050408,0.9012699620399935,1.0
Dmel_CG13016,0.12397189,-0.09390669,0.901337532062573,1.0
Dmel_CG5613,0.12355716,0.46421793,0.9016659141973398,1.0
Dmel_CG30104,0.1233664,0.44059706,0.90181696340258,1.0
Dmel_CG3174,0.12312698,1.7125406,0.902006544357925,1.0
Dmel_CG11527,0.123113856,1.5917647,0.9020169408946338,1.0
Dmel_CG1373,0.12308759,1.3185755,0.9020377340184642,1.0
Dmel_CG31201,0.12306056,0.9969267,0.9020591387749597,1.0
Dmel_CG8566,0.12290919,0.09439747,0.9021790067267021,1.0
Dmel_CG2118,0.12257942,0.4024359,0.902440155339586,1.0
Dmel_CR43786,0.122462794,1.4330883,0.9025325078455789,1.0
Dmel_CR34151,0.12245816,1.3991619,0.9025361775088321,1.0
Dmel_CG8501,0.122451216,1.313614,0.9025416820076162,1.0
Dmel_CG3842,0.12243538,0.25720766,0.9025542200501137,1.0
Dmel_CR43828,0.12224115,0.35239395,0.9027080424023115,1.0
Dmel_CG5210,0.1221504,0.02021353,0.9027799089680951,1.0
Dmel_CG2938,0.122075096,-0.124784224,0.9028395435317328,1.0
Dmel_CG15673,0.12158584,0.1748292,0.9032270286234192,1.0
Dmel_CG15436,0.12149277,0.25647205,0.9033007359767087,1.0
Dmel_CR44981,0.12142482,0.21204513,0.9033545642799549,1.0
Dmel_CG5080,0.12115296,0.15343153,0.9035698819326476,1.0
Dmel_CG32368,0.12096297,0.40600613,0.9037203638212552,1.0
Dmel_CG10286,0.120784566,-0.10507493,0.9038616731335076,1.0
Dmel_CG3234,0.12072394,-0.052473303,0.9039096945239633,1.0
Dmel_CG7508,0.12049959,1.0273229,0.90408740731115,1.0
Dmel_CR44984,0.11985857,0.94981104,0.9045951845753504,1.0
Dmel_CG4792,0.119658545,-0.04951612,0.904753643549376,1.0
Dmel_CG5927,0.11960911,3.7703304,0.9047928000194907,1.0
Dmel_CR45922,0.119582854,0.26362318,0.9048136019884028,1.0
Dmel_CG14485,0.11953999,0.7436077,0.9048475582838692,1.0
Dmel_CG14695,0.11953111,0.18033633,0.9048545942947829,1.0
Dmel_CR46355,0.11950022,0.23229411,0.9048790674343932,1.0
Dmel_CG44815,0.119430326,0.4436397,0.9049344382461673,1.0
Dmel_CG42319,0.119148046,0.19389182,0.9051580676059889,1.0
Dmel_CG5630,0.11914573,0.47355875,0.9051599031722353,1.0
Dmel_CG8642,0.11896462,3.2085786,0.9053033848341994,1.0
Dmel_CG11893,0.11895844,2.7682583,0.9053082797855396,1.0
Dmel_CR45804,0.118953034,2.4317014,0.9053125628709136,1.0
Dmel_CG12947,0.118861906,-0.08197751,0.9053847638673937,1.0
Dmel_CG8503,0.11875803,0.17448103,0.9054670617196773,1.0
Dmel_CG42632,0.118478455,-0.13082059,0.9056885672998292,1.0
Dmel_CG12885,0.11831781,2.3362513,0.9058158445445459,1.0
Dmel_CG43236,0.118232474,0.5690773,0.9058834615649614,1.0
Dmel_CR45214,0.118179955,0.51345354,0.9059250723782046,1.0
Dmel_CG11400,0.11814288,0.481801,0.9059544448724615,1.0
Dmel_CG18335,0.11800735,0.27068168,0.9060618391493133,1.0
Dmel_CG1911,0.117924705,0.8263451,0.9061273168448989,1.0
Dmel_CG7052,0.11780809,0.29503858,0.906219721033524,1.0
Dmel_CG5399,0.117674865,2.2047963,0.9063252836633842,1.0
Dmel_CG4594,0.11767255,2.1668274,0.906327119549854,1.0
Dmel_CG7131,0.117316514,0.06019434,0.906609240046311,1.0
Dmel_CR44771,0.11730995,0.9427138,0.9066144419449564,1.0
Dmel_CG15909,0.117309175,0.9407016,0.9066150539332958,1.0
Dmel_CG5987,0.11724894,0.6373256,0.9066627891945607,1.0
Dmel_CG6800,0.1170157,1.7247534,0.9068476135126404,1.0
Dmel_CG17032,0.11697554,-0.09000566,0.9068794380767468,1.0
Dmel_CG9122,0.11687591,-0.01829322,0.9069583881215394,1.0
Dmel_CG9127,0.11679366,0.3606539,0.9070235685024909,1.0
Dmel_CR45120,0.1163658,1.4897894,0.9073626389783438,1.0
Dmel_CR44834,0.1163658,1.4978672,0.9073626389783438,1.0
Dmel_CG6198,0.11580858,-0.10816592,0.9078042515505809,1.0
Dmel_CG11362,0.115707405,1.1796547,0.9078844365199523,1.0
Dmel_CG9280,0.115680374,0.2234309,0.9079058601439847,1.0
Dmel_CR45199,0.11529113,0.5242512,0.9082143677502991,1.0
Dmel_CR45745,0.11528109,0.48455238,0.908222325471124,1.0
Dmel_CG18548,0.115066,1.1480389,0.908392806547418,1.0
Dmel_CG2669,0.11435664,-0.035469484,0.908955087284367,1.0
Dmel_CG6792,0.113915645,-0.17502947,0.9093046609761996,1.0
Dmel_CG9396,0.11376389,0.8672366,0.9094249649193994,1.0
Dmel_CG6539,0.11362449,-0.111397184,0.9095354749519715,1.0
Dmel_CG15589,0.11314411,1.0986885,0.9099163040832514,1.0
Dmel_CG33632,0.113127895,0.9848808,0.9099291620201336,1.0
Dmel_CG7460,0.11312558,0.9688611,0.9099309988701856,1.0
Dmel_CG31125,0.11304062,-0.07110344,0.9099983503711416,1.0
Dmel_CG43129,0.112686515,0.18603677,0.9102790906340193,1.0
Dmel_CR44054,0.11254673,1.4435301,0.9103899203014553,1.0
Dmel_CG4554,0.11248803,-0.050194778,0.9104364570353123,1.0
Dmel_CG34454,0.11247954,0.8618178,0.9104431926406708,1.0
Dmel_CG13437,0.112434745,0.6213046,0.9104787077571695,1.0
Dmel_CG4592,0.112428956,0.23424943,0.9104833002421923,1.0
Dmel_CG8270,0.11236099,-0.055886872,0.910537185623167,1.0
Dmel_CR44766,0.11223047,0.23287335,0.9106406712017312,1.0
Dmel_CG16825,0.11181497,0.72631615,0.9109701205848948,1.0
Dmel_CG5069,0.11170144,-0.029178062,0.9110601400886318,1.0
Dmel_CG12548,0.111659735,0.1857537,0.9110932087645233,1.0
Dmel_CG8343,0.111596406,4.7626886,0.9111434244556942,1.0
Dmel_CR44612,0.111569755,0.21810426,0.911164551895254,1.0
Dmel_CG5565,0.11119056,0.8350425,0.9114652419659737,1.0
Dmel_CG33234,0.111171246,0.70523816,0.91148055239061,1.0
Dmel_CG8733,0.11102026,0.11711898,0.9116002810441557,1.0
Dmel_CG32572,0.11094303,2.7837448,0.9116615240982009,1.0
Dmel_CG11294,0.11087932,-0.01925431,0.9117120500128402,1.0
Dmel_CG3753,0.11052752,0.19281368,0.9119910207257386,1.0
Dmel_CG32433,0.1104669,0.4423875,0.912039099102294,1.0
Dmel_CG32755,0.110369205,-0.10399763,0.9121165763992797,1.0
Dmel_CG32797,0.11035337,0.30001956,0.9121291320873541,1.0
Dmel_CG10217,0.110305876,-0.12527664,0.9121667992831854,1.0
Dmel_CG3775,0.110295065,2.228364,0.9121753739569696,1.0
Dmel_CR34559,0.11029197,2.1243398,0.9121778238656433,1.0
Dmel_CG10341,0.10977993,-0.061436,0.9125839077462299,1.0
Dmel_CG4476,0.10967335,2.80651,0.9126684348665469,1.0
Dmel_CR45831,0.109661,2.3586423,0.9126782351763167,1.0
Dmel_CG14928,0.10964941,2.0019073,0.9126874229787871,1.0
Dmel_CR46010,0.10964478,1.7127614,0.9126910981030432,1.0
Dmel_CG42566,0.10928565,0.96068984,0.9129759259067828,1.0
Dmel_CG6761,0.10922155,0.6000333,0.91302676731523,1.0
Dmel_CG11927,0.10916826,-0.09266995,0.9130690333353888,1.0
Dmel_CG9236,0.10911188,0.16272931,0.9131137498272901,1.0
Dmel_CG42521,0.108999126,1.5628201,0.9132031836361854,1.0
Dmel_CG13232,0.10881918,0.18066624,0.9133459124705869,1.0
Dmel_CG12640,0.108740404,0.23029517,0.9134083955011114,1.0
Dmel_CR42746,0.10864039,0.8101506,0.9134877252178251,1.0
Dmel_CG3672,0.108396724,0.2507612,0.9136809992925026,1.0
Dmel_CR44596,0.10837433,1.836932,0.9136987648362258,1.0
Dmel_CG5452,0.10829478,-0.14708164,0.9137618634951926,1.0
Dmel_CG9734,0.10777965,-0.058335427,0.9141704863975981,1.0
Dmel_CG8191,0.10769624,1.1860876,0.9142366523628774,1.0
Dmel_CG5589,0.107686974,-0.12446939,0.9142440041734947,1.0
Dmel_CG13288,0.107583486,-0.02393792,0.9143260998903315,1.0
Dmel_CG30389,0.10753406,-0.030537104,0.9143653101075236,1.0
Dmel_CG5814,0.10752517,0.04701383,0.9143723557155169,1.0
Dmel_CG34057,0.10738732,0.03348213,0.9144817166672113,1.0
Dmel_CG5772,0.107299656,0.54478323,0.9145512551453084,1.0
Dmel_CR45380,0.1072317,0.32287928,0.9146051708912701,1.0
Dmel_CG11007,0.10721432,-0.11952752,0.9146189562303121,1.0
Dmel_CG17876,0.107075304,1.4115409,0.9147292398668869,1.0
Dmel_CG7669,0.10706913,1.3546568,0.9147341413999628,1.0
Dmel_CG8767,0.107053675,1.1580887,0.9147463952468378,1.0
Dmel_CG9092,0.1070251,0.21175139,0.9147690649169716,1.0
Dmel_CG30039,0.10645128,1.5748949,0.9152243110512559,1.0
Dmel_CG3180,0.106367484,-0.08986488,0.9152907927970939,1.0
Dmel_CG34331,0.10605122,0.2429138,0.9155417131080898,1.0
Dmel_CG34417,0.10601956,0.11275509,0.9155668362404948,1.0
Dmel_CG3897,0.1058817,0.08786049,0.9156762147629341,1.0
Dmel_CG10177,0.1057701,1.0554777,0.9157647604505588,1.0
Dmel_CG3494,0.10575774,0.9930967,0.9157745648816463,1.0
Dmel_CG32536,0.10543878,0.7433117,0.916027646188735,1.0
Dmel_CG32164,0.10516307,0.011319095,0.9162464182459551,1.0
Dmel_CR44221,0.10506807,0.54423946,0.9163217949626602,1.0
Dmel_CG4880,0.104797766,0.14896268,0.9165362856688379,1.0
Dmel_CG8701,0.10461974,0.24050921,0.9166775464390177,1.0
Dmel_CG9016,0.104506604,-0.06701449,0.9167673295977637,1.0
Dmel_CG6220,0.104450226,0.7008438,0.9168120683599247,1.0
Dmel_CG11908,0.10444636,0.7214705,0.9168151326683448,1.0
Dmel_CR43460,0.104437865,0.6570001,0.9168218741512196,1.0
Dmel_CR45162,0.10441933,0.5442895,0.9168365828618892,1.0
Dmel_CG9134,0.10434055,0.15347351,0.916899095199772,1.0
Dmel_CG4568,0.104052484,0.44701734,0.9171276986114537,1.0
Dmel_CG13056,0.10386095,1.0912595,0.9172796960944861,1.0
Dmel_CR31144,0.10383315,0.9256542,0.9173017604966975,1.0
Dmel_CG34379,0.10382195,-0.08958707,0.9173106475655839,1.0
Dmel_CG8399,0.10381693,0.7826321,0.9173146314274044,1.0
Dmel_CG14049,0.10372193,0.023947086,0.9173900187423497,1.0
Dmel_CR46095,0.103641614,0.3062134,0.9174537614418745,1.0
Dmel_CG14443,0.10347364,0.5709049,0.9175870712061619,1.0
Dmel_CG14087,0.103296004,0.15063968,0.9177280449717621,1.0
Dmel_CG18096,0.10323152,1.1130419,0.9177792252182052,1.0
Dmel_CG14353,0.10315506,-0.17233922,0.9178399064308781,1.0
Dmel_CG3354,0.103089415,0.38136435,0.9178920068438388,1.0
Dmel_CR44392,0.103015274,0.3217364,0.9179508500871544,1.0
Dmel_CG6474,0.10294577,-0.062466335,0.9180060160359431,1.0
Dmel_CR44410,0.10292762,2.8425887,0.91802042054313,1.0
Dmel_CG13616,0.10276968,0.40673736,0.9181457715389676,1.0
Dmel_CG9885,0.1025712,0.8809751,0.9183033059930885,1.0
Dmel_CR46127,0.10254262,0.7034825,0.9183259863149387,1.0
Dmel_CG10491,0.102495894,-0.027432447,0.9183630718492409,1.0
Dmel_CG3622,0.102316335,0.14659671,0.9185055922901373,1.0
Dmel_CG3921,0.10229355,0.3253194,0.9185236757161616,1.0
Dmel_CG30062,0.10228621,2.3230033,0.9185294992013107,1.0
Dmel_CG17958,0.102256864,-0.1401324,0.9185527931856072,1.0
Dmel_CG42633,0.1018962,0.7812424,0.9188390696950319,1.0
Dmel_CG3303,0.10169849,0.29634205,0.9189960051820592,1.0
Dmel_CR34077,0.10165253,2.4734666,0.9190324808743674,1.0
Dmel_CR45384,0.101639405,2.1195564,0.9190429025320397,1.0
Dmel_CG12344,0.10160735,0.2281718,0.919068343695944,1.0
Dmel_CG30089,0.10153553,-0.054595005,0.9191253567255264,1.0
Dmel_CG11471,0.101449415,-0.09373594,0.9191937116047424,1.0
Dmel_CG7459,0.10115323,0.37589115,0.9194288201623247,1.0
Dmel_CG33717,0.10099954,2.0188441,0.9195508219041794,1.0
Dmel_CG7863,0.10099414,1.6910744,0.9195551134572334,1.0
Dmel_CG43330,0.10099259,1.8790123,0.9195563396156792,1.0
Dmel_CR46094,0.1009841,1.6379644,0.9195630834905502,1.0
Dmel_CG3645,0.1009756,-0.09135697,0.9195698273712066,1.0
Dmel_CR44070,0.100866705,-0.04587283,0.9196562721717934,1.0
Dmel_CG2374,0.10077403,0.09431926,0.919729842962802,1.0
Dmel_CR45030,0.100574,0.62411463,0.9198886355945094,1.0
Dmel_CG11263,0.100356594,1.8771687,0.9200612265756013,1.0
Dmel_CG6122,0.100345016,1.5711969,0.9200704233588471,1.0
Dmel_CG1762,0.100328796,1.3260603,0.9200832988733518,1.0
Dmel_CG1213,0.10030292,0.017800353,0.9201038384279525,1.0
Dmel_CG12390,0.10026508,-0.11147309,0.9201338814545588,1.0
Dmel_CG10722,0.10003339,0.13388593,0.9203178208360192,1.0
Dmel_CG43394,0.10002566,0.020472446,0.9203239522222109,1.0
Dmel_CG8453,0.099987045,0.1227001,0.9203546092242101,1.0
Dmel_CG17820,0.09906452,1.3071417,0.921087040091519,1.0
Dmel_CG41562,0.09902436,0.98441315,0.921118926426078,1.0
Dmel_CG3248,0.09900428,-0.10807643,0.9211348696409132,1.0
Dmel_CG1120,0.098705016,0.029722178,0.9213724886148642,1.0
Dmel_CG9355,0.09841849,1.2991623,0.9215999961971554,1.0
Dmel_CG3777,0.09839146,1.0424495,0.9216214595080822,1.0
Dmel_CR45943,0.09823043,0.34548384,0.9217493206998417,1.0
Dmel_CG3929,0.09803078,0.64591527,0.9219078468556884,1.0
Dmel_CG18525,0.09789911,0.0027081762,0.9220124083590459,1.0
Dmel_CG8622,0.09776472,1.0919962,0.9221191176759382,1.0
Dmel_CR46126,0.09776318,1.1389049,0.9221203442279639,1.0
Dmel_CR44985,0.09773769,0.8152993,0.9221405823631265,1.0
Dmel_CG33134,0.097690195,0.08753286,0.9221782990222578,1.0
Dmel_CG42872,0.09761142,0.36824712,0.9222408538670882,1.0
Dmel_CG11961,0.097375095,0.55332106,0.9224285212861061,1.0
Dmel_CG14779,0.09733725,-0.12076998,0.9224585730062571,1.0
Dmel_CG9493,0.09729941,0.35157776,0.9224886248371054,1.0
Dmel_CG44004,0.09728859,0.3475341,0.9224972110948167,1.0
Dmel_CR44993,0.09720171,0.09839035,0.922566208136385,1.0
Dmel_CG42556,0.09714031,0.2145822,0.9226149663971754,1.0
Dmel_CG2412,0.09711406,0.17949171,0.9226358190754872,1.0
Dmel_CG30324,0.09710401,0.89398783,0.9226437921724248,1.0
Dmel_CR44973,0.097096294,0.80673116,0.9226499253292048,1.0
Dmel_CG43779,0.096696235,0.4350768,0.9229676291314546,1.0
Dmel_CG2914,0.096681565,0.24986048,0.9229792825936983,1.0
Dmel_CG15279,0.09649041,1.0890226,0.9231310857823706,1.0
Dmel_CG9540,0.096440986,0.7379981,0.9231703403960805,1.0
Dmel_CG16873,0.09643327,0.7220884,0.9231764739463781,1.0
Dmel_CG14410,0.09640392,0.25317895,0.9231997814791668,1.0
Dmel_CG15353,0.09613631,0.624135,0.9234123124164176,1.0
Dmel_CG5050,0.095994204,0.30374923,0.9235251737813356,1.0
Dmel_CG6164,0.0958158,0.829387,0.923666866043895,1.0
Dmel_CG12110,0.0956598,0.27251709,0.9237907720855547,1.0
Dmel_CR46100,0.095559396,3.836448,0.9238705145756516,1.0
Dmel_CG17111,0.09530299,0.099796906,0.9240741680972807,1.0
Dmel_CR46093,0.095197186,0.19564472,0.92415820729693,1.0
Dmel_CR44208,0.09516282,0.7582735,0.9241855048833725,1.0
Dmel_CR43159,0.095143504,0.59282,0.9242008406452619,1.0
Dmel_CG7729,0.09510026,0.38809237,0.9242351928541158,1.0
Dmel_CG17018,0.094920695,3.449394,0.9243778173744264,1.0
Dmel_CG4163,0.094912976,2.8565407,0.924383951816956,1.0
Dmel_CG18146,0.09490834,2.4713624,0.9243876324846322,1.0
Dmel_CR45877,0.094906025,2.2604885,0.9243894728190772,1.0
Dmel_CG15611,0.09479713,0.3300714,0.9244759689942991,1.0
Dmel_CG5078,0.09475311,0.421408,0.9245109357867167,1.0
Dmel_CG6019,0.09460791,-0.011277464,0.9246262658899376,1.0
Dmel_CG43925,0.09459787,0.04934412,0.9246342409024733,1.0
Dmel_CG4860,0.094542265,0.85302126,0.9246784103397954,1.0
Dmel_CR45170,0.09447121,0.43282065,0.9247348494031609,1.0
Dmel_CG5428,0.09426037,1.9625652,0.9249023284179525,1.0
Dmel_CG3227,0.094161905,-0.023312008,0.9249805477798592,1.0
Dmel_CG33971,0.093720526,0.11920196,0.9253311634672348,1.0
Dmel_CG7458,0.09362321,2.033486,0.92540846651738,1.0
Dmel_CR43907,0.09360777,1.5911396,0.9254207369075859,1.0
Dmel_CG5687,0.09353826,0.15339296,0.9254759538830224,1.0
Dmel_CG2988,0.093530536,0.4919177,0.9254820891246808,1.0
Dmel_CG13875,0.09319536,0.5816267,0.9257483628776323,1.0
Dmel_CG5247,0.09306098,0.017781915,0.9258551201299712,1.0
Dmel_CG6349,0.092979886,1.7291877,0.9259195432558651,1.0
Dmel_CG6604,0.09262462,0.09091295,0.9262017836225244,1.0
Dmel_CG9366,0.092599906,0.18290038,0.9262214180809136,1.0
Dmel_CG6981,0.09258755,-0.07292817,0.9262312353269591,1.0
Dmel_CG5064,0.092362806,-0.07805461,0.9264097884477414,1.0
Dmel_CG4570,0.09233732,1.7250372,0.9264300369739452,1.0
Dmel_CG9514,0.09233346,1.5798267,0.9264331049366181,1.0
Dmel_CG32096,0.09228557,0.23456544,0.9264711477646286,1.0
Dmel_CG3819,0.09223846,0.48163116,0.9265085771627027,1.0
Dmel_CG34386,0.09212648,0.31766906,0.9265975493353822,1.0
Dmel_CG11551,0.09194344,0.59448045,0.9267429747933889,1.0
Dmel_CG14961,0.091881655,0.37551194,0.9267920641083195,1.0
Dmel_CR43581,0.09168317,1.3720355,0.9269497654172149,1.0
Dmel_CR44047,0.091678545,1.2293533,0.9269534471941407,1.0
Dmel_CG46121,0.09160595,0.44833183,0.9270111285701338,1.0
Dmel_CG33635,0.091560766,-0.10286823,0.9270470262158848,1.0
Dmel_CG12245,0.091269605,0.51759726,0.9272783701585925,1.0
Dmel_CG32110,0.091244504,0.35847977,0.9272983138900442,1.0
Dmel_CG8319,0.09123292,-0.13039726,0.9273075187045821,1.0
Dmel_CR43964,0.09101745,0.88092613,0.9274787300270015,1.0
Dmel_CG8205,0.09086684,0.32191107,0.9275983958485388,1.0
Dmel_CG8987,0.090734005,-0.0027493148,0.9277039485991827,1.0
Dmel_CR34632,0.09041813,1.4612726,0.9279549483274014,1.0
Dmel_CR31845,0.0903548,0.64948285,0.9280052718748123,1.0
Dmel_CG7800,0.08991343,0.3244913,0.9283560104382416,1.0
Dmel_CG5414,0.08983658,-0.11587076,0.9284170765820965,1.0
Dmel_CR44741,0.0897524,1.1140511,0.9284839736456509,1.0
Dmel_CG34342,0.08973387,0.96110284,0.9284987033422372,1.0
Dmel_CG10194,0.08968328,-0.111257836,0.9285389032638266,1.0
Dmel_CG5232,0.08944734,0.16096576,0.9287264030154213,1.0
Dmel_CG13984,0.089345396,0.44249535,0.9288074188629114,1.0
Dmel_CG15261,0.08928284,0.125155,0.9288571334983545,1.0
Dmel_CG3675,0.089265846,0.26672786,0.9288706362868034,1.0
Dmel_CR45916,0.08908436,0.8271014,0.9290148718949425,1.0
Dmel_CG32814,0.08906736,0.67953223,0.92902837492239,1.0
Dmel_CG10207,0.089065045,0.68583655,0.929030216245898,1.0
Dmel_CG33137,0.08904111,0.44140035,0.9290492432777283,1.0
Dmel_CG33122,0.08888356,0.23410025,0.9291744544338929,1.0
Dmel_CG18543,0.08862212,0.275558,0.9293822228910351,1.0
Dmel_CG7794,0.088460326,0.9113892,0.9295108146440053,1.0
Dmel_CG44296,0.08841476,0.59563196,0.9295470293601942,1.0
Dmel_CG30338,0.088285014,-0.06123871,0.9296501500289679,1.0
Dmel_CG18591,0.08820932,-0.09877908,0.9297103042980301,1.0
Dmel_CG7720,0.08819311,0.20232895,0.9297231945508048,1.0
Dmel_CG8302,0.08818655,20.0789,0.9297284120393127,1.0
Dmel_CR34607,0.08818655,19.970154,0.9297284120393127,1.0
Dmel_CG7149,0.08818384,-0.11480854,0.9297305604178115,1.0
Dmel_CG6633,0.08781931,0.07850716,0.9300202892887939,1.0
Dmel_CG14968,0.08777143,0.1466459,0.9300583475847433,1.0
Dmel_CG3176,0.08766562,-0.15677017,0.9301424447090116,1.0
Dmel_CR43836,0.0875436,4.404025,0.9302394336018642,1.0
Dmel_CG34303,0.08754051,3.714513,0.9302418890303262,1.0
Dmel_CG31142,0.0875378,-0.15962136,0.9302440375307752,1.0
Dmel_CR44499,0.087537415,3.1697483,0.9302443444594524,1.0
Dmel_CG9028,0.08753626,0.71991926,0.9302452652455457,1.0
Dmel_CR45036,0.087432,0.5107443,0.9303281363761786,1.0
Dmel_CG5880,0.08738141,-0.11037897,0.9303683444932782,1.0
Dmel_CR45820,0.08712578,0.56257015,0.93057153632048,1.0
Dmel_CG9166,0.087074034,-0.11582756,0.9306126663351615,1.0
Dmel_CG9913,0.0869412,0.19866093,0.9307182546837951,1.0
Dmel_CG9505,0.0868991,2.9443903,0.9307517117115562,1.0
Dmel_CR45481,0.08689447,2.6380901,0.9307553950615409,1.0
Dmel_CR31850,0.08689215,2.334095,0.9307572367370895,1.0
Dmel_CG7123,0.086724564,0.28269964,0.9308904522511827,1.0
Dmel_CG31991,0.08665544,0.27515393,0.9309453965412223,1.0
Dmel_CG12191,0.08659945,-0.07702011,0.9309899047269541,1.0
Dmel_CG1150,0.086552724,0.9960597,0.9310270462057617,1.0
Dmel_CG34112,0.08652492,0.7507981,0.9310491469917107,1.0
Dmel_CG7075,0.0864863,0.5825531,0.931079842615949,1.0
Dmel_CG9664,0.08634034,0.24691634,0.9311958730013271,1.0
Dmel_CG14257,0.0863218,0.29549056,0.9312106071232045,1.0
Dmel_CG1494,0.08625152,2.1067247,0.9312664742161051,1.0
Dmel_CR44909,0.08625152,2.2532597,0.9312664742161051,1.0
Dmel_CR45321,0.08624998,2.265937,0.931267702068105,1.0
Dmel_CG12990,0.0862492,2.1994884,0.9312683159941663,1.0
Dmel_CG8404,0.08624457,2.0511472,0.9312719995513927,1.0
Dmel_CR44868,0.08624225,1.6586032,0.9312738413305581,1.0
Dmel_CG34264,0.08623685,1.6671854,0.9312781388167083,1.0
Dmel_CG11648,0.08623531,1.6426619,0.931279366670262,1.0
Dmel_CG15106,0.08615653,0.06961371,0.9313419874183085,1.0
Dmel_CG2867,0.08606501,0.28624153,0.9314147385269175,1.0
Dmel_CG10178,0.085888535,0.2173959,0.9315550239274627,1.0
Dmel_CG14021,0.0858561,0.13776587,0.9315808096592458,1.0
Dmel_CG13133,0.08583679,0.5544459,0.9315961583432125,1.0
Dmel_CG1034,0.085606255,1.9459076,0.9317794235932756,1.0
Dmel_CG14416,0.08560008,1.7871673,0.9317843352745766,1.0
Dmel_CR45504,0.085595444,1.5490885,0.9317880190372572,1.0
Dmel_CG12250,0.08559468,1.4858705,0.931788632997846,1.0
Dmel_CR45279,0.08550007,0.46308723,0.9318638434768728,1.0
Dmel_CG10061,0.08540623,-0.094234,0.9319384405937567,1.0
Dmel_CG8062,0.08532243,0.079366624,0.9320050566314456,1.0
Dmel_CR46009,0.08529347,0.1684668,0.932028080718383,1.0
Dmel_CG7342,0.085245974,0.7485466,0.9320658403440742,1.0
Dmel_CG6178,0.08522821,-0.11958274,0.9320799618693898,1.0
Dmel_CG17137,0.08522667,0.5938128,0.9320811898291232,1.0
Dmel_CG32645,0.08521817,0.648317,0.9320879436105469,1.0
Dmel_CG11546,0.085187666,0.115276836,0.9321121958659588,1.0
Dmel_CG10864,0.08515523,0.1043438,0.9321379831433798,1.0
Dmel_CG42550,0.08501544,-0.008807148,0.9322491148439842,1.0
Dmel_CR34633,0.08495713,1.6642711,0.9322954712753191,1.0
Dmel_CG15329,0.08495481,0.15860835,0.9322973132574679,1.0
Dmel_CG1656,0.08494323,1.1573822,0.9323065231736499,1.0
Dmel_CG34188,0.08493859,1.1849376,0.9323102071426604,1.0
Dmel_CG18764,0.08463199,-0.11983657,0.9325539663104077,1.0
Dmel_CG30044,0.08439257,-0.064182125,0.9327443116213848,1.0
Dmel_CG11094,0.08438099,0.14079304,0.9327535219760043,1.0
Dmel_CG31858,0.08438099,0.24132511,0.9327535219760043,1.0
Dmel_CR32652,0.08431418,1.5352366,0.9328066351965985,1.0
Dmel_CG4747,0.08421996,-0.09580093,0.9328815468370091,1.0
Dmel_CG17453,0.084188685,0.41377318,0.9329064151769629,1.0
Dmel_CR45182,0.08410373,0.23173854,0.9329739591467475,1.0
Dmel_CG11335,0.08407901,0.17616908,0.9329936083922326,1.0
Dmel_CG8089,0.08396085,0.7686287,0.9330875569112984,1.0
Dmel_CG2727,0.08392841,0.5623418,0.9331133468639518,1.0
Dmel_CG5812,0.08389443,0.46570283,0.9331403649848931,1.0
Dmel_CR44017,0.08386972,0.39079207,0.933160014575777,1.0
Dmel_CR46020,0.08366969,1.3643675,0.933319054949825,1.0
Dmel_CR44272,0.083667375,1.395209,0.9333208971319262,1.0
Dmel_CG17885,0.0836527,1.0380224,0.9333325642935262,1.0
Dmel_CG33258,0.08364344,0.80554664,0.9333399330345473,1.0
Dmel_CG3767,0.0832596,0.1338768,0.9336451267351467,1.0
Dmel_CG13178,0.08323952,0.44656265,0.9336610928716427,1.0
Dmel_CG34437,0.08301979,1.1040307,0.9338358009921133,1.0
Dmel_CR46131,0.0830167,1.0230188,0.9338382573680393,1.0
Dmel_CR44974,0.08300435,0.93390656,0.9338480828780424,1.0
Dmel_CG11329,0.083002806,0.8362041,0.9338493110675015,1.0
Dmel_CG12309,0.08300203,0.89084774,0.93384992516229,1.0
Dmel_CG8827,0.08271512,0.15001127,0.9340780640969044,1.0
Dmel_CG5582,0.08271396,0.21334895,0.9340789852610597,1.0
Dmel_CG4783,0.08265256,0.5649713,0.9341278070875683,1.0
Dmel_CG2715,0.08264252,-0.009431131,0.9341357905544712,1.0
Dmel_CR43875,0.0823753,1.119617,0.9343482760285003,1.0
Dmel_CG44884,0.08237221,1.044671,0.9343507325353472,1.0
Dmel_CR32730,0.08234364,0.5904983,0.9343734552533103,1.0
Dmel_CG32228,0.08217875,0.25684416,0.9345045725210348,1.0
Dmel_CG4806,0.08196521,-0.10118023,0.934674382769982,1.0
Dmel_CG13502,0.0818231,0.22621222,0.9347873865361714,1.0
Dmel_CG14006,0.08170687,0.784054,0.9348798172241,1.0
Dmel_CG14866,0.08169374,0.68803734,0.9348902579550138,1.0
Dmel_CG2650,0.08087161,-0.057124987,0.9355440541903924,1.0
Dmel_CR31912,0.08066541,0.40081048,0.9357080474942774,1.0
Dmel_CR43724,0.080474645,0.16265635,0.9358597590847016,1.0
Dmel_CG6658,0.08045727,1.0254563,0.9358735790822439,1.0
Dmel_CG9689,0.080235235,0.052744854,0.936050169639091,1.0
Dmel_CR43580,0.08016959,19.51927,0.9361023796240713,1.0
Dmel_CG31692,0.07992322,0.015021661,0.9362983230753326,1.0
Dmel_CG14933,0.07981973,1.021814,0.9363806327611515,1.0
Dmel_CR44472,0.07981664,0.9745634,0.9363830897771537,1.0
Dmel_CG44246,0.07980197,-0.11063808,0.9363947606114371,1.0
Dmel_CG9475,0.07978575,0.7411069,0.9364076599704927,1.0
Dmel_CR44097,0.07952548,4.0488253,0.9366146662514861,1.0
Dmel_CG30156,0.07951235,-0.14287977,0.9366251088184683,1.0
Dmel_CG31674,0.07941118,0.13735348,0.9367055783766303,1.0
Dmel_CR46055,0.07935248,0.24472244,0.9367522633021845,1.0
Dmel_CG11909,0.07926135,0.16850258,0.9368247482226958,1.0
Dmel_CG31677,0.07909569,0.40681222,0.9369565124060109,1.0
Dmel_CR44606,0.07908874,0.40643597,0.9369620410109085,1.0
Dmel_CG13690,0.07889141,0.14666943,0.9371189932278912,1.0
Dmel_CG32107,0.07887597,2.4540055,0.9371312792189116,1.0
Dmel_CG5596,0.07887365,2.3051782,0.9371331221188557,1.0
Dmel_CG6644,0.07869061,0.27914783,0.9372787122778611,1.0
Dmel_CG14286,0.07853924,-0.09523515,0.9373991175380926,1.0
Dmel_CG5008,0.07848363,0.67119485,0.9374433484015033,1.0
Dmel_CR45156,0.078458145,0.46869498,0.9374636209450864,1.0
Dmel_CG9254,0.07844116,0.37868837,0.937477135996663,1.0
Dmel_CG13003,0.07841992,0.33762544,0.9374940298364638,1.0
Dmel_CG13622,0.07822336,1.205857,0.9376503759789331,1.0
Dmel_CG32856,0.07821641,-0.13759366,0.9376559049631807,1.0
Dmel_CG7322,0.07820947,0.1497056,0.9376614339504344,1.0
Dmel_CG34141,0.07817162,0.52656054,0.9376915362670929,1.0
Dmel_CG32300,0.07800326,-0.097416274,0.9378254619383772,1.0
Dmel_CR45290,0.07799399,0.17777155,0.937832834044785,1.0
Dmel_CG31077,0.07786926,0.7292184,0.9379320508283835,1.0
Dmel_CR46137,0.0778654,0.74900496,0.9379351225708168,1.0
Dmel_CG30154,0.0775808,1.4556707,0.9381615125275387,1.0
Dmel_CG14921,0.077580035,1.4593875,0.9381621268897254,1.0
Dmel_CG31747,0.0775754,1.1399107,0.938165813063619,1.0
Dmel_CG9654,0.07757231,1.0696224,0.9381682705136176,1.0
Dmel_CG12181,0.07751052,0.48575035,0.938217419637227,1.0
Dmel_CG14181,0.07736533,-0.12702973,0.9383329210038704,1.0
Dmel_CG6834,0.077210866,0.6279894,0.9384557962224145,1.0
Dmel_CR45659,0.07720237,0.5963412,0.938462554401977,1.0
Dmel_CR43767,0.07694442,1.5420301,0.9386677594169789,1.0
Dmel_CG46025,0.076942876,1.6804328,0.9386689882018048,1.0
Dmel_CG17174,0.07694056,1.5017822,0.9386708313793175,1.0
Dmel_CG13563,0.076928206,1.0948229,0.938680661664934,1.0
Dmel_CG6294,0.07691507,0.9044264,0.9386911063536406,1.0
Dmel_CG17544,0.07679536,-0.1280964,0.9387863378251795,1.0
Dmel_CG3910,0.07669651,-0.17411305,0.9388649812488317,1.0
Dmel_CG11048,0.07666484,0.074067645,0.9388901718465914,1.0
Dmel_CG3992,0.07658877,0.673724,0.9389506909715818,1.0
Dmel_CG7972,0.07651541,0.3268597,0.9390090600048475,1.0
Dmel_CR45045,0.07630341,1.5217533,0.9391777176306471,1.0
Dmel_CG7178,0.07629722,1.3280305,0.939182633012241,1.0
Dmel_CG5896,0.07629414,0.064247504,0.939185090703907,1.0
Dmel_CG34172,0.07628719,1.1860536,0.9391906205122733,1.0
Dmel_CG42393,0.07628487,1.1229142,0.9391924637823803,1.0
Dmel_CR43855,0.076284096,1.105954,0.9391930782058218,1.0
Dmel_CG41624,0.076280236,0.97261065,0.9391961503235717,1.0
Dmel_CG32707,0.07609334,-0.08421073,0.9393448419036287,1.0
Dmel_CR32868,0.07600491,-0.041844334,0.9394151946488296,1.0
Dmel_CG5018,0.075726874,-0.16847073,0.9396363941308907,1.0
Dmel_CG6124,0.07564771,1.1807593,0.9396993753915102,1.0
Dmel_CG11475,0.07563149,0.76265365,0.9397122789158597,1.0
Dmel_CG3982,0.075308286,0.6756661,0.9399694310188138,1.0
Dmel_CG4839,0.07520634,0.3070949,0.9400505412255833,1.0
Dmel_CG14990,0.074986614,0.71006304,0.9402253604134665,1.0
Dmel_CG1264,0.07456185,0.33633363,0.9405633318533437,1.0
Dmel_CG18063,0.07434251,0.79120725,0.9407378522095534,1.0
Dmel_CG6824,0.074334785,0.59822357,0.9407439973444329,1.0
Dmel_CG30005,0.07375478,-0.11199215,0.9412055070292872,1.0
Dmel_CR44526,0.073723115,1.0107304,0.9412307032010007,1.0
Dmel_CG33530,0.07370613,0.8365809,0.9412442231222675,1.0
Dmel_CG1893,0.07355398,-0.15292822,0.9413652886259521,1.0
Dmel_CG5381,0.073510736,0.23671451,0.9413997034328015,1.0
Dmel_CG14907,0.073482156,0.11924114,0.9414224418473591,1.0
Dmel_CG31100,0.07337095,0.051295973,0.9415109377529505,1.0
Dmel_CG14397,0.07329912,0.36686942,0.9415680917424905,1.0
Dmel_CG11822,0.073297575,0.38508585,0.9415693208638513,1.0
Dmel_CG17533,0.07315547,0.5335735,0.9416824006239742,1.0
Dmel_CR45981,0.07305507,0.74843377,0.9417622946415714,1.0
Dmel_CR46278,0.07304194,0.68410677,0.9417727423641389,1.0
Dmel_CG11182,0.07302649,-0.0025487763,0.941785033815281,1.0
Dmel_CG12420,0.07267162,0.41043907,0.9420674337178547,1.0
Dmel_CG34253,0.07243104,0.83571714,0.9422588797982705,1.0
Dmel_CG30056,0.07242796,0.84601283,0.9422613381966225,1.0
Dmel_CR44357,0.072423324,0.8043004,0.942265025795182,1.0
Dmel_CG11741,0.07239861,0.6511591,0.9422846930083979,1.0
Dmel_CG12206,0.07239166,0.5528047,0.9422902244184557,1.0
Dmel_CG14756,0.07215263,19.548368,0.9424804451561422,1.0
Dmel_CR45818,0.07215263,19.471413,0.9424804451561422,1.0
Dmel_CG14419,0.07215263,19.695162,0.9424804451561422,1.0
Dmel_CG31659,0.07214915,0.13353378,0.9424832109099922,1.0
Dmel_CG1434,0.07203639,0.015472566,0.9425729446331931,1.0
Dmel_CG14892,0.07199006,0.3137824,0.942609821717124,1.0
Dmel_CG12311,0.07150968,4.297509,0.9429921213873245,1.0
Dmel_CG32640,0.071507365,3.318687,0.9429939653083032,1.0
Dmel_CR45224,0.0715035,2.4178977,0.9429970385106131,1.0
Dmel_CR44431,0.07150273,2.433913,0.942997653151177,1.0
Dmel_CG17599,0.07150273,2.4769037,0.942997653151177,1.0
Dmel_CG44878,0.07150273,1.8084724,0.942997653151177,1.0
Dmel_CR43493,0.07139461,-0.034268018,0.9430837031649513,1.0
Dmel_CG8483,0.07130772,0.16527319,0.9431528509788506,1.0
Dmel_CG4501,0.071147464,0.80469257,0.9432803914034704,1.0
Dmel_CG42867,0.071111165,0.53651834,0.9433092802800733,1.0
Dmel_CG11921,0.07108105,0.4870571,0.9433332519576964,1.0
Dmel_CG10630,0.0710795,0.42980173,0.9433344812758812,1.0
Dmel_CG3511,0.07106174,-0.09979529,0.9433486184447065,1.0
Dmel_CG14105,0.07105093,0.17320493,0.9433572236866419,1.0
Dmel_CG15221,0.07086055,2.517805,0.9435087384927167,1.0
Dmel_CR45865,0.070859395,0.06609319,0.9435096604957705,1.0
Dmel_CG9046,0.070853606,1.3460966,0.9435142705121748,1.0
Dmel_CR44969,0.070775986,0.43284142,0.9435760449144716,1.0
Dmel_CG17610,0.07049795,0.7615342,0.9437973291379051,1.0
Dmel_CR31625,0.07043849,0.45129895,0.9438446599382329,1.0
Dmel_CG4669,0.07021374,1.8206906,0.9440235352714015,1.0
Dmel_CG12788,0.070207566,1.438516,0.9440284528462414,1.0
Dmel_CR44111,0.07020525,1.4465727,0.9440302969373563,1.0
Dmel_CG17374,0.070122615,-0.014495417,0.9440960697165217,1.0
Dmel_CR45819,0.07008052,0.3452851,0.9441295709515082,1.0
Dmel_CG3324,0.070061214,0.29612043,0.9441449385235584,1.0
Dmel_CG33544,0.07005542,0.28736436,0.9441495487992274,1.0
Dmel_CG1544,0.06980674,0.47339827,0.9443474850635863,1.0
Dmel_CG16700,0.06974032,0.22463709,0.9444003506105259,1.0
Dmel_CR44103,0.06958006,2.3058817,0.9445279051181591,1.0
Dmel_CG1273,0.06955921,1.0738372,0.9445445026768101,1.0
Dmel_CR46122,0.06955921,0.96626395,0.9445445026768101,1.0
Dmel_CG4600,0.0693001,-0.019428879,0.9447507447170326,1.0
Dmel_CG15161,0.06921129,0.6537022,0.9448214395629185,1.0
Dmel_CG3401,0.06916031,0.4025156,0.944862012453384,1.0
Dmel_CG4531,0.069129035,0.108193845,0.9448869095251715,1.0
Dmel_CG2851,0.068958744,0.057359662,0.945022461193137,1.0
Dmel_CR42418,0.068937115,1.8404927,0.945039674217339,1.0
Dmel_CG7163,0.06892708,1.5076134,0.9450476659872987,1.0
Dmel_CG6895,0.068926305,1.4095191,0.9450482807390631,1.0
Dmel_CG3757,0.06892476,1.3976752,0.9450495102426902,1.0
Dmel_CR44049,0.068922445,1.3490384,0.9450513544983762,1.0
Dmel_CR44232,0.06892167,1.4159578,0.945051969250337,1.0
Dmel_CG43813,0.068915494,1.0168502,0.9450568872672013,1.0
Dmel_CR32773,0.0689124,1.00339,0.9450593462764187,1.0
Dmel_CG14528,0.06890391,0.86295563,0.9450661085544658,1.0
Dmel_CG42846,0.06871585,0.1447586,0.9452158018131097,1.0
Dmel_CG31467,0.06869963,0.060006306,0.9452287117946827,1.0
Dmel_CG8219,0.068280265,1.2098864,0.9455625320173806,1.0
Dmel_CG4799,0.06827409,1.1280582,0.9455674502506369,1.0
Dmel_CG31883,0.06813546,0.2989105,0.9456778036544832,1.0
Dmel_CG14448,0.067879826,0.42677876,0.9458812992924471,1.0
Dmel_CG42807,0.06779101,0.16621092,0.9459520010210719,1.0
Dmel_CG12147,0.06763887,1.2117975,0.9460731171450961,1.0
Dmel_CG40813,0.067630365,1.0788164,0.9460798800111233,1.0
Dmel_CR34064,0.067626506,1.022675,0.9460829540424202,1.0
Dmel_CR46136,0.06762342,0.94514513,0.9460854132680356,1.0
Dmel_CR43624,0.067619555,0.9506778,0.9460884873007774,1.0
Dmel_CG8236,0.06761801,0.76640004,0.9460897169140989,1.0
Dmel_CR33636,0.06761647,0.85718334,0.9460909465275489,1.0
Dmel_CG8782,0.06743768,0.039984103,0.946233275151362,1.0
Dmel_CG43726,0.067282826,0.6768912,0.9463565460375424,1.0
Dmel_CG11055,0.06710597,-0.14314096,0.9464973407902261,1.0
Dmel_CG33119,0.06698897,1.0503613,0.9465904875824226,1.0
Dmel_CG7635,0.06698356,0.9558231,0.9465947914122591,1.0
Dmel_CG13323,0.06698356,0.9633092,0.9465947914122591,1.0
Dmel_CR44055,0.06697429,0.81730807,0.9466021694098905,1.0
Dmel_CR34603,0.06697197,0.8058218,0.9466040139100139,1.0
Dmel_CG9139,0.06692911,-0.106689125,0.946638137213912,1.0
Dmel_CG5475,0.06680207,0.21006736,0.9467392780318313,1.0
Dmel_CG15293,0.066578485,0.40831715,0.9469172756581913,1.0
Dmel_CG6985,0.06637073,0.15113811,0.947082671337188,1.0
Dmel_CG12908,0.0663437,0.9604896,0.9471041913888936,1.0
Dmel_CG13488,0.06634293,0.97211754,0.9471048062480809,1.0
Dmel_CG12313,0.06632207,0.6529673,0.9471214074580453,1.0
Dmel_CG10718,0.066318214,0.57204056,0.9471244817587067,1.0
Dmel_CG43755,0.06631744,0.60906196,0.9471250966189334,1.0
Dmel_CG42315,0.06630663,0.4333257,0.9471337046654141,1.0
Dmel_CG31861,0.066086136,0.07810578,0.9473092486723264,1.0
Dmel_CG9906,0.0658556,-0.056342788,0.9474927886616946,1.0
Dmel_CR42736,0.0656938,0.91745824,0.9476216064998602,1.0
Dmel_CR45566,0.065680675,0.69575447,0.947632059558768,1.0
Dmel_CG34003,0.065673724,0.6185763,0.9476375935347803,1.0
Dmel_CG1131,0.06567141,0.6399648,0.9476394381940124,1.0
Dmel_CG10675,0.06531421,0.4165246,0.9479238265100487,1.0
Dmel_CG18090,0.065185234,-0.0021955096,0.9480265153829114,1.0
Dmel_CG31769,0.06501224,0.41775036,0.9481642551066374,1.0
Dmel_CG6484,0.06500297,0.2938855,0.9481716340641633,1.0
Dmel_CG7218,0.06497362,-0.119188346,0.9481950007923189,1.0
Dmel_CG5626,0.064717606,0.0090088425,0.948398846637373,1.0
Dmel_CG12065,0.064428374,0.008356568,0.9486291380873748,1.0
Dmel_CR45041,0.064404815,0.6937511,0.9486478936550549,1.0
Dmel_CG4914,0.06439555,0.6442726,0.9486552729025982,1.0
Dmel_CG31029,0.0643608,0.30381858,0.9486829451201029,1.0
Dmel_CG14523,0.06415575,0.14059342,0.9488462124621881,1.0
Dmel_CG15046,0.06413567,19.37929,0.9488622010933717,1.0
Dmel_CG42246,0.06413567,19.577618,0.9488622010933717,1.0
Dmel_CG10801,0.06413567,19.20843,0.9488622010933717,1.0
Dmel_CG9411,0.06413567,19.597013,0.9488622010933717,1.0
Dmel_CG15034,0.06413567,18.812939,0.9488622010933717,1.0
Dmel_CG32219,0.06413567,19.465464,0.9488622010933717,1.0
Dmel_CG5731,0.06413567,19.152573,0.9488622010933717,1.0
Dmel_CG30105,0.06406616,-0.14339057,0.9489175465141213,1.0
Dmel_CG3984,0.063977346,0.24527057,0.9489882660214801,1.0
Dmel_CG6660,0.06393641,0.10385964,0.9490208586253969,1.0
Dmel_CR45925,0.06392483,0.058242343,0.9490300829627489,1.0
Dmel_CR32657,0.06372171,0.32492438,0.9491918174530976,1.0
Dmel_CG9870,0.063581154,-0.055190857,0.9493037414062051,1.0
Dmel_CG33223,0.06349311,4.709682,0.9493738481282258,1.0
Dmel_CG11310,0.06349156,3.5093331,0.9493750780742171,1.0
Dmel_CG2505,0.06349079,3.5166955,0.9493756930472579,1.0
Dmel_CG18003,0.06349079,3.682791,0.9493756930472579,1.0
Dmel_CG15333,0.06348924,2.9226432,0.9493769229934301,1.0
Dmel_CR45853,0.063486926,2.750233,0.9493787679129146,1.0
Dmel_CG11550,0.063486926,2.6088777,0.9493787679129146,1.0
Dmel_CR34534,0.06348616,2.6181202,0.9493793828861363,1.0
Dmel_CG14534,0.06335177,0.27855814,0.949486388685483,1.0
Dmel_CG13333,0.06329617,0.15955551,0.949530667213861,1.0
Dmel_CG14527,0.06311892,0.57068914,0.9496718060624912,1.0
Dmel_CG5853,0.06308957,0.439718,0.949695175610394,1.0
Dmel_CR42868,0.06284591,2.3001776,0.9498892060259062,1.0
Dmel_CG12866,0.06284591,2.3312004,0.9498892060259062,1.0
Dmel_CG4725,0.06284514,2.2226632,0.9498898210240291,1.0
Dmel_CG31752,0.06284359,1.999983,0.9498910510203644,1.0
Dmel_CG31785,0.06284282,2.3582351,0.9498916660185768,1.0
Dmel_CR34093,0.06284205,2.1521883,0.9498922810168191,1.0
Dmel_CR45028,0.06284051,1.9623474,0.9498935110133931,1.0
Dmel_CG42544,0.06284051,1.7160683,0.9498935110133931,1.0
Dmel_CG1619,0.06277718,-0.07366291,0.9499439409756905,1.0
Dmel_CG8489,0.0627038,0.26760876,0.9500023661826864,1.0
Dmel_CG11147,0.06258255,0.050734755,0.9500989221137849,1.0
Dmel_CG5322,0.062452804,0.5397407,0.9502022439215825,1.0
Dmel_CG10692,0.062369395,0.0053752908,0.9502686655259572,1.0
Dmel_CR45029,0.06220567,2.43895,0.9503990496797158,1.0
Dmel_CR45518,0.06220335,1.9743549,0.9504008947480325,1.0
Dmel_CG14426,0.06219949,1.9059831,0.9504039698624845,1.0
Dmel_CG16965,0.06219949,1.895074,0.9504039698624845,1.0
Dmel_CG10067,0.062197942,1.8395965,0.9504051999084722,1.0
Dmel_CG16824,0.062197942,1.8517569,0.9504051999084722,1.0
Dmel_CG4818,0.062197942,1.8382335,0.9504051999084722,1.0
Dmel_CG6530,0.062195625,1.5997034,0.9504070449776751,1.0
Dmel_CG33834,0.062195625,1.5997748,0.9504070449776751,1.0
Dmel_CG15927,0.062194854,1.674393,0.9504076600008019,1.0
Dmel_CG46304,0.062194854,1.8236269,0.9504076600008019,1.0
Dmel_CG5925,0.06219331,1.5458692,0.9504088900471441,1.0
Dmel_CG13950,0.06219022,1.44183,0.9504113501401829,1.0
Dmel_CG9187,0.06219022,1.3161659,0.9504113501401829,1.0
Dmel_CG18528,0.062163964,-0.03517607,0.9504322609500929,1.0
Dmel_CG10034,0.06186894,0.010102249,0.9506672023924153,1.0
Dmel_CG12413,0.061719112,-0.09878769,0.9507865198466618,1.0
Dmel_CG14010,0.06160481,-0.06865909,0.9508775462754958,1.0
Dmel_CG30110,0.061556928,1.6144549,0.9509156791592238,1.0
Dmel_CR34591,0.061552294,1.5448991,0.9509193694442606,1.0
Dmel_CG42370,0.061551522,1.588584,0.9509199844918691,1.0
Dmel_CG34266,0.061546113,1.2387639,0.950924289825947,1.0
Dmel_CR46111,0.061543796,1.2464973,0.9509261349695618,1.0
Dmel_CR46044,0.061543025,1.1717821,0.9509267500174918,1.0
Dmel_CG15105,0.061350722,0.17316844,0.9510798978610256,1.0
Dmel_CG8136,0.06133373,-0.2346929,0.9510934290827515,1.0
Dmel_CG33694,0.061243754,0.033838782,0.9511650832872979,1.0
Dmel_CG7457,0.06119085,0.6361518,0.9512072149138258,1.0
Dmel_CG11342,0.061151464,0.03672634,0.9512385830747113,1.0
Dmel_CG7780,0.061028667,-0.005488434,0.9513363784139752,1.0
Dmel_CG4912,0.06101708,-0.103407495,0.9513456044272323,1.0
Dmel_CG5023,0.06091282,1.4069992,0.9514286388398658,1.0
Dmel_CG34423,0.06091282,1.5807827,0.9514286388398658,1.0
Dmel_CR46058,0.06089892,1.0841397,0.9514397101347469,1.0
Dmel_CG34301,0.060891967,0.73484683,0.9514452457857026,1.0
Dmel_CG18628,0.06070507,0.031608917,0.9515940941668011,1.0
Dmel_CG43218,0.060668,0.031875655,0.9516236180135077,1.0
Dmel_CG7942,0.060590766,-0.12531091,0.9516851262406956,1.0
Dmel_CG13139,0.060551766,0.5810886,0.9517161880048264,1.0
Dmel_CG6197,0.060528982,-0.08222494,0.9517343330296991,1.0
Dmel_CG1809,0.060480326,0.30412623,0.9517730835055689,1.0
Dmel_CG7725,0.0602942,-0.11525973,0.9519213205046034,1.0
Dmel_CR34590,0.06026331,1.1910034,0.9519459243170032,1.0
Dmel_CG31797,0.060262535,1.1367425,0.9519465394129002,1.0
Dmel_CG18190,0.060259447,1.0887024,0.9519489997967743,1.0
Dmel_CG4790,0.060257904,1.0249385,0.9519502299888831,1.0
Dmel_CG2857,0.06024786,0.8926037,0.9519582262403812,1.0
Dmel_CG4052,0.060244,0.697745,0.9519613017230146,1.0
Dmel_CG4849,0.060201526,-0.14701031,0.9519951320791925,1.0
Dmel_CR45471,0.060047835,0.18983965,0.9521175371811448,1.0
Dmel_CG31469,0.059893373,-0.09318353,0.9522405585222846,1.0
Dmel_CG13360,0.05979915,0.16038612,0.9523156020994334,1.0
Dmel_CG13877,0.05970763,0.14943366,0.9523884931918839,1.0
Dmel_CG11837,0.059656274,-0.13349831,0.9524293984942322,1.0
Dmel_CR34078,0.059623063,1.2426854,0.9524558486060868,1.0
Dmel_CG32192,0.059616115,0.9676991,0.9524613846826389,1.0
Dmel_CG6577,0.05961225,0.9404122,0.9524644602817146,1.0
Dmel_CG6113,0.05961148,0.9440099,0.9524650754016146,1.0
Dmel_CG10142,0.059428442,0.19990443,0.9526108596158145,1.0
Dmel_CG9084,0.059079356,0.0329339,0.9528888997244721,1.0
Dmel_CR42767,0.05896197,0.8651576,0.9529824012280826,1.0
Dmel_CG14857,0.05895656,0.7578881,0.9529867072339788,1.0
Dmel_CR44492,0.058941886,0.5428689,0.9529983949711864,1.0
Dmel_CR45531,0.05893262,0.3443133,0.9530057767051577,1.0
Dmel_CG10210,0.05886311,-0.08320298,0.9530611398384088,1.0
Dmel_CG11835,0.05855921,0.2628619,0.9533032024166463,1.0
Dmel_CG9777,0.058497038,0.017658265,0.9533527227386234,1.0
Dmel_CG15749,0.058322497,0.77697366,0.9534917496976603,1.0
Dmel_CG30145,0.0576753,0.6818145,0.9540072690603016,1.0
Dmel_CG5921,0.057673756,0.7377686,0.9540084994398794,1.0
Dmel_CR45275,0.057664488,0.56018966,0.9540158817196478,1.0
Dmel_CG9211,0.05765522,0.46806192,0.9540232640033615,1.0
Dmel_CR43978,0.05763205,0.19931006,0.9540417197299018,1.0
Dmel_CG17061,0.05736097,0.11221814,0.95425765355872,1.0
Dmel_CG11175,0.05727138,0.2796878,0.9543290170445345,1.0
Dmel_CG1681,0.05719724,0.0988323,0.954388076757997,1.0
Dmel_CG10710,0.05712889,-0.09260736,0.9544425226532218,1.0
Dmel_CG2555,0.05701266,0.5137532,0.9545351119235346,1.0
Dmel_CG12529,0.056634612,0.3397443,0.9548362619929136,1.0
Dmel_CG30099,0.056628436,0.30725563,0.9548411838046093,1.0
Dmel_CG3837,0.056484398,0.06681042,0.9549559240273818,1.0
Dmel_CR45950,0.05638168,0.70809865,0.9550377500649299,1.0
Dmel_CR44067,0.05636778,0.4737249,0.9550488243019268,1.0
Dmel_CR43468,0.05636469,0.059323553,0.9550512852446602,1.0
Dmel_CG9876,0.056358512,0.5544122,0.9550562071314125,1.0
Dmel_CR45559,0.056356195,0.39229852,0.9550580528393865,1.0
Dmel_CR45284,0.056355424,0.32174978,0.9550586680754314,1.0
Dmel_CG10311,0.056301363,-0.032973547,0.9551017346650942,1.0
Dmel_CG6134,0.05629055,-0.09128401,0.9551103479987608,1.0
Dmel_CG42741,0.05618629,0.122152455,0.9551934054136886,1.0
Dmel_CG10734,0.056118708,19.310469,0.9552472391833021,1.0
Dmel_CG6536,0.056118708,18.961512,0.9552472391833021,1.0
Dmel_CG42607,0.056118708,18.65128,0.9552472391833021,1.0
Dmel_CR44602,0.056118708,18.879007,0.9552472391833021,1.0
Dmel_CR32265,0.056118708,19.296785,0.9552472391833021,1.0
Dmel_CG14934,0.056118708,18.961803,0.9552472391833021,1.0
Dmel_CR44704,0.056118708,19.216742,0.9552472391833021,1.0
Dmel_CG9568,0.056118708,18.833632,0.9552472391833021,1.0
Dmel_CR43723,0.056118708,18.916046,0.9552472391833021,1.0
Dmel_CG18806,0.056118708,19.423489,0.9552472391833021,1.0
Dmel_CR44713,0.056118708,18.351833,0.9552472391833021,1.0
Dmel_CR45938,0.055955365,0.15869348,0.9553773639376553,1.0
Dmel_CG43114,0.05574993,0.6440433,0.9555410213451897,1.0
Dmel_CG10026,0.05573989,0.61528176,0.9555490196876395,1.0
Dmel_CG8888,0.055723675,0.5828388,0.9555619400964368,1.0
Dmel_CG6127,0.05547499,3.7190301,0.9557600544915056,1.0
Dmel_CG8342,0.05547499,3.36365,0.9557600544915056,1.0
Dmel_CG9308,0.055473447,3.0315,0.955761285024252,1.0
Dmel_CG14143,0.055473447,2.9465952,0.955761285024252,1.0
Dmel_CR43406,0.055472672,2.805928,0.9557619002906647,1.0
Dmel_CR34044,0.055472672,2.7484798,0.9557619002906647,1.0
Dmel_CR44564,0.055472672,3.2065413,0.9557619002906647,1.0
Dmel_CR44899,0.0554719,3.056069,0.9557625155571038,1.0
Dmel_CG12708,0.05547113,2.52463,0.9557631308235692,1.0
Dmel_CG18111,0.05547113,2.8268437,0.9557631308235692,1.0
Dmel_CG17855,0.05547113,2.8221214,0.9557631308235692,1.0
Dmel_CR45610,0.05547113,2.3823812,0.9557631308235692,1.0
Dmel_CG34453,0.05547113,2.1328194,0.9557631308235692,1.0
Dmel_CG6052,0.055469584,1.8572992,0.9557643613565792,1.0
Dmel_CG17650,0.055182286,0.13570964,0.955993242326851,1.0
Dmel_CG4630,0.05518151,0.115226544,0.9559938576031752,1.0
Dmel_CG42493,0.055094242,0.56293213,0.9560633839966195,1.0
Dmel_CR30009,0.055075705,0.08205059,0.9560781507073115,1.0
Dmel_CG5083,0.05506103,0.29458952,0.9560898410306338,1.0
Dmel_CG10927,0.05496372,-0.09854642,0.9561673665715577,1.0
Dmel_CG9663,0.054900393,0.108341135,0.9562178199241468,1.0
Dmel_CR44330,0.054882627,0.12626274,0.9562319715057734,1.0
Dmel_CG9614,0.05483127,2.5666053,0.9562728881128535,1.0
Dmel_CR34558,0.054829724,2.3207219,0.9562741186892878,1.0
Dmel_CG6514,0.054827407,1.9621075,0.9562759645541348,1.0
Dmel_CR43598,0.054827407,2.036598,0.9562759645541348,1.0
Dmel_CR45551,0.054826636,1.9954818,0.9562765798424692,1.0
Dmel_CR44908,0.054826636,2.2264478,0.9562765798424692,1.0
Dmel_CG17687,0.054825865,1.9553286,0.9562771951308296,1.0
Dmel_CG32500,0.054825865,1.9070258,0.9562771951308296,1.0
Dmel_CR45827,0.05482432,1.5590069,0.9562784257076288,1.0
Dmel_CG4475,0.054398004,0.07996809,0.9566180688774027,1.0
Dmel_CR44717,0.0543953,0.1956139,0.9566202224371883,1.0
Dmel_CG11164,0.05420879,-0.12704946,0.9567688188262411,1.0
Dmel_CG32266,0.05418755,2.1595397,0.9567857398354866,1.0
Dmel_CG5142,0.054186005,2.2168186,0.9567869704551005,1.0
Dmel_CG6733,0.054185234,1.8915049,0.9567875857649462,1.0
Dmel_CG32507,0.054179054,1.4486696,0.9567925082446379,1.0
Dmel_CR45160,0.054178283,1.5066885,0.9567931235547152,1.0
Dmel_CG33641,0.054175194,1.27389,0.956795584795282,1.0
Dmel_CR45256,0.054175194,1.2283484,0.956795584795282,1.0
Dmel_CG5681,0.054172102,1.0769752,0.9567980460362607,1.0
Dmel_CR45805,0.054066684,0.31738043,0.9568820361313576,1.0
Dmel_CG13188,0.053780545,0.38252684,0.9571100116570875,1.0
Dmel_CG34056,0.053763554,0.22790687,0.9571235487758913,1.0
Dmel_CG12846,0.053547304,0.11175637,0.9572958404577541,1.0
Dmel_CG31068,0.053544603,1.7788249,0.9572979941164189,1.0
Dmel_CG33468,0.053533018,1.2618196,0.9573072240856563,1.0
Dmel_CG14356,0.0535307,1.1985751,0.9573090700801906,1.0
Dmel_CG11034,0.05352993,1.0013102,0.957309685411753,1.0
Dmel_CR44781,0.053529155,1.1024246,0.9573103007433408,1.0
Dmel_CG18110,0.053528383,1.0795875,0.957310916074954,1.0
Dmel_CG8624,0.053525295,0.96044505,0.9573133774016612,1.0
Dmel_CR44442,0.053524524,0.92137104,0.9573139927334017,1.0
Dmel_CR45880,0.05352066,0.64998025,0.9573170693924852,1.0
Dmel_CG5224,0.053287424,-0.11943335,0.9575029007785177,1.0
Dmel_CG4496,0.053184707,0.06962886,0.9575847411618119,1.0
Dmel_CG6653,0.05307311,0.09838931,0.9576736584759502,1.0
Dmel_CG18107,0.05289934,1.3583205,0.9578121120892711,1.0
Dmel_CG9120,0.052895475,1.6246172,0.9578151888507047,1.0
Dmel_CG33519,0.052894704,1.244551,0.9578158042030669,1.0
Dmel_CG34431,0.052891616,1.2738183,0.9578182656127668,1.0
Dmel_CG12539,0.0528808,0.949261,0.9578268805498836,1.0
Dmel_CG2488,0.05288003,0.7789998,0.9578274959027233,1.0
Dmel_CG11330,0.052864585,0.013569331,0.9578398029647942,1.0
Dmel_CG32232,0.052764956,-0.024950424,0.9579191837564736,1.0
Dmel_CG17530,0.052664556,0.035734907,0.957999180325285,1.0
Dmel_CG10501,0.05260895,-0.024781372,0.9580434862993025,1.0
Dmel_CG5661,0.052440587,0.19053978,0.9581776357326177,1.0
Dmel_CR45243,0.05225021,1.1594721,0.9583293244771736,1.0
Dmel_CR44599,0.052245576,1.1434114,0.9583330167169691,1.0
Dmel_CG8046,0.052243263,1.0397192,0.9583348628372022,1.0
Dmel_CR44411,0.052237082,0.8978704,0.9583397858255825,1.0
Dmel_CR44217,0.052237082,0.8810187,0.9583397858255825,1.0
Dmel_CG42703,0.052234765,0.8010807,0.9583416319466349,1.0
Dmel_CR44205,0.052233994,0.74629307,0.9583422473203687,1.0
Dmel_CR44321,0.052214686,0.25242794,0.9583576316717795,1.0
Dmel_CR45136,0.052123167,0.26275918,0.9584305537083608,1.0
Dmel_CG14196,0.051866375,0.08243852,0.9586351680293006,1.0
Dmel_CR44114,0.05184668,0.3277935,0.9586508603681058,1.0
Dmel_CG3709,0.051715,-0.049969103,0.9587557840644897,1.0
Dmel_CG14837,0.051601857,1.1463064,0.9588459390136987,1.0
Dmel_CR34619,0.0515895,0.70271957,0.9588557853199183,1.0
Dmel_CR44368,0.05158873,0.7358025,0.9588564007142655,1.0
Dmel_CG9492,0.051586412,0.7393936,0.9588582468974541,1.0
Dmel_CG10858,0.051583324,0.6379141,0.9588607084753821,1.0
Dmel_CR43464,0.05158255,0.52493423,0.9588613238699254,1.0
Dmel_CG14979,0.05158255,0.46838883,0.9588613238699254,1.0
Dmel_CG30125,0.051418822,-0.14869192,0.9589917880660426,1.0
Dmel_CG33332,0.05135163,-0.15032876,0.9590453279362777,1.0
Dmel_CR44814,0.051170137,0.22571394,0.9591899480487276,1.0
Dmel_CG1901,0.050983623,-0.09820615,0.959338569691234,1.0
Dmel_CG10657,0.050963543,0.96095073,0.9593545704493196,1.0
Dmel_CG8936,0.050962772,0.9965744,0.9593551858634192,1.0
Dmel_CG9155,0.05095891,0.89044386,0.9593582629342804,1.0
Dmel_CG12169,0.05095891,0.81779474,0.9593582629342804,1.0
Dmel_CG15920,0.050946552,0.6496665,0.9593681095651049,1.0
Dmel_CG7260,0.050936513,0.5236504,0.9593761099572142,1.0
Dmel_CG3994,0.050936513,0.4901636,0.9593761099572142,1.0
Dmel_CG43647,0.05092879,0.39609307,0.9593822641077748,1.0
Dmel_CG15678,0.050816804,0.16755724,0.9594714995627334,1.0
Dmel_CG11331,0.05047892,-0.05400385,0.9597407475429955,1.0
Dmel_CR46378,0.05029897,0.6773012,0.9598841432005829,1.0
Dmel_CG10498,0.05019548,-0.10365268,0.9599666116776522,1.0
Dmel_CG1121,0.050035227,-0.03314565,0.9600943155748286,1.0
Dmel_CG5032,0.049768396,-0.102225706,0.9603069525269712,1.0
Dmel_CG32082,0.049742136,-0.1021043,0.9603278778791747,1.0
Dmel_CG30082,0.049659114,0.6870412,0.9603940390989847,1.0
Dmel_CG17994,0.04965525,0.6367744,0.9603971163716645,1.0
Dmel_CG5509,0.049654093,0.04791522,0.9603980395535835,1.0
Dmel_CG13091,0.049639806,0.33933583,0.9604094254682839,1.0
Dmel_CG10998,0.049330495,-0.16580302,0.9606559171109863,1.0
Dmel_CG31802,0.04900767,0.5400574,0.9609131833107134,1.0
Dmel_CG18249,0.04900381,0.5200635,0.960916260682288,1.0
Dmel_CR45132,0.048989907,0.38805273,0.9609273392247779,1.0
Dmel_CR43628,0.04897832,0.088515796,0.9609365713492831,1.0
Dmel_CG31989,0.048884872,-0.101597644,0.9610110440117433,1.0
Dmel_CR45217,0.048687935,0.49038282,0.9611679916449971,1.0
Dmel_CG5313,0.048626922,-0.068559684,0.9612166149428759,1.0
Dmel_CG32115,0.04835314,0.42322895,0.9614348060720387,1.0
Dmel_CR44444,0.048350047,0.4051809,0.9614372680476938,1.0
Dmel_CG5280,0.04831607,0.0054699946,0.9614643498041644,1.0
Dmel_CG17199,0.048101753,19.274832,0.9616351505415193,1.0
Dmel_CG5781,0.048101753,19.157104,0.9616351505415193,1.0
Dmel_CG43189,0.048101753,19.109406,0.9616351505415193,1.0
Dmel_CG11854,0.048101753,19.020758,0.9616351505415193,1.0
Dmel_CG32656,0.048101753,18.700636,0.9616351505415193,1.0
Dmel_CG5609,0.048101753,18.823462,0.9616351505415193,1.0
Dmel_CG30036,0.048101753,18.650251,0.9616351505415193,1.0
Dmel_CG11422,0.048101753,18.341866,0.9616351505415193,1.0
Dmel_CG16926,0.048101753,18.93148,0.9616351505415193,1.0
Dmel_CG14128,0.048101753,19.309519,0.9616351505415193,1.0
Dmel_CG44088,0.048101753,19.190022,0.9616351505415193,1.0
Dmel_CG2264,0.04790906,0.0041704513,0.9617887188340796,1.0
Dmel_CR44471,0.04787971,-0.19904502,0.9618121081174111,1.0
Dmel_CG13025,0.047815997,-0.11456924,0.9618628875956443,1.0
Dmel_CG4947,0.04780673,-0.1936842,0.9618702737144619,1.0
Dmel_CG33508,0.047711734,0.44445354,0.9619459816209094,1.0
Dmel_CG42639,0.047671575,0.18841654,0.961977988318741,1.0
Dmel_CR46080,0.047469616,0.0039102957,0.9621389460058786,1.0
Dmel_CG17264,0.04745687,3.320616,0.962149102087674,1.0
Dmel_CG8561,0.04745687,2.8893728,0.962149102087674,1.0
Dmel_CG14260,0.0474561,2.822036,0.9621497176079803,1.0
Dmel_CG42615,0.0474561,2.762958,0.9621497176079803,1.0
Dmel_CG4115,0.0474561,2.839903,0.9621497176079803,1.0
Dmel_CR44779,0.047455713,-0.036908552,0.9621500253681419,1.0
Dmel_CR34583,0.04745533,2.4240212,0.962150333128309,1.0
Dmel_CG15147,0.047454555,2.4593155,0.9621509486486604,1.0
Dmel_CR43606,0.047454555,2.286381,0.9621509486486604,1.0
Dmel_CR44642,0.047453783,2.0727744,0.9621515641690342,1.0
Dmel_CR43803,0.047453783,2.3367548,0.9621515641690342,1.0
Dmel_CG43291,0.047453012,1.7482554,0.9621521796894308,1.0
Dmel_CG1152,0.04708346,0.55799437,0.962446708780294,1.0
Dmel_CG10033,0.04707072,0.06837584,0.9624568650474763,1.0
Dmel_CG16984,0.047044847,0.21663791,0.9624774853662514,1.0
Dmel_CG7616,0.047042143,-0.12505975,0.9624796397293628,1.0
Dmel_CR43716,0.047020905,0.19034952,0.9624965668776261,1.0
Dmel_CG13095,0.046815857,2.9022183,0.9626599916682526,1.0
Dmel_CG18241,0.046812765,2.591639,0.9626624538240037,1.0
Dmel_CG15286,0.046812765,2.1666563,0.9626624538240037,1.0
Dmel_CR45401,0.046811223,1.9111812,0.9626636849020129,1.0
Dmel_CG2150,0.046811223,2.0157545,0.9626636849020129,1.0
Dmel_CR43821,0.04681045,1.9765346,0.9626643004410509,1.0
Dmel_CR45968,0.04681045,1.9352099,0.9626643004410509,1.0
Dmel_CG42816,0.04681045,1.9629796,0.9626643004410509,1.0
Dmel_CG13324,0.046809677,1.6919909,0.9626649159801111,1.0
Dmel_CR45870,0.046808906,1.7326976,0.9626655315191935,1.0
Dmel_CG11451,0.046808906,1.3736708,0.9626655315191935,1.0
Dmel_CG31644,0.046808906,1.6403121,0.9626655315191935,1.0
Dmel_CG30030,0.04680659,1.6800927,0.9626673781365744,1.0
Dmel_CR43992,0.046805818,1.2252537,0.962667993675746,1.0
Dmel_CG5892,0.04680427,1.3125464,0.9626692247541556,1.0
Dmel_CG11626,0.046598066,0.020766165,0.9628335745197224,1.0
Dmel_CR46238,0.046411164,0.25811863,0.9629825370949879,1.0
Dmel_CG32557,0.04616557,1.6715478,0.9631782832691826,1.0
Dmel_CG17781,0.046163253,1.36162,0.9631801299417894,1.0
Dmel_CR34606,0.046163253,1.4734058,0.9631801299417894,1.0
Dmel_CR45595,0.046162482,1.3500154,0.9631807454993689,1.0
Dmel_CG5367,0.04616171,1.3558944,0.9631813610569704,1.0
Dmel_CG12347,0.04616171,1.3065373,0.9631813610569704,1.0
Dmel_CG43074,0.046160936,1.4323778,0.9631819766145937,1.0
Dmel_CR44754,0.046160936,1.2269838,0.9631819766145937,1.0
Dmel_CG10790,0.046160165,1.1317596,0.963182592172239,1.0
Dmel_CG5386,0.046159394,1.1339225,0.9631832077299063,1.0
Dmel_CR43899,0.046157077,0.80630153,0.9631850544030398,1.0
Dmel_CG17387,0.046153214,0.40261248,0.9631881321920344,1.0
Dmel_CG7447,0.046103016,0.31578434,0.9632281434988644,1.0
Dmel_CG3999,0.045812238,0.5704698,0.9634599031176468,1.0
Dmel_CG31904,0.045805674,0.057963703,0.9634651354422274,1.0
Dmel_CR45231,0.045743503,0.2132131,0.9635146887118203,1.0
Dmel_CR44365,0.045737326,0.19777839,0.9635196132680529,1.0
Dmel_CR42715,0.04552378,1.4959152,0.963689819096787,1.0
Dmel_CG10041,0.04552378,1.5277845,0.963689819096787,1.0
Dmel_CR43979,0.045517605,1.1965625,0.9636947437023936,1.0
Dmel_CR30121,0.045517605,1.2109976,0.9636947437023936,1.0
Dmel_CR44660,0.04551683,1.1276222,0.9636953592781917,1.0
Dmel_CG14418,0.04551606,1.1236455,0.9636959748540116,1.0
Dmel_CR34610,0.045515288,1.186691,0.9636965904298531,1.0
Dmel_CG44259,0.045514513,0.9554652,0.9636972060057162,1.0
Dmel_CG1631,0.04551374,0.98514915,0.963697821581601,1.0
Dmel_CR45761,0.04551297,0.946622,0.9636984371575074,1.0
Dmel_CG14759,0.045509882,0.9123453,0.9637008994613493,1.0
Dmel_CG8800,0.045507565,0.8082802,0.963702746189458,1.0
Dmel_CG14834,0.04546277,-0.19058189,0.9637384496378189,1.0
Dmel_CG11838,0.045328386,0.09706065,0.9638455604188674,1.0
Dmel_CR44116,0.04514767,0.4694079,0.9639896069803615,1.0
Dmel_CG1363,0.045012128,0.1180853,0.9640976426730269,1.0
Dmel_CG15199,0.04488431,1.5826535,0.9641995230896606,1.0
Dmel_CG10531,0.04488122,1.4239866,0.9642019854634665,1.0
Dmel_CG43191,0.04487041,0.95514905,0.9642106037744754,1.0
Dmel_CG2198,0.044865,0.8979847,0.9642149129315479,1.0
Dmel_CG13527,0.044865,0.560418,0.9642149129315479,1.0
Dmel_CG7912,0.044862684,0.58600485,0.9642167597134704,1.0
Dmel_CR45431,0.04485419,0.28232205,0.9642235312488283,1.0
Dmel_CG14556,0.04448696,0.36981454,0.9645162487145291,1.0
Dmel_CG9090,0.04445761,0.1671511,0.964539641694692,1.0
Dmel_CG13461,0.04423248,1.0856304,0.9647190914903316,1.0
Dmel_CR46128,0.04422244,0.8021458,0.9647270944388607,1.0
Dmel_CR34641,0.04422167,0.8180117,0.9647277100504332,1.0
Dmel_CG11833,0.044214718,0.58506066,0.9647332505555317,1.0
Dmel_CG15671,0.044099644,-0.105416164,0.9648249769427408,1.0
Dmel_CG7777,0.044019323,0.17276004,0.9648890010056999,1.0
Dmel_CG4472,0.04390502,0.5766369,0.9649801125623994,1.0
Dmel_CG17637,0.04390039,-0.06152984,0.9649838062838095,1.0
Dmel_CG4653,0.043834742,0.28969315,0.9650361340844738,1.0
Dmel_CG6125,0.043830108,0.27098703,0.9650398278172718,1.0
Dmel_CG15767,0.043806937,0.20386297,0.9650582964925133,1.0
Dmel_CG7069,0.043635484,-0.17012633,0.9651949652712474,1.0
Dmel_CG32161,0.04357679,0.6934081,0.965241753016222,1.0
Dmel_CG2047,0.043574475,0.7094893,0.9652435999033482,1.0
Dmel_CG9449,0.04357061,0.6405627,0.965246678048973,1.0
Dmel_CG33655,0.04357061,0.47039938,0.965246678048973,1.0
Dmel_CG4437,0.043569066,0.65698504,0.965247909307368,1.0
Dmel_CG11552,0.04356443,0.3995966,0.96525160308305,1.0
Dmel_CR43578,0.04356366,0.3842604,0.9652522187124029,1.0
Dmel_CG31839,0.043377534,0.13535026,0.9654005859895805,1.0
Dmel_CG30092,0.04336363,-0.13190216,0.9654116674111184,1.0
Dmel_CG4709,0.043314204,-0.18028472,0.965451068075117,1.0
Dmel_CR46258,0.043307252,-0.05393739,0.9654566088002592,1.0
Dmel_CG15071,0.043154724,0.12549387,0.9655781973547428,1.0
Dmel_CR43584,0.04295122,1.0989629,0.9657404192795032,1.0
Dmel_CG7529,0.042939633,0.832537,0.9657496539668963,1.0
Dmel_CG10303,0.042938862,0.74361974,0.9657502696128858,1.0
Dmel_CG17795,0.04293809,0.77363026,0.9657508852588957,1.0
Dmel_CG15130,0.042937316,0.7510246,0.9657515009049261,1.0
Dmel_CG31664,0.042934228,0.6232401,0.9657539634892518,1.0
Dmel_CG14565,0.04292187,0.4533931,0.9657638138298206,1.0
Dmel_CG5690,0.042919554,0.36253712,0.9657656607692588,1.0
Dmel_CG13482,0.04289098,-0.022913555,0.965788439704096,1.0
Dmel_CG31759,0.042806026,-0.042512495,0.9658561610265285,1.0
Dmel_CG12008,0.042672414,0.11752834,0.9659626686953076,1.0
Dmel_CG17914,0.042486288,0.06230205,0.9661110416618562,1.0
Dmel_CG12765,0.042434543,-0.11130943,0.9661522907865242,1.0
Dmel_CG4420,0.04237971,-0.15171036,0.9661960026443442,1.0
Dmel_CR45921,0.042295527,0.778784,0.9662631097786306,1.0
Dmel_CG12946,0.04228858,0.5615319,0.966268650745358,1.0
Dmel_CG14920,0.042283945,0.5783201,0.966272344724081,1.0
Dmel_CG10962,0.042277765,0.39343628,0.9662772700301709,1.0
Dmel_CG3038,0.04227313,0.31100652,0.9662809640105827,1.0
Dmel_CG3288,0.042268496,0.29723352,0.9662846579917181,1.0
Dmel_CG6551,0.042141065,-0.11373118,0.9663862427561988,1.0
Dmel_CG14662,0.041914392,0.2967273,0.966566941851088,1.0
Dmel_CG6865,0.041642155,0.5966061,0.9667839677342484,1.0
Dmel_CG8407,0.041624393,-0.09648366,0.9667981283740049,1.0
Dmel_CG11997,0.04162362,0.3109832,0.9667987440542319,1.0
Dmel_CG10175,0.04161435,0.20878586,0.966806132218499,1.0
Dmel_CG32579,0.04161435,0.2423817,0.966806132218499,1.0
Dmel_CG15658,0.04147997,0.058080643,0.9669132609202525,1.0
Dmel_CG6749,0.04120812,0.10082739,0.9671299828764596,1.0
Dmel_CG5906,0.04119576,0.046592873,0.9671398339322764,1.0
Dmel_CR34624,0.041000366,0.5185555,0.9672956044179707,1.0
Dmel_CR44525,0.040997278,0.5475314,0.9672980672024847,1.0
Dmel_CG9392,0.04097179,0.21949264,0.9673183851866242,1.0
Dmel_CG44521,0.040798794,0.0597354,0.9674563017602873,1.0
Dmel_CG34195,0.04061228,0.25037006,0.967604994156622,1.0
Dmel_CG6833,0.040608417,-0.119415596,0.9676080726860632,1.0
Dmel_CG43245,0.04052887,-0.022795076,0.9676714904998861,1.0
Dmel_CG16838,0.040335406,0.23407948,0.9678257259384251,1.0
Dmel_CG13258,0.040318415,0.19555825,0.9678392716233386,1.0
Dmel_CG8738,0.040316872,0.17349617,0.9678405030496999,1.0
Dmel_CR45849,0.040084794,18.849873,0.9680255257302028,1.0
Dmel_CG9726,0.040084794,18.798729,0.9680255257302028,1.0
Dmel_CG42714,0.040084794,19.150913,0.9680255257302028,1.0
Dmel_CG7255,0.040084794,18.492682,0.9680255257302028,1.0
Dmel_CG32754,0.040084794,18.877836,0.9680255257302028,1.0
Dmel_CG9878,0.040084794,18.345837,0.9680255257302028,1.0
Dmel_CG34192,0.040084794,18.371628,0.9680255257302028,1.0
Dmel_CG16837,0.040084794,18.318214,0.9680255257302028,1.0
Dmel_CG31623,0.040084794,18.53672,0.9680255257302028,1.0
Dmel_CG33807,0.040084794,18.807718,0.9680255257302028,1.0
Dmel_CG42751,0.040084794,18.758772,0.9680255257302028,1.0
Dmel_CG18559,0.040084794,18.139544,0.9680255257302028,1.0
Dmel_CG5304,0.040084794,19.029295,0.9680255257302028,1.0
Dmel_CG42828,0.040084794,18.346497,0.9680255257302028,1.0
Dmel_CR43521,0.040084794,18.287563,0.9680255257302028,1.0
Dmel_CR43681,0.040084794,17.816559,0.9680255257302028,1.0
Dmel_CG12645,0.040084794,18.768812,0.9680255257302028,1.0
Dmel_CR45857,0.040084794,18.652258,0.9680255257302028,1.0
Dmel_CR45959,0.040084794,18.978666,0.9680255257302028,1.0
Dmel_CR45306,0.040084794,18.87451,0.9680255257302028,1.0
Dmel_CG13558,0.040084794,18.557652,0.9680255257302028,1.0
Dmel_CR45881,0.040084794,17.967152,0.9680255257302028,1.0
Dmel_CG6481,0.040084794,18.711048,0.9680255257302028,1.0
Dmel_CR45601,0.040084794,19.032625,0.9680255257302028,1.0
Dmel_CG6352,0.03987048,0.013525188,0.9681963884698809,1.0
Dmel_CG2904,0.039729916,0.6480715,0.9683084505915204,1.0
Dmel_CG15582,0.03968126,0.26623723,0.9683472414718519,1.0
Dmel_CG34104,0.039675854,0.27414942,0.9683515515742912,1.0
Dmel_CR44636,0.03944107,3.187684,0.9685387340561183,1.0
Dmel_CG13749,0.03944107,2.9849095,0.9685387340561183,1.0
Dmel_CR34596,0.03944107,3.2898405,0.9685387340561183,1.0
Dmel_CR44826,0.03944107,2.872053,0.9685387340561183,1.0
Dmel_CG31147,0.03944107,3.293832,0.9685387340561183,1.0
Dmel_CG18609,0.03944107,3.8932772,0.9685387340561183,1.0
Dmel_CG15594,0.03943953,2.5058358,0.9685399655255651,1.0
Dmel_CG10594,0.03943953,2.5839581,0.9685399655255651,1.0
Dmel_CG4763,0.039438754,2.3596873,0.9685405812603166,1.0
Dmel_CG7719,0.039437983,2.192708,0.9685411969950869,1.0
Dmel_CG42568,0.039437983,2.4243405,0.9685411969950869,1.0
Dmel_CR45670,0.039437983,2.172716,0.9685411969950869,1.0
Dmel_CG34218,0.039437212,2.1602697,0.9685418127298759,1.0
Dmel_CR45976,0.039437212,2.0318222,0.9685418127298759,1.0
Dmel_CG43055,0.039437212,1.9940009,0.9685418127298759,1.0
Dmel_CG6333,0.039436437,1.6274319,0.9685424284646837,1.0
Dmel_CG42237,0.039436437,1.3831536,0.9685424284646837,1.0
Dmel_CG15188,0.039436437,1.4483352,0.9685424284646837,1.0
Dmel_CG6555,0.039436437,1.620814,0.9685424284646837,1.0
Dmel_CG31704,0.039436437,1.7753431,0.9685424284646837,1.0
Dmel_CG5959,0.039436437,1.864546,0.9685424284646837,1.0
Dmel_CG6449,0.03934183,0.28051087,0.9686178561203835,1.0
Dmel_CG3279,0.039280817,-0.10722708,0.968666499410559,1.0
Dmel_CG2095,0.039270394,-0.08442519,0.9686748118832065,1.0
Dmel_CG6426,0.039051827,0.3739262,0.9688490667215551,1.0
Dmel_CR17025,0.03902248,0.050486825,0.9688724650111757,1.0
Dmel_CG4927,0.039007034,0.1278676,0.9688847799112141,1.0
Dmel_CG32499,0.038794264,2.0931485,0.9690544184130359,1.0
Dmel_CG7992,0.038793493,1.9768213,0.969055034163329,1.0
Dmel_CR44185,0.03879272,1.7033418,0.9690556499136407,1.0
Dmel_CR44977,0.03879272,1.603773,0.9690556499136407,1.0
Dmel_CG10146,0.038791947,1.6743698,0.9690562656639707,1.0
Dmel_CG12446,0.038791947,1.4342185,0.9690562656639707,1.0
Dmel_CR43970,0.038791176,1.5253975,0.9690568814143192,1.0
Dmel_CG13891,0.038791176,1.6169052,0.9690568814143192,1.0
Dmel_CG12028,0.0387904,1.3903452,0.9690574971646863,1.0
Dmel_CG43703,0.0387904,1.0432472,0.9690574971646863,1.0
Dmel_CR44447,0.0387904,1.21148,0.9690574971646863,1.0
Dmel_CG12715,0.0387904,1.2535745,0.9690574971646863,1.0
Dmel_CR45142,0.03878963,1.3179827,0.9690581129150716,1.0
Dmel_CG31220,0.03878963,1.2629681,0.9690581129150716,1.0
Dmel_CG16713,0.03878963,1.2567294,0.9690581129150716,1.0
Dmel_CR44115,0.038788084,0.88901794,0.9690593444158978,1.0
Dmel_CG43919,0.038788084,1.2248353,0.9690593444158978,1.0
Dmel_CG4325,0.038787313,0.70392615,0.9690599601663386,1.0
Dmel_CG6936,0.03863092,0.14292027,0.9691846500101357,1.0
Dmel_CG45067,0.038398456,0.30462077,0.9693699928481503,1.0
Dmel_CG3597,0.038352888,0.10777254,0.9694063227016713,1.0
Dmel_CG33284,0.038352117,-0.089088164,0.9694069384624479,1.0
Dmel_CG13575,0.038154405,2.4071348,0.9695645738201983,1.0
Dmel_CG12526,0.038153633,1.8810508,0.9695651895856502,1.0
Dmel_CR44363,0.038151316,1.9962721,0.9695670368821145,1.0
Dmel_CR45339,0.038151316,1.7913103,0.9695670368821145,1.0
Dmel_CG3517,0.03814977,1.5754073,0.9695682684131814,1.0
Dmel_CG13314,0.038147453,1.3696982,0.9695701157099179,1.0
Dmel_CR43989,0.038147453,1.2861533,0.9695701157099179,1.0
Dmel_CG13283,0.038146682,1.0666312,0.9695707314755331,1.0
Dmel_CG11762,0.038146682,1.3241677,0.9695707314755331,1.0
Dmel_CG31626,0.03814591,1.0217971,0.9695713472411663,1.0
Dmel_CG32454,0.03814591,1.1923159,0.9695713472411663,1.0
Dmel_CG30445,0.038145136,0.7671377,0.9695719630068177,1.0
Dmel_CG34026,0.038145136,0.9887265,0.9695719630068177,1.0
Dmel_CR44775,0.038144365,0.9471916,0.9695725787724873,1.0
Dmel_CG7886,0.038144365,1.1633526,0.9695725787724873,1.0
Dmel_CG7953,0.038143594,1.1319828,0.9695731945381749,1.0
Dmel_CG8008,0.03814282,0.8654085,0.9695738103038807,1.0
Dmel_CR45834,0.03814282,0.65419924,0.9695738103038807,1.0
Dmel_CG15239,0.038142048,0.91635615,0.9695744260696046,1.0
Dmel_CG7634,0.038142048,0.83615434,0.9695744260696046,1.0
Dmel_CR44991,0.038142048,0.887592,0.9695744260696046,1.0
Dmel_CG33477,0.03813973,0.68424255,0.9695762733668853,1.0
Dmel_CG17818,0.038052075,-0.13281186,0.9696461629004974,1.0
Dmel_CG6472,0.038013846,-0.16519432,0.9696766434309239,1.0
Dmel_CG8687,0.03795322,-0.021038514,0.9697249813326081,1.0
Dmel_CG17027,0.037897613,0.0641851,0.9697693168306741,1.0
Dmel_CR44332,0.037887957,-0.034709007,0.9697770139752772,1.0
Dmel_CG6185,0.03787483,0.022817528,0.9697874820964552,1.0
Dmel_CG31666,0.037769407,0.061194185,0.9698715351403442,1.0
Dmel_CG15124,0.03750528,1.4169409,0.9700821310476312,1.0
Dmel_CR44083,0.037503734,1.1767178,0.9700833626087947,1.0
Dmel_CG32695,0.037503734,1.192353,0.9700833626087947,1.0
Dmel_CG2678,0.03749987,1.0321871,0.9700864415120154,1.0
Dmel_CG13501,0.0374991,0.6891384,0.970087057292713,1.0
Dmel_CG13053,0.03749833,1.1280967,0.9700876730734285,1.0
Dmel_CG32598,0.03749833,0.9333929,0.9700876730734285,1.0
Dmel_CR46352,0.037497558,0.7288792,0.9700882888541618,1.0
Dmel_CR44996,0.03749601,0.8081978,0.9700895204156819,1.0
Dmel_CG8975,0.03749601,0.87136257,0.9700895204156819,1.0
Dmel_CG3041,0.037494466,0.6787493,0.9700907519772733,1.0
Dmel_CG7813,0.037493695,0.65758944,0.9700913677580958,1.0
Dmel_CG43370,0.037493695,0.5555148,0.9700913677580958,1.0
Dmel_CG7715,0.037491377,0.4626361,0.9700932151006703,1.0
Dmel_CG5160,0.037391365,-0.12819843,0.970172958874635,1.0
Dmel_CG2641,0.037334986,0.10794701,0.970217911094919,1.0
Dmel_CG1442,0.037304092,0.045319412,0.970242542488636,1.0
Dmel_CG8667,0.037137274,0.35105363,0.9703755525046153,1.0
Dmel_CR43587,0.03708707,0.11939339,0.9704155788282957,1.0
Dmel_CR43683,0.03706931,0.06221574,0.9704297420068373,1.0
Dmel_CG5154,0.037067767,0.07562788,0.9704309735880209,1.0
Dmel_CG16736,0.037026063,-0.2578076,0.9704642263066218,1.0
Dmel_CG12153,0.03689863,-0.12057081,0.970565832153584,1.0
Dmel_CR43653,0.03688164,0.026879035,0.9705793796359787,1.0
Dmel_CR45539,0.03685924,0.9197368,0.9705972376939239,1.0
Dmel_CR44060,0.036856152,0.97505397,0.9705997008754873,1.0
Dmel_CG30046,0.03685538,0.938704,0.970600316670922,1.0
Dmel_CG14221,0.03685461,0.9189717,0.9706009324663742,1.0
Dmel_CG43071,0.03685461,0.8792621,0.9706009324663742,1.0
Dmel_CG4804,0.03685461,0.8436372,0.9706009324663742,1.0
Dmel_CR43436,0.036853835,0.8658039,0.970601548261844,1.0
Dmel_CG1279,0.036852293,0.82025963,0.9706027798528359,1.0
Dmel_CG2533,0.036852293,0.8346969,0.9706027798528359,1.0
Dmel_CR44188,0.036850747,0.7352615,0.9706040114438981,1.0
Dmel_CG14763,0.036843795,0.22517554,0.9706095536045451,1.0
Dmel_CG8811,0.03662137,-0.102391236,0.9707869034931893,1.0
Dmel_CG8257,0.036555726,-0.19040033,0.9708392466187602,1.0
Dmel_CG12010,0.036541823,-0.1486423,0.9708503310614757,1.0
Dmel_CG5867,0.036456097,0.2180624,0.9709186852492309,1.0
Dmel_CG43229,0.036429066,0.055528063,0.9709402384158188,1.0
Dmel_CG7642,0.03636419,0.14874548,0.9709919661021923,1.0
Dmel_CG9270,0.036217067,0.9862842,0.9711092775570631,1.0
Dmel_CR45953,0.036213204,1.0409265,0.971112356606303,1.0
Dmel_CR45926,0.036212433,0.89029014,0.9711129724162028,1.0
Dmel_CR42719,0.036209345,0.8408705,0.9711154356559736,1.0
Dmel_CG30484,0.0362078,0.6882228,0.9711166672759622,1.0
Dmel_CR43466,0.036202393,0.5037896,0.9711209779464653,1.0
Dmel_CG32845,0.036196213,0.3944816,0.9711259044280732,1.0
Dmel_CR43951,0.036035188,0.08930241,0.9712543012429663,1.0
Dmel_CG18281,0.03600661,-0.0708897,0.9712770863671873,1.0
Dmel_CG30147,0.03583207,0.30532527,0.9714162608774292,1.0
Dmel_CG13085,0.035818942,0.17551322,0.9714267297917708,1.0
Dmel_CG12659,0.035661776,-0.08325881,0.9715520492363217,1.0
Dmel_CG4462,0.035655983,0.02534783,0.9715566679025085,1.0
Dmel_CG31332,0.03557335,0.9597539,0.9716225609772482,1.0
Dmel_CG8563,0.03556485,0.7753035,0.9716293350426487,1.0
Dmel_CG15109,0.035555582,0.37340444,0.9716367249345108,1.0
Dmel_CG31622,0.035555582,0.5657586,0.9716367249345108,1.0
Dmel_CR46110,0.03554091,0.11613613,0.9716484256016056,1.0
Dmel_CG15085,0.03552971,0.2741807,0.9716573550621782,1.0
Dmel_CR43604,0.03522349,0.24551213,0.971901530995047,1.0
Dmel_CG14984,0.034936193,0.010027798,0.9721306215289104,1.0
Dmel_CG17878,0.0348941,0.25215456,0.9721641847173584,1.0
Dmel_CG14212,0.034891784,0.062026337,0.9721660322337509,1.0
Dmel_CG13203,0.03454849,0.07720288,0.9724397742243603,1.0
Dmel_CG32203,0.03451065,0.18320453,0.9724699507060508,1.0
Dmel_CG17261,0.03450138,0.09233088,0.9724773408708414,1.0
Dmel_CR46016,0.03448439,0.07781149,0.9724908895124275,1.0
Dmel_CG5096,0.03434615,0.036887806,0.9726011264818627,1.0
Dmel_CG6405,0.034326453,-0.037702054,0.9726168306737827,1.0
Dmel_CG17177,0.03428359,0.6736823,0.9726510104222984,1.0
Dmel_CG10933,0.03427355,0.664143,0.972659016496781,1.0
Dmel_CG4321,0.034265827,0.3727049,0.9726651750174885,1.0
Dmel_CG13559,0.03426428,0.40180653,0.9726664067218256,1.0
Dmel_CR45563,0.034261964,0.40977973,0.9726682542784534,1.0
Dmel_CG8828,0.03425733,0.2655485,0.9726719493921491,1.0
Dmel_CR44390,0.034234934,-0.25547197,0.9726898091166125,1.0
Dmel_CG5241,0.033966172,-0.15126541,0.9729041268757544,1.0
Dmel_CG12182,0.03384376,-0.1071909,0.9730017406424766,1.0
Dmel_CR45535,0.03363369,0.4956184,0.9731692554298592,1.0
Dmel_CG13432,0.033631373,0.6234901,0.9731711030260385,1.0
Dmel_CR32989,0.03361284,0.22890195,0.9731858838006545,1.0
Dmel_CG7200,0.033607434,-0.102414586,0.9731901948616524,1.0
Dmel_CG42878,0.03359353,-0.0950998,0.9732012804506718,1.0
Dmel_CG33270,0.033588126,-0.09441023,0.9732055915144665,1.0
Dmel_CR43787,0.03339312,-0.024338026,0.9733610982666179,1.0
Dmel_CG5140,0.03321085,-0.11133916,0.9735064441070717,1.0
Dmel_CG8249,0.03299847,0.66139364,0.9736758100731053,1.0
Dmel_CG4793,0.032985337,0.57752883,0.9736862800082224,1.0
Dmel_CG9918,0.03297607,0.39992553,0.9736936705533881,1.0
Dmel_CG14271,0.032957535,0.14848061,0.9737084516504947,1.0
Dmel_CG43996,0.032934364,-0.25509143,0.9737269280345752,1.0
Dmel_CG10923,0.032343935,0.478021,0.9741977726190969,1.0
Dmel_CG4398,0.032330032,0.3147899,0.9742088586699066,1.0
Dmel_CG2108,0.032326173,0.2872652,0.9742119381293491,1.0
Dmel_CG12589,0.03231536,0.17856115,0.9742205606178332,1.0
Dmel_CR45996,0.032306865,0.16519116,0.9742273354323272,1.0
Dmel_CG33968,0.032237742,0.08128876,0.9742824578556871,1.0
Dmel_CG17672,0.032067835,18.992016,0.974417954836853,1.0
Dmel_CG44625,0.032067835,17.899405,0.974417954836853,1.0
Dmel_CG31362,0.032067835,17.915602,0.974417954836853,1.0
Dmel_CR34608,0.032067835,18.342707,0.974417954836853,1.0
Dmel_CG4479,0.032067835,18.094353,0.974417954836853,1.0
Dmel_CG32904,0.032067835,18.47247,0.974417954836853,1.0
Dmel_CG32719,0.032067835,17.916037,0.974417954836853,1.0
Dmel_CG14280,0.032067835,18.232637,0.974417954836853,1.0
Dmel_CG10174,0.032067835,18.322014,0.974417954836853,1.0
Dmel_CR44968,0.032067835,18.436977,0.974417954836853,1.0
Dmel_CR45130,0.032067835,18.5525,0.974417954836853,1.0
Dmel_CG15125,0.032067835,18.198204,0.974417954836853,1.0
Dmel_CR44923,0.032067835,18.17172,0.974417954836853,1.0
Dmel_CR44295,0.032067835,18.369955,0.974417954836853,1.0
Dmel_CR42790,0.032067835,17.853722,0.974417954836853,1.0
Dmel_CG12906,0.032067835,18.624548,0.974417954836853,1.0
Dmel_CR34592,0.032067835,18.05998,0.974417954836853,1.0
Dmel_CG15887,0.032067835,18.583208,0.974417954836853,1.0
Dmel_CG13445,0.032067835,18.638657,0.974417954836853,1.0
Dmel_CG9184,0.032067835,18.007309,0.974417954836853,1.0
Dmel_CG9570,0.032067835,18.811823,0.974417954836853,1.0
Dmel_CG43050,0.032067835,18.238544,0.974417954836853,1.0
Dmel_CR43626,0.032067835,18.433321,0.974417954836853,1.0
Dmel_CG31106,0.032067835,18.286564,0.974417954836853,1.0
Dmel_CG5011,0.032067835,18.43529,0.974417954836853,1.0
Dmel_CG33459,0.032067835,18.507238,0.974417954836853,1.0
Dmel_CG15876,0.032067835,18.164299,0.974417954836853,1.0
Dmel_CG33673,0.032067835,18.076097,0.974417954836853,1.0
Dmel_CG33348,0.032067835,18.61578,0.974417954836853,1.0
Dmel_CR45923,0.032067835,18.978865,0.974417954836853,1.0
Dmel_CG5391,0.032067835,18.190338,0.974417954836853,1.0
Dmel_CG9504,0.032067835,18.321808,0.974417954836853,1.0
Dmel_CR34060,0.032067835,18.698755,0.974417954836853,1.0
Dmel_CR45004,0.032067835,18.355473,0.974417954836853,1.0
Dmel_CG16723,0.032067835,18.415453,0.974417954836853,1.0
Dmel_CG17267,0.032067835,18.26826,0.974417954836853,1.0
Dmel_CG30186,0.032067835,18.463215,0.974417954836853,1.0
Dmel_CG44252,0.032067835,18.657793,0.974417954836853,1.0
Dmel_CR45435,0.032067835,17.937962,0.974417954836853,1.0
Dmel_CR44541,0.032067835,18.512794,0.974417954836853,1.0
Dmel_CG32459,0.032067835,18.163025,0.974417954836853,1.0
Dmel_CG45061,0.032067835,18.695557,0.974417954836853,1.0
Dmel_CG15377,0.032067835,17.518463,0.974417954836853,1.0
Dmel_CG14841,0.032067835,17.641893,0.974417954836853,1.0
Dmel_CG13190,0.032067835,17.919817,0.974417954836853,1.0
Dmel_CG12831,0.032067835,17.889446,0.974417954836853,1.0
Dmel_CR44692,0.032067835,18.284899,0.974417954836853,1.0
Dmel_CG13659,0.031878617,0.12359566,0.9745688500709447,1.0
Dmel_CR43785,0.031744238,0.020018715,0.97467601703517,1.0
Dmel_CG14168,0.031697124,0.5524956,0.9747135871711845,1.0
Dmel_CR45125,0.03142373,3.0620062,0.9749316182457148,1.0
Dmel_CG31087,0.03142373,3.281108,0.9749316182457148,1.0
Dmel_CG32639,0.03142373,4.151574,0.9749316182457148,1.0
Dmel_CR45682,0.03142373,2.472702,0.9749316182457148,1.0
Dmel_CG41503,0.03142373,3.964841,0.9749316182457148,1.0
Dmel_CG13442,0.03142373,2.9181275,0.9749316182457148,1.0
Dmel_CG14107,0.031422954,2.5384104,0.9749322341553659,1.0
Dmel_CR45628,0.031422954,2.127289,0.9749322341553659,1.0
Dmel_CG10827,0.031422954,3.1264162,0.9749322341553659,1.0
Dmel_CR45833,0.031422954,2.3605113,0.9749322341553659,1.0
Dmel_CG14639,0.031422954,2.3856447,0.9749322341553659,1.0
Dmel_CG13362,0.031422183,2.5690696,0.9749328500650318,1.0
Dmel_CG32568,0.031422183,2.5730069,0.9749328500650318,1.0
Dmel_CG15904,0.031422183,2.4624026,0.9749328500650318,1.0
Dmel_CG3978,0.031422183,2.4112163,0.9749328500650318,1.0
Dmel_CG3108,0.03142141,2.112911,0.9749334659747128,1.0
Dmel_CG15252,0.03142141,2.1621244,0.9749334659747128,1.0
Dmel_CR45974,0.03142141,2.229951,0.9749334659747128,1.0
Dmel_CG6690,0.03142141,2.1798317,0.9749334659747128,1.0
Dmel_CR43263,0.03142141,2.0303524,0.9749334659747128,1.0
Dmel_CR45205,0.03142141,2.2659168,0.9749334659747128,1.0
Dmel_CR43826,0.03142141,2.135674,0.9749334659747128,1.0
Dmel_CG33463,0.03142064,2.0612442,0.9749340818844087,1.0
Dmel_CG15829,0.03142064,1.5830095,0.9749340818844087,1.0
Dmel_CG42523,0.03142064,1.7938839,0.9749340818844087,1.0
Dmel_CG14693,0.03142064,2.133824,0.9749340818844087,1.0
Dmel_CG42284,0.03142064,1.787165,0.9749340818844087,1.0
Dmel_CG15153,0.03142064,2.0023193,0.9749340818844087,1.0
Dmel_CG17279,0.03142064,2.0997748,0.9749340818844087,1.0
Dmel_CG10853,0.03142064,1.6222744,0.9749340818844087,1.0
Dmel_CG7615,0.031419866,1.2580839,0.9749346977941195,1.0
Dmel_CG10663,0.031419866,1.1150913,0.9749346977941195,1.0
Dmel_CG16956,0.031419866,1.7080262,0.9749346977941195,1.0
Dmel_CR45482,0.031419866,1.1618342,0.9749346977941195,1.0
Dmel_CG42264,0.031419866,0.5643457,0.9749346977941195,1.0
Dmel_CG3330,0.031419866,1.2218752,0.9749346977941195,1.0
Dmel_CR45695,0.031419866,1.1445845,0.9749346977941195,1.0
Dmel_CG32681,0.031419866,0.75950533,0.9749346977941195,1.0
Dmel_CR45159,0.031419866,0.64340556,0.9749346977941195,1.0
Dmel_CR43506,0.031419866,0.8900089,0.9749346977941195,1.0
Dmel_CG5612,0.031026375,0.1432213,0.9752485057273609,1.0
Dmel_CG5553,0.031017108,0.19669648,0.9752558967358484,1.0
Dmel_CG9362,0.030817466,0.003437499,0.9754151118918025,1.0
Dmel_CR43874,0.030775761,1.4454641,0.9754483716614327,1.0
Dmel_CR34602,0.030775761,1.7485207,0.9754483716614327,1.0
Dmel_CR45118,0.030774988,1.0288564,0.9754489875834953,1.0
Dmel_CG3259,0.030774988,1.2533691,0.9754489875834953,1.0
Dmel_CG9369,0.030774988,1.2995212,0.9754489875834953,1.0
Dmel_CR44030,0.030774988,1.2246476,0.9754489875834953,1.0
Dmel_CG15705,0.030774988,1.2366142,0.9754489875834953,1.0
Dmel_CG15452,0.030774215,1.1657344,0.9754496035055725,1.0
Dmel_CG3238,0.030774215,1.2802905,0.9754496035055725,1.0
Dmel_CG34202,0.030774215,1.5421879,0.9754496035055725,1.0
Dmel_CR46112,0.030774215,1.1945426,0.9754496035055725,1.0
Dmel_CG42460,0.030774215,1.2116681,0.9754496035055725,1.0
Dmel_CR34604,0.030774215,1.0573562,0.9754496035055725,1.0
Dmel_CG3206,0.030773444,1.0108777,0.9754502194276644,1.0
Dmel_CG2471,0.030773444,0.98971915,0.9754502194276644,1.0
Dmel_CR33751,0.030773444,1.2219516,0.9754502194276644,1.0
Dmel_CG5468,0.030773444,1.1596062,0.9754502194276644,1.0
Dmel_CG14620,0.030773444,1.0444176,0.9754502194276644,1.0
Dmel_CR44177,0.030773444,1.2671236,0.9754502194276644,1.0
Dmel_CG13695,0.030773444,1.2059432,0.9754502194276644,1.0
Dmel_CG18341,0.030772671,1.1712288,0.975450835349771,1.0
Dmel_CG13222,0.030772671,0.9830911,0.975450835349771,1.0
Dmel_CR34605,0.030772671,1.1610304,0.975450835349771,1.0
Dmel_CG17821,0.030772671,0.8999214,0.975450835349771,1.0
Dmel_CG31628,0.030695826,0.026222464,0.9755121196724956,1.0
Dmel_CG15579,0.030667637,0.22145012,0.9755346008924688,1.0
Dmel_CG3699,0.030666092,0.18740724,0.9755358327407003,1.0
Dmel_CG30008,0.030601218,0.010991661,0.9755875704190795,1.0
Dmel_CG11808,0.030569553,-0.08205657,0.9756128233708411,1.0
Dmel_CR46067,0.03039733,0.39096433,0.9757501752187858,1.0
Dmel_CG5408,0.03039424,0.3165663,0.9757526389356397,1.0
Dmel_CG34171,0.030388061,0.2471025,0.9757575663700414,1.0
Dmel_CG42309,0.030365665,0.106048144,0.9757754283275015,1.0
Dmel_CG9359,0.030360257,0.055618554,0.975779739836295,1.0
Dmel_CG11325,0.030134743,1.4529673,0.9759595919748961,1.0
Dmel_CG3252,0.030133199,1.2275852,0.975960823843084,1.0
Dmel_CG6131,0.030132426,1.593731,0.9759614397771995,1.0
Dmel_CG32601,0.030131655,1.2652829,0.9759620557113293,1.0
Dmel_CG10824,0.030130882,1.2116294,0.9759626716454735,1.0
Dmel_CG1878,0.030130882,1.259867,0.9759626716454735,1.0
Dmel_CR34616,0.030130882,1.0056454,0.9759626716454735,1.0
Dmel_CG42486,0.030130882,1.3858652,0.9759626716454735,1.0
Dmel_CR45454,0.030130109,1.2207136,0.9759632875796319,1.0
Dmel_CR44151,0.030129338,1.1409758,0.9759639035138047,1.0
Dmel_CG18754,0.030128565,1.1912562,0.9759645194479918,1.0
Dmel_CG15484,0.030128565,0.898301,0.9759645194479918,1.0
Dmel_CG5561,0.030128565,1.0236123,0.9759645194479918,1.0
Dmel_CG34457,0.030127794,0.77839595,0.9759651353821932,1.0
Dmel_CG34305,0.030127794,1.1548238,0.9759651353821932,1.0
Dmel_CR34095,0.030127794,0.88117445,0.9759651353821932,1.0
Dmel_CR44759,0.03012702,0.7318332,0.9759657513164091,1.0
Dmel_CG31053,0.03012702,0.8931264,0.9759657513164091,1.0
Dmel_CG11218,0.030126248,0.7368431,0.9759663672506391,1.0
Dmel_CG14598,0.030126248,0.88425785,0.9759663672506391,1.0
Dmel_CG10407,0.030125476,0.8064344,0.9759669831848835,1.0
Dmel_CR43243,0.03012316,0.68487054,0.9759688309877028,1.0
Dmel_CG42694,0.03012316,0.70407766,0.9759688309877028,1.0
Dmel_CG7279,0.030121615,0.46006036,0.9759700628563207,1.0
Dmel_CG31675,0.030121615,0.3828427,0.9759700628563207,1.0
Dmel_CG31133,0.03006871,-0.18200438,0.9760122543910607,1.0
Dmel_CG10585,0.030007312,-0.12109386,0.976061221292891,1.0
Dmel_CG6570,0.029768283,0.37909055,0.9762518543028851,1.0
Dmel_CG17490,0.029768283,0.42786688,0.9762518543028851,1.0
Dmel_CG11201,0.029763648,0.3872122,0.9762555499481811,1.0
Dmel_CG8654,0.029746657,0.19769366,0.9762691006519598,1.0
Dmel_CG31988,0.029709587,0.038755063,0.9762986658476079,1.0
Dmel_CR45388,0.029646644,0.015294128,0.976348865160611,1.0
Dmel_CG18449,0.02949141,1.3543725,0.9764726700012519,1.0
Dmel_CR44676,0.029489093,1.1256645,0.9764745178389946,1.0
Dmel_CG11671,0.029487548,0.9608072,0.9764757497308932,1.0
Dmel_CG6553,0.029486775,1.0632564,0.9764763656768637,1.0
Dmel_CR45129,0.029486775,1.0414295,0.9764763656768637,1.0
Dmel_CG4421,0.029486775,1.0523967,0.9764763656768637,1.0
Dmel_CG17142,0.029484458,0.9668645,0.9764782135148589,1.0
Dmel_CG15198,0.029482914,0.8741757,0.9764794454069258,1.0
Dmel_CG5834,0.029482914,0.8876239,0.9764794454069258,1.0
Dmel_CR45699,0.029482914,0.57478124,0.9764794454069258,1.0
Dmel_CG13068,0.029480597,0.6536788,0.9764812932451313,1.0
Dmel_CR44673,0.029479053,0.5599026,0.9764825251373386,1.0
Dmel_CG13700,0.029477509,0.34084836,0.9764837570296019,1.0
Dmel_CR43503,0.029477509,0.32701817,0.9764837570296019,1.0
Dmel_CG3588,0.029474419,0.399599,0.9764862208142967,1.0
Dmel_CG32846,0.029473647,0.3296857,0.9764868367605054,1.0
Dmel_CG43843,0.02942306,0.04299674,0.976527181267697,1.0
Dmel_CR45501,0.02932768,0.050000764,0.9766032508452882,1.0
Dmel_CG1650,0.029275164,0.033638526,0.976645135399944,1.0
Dmel_CG11449,0.028847303,1.2208637,0.976986373719696,1.0
Dmel_CR44953,0.028846532,1.1505616,0.9769869896771687,1.0
Dmel_CG13138,0.028841125,0.8850727,0.9769913013798615,1.0
Dmel_CG34282,0.02883958,0.94649684,0.97699253329504,1.0
Dmel_CR31514,0.028838808,0.8046746,0.9769931492526499,1.0
Dmel_CG33127,0.028838037,0.85481113,0.9769937652102735,1.0
Dmel_CG15172,0.028838037,1.0746541,0.9769937652102735,1.0
Dmel_CG18087,0.028838037,0.6503486,0.9769937652102735,1.0
Dmel_CG12824,0.02883572,0.65802526,0.9769956130832266,1.0
Dmel_CG33552,0.028834173,0.50750583,0.9769968449985972,1.0
Dmel_CR46263,0.028833402,0.5221081,0.976997460956303,1.0
Dmel_CG14265,0.028831858,0.36544788,0.976998692871756,1.0
Dmel_CG1158,0.028829541,0.27464622,0.9770005407450383,1.0
Dmel_CG16756,0.028829541,0.1786888,0.9770005407450383,1.0
Dmel_CG18444,0.028828768,0.5900491,0.9770011567028264,1.0
Dmel_CR43903,0.028828768,-0.022502864,0.9770011567028264,1.0
Dmel_CG4259,0.028827995,0.35051188,0.9770017726606284,1.0
Dmel_CG31909,0.028827995,0.42098323,0.9770017726606284,1.0
Dmel_CG4225,0.028774707,-0.10717379,0.9770442737820578,1.0
Dmel_CG10711,0.028707515,-0.10729355,0.9770978622454307,1.0
Dmel_CG7643,0.028465783,-0.13686366,0.9772906583748692,1.0
Dmel_CG3131,0.028458446,0.233334,0.9772965100353815,1.0
Dmel_CG16710,0.028450722,0.20484816,0.977302669679346,1.0
Dmel_CG8956,0.028428325,0.06756814,0.9773205326544955,1.0
Dmel_CG30441,0.028197791,0.9007673,0.9775043987650257,1.0
Dmel_CR44133,0.028197018,0.7494578,0.9775050147339094,1.0
Dmel_CG5992,0.02819393,0.6932782,0.9775074786095783,1.0
Dmel_CG33349,0.02819393,0.7009737,0.9775074786095783,1.0
Dmel_CG4563,0.028192386,0.536633,0.9775087105474931,1.0
Dmel_CG30018,0.028190069,0.44167194,0.9775105584544661,1.0
Dmel_CR44161,0.028189296,0.5472004,0.9775111744234839,1.0
Dmel_CG9747,0.028185435,0.38617003,0.977514254268774,1.0
Dmel_CG13664,0.028181573,0.26553038,0.9775173341143994,1.0
Dmel_CG4926,0.028112838,-0.09885432,0.9775721554225671,1.0
Dmel_CG3831,0.027812408,0.2688285,0.9778117688971083,1.0
Dmel_CG6362,0.027800051,0.21508233,0.977821624507201,1.0
Dmel_CG4545,0.027602341,0.10758697,0.9779793147281076,1.0
Dmel_CR44568,0.027556775,0.83863723,0.9780156575184525,1.0
Dmel_CG5048,0.02755523,0.82729506,0.9780168894782474,1.0
Dmel_CG43968,0.027552914,0.6934343,0.978018737418038,1.0
Dmel_CG6483,0.02755214,0.64435285,0.9780193533979944,1.0
Dmel_CR33750,0.02755214,0.72011065,0.9780193533979944,1.0
Dmel_CR32690,0.02755214,0.70032644,0.9780193533979944,1.0
Dmel_CG34259,0.027549824,0.67791533,0.9780212013379422,1.0
Dmel_CR43684,0.02754905,0.7149596,0.9780218173179511,1.0
Dmel_CR45000,0.027547507,0.5227799,0.9780230492780081,1.0
Dmel_CR45198,0.027546734,0.47615618,0.9780236652580563,1.0
Dmel_CG11425,0.027545962,0.5256255,0.9780242812381176,1.0
Dmel_CG31288,0.027544418,0.45080635,0.9780255131982794,1.0
Dmel_CR45612,0.027544418,0.5503425,0.9780255131982794,1.0
Dmel_CR45798,0.027541328,0.28711107,0.9780279771187603,1.0
Dmel_CG14417,0.027539784,0.5130012,0.9780292090790793,1.0
Dmel_CG7778,0.027539011,0.29589683,0.9780298250592585,1.0
Dmel_CG7554,0.027536694,0.30447045,0.9780316729998747,1.0
Dmel_CR45832,0.02753515,0.24989386,0.978032904960351,1.0
Dmel_CG3640,0.027530516,0.065867804,0.9780366008420942,1.0
Dmel_CG9060,0.027346706,-0.23229443,0.9781832045307018,1.0
Dmel_CG7768,0.027187997,0.30962756,0.9783097894010758,1.0
Dmel_CG43366,0.027152471,0.15161976,0.9783381247754578,1.0
Dmel_CG33288,0.027148608,0.17813602,0.9783412047091035,1.0
Dmel_CG7390,0.027116945,-0.033084005,0.9783664601771727,1.0
Dmel_CG7709,0.027096864,-0.06715046,0.9783824758510886,1.0
Dmel_CR43940,0.02690649,0.5625677,0.9785343171916029,1.0
Dmel_CG11159,0.026901856,0.41794178,0.9785380131365875,1.0
Dmel_CG10396,0.026898766,0.48397946,0.9785404771001666,1.0
Dmel_CR45149,0.026891043,0.27556002,0.97854663701001,1.0
Dmel_CG9089,0.026887955,0.13459039,0.9785491009743056,1.0
Dmel_CG6435,0.026878687,-0.041932497,0.9785564928684202,1.0
Dmel_CG4281,0.026633093,-0.105306365,0.9787523787314348,1.0
Dmel_CG43934,0.0266273,-0.08035426,0.9787569986965464,1.0
Dmel_CG12910,0.026554316,0.061307594,0.9788152103179529,1.0
Dmel_CG5958,0.02650875,0.14182267,0.9788515541388073,1.0
Dmel_CG5072,0.026497938,0.08039466,0.9788601781027453,1.0
Dmel_CG2097,0.02643654,-0.09136414,0.9789091499447874,1.0
Dmel_CG11163,0.026427658,-0.08804783,0.9789162339285233,1.0
Dmel_CG4846,0.026409894,-0.057684936,0.978930401900983,1.0
Dmel_CG4067,0.026300613,-0.24222043,0.9790175658776091,1.0
Dmel_CG4978,0.026264701,0.67426115,0.9790462099246703,1.0
Dmel_CG7560,0.02626084,0.63497627,0.97904928993134,1.0
Dmel_CG5948,0.026256979,0.54711056,0.9790523699383221,1.0
Dmel_CG5717,0.026256206,0.46631527,0.979052985939756,1.0
Dmel_CG33643,0.026255433,0.40768063,0.9790536019412024,1.0
Dmel_CG34288,0.02624771,0.29265854,0.9790597619563531,1.0
Dmel_CR44947,0.02624771,0.23164155,0.9790597619563531,1.0
Dmel_CG3972,0.026229175,-0.07170893,0.9790745459978091,1.0
Dmel_CR43174,0.026222996,-0.21268989,0.9790794740132253,1.0
Dmel_CR46036,0.026053473,-0.25692737,0.9792146867470475,1.0
Dmel_CG34208,0.025917161,0.0047411993,0.9793234117704606,1.0
Dmel_CR44138,0.025598198,0.31366774,0.9795778236626225,1.0
Dmel_CG10583,0.025581978,0.033905305,0.9795907599162446,1.0
Dmel_CG14529,0.025575029,-0.19711335,0.9795963040265829,1.0
Dmel_CG1143,0.025493164,-0.16097333,0.9796616014002122,1.0
Dmel_CG6236,0.025078433,-0.123235606,0.979992402443885,1.0
Dmel_CG13330,0.024965676,0.43255293,0.9800823414999534,1.0
Dmel_CG13500,0.024963358,0.34960198,0.980084189565408,1.0
Dmel_CG17244,0.02495718,0.22622102,0.9800891177404758,1.0
Dmel_CG8714,0.024951002,0.2644372,0.9800940459163036,1.0
Dmel_CG31366,0.024947913,0.15758462,0.9800965100045024,1.0
Dmel_CG2104,0.02492011,-0.37233,0.9801186868068346,1.0
Dmel_CG4471,0.02484674,0.008281851,0.980177208997829,1.0
Dmel_CR45381,0.024731666,-0.0712801,0.9802689966489947,1.0
Dmel_CG5510,0.024635127,-0.15825388,0.9803459999136029,1.0
Dmel_CG12163,0.024564462,-0.07218099,0.9804023664194268,1.0
Dmel_CR43496,0.024563303,-0.067283146,0.9804032904613218,1.0
Dmel_CR31386,0.024549788,0.09636991,0.9804140709520395,1.0
Dmel_CG31441,0.024547856,-0.14462559,0.980415611022434,1.0
Dmel_CR44595,0.024537431,-0.017081896,0.9804239274038259,1.0
Dmel_CG2053,0.024309212,0.324903,0.9806059642834686,1.0
Dmel_CG9761,0.024302263,-0.091665596,0.9806115085698102,1.0
Dmel_CR45882,0.024287589,-0.07115349,0.9806232131773845,1.0
Dmel_CG9593,0.024283728,-0.15786184,0.9806262933379659,1.0
Dmel_CG16836,0.024282955,0.013460003,0.9806269093701169,1.0
Dmel_CR45035,0.02414085,-0.20243073,0.9807402594821417,1.0
Dmel_CR45472,0.024095284,-0.0530369,0.980776605524419,1.0
Dmel_CG1641,0.024050876,17.732224,0.9808120275531712,1.0
Dmel_CG13607,0.024050876,18.45013,0.9808120275531712,1.0
Dmel_CG14106,0.024050876,18.054546,0.9808120275531712,1.0
Dmel_CR44039,0.024050876,17.925909,0.9808120275531712,1.0
Dmel_CG43318,0.024050876,17.296844,0.9808120275531712,1.0
Dmel_CG15177,0.024050876,17.167902,0.9808120275531712,1.0
Dmel_CR45166,0.024050876,17.80355,0.9808120275531712,1.0
Dmel_CG16782,0.024050876,17.309153,0.9808120275531712,1.0
Dmel_CG7179,0.024050876,17.905056,0.9808120275531712,1.0
Dmel_CG43175,0.024050876,17.499174,0.9808120275531712,1.0
Dmel_CG6280,0.024050876,17.721283,0.9808120275531712,1.0
Dmel_CR44375,0.024050876,17.879707,0.9808120275531712,1.0
Dmel_CG14054,0.024050876,17.841177,0.9808120275531712,1.0
Dmel_CR45483,0.024050876,17.489307,0.9808120275531712,1.0
Dmel_CG18348,0.024050876,18.185226,0.9808120275531712,1.0
Dmel_CR45025,0.024050876,17.967583,0.9808120275531712,1.0
Dmel_CG30090,0.024050876,17.500002,0.9808120275531712,1.0
Dmel_CR44266,0.024050876,18.065105,0.9808120275531712,1.0
Dmel_CR44842,0.024050876,17.268288,0.9808120275531712,1.0
Dmel_CG30427,0.024050876,17.622192,0.9808120275531712,1.0
Dmel_CG17564,0.024050876,17.532423,0.9808120275531712,1.0
Dmel_CG6688,0.024050876,17.495268,0.9808120275531712,1.0
Dmel_CG43678,0.024050876,17.317636,0.9808120275531712,1.0
Dmel_CG13460,0.024050876,17.828022,0.9808120275531712,1.0
Dmel_CG7567,0.024050876,18.077429,0.9808120275531712,1.0
Dmel_CG18287,0.024050876,18.25105,0.9808120275531712,1.0
Dmel_CG12847,0.024050876,18.411745,0.9808120275531712,1.0
Dmel_CG32673,0.024050876,17.583466,0.9808120275531712,1.0
Dmel_CG11044,0.024050876,18.380981,0.9808120275531712,1.0
Dmel_CG14500,0.024050876,18.191282,0.9808120275531712,1.0
Dmel_CR30237,0.024050876,17.1509,0.9808120275531712,1.0
Dmel_CR44350,0.024050876,17.685009,0.9808120275531712,1.0
Dmel_CG4744,0.024050876,17.933105,0.9808120275531712,1.0
Dmel_CG13992,0.024050876,16.981215,0.9808120275531712,1.0
Dmel_CR44992,0.024050876,17.780922,0.9808120275531712,1.0
Dmel_CG18662,0.024050876,17.40259,0.9808120275531712,1.0
Dmel_CR42998,0.024050876,17.786842,0.9808120275531712,1.0
Dmel_CR32879,0.024050876,18.179193,0.9808120275531712,1.0
Dmel_CG9861,0.024050876,18.536427,0.9808120275531712,1.0
Dmel_CR34066,0.024050876,18.453602,0.9808120275531712,1.0
Dmel_CR44216,0.024050876,18.211071,0.9808120275531712,1.0
Dmel_CR45863,0.024050876,18.014814,0.9808120275531712,1.0
Dmel_CG7366,0.024050876,17.391373,0.9808120275531712,1.0
Dmel_CG7071,0.024050876,17.85308,0.9808120275531712,1.0
Dmel_CG8565,0.024050876,17.675877,0.9808120275531712,1.0
Dmel_CG42329,0.024050876,18.413778,0.9808120275531712,1.0
Dmel_CG15403,0.024050876,17.23829,0.9808120275531712,1.0
Dmel_CR45174,0.024050876,18.3801,0.9808120275531712,1.0
Dmel_CG15006,0.024050876,17.243776,0.9808120275531712,1.0
Dmel_CG14870,0.024050876,18.175467,0.9808120275531712,1.0
Dmel_CR34687,0.024050876,17.958702,0.9808120275531712,1.0
Dmel_CG13539,0.024050876,16.802095,0.9808120275531712,1.0
Dmel_CG10510,0.024050876,17.903055,0.9808120275531712,1.0
Dmel_CR43144,0.024050876,17.22465,0.9808120275531712,1.0
Dmel_CR45432,0.024050876,17.30348,0.9808120275531712,1.0
Dmel_CG1089,0.024050876,17.75645,0.9808120275531712,1.0
Dmel_CG4677,0.024050876,16.596945,0.9808120275531712,1.0
Dmel_CR43961,0.024050876,18.403751,0.9808120275531712,1.0
Dmel_CG4576,0.024050876,17.846088,0.9808120275531712,1.0
Dmel_CG42656,0.024050876,18.130333,0.9808120275531712,1.0
Dmel_CG18594,0.024050876,18.04923,0.9808120275531712,1.0
Dmel_CG1759,0.024050876,17.411957,0.9808120275531712,1.0
Dmel_CG32703,0.024050876,17.830503,0.9808120275531712,1.0
Dmel_CR43467,0.024050876,17.723612,0.9808120275531712,1.0
Dmel_CR46249,0.024050876,17.691868,0.9808120275531712,1.0
Dmel_CG6318,0.024050876,17.976696,0.9808120275531712,1.0
Dmel_CG14305,0.024050876,17.86958,0.9808120275531712,1.0
Dmel_CR45165,0.024050876,17.645031,0.9808120275531712,1.0
Dmel_CG32945,0.024050876,17.748442,0.9808120275531712,1.0
Dmel_CG2120,0.024050876,18.531063,0.9808120275531712,1.0
Dmel_CR45541,0.024050876,18.211338,0.9808120275531712,1.0
Dmel_CG8719,0.024050876,17.600925,0.9808120275531712,1.0
Dmel_CG42570,0.024050876,18.015654,0.9808120275531712,1.0
Dmel_CG10764,0.024050876,17.974512,0.9808120275531712,1.0
Dmel_CR45803,0.024050876,17.207567,0.9808120275531712,1.0
Dmel_CR45869,0.024050876,18.493645,0.9808120275531712,1.0
Dmel_CG4520,0.024050876,17.393026,0.9808120275531712,1.0
Dmel_CG4704,0.024050876,17.793829,0.9808120275531712,1.0
Dmel_CG31050,0.024050876,17.748718,0.9808120275531712,1.0
Dmel_CR34561,0.024050876,17.922522,0.9808120275531712,1.0
Dmel_CR43877,0.024050876,17.945543,0.9808120275531712,1.0
Dmel_CG32474,0.024050876,18.124313,0.9808120275531712,1.0
Dmel_CG3986,0.024050876,17.88942,0.9808120275531712,1.0
Dmel_CR45984,0.024050876,17.874542,0.9808120275531712,1.0
Dmel_CG3604,0.024050876,17.927305,0.9808120275531712,1.0
Dmel_CR33765,0.024050876,18.194555,0.9808120275531712,1.0
Dmel_CG12689,0.024050876,17.745193,0.9808120275531712,1.0
Dmel_CG13027,0.024050876,17.859632,0.9808120275531712,1.0
Dmel_CG13074,0.024050876,17.217148,0.9808120275531712,1.0
Dmel_CG31347,0.024050876,18.098907,0.9808120275531712,1.0
Dmel_CR43753,0.024050876,17.585344,0.9808120275531712,1.0
Dmel_CG15563,0.024050876,17.498337,0.9808120275531712,1.0
Dmel_CG3669,0.024050876,18.113064,0.9808120275531712,1.0
Dmel_CG32774,0.024050876,17.569746,0.9808120275531712,1.0
Dmel_CG11858,0.024021141,-0.11164989,0.9808357449327035,1.0
Dmel_CG17266,0.023915336,-0.11573852,0.9809201419789348,1.0
Dmel_CG42364,0.02381648,-0.22273602,0.9809989948866554,1.0
Dmel_CG1245,0.023755467,-0.17809297,0.9810476620083382,1.0
Dmel_CG10918,0.023670513,0.23128639,0.9811154264724322,1.0
Dmel_CG42477,0.023662018,0.14480162,0.9811222029263443,1.0
Dmel_CG4525,0.02365893,0.1312326,0.9811246670917412,1.0
Dmel_CG7428,0.023651205,0.09757858,0.9811308275060209,1.0
Dmel_CG10680,0.023618769,-0.15626077,0.9811567012582795,1.0
Dmel_CG5274,0.023465078,-0.12918602,0.9812792938296495,1.0
Dmel_CR45906,0.023406383,2.763415,0.9813261132199601,1.0
Dmel_CG15336,0.023406383,2.8305655,0.9813261132199601,1.0
Dmel_CG13065,0.023406383,3.1244242,0.9813261132199601,1.0
Dmel_CG8840,0.023406383,3.7468753,0.9813261132199601,1.0
Dmel_CR43904,0.023406383,2.2127383,0.9813261132199601,1.0
Dmel_CG34206,0.023406383,3.0352497,0.9813261132199601,1.0
Dmel_CG8851,0.023405612,2.2705107,0.9813267292649985,1.0
Dmel_CR44035,0.023405612,2.871607,0.9813267292649985,1.0
Dmel_CG7629,0.023405612,2.9735672,0.9813267292649985,1.0
Dmel_CG42282,0.023405612,2.038839,0.9813267292649985,1.0
Dmel_CR34582,0.023405612,2.2009082,0.9813267292649985,1.0
Dmel_CR45588,0.023405612,1.8437331,0.9813267292649985,1.0
Dmel_CG17522,0.023405612,2.298237,0.9813267292649985,1.0
Dmel_CG32939,0.023405612,2.5208232,0.9813267292649985,1.0
Dmel_CG17658,0.023405612,2.327441,0.9813267292649985,1.0
Dmel_CG34198,0.023405612,2.252323,0.9813267292649985,1.0
Dmel_CG5715,0.023404839,1.9437879,0.9813273453100482,1.0
Dmel_CG8822,0.023404839,1.8453051,0.9813273453100482,1.0
Dmel_CG12693,0.023404839,1.8768846,0.9813273453100482,1.0
Dmel_CR44430,0.023404839,1.6133392,0.9813273453100482,1.0
Dmel_CR45053,0.023404839,1.8034462,0.9813273453100482,1.0
Dmel_CR45701,0.023404839,1.8273731,0.9813273453100482,1.0
Dmel_CG31624,0.023404839,2.0989466,0.9813273453100482,1.0
Dmel_CG7882,0.023404839,2.0943844,0.9813273453100482,1.0
Dmel_CG2885,0.023404839,1.8697925,0.9813273453100482,1.0
Dmel_CR44515,0.023404839,1.8887218,0.9813273453100482,1.0
Dmel_CG6265,0.023404839,1.768053,0.9813273453100482,1.0
Dmel_CG10546,0.023404839,1.7988893,0.9813273453100482,1.0
Dmel_CR34702,0.023404839,1.6489996,0.9813273453100482,1.0
Dmel_CG34207,0.023404839,1.9649178,0.9813273453100482,1.0
Dmel_CR44712,0.023404839,1.9170036,0.9813273453100482,1.0
Dmel_CG2336,0.023404839,1.8073548,0.9813273453100482,1.0
Dmel_CG43295,0.023404066,1.5975435,0.9813279613551089,1.0
Dmel_CG1324,0.023404066,1.3554056,0.9813279613551089,1.0
Dmel_CR45651,0.023404066,1.7160412,0.9813279613551089,1.0
Dmel_CG34230,0.023404066,1.5179923,0.9813279613551089,1.0
Dmel_CG34269,0.023404066,1.3268067,0.9813279613551089,1.0
Dmel_CG14300,0.023404066,1.614489,0.9813279613551089,1.0
Dmel_CG1571,0.023404066,1.7087461,0.9813279613551089,1.0
Dmel_CR34556,0.023404066,1.5509444,0.9813279613551089,1.0
Dmel_CG2657,0.023404066,1.8642697,0.9813279613551089,1.0
Dmel_CG6614,0.023404066,1.3608086,0.9813279613551089,1.0
Dmel_CG42640,0.023404066,1.4834353,0.9813279613551089,1.0
Dmel_CR45712,0.023404066,1.3612447,0.9813279613551089,1.0
Dmel_CR43575,0.023404066,1.7587491,0.9813279613551089,1.0
Dmel_CR45276,0.023404066,1.8269169,0.9813279613551089,1.0
Dmel_CG32391,0.023404066,1.4654342,0.9813279613551089,1.0
Dmel_CG42716,0.023403294,1.37265,0.9813285774001808,1.0
Dmel_CG30081,0.023403294,1.0814344,0.9813285774001808,1.0
Dmel_CG12723,0.023403294,1.2747693,0.9813285774001808,1.0
Dmel_CG3581,0.023403294,0.8770984,0.9813285774001808,1.0
Dmel_CG12193,0.023403294,0.85812825,0.9813285774001808,1.0
Dmel_CR44677,0.023403294,1.4931135,0.9813285774001808,1.0
Dmel_CG30398,0.023403294,0.41340518,0.9813285774001808,1.0
Dmel_CG32984,0.023403294,1.028807,0.9813285774001808,1.0
Dmel_CG14655,0.023403294,1.2501773,0.9813285774001808,1.0
Dmel_CR44522,0.023403294,0.83626604,0.9813285774001808,1.0
Dmel_CG12936,0.023403294,1.538783,0.9813285774001808,1.0
Dmel_CG18469,0.023403294,0.5993491,0.9813285774001808,1.0
Dmel_CG12342,0.023403294,1.2608739,0.9813285774001808,1.0
Dmel_CG43179,0.023403294,1.228016,0.9813285774001808,1.0
Dmel_CG31748,0.023403294,0.8172687,0.9813285774001808,1.0
Dmel_CG15617,0.023250762,0.05305869,0.9814502465196628,1.0
Dmel_CG34450,0.02303413,0.3613269,0.9816230482125612,1.0
Dmel_CG34001,0.023028338,-0.12370778,0.9816276685905535,1.0
Dmel_CG10287,0.023016367,0.1875377,0.9816372173736905,1.0
Dmel_CG1644,0.023000149,0.08584638,0.9816501544389113,1.0
Dmel_CG6028,0.022965394,-0.10242805,0.9816778767377736,1.0
Dmel_CR44995,0.022762664,2.1416776,0.9818395905877165,1.0
Dmel_CG14072,0.02276189,1.9559951,0.9818402066419093,1.0
Dmel_CR33913,0.02276112,1.3920522,0.9818408226961128,1.0
Dmel_CG32119,0.02276112,1.7943277,0.9818408226961128,1.0
Dmel_CG31910,0.02276112,1.6864761,0.9818408226961128,1.0
Dmel_CR43591,0.022760347,1.4641261,0.9818414387503273,1.0
Dmel_CR34622,0.022760347,1.4175295,0.9818414387503273,1.0
Dmel_CG42579,0.022760347,1.575305,0.9818414387503273,1.0
Dmel_CR44207,0.022760347,1.6594311,0.9818414387503273,1.0
Dmel_CG42471,0.022759574,1.2914289,0.9818420548045526,1.0
Dmel_CG15120,0.022759574,1.3633878,0.9818420548045526,1.0
Dmel_CG16827,0.022759574,1.4741967,0.9818420548045526,1.0
Dmel_CG18530,0.022759574,1.2833838,0.9818420548045526,1.0
Dmel_CR34612,0.022758802,1.1740102,0.9818426708587886,1.0
Dmel_CG6499,0.022758802,1.3343773,0.9818426708587886,1.0
Dmel_CG43124,0.022758802,1.1450593,0.9818426708587886,1.0
Dmel_CR43909,0.022758802,1.1942127,0.9818426708587886,1.0
Dmel_CR43278,0.02275803,1.0007052,0.9818432869130356,1.0
Dmel_CR44220,0.02275803,1.1931789,0.9818432869130356,1.0
Dmel_CR45202,0.02275803,1.302179,0.9818432869130356,1.0
Dmel_CG10124,0.02275803,1.2179424,0.9818432869130356,1.0
Dmel_CG10881,0.022757256,0.59839547,0.9818439029672933,1.0
Dmel_CR45314,0.022757256,0.84442264,0.9818439029672933,1.0
Dmel_CG12057,0.022757256,0.90307426,0.9818439029672933,1.0
Dmel_CG15552,0.022756485,0.79373765,0.9818445190215619,1.0
Dmel_CG32811,0.022756485,1.0308063,0.9818445190215619,1.0
Dmel_CG8664,0.022756485,0.43063682,0.9818445190215619,1.0
Dmel_CG30222,0.022756485,0.75392234,0.9818445190215619,1.0
Dmel_CG6157,0.022755712,0.22149213,0.9818451350758413,1.0
Dmel_CG32783,0.022754941,-0.12676133,0.9818457511301315,1.0
Dmel_CR46361,0.022754941,0.27881056,0.9818457511301315,1.0
Dmel_CG14626,0.022754941,0.6355555,0.9818457511301315,1.0
Dmel_CR44339,0.022754941,0.23961529,0.9818457511301315,1.0
Dmel_CG12158,0.022664193,-0.27548954,0.9819181375845064,1.0
Dmel_CR43287,0.022654926,0.15483536,0.9819255302520653,1.0
Dmel_CG5785,0.022373034,0.27796003,0.9821503912956218,1.0
Dmel_CG17241,0.022118172,1.4400147,0.9823536915424909,1.0
Dmel_CG8881,0.022117399,1.4878343,0.9823543076055933,1.0
Dmel_CR43656,0.022117399,1.2883366,0.9823543076055933,1.0
Dmel_CR43196,0.022115855,1.1157817,0.9823555397318299,1.0
Dmel_CG11458,0.022115855,0.97408086,0.9823555397318299,1.0
Dmel_CG32447,0.022115082,1.0718219,0.9823561557949639,1.0
Dmel_CR45366,0.022113537,0.8794541,0.9823573879212636,1.0
Dmel_CG34286,0.022113537,0.99828583,0.9823573879212636,1.0
Dmel_CG43202,0.022113537,1.0157902,0.9823573879212636,1.0
Dmel_CG9416,0.022112764,0.9065475,0.9823580039844292,1.0
Dmel_CG12622,0.022111993,0.847673,0.9823586200476053,1.0
Dmel_CR45970,0.022111993,0.8699158,0.9823586200476053,1.0
Dmel_CG43244,0.02211122,0.6601728,0.9823592361107919,1.0
Dmel_CR45056,0.02211122,0.7715118,0.9823592361107919,1.0
Dmel_CG3397,0.02211122,0.6594143,0.9823592361107919,1.0
Dmel_CG15646,0.022110447,0.718716,0.9823598521739891,1.0
Dmel_CG7387,0.022110447,0.6574413,0.9823598521739891,1.0
Dmel_CG12963,0.022110447,0.6371711,0.9823598521739891,1.0
Dmel_CG30379,0.022110447,0.5950987,0.9823598521739891,1.0
Dmel_CG6209,0.022110447,0.4964668,0.9823598521739891,1.0
Dmel_CG14193,0.022110447,0.5304526,0.9823598521739891,1.0
Dmel_CR45577,0.022109676,0.7383243,0.9823604682371968,1.0
Dmel_CG14225,0.022109676,0.4954762,0.9823604682371968,1.0
Dmel_CG14239,0.022109676,0.74079645,0.9823604682371968,1.0
Dmel_CR45167,0.022109676,0.40646118,0.9823604682371968,1.0
Dmel_CR46139,0.022108903,0.5131204,0.982361084300415,1.0
Dmel_CR43553,0.022108903,0.43339938,0.982361084300415,1.0
Dmel_CG13405,0.022108903,0.15698187,0.982361084300415,1.0
Dmel_CG13193,0.022108132,0.16042502,0.9823617003636438,1.0
Dmel_CR45912,0.022108132,0.51634544,0.9823617003636438,1.0
Dmel_CG32383,0.022108132,0.46514338,0.9823617003636438,1.0
Dmel_CG42272,0.022105815,0.022764603,0.982363548553393,1.0
Dmel_CG2930,0.021744374,0.30215812,0.9826518673072147,1.0
Dmel_CG14855,0.021741284,0.25910422,0.9826543315798879,1.0
Dmel_CG6785,0.021725837,-0.09559796,0.9826666529457366,1.0
Dmel_CG5707,0.021678727,-0.111177504,0.9827042331371005,1.0
Dmel_CG11777,0.02148063,-0.12428416,0.9828622551804733,1.0
Dmel_CG13724,0.021475995,1.4376419,0.9828659516106133,1.0
Dmel_CR45552,0.021471363,1.0837266,0.9828696480411211,1.0
Dmel_CG43915,0.021469045,0.8374032,0.9828714962565129,1.0
Dmel_CG8579,0.021469045,1.0279108,0.9828714962565129,1.0
Dmel_CG7194,0.021468272,0.6859893,0.9828721123283306,1.0
Dmel_CG32523,0.021468272,0.77740705,0.9828721123283306,1.0
Dmel_CG3610,0.021465955,0.61992043,0.982873960543845,1.0
Dmel_CG1395,0.021465184,0.581996,0.9828745766157035,1.0
Dmel_CG13309,0.021464411,0.5302801,0.9828751926875724,1.0
Dmel_CG9903,0.021464411,0.5418212,0.9828751926875724,1.0
Dmel_CR34637,0.021464411,0.5360553,0.9828751926875724,1.0
Dmel_CG32238,0.021463638,0.5719558,0.9828758087594514,1.0
Dmel_CG30148,0.021462867,0.55033684,0.9828764248313405,1.0
Dmel_CG10936,0.021462867,0.47774357,0.9828764248313405,1.0
Dmel_CG31231,0.021462094,0.415221,0.98287704090324,1.0
Dmel_CG31658,0.021459006,0.25095072,0.9828795051909397,1.0
Dmel_CG2345,0.021458233,-0.2230357,0.9828801212628901,1.0
Dmel_CG12470,0.021447035,-0.273289,0.9828890543073191,1.0
Dmel_CG3294,0.021406874,-0.16414721,0.9829210900704928,1.0
Dmel_CG3394,0.021285621,0.019907873,0.9830178135992778,1.0
Dmel_CG30187,0.021060107,0.047380965,0.9831977077041769,1.0
Dmel_CG12398,0.020833049,1.1295867,0.9833788348236396,1.0
Dmel_CR46091,0.020830732,1.1926447,0.9833806830639844,1.0
Dmel_CG18744,0.020826098,0.95753443,0.9833843795449415,1.0
Dmel_CR45878,0.020825325,0.68846,0.9833849956251357,1.0
Dmel_CG3181,0.020824553,0.86775047,0.9833856117053398,1.0
Dmel_CG13617,0.02082378,0.90658134,0.9833862277855538,1.0
Dmel_CG8708,0.020822236,0.69850934,0.9833874599460116,1.0
Dmel_CG43844,0.020822236,0.71471274,0.9833874599460116,1.0
Dmel_CR44042,0.02082069,0.6611223,0.983388692106509,1.0
Dmel_CR43631,0.020819146,0.3724294,0.983389924267046,1.0
Dmel_CG13345,0.020819146,0.39598715,0.983389924267046,1.0
Dmel_CR43430,0.020818375,0.43566495,0.9833905403473293,1.0
Dmel_CG6367,0.020816058,0.2239302,0.9833923885882389,1.0
Dmel_CG11415,0.020815285,0.47665665,0.9833930046685619,1.0
Dmel_CG31952,0.020812197,0.12278125,0.9833954689899529,1.0
Dmel_CG3222,0.020812197,0.25794995,0.9833954689899529,1.0
Dmel_CG17260,0.02066005,-0.18031256,0.9835168370140467,1.0
Dmel_CG8478,0.02043608,0.21134768,0.9836955012961685,1.0
Dmel_CG4536,0.020427587,0.08924076,0.9837022782333685,1.0
Dmel_CR45673,0.020413684,0.03458011,0.9837133677695052,1.0
Dmel_CG4726,0.02028857,0.022082105,0.9838131737360941,1.0
Dmel_CG34369,0.02018006,0.6758124,0.9838997340542914,1.0
Dmel_CG13318,0.020179288,0.72273093,0.983900350142646,1.0
Dmel_CR44034,0.020178515,0.57376206,0.9839009662310101,1.0
Dmel_CR45367,0.020177744,0.58063096,0.9839015823193838,1.0
Dmel_CG32191,0.020175427,0.52137595,0.9839034305845628,1.0
Dmel_CR43937,0.020174654,0.41047615,0.9839040466729748,1.0
Dmel_CG9289,0.020171566,0.41806653,0.9839065110267194,1.0
Dmel_CG8063,0.02017002,0.21302243,0.9839077432036493,1.0
Dmel_CG31445,0.020167703,0.20110618,0.9839095914691162,1.0
Dmel_CR43253,0.020167703,0.06920532,0.9839095914691162,1.0
Dmel_CG18531,0.020163842,-0.076290004,0.9839126719117527,1.0
Dmel_CG30359,0.020110939,-0.0885722,0.9839548740000064,1.0
Dmel_CG4752,0.020065373,0.1606159,0.9839912232798995,1.0
Dmel_CG1488,0.020063829,0.10197817,0.9839924554594618,1.0
Dmel_CG10463,0.020025212,-0.100752085,0.9840232599609208,1.0
Dmel_CG31102,0.019784251,0.10032632,0.9842154805862924,1.0
Dmel_CG11922,0.019764945,0.031939257,0.9842308829197951,1.0
Dmel_CG6891,0.019681148,-0.119461164,0.9842977291152329,1.0
Dmel_CR43943,0.019671494,-0.084643126,0.9843054302969134,1.0
Dmel_CR43476,0.01953634,0.68882006,0.9844132469936765,1.0
Dmel_CG34302,0.019534796,0.59236693,0.9844144791861458,1.0
Dmel_CR45793,0.019531706,0.53579396,0.9844169435711958,1.0
Dmel_CG5177,0.019527845,0.2952867,0.9844200240527173,1.0
Dmel_CG30380,0.019526301,0.3093851,0.9844212562453911,1.0
Dmel_CG8234,0.019524757,0.17829646,0.984422488438102,1.0
Dmel_CG15145,0.019524757,0.35973877,0.984422488438102,1.0
Dmel_CG14456,0.019518577,0.11968731,0.9844274172093169,1.0
Dmel_CG10116,0.019517805,0.010370554,0.9844280333057606,1.0
Dmel_CG34109,0.019517805,0.012938456,0.9844280333057606,1.0
Dmel_CR43941,0.019517032,0.12219152,0.9844286494022135,1.0
Dmel_CR46262,0.019514715,0.061551236,0.9844304976916282,1.0
Dmel_CG6677,0.019272983,-0.12924723,0.9846233363445427,1.0
Dmel_CG10939,0.019271825,-0.11553468,0.9846242604936136,1.0
Dmel_CG4335,0.019150957,0.15605702,0.9847206801598286,1.0
Dmel_CG8853,0.019136284,0.1354407,0.984732386077018,1.0
Dmel_CG6217,0.019099213,-0.036892768,0.9847619589350796,1.0
Dmel_CG33098,0.019096896,-0.019676527,0.984763807239404,1.0
Dmel_CG17143,0.019049013,-0.094982676,0.9848020055470719,1.0
Dmel_CG43445,0.018890304,0.5497746,0.9849286147025834,1.0
Dmel_CG8129,0.018883353,0.31894824,0.9849341596378015,1.0
Dmel_CG32134,0.018878719,0.2896925,0.9849378562616845,1.0
Dmel_CG18105,0.018874085,0.11402866,0.984941552885891,1.0
Dmel_CG33281,0.018873313,0.17547752,0.9849421689899568,1.0
Dmel_CG15068,0.01887254,0.08801538,0.9849427850940317,1.0
Dmel_CR44724,0.018861728,-0.18295567,0.984951410552022,1.0
Dmel_CG5810,0.018831994,-0.13293172,0.9849751305705623,1.0
Dmel_CG32801,0.018513802,0.22898419,0.9852289664014987,1.0
Dmel_CG16954,0.01847982,0.045416437,0.9852560751713001,1.0
Dmel_CG13630,0.01846592,-0.12846234,0.9852671651274908,1.0
Dmel_CR43146,0.018435027,-0.042257566,0.9852918094847706,1.0
Dmel_CG15657,0.018435027,-0.09269663,0.9852918094847706,1.0
Dmel_CG1208,0.018434254,-0.1265101,0.9852924255938825,1.0
Dmel_CR44069,0.01825508,0.6775776,0.985435363144159,1.0
Dmel_CG7931,0.018251218,0.7014149,0.9854384436999747,1.0
Dmel_CR45020,0.018242722,0.40976495,0.9854452209235331,1.0
Dmel_CR45582,0.018236544,0.42652303,0.9854501498140537,1.0
Dmel_CR45402,0.018235,0.28406563,0.9854513820367705,1.0
Dmel_CG18140,0.018232683,0.28779763,0.9854532303709109,1.0
Dmel_CR44915,0.018228821,0.23600975,0.9854563109279851,1.0
Dmel_CG7356,0.018225731,0.10222717,0.9854587753738007,1.0
Dmel_CR46140,0.018222643,-0.060487945,0.985461239819755,1.0
Dmel_CG31150,0.018182095,0.003892934,0.9854935856857557,1.0
Dmel_CG6598,0.018152747,-0.048760593,0.9855169979465024,1.0
Dmel_CG14457,0.018140005,-0.13889314,0.9855271638004484,1.0
Dmel_CG14935,0.018041536,-0.0214596,0.9856057182055069,1.0
Dmel_CG42831,0.017803278,-0.04899189,0.9857957896359566,1.0
Dmel_CG14199,0.017788604,-0.1048918,0.9858074958445256,1.0
Dmel_CG10375,0.017606726,-0.09302801,0.9859525914720199,1.0
Dmel_CG1799,0.017603636,-0.08945109,0.9859550559453032,1.0
Dmel_CG42334,0.017599775,0.42163208,0.985958136537096,1.0
Dmel_CG34222,0.017595913,0.2999243,0.985961217129098,1.0
Dmel_CG13780,0.017588962,0.27435964,0.9859667621952292,1.0
Dmel_CR45245,0.017586645,0.18367293,0.9859686105507569,1.0
Dmel_CR44299,0.017582783,0.1706822,0.9859716911434704,1.0
Dmel_CG5267,0.017582012,0.10873939,0.9859723072620382,1.0
Dmel_CG17256,0.017579695,0.032987922,0.9859741556177919,1.0
Dmel_CG9673,0.017576605,-0.056763433,0.9859766200922472,1.0
Dmel_CG5791,0.017547643,-0.25849226,0.9859997245467701,1.0
Dmel_CG5768,0.017157627,0.0024275437,0.9863108656702667,1.0
Dmel_CG42259,0.01703483,-0.21972628,0.9864088293483013,1.0
Dmel_CG9083,0.016951421,0.26392287,0.9864753708314734,1.0
Dmel_CR46148,0.016938291,0.14781044,0.9864858449624067,1.0
Dmel_CR44851,0.016936747,0.20107509,0.9864870772132579,1.0
Dmel_CG18095,0.01693443,0.013878008,0.9864889255895951,1.0
Dmel_CG9972,0.016932886,0.068957865,0.986490157840527,1.0
Dmel_CG7079,0.016703896,-0.12321036,0.9866728393961277,1.0
Dmel_CG11885,0.01658689,-0.14568493,0.9867661828559228,1.0
Dmel_CG8005,0.016564494,-0.082901336,0.9867840506015966,1.0
Dmel_CG15096,0.016313879,0.33282834,0.9869839849643995,1.0
Dmel_CG7047,0.016302295,0.2897469,0.9869932269424813,1.0
Dmel_CG17801,0.016288392,0.01259378,0.987004317318483,1.0
Dmel_CG7370,0.016287621,0.05247695,0.9870049334505567,1.0
Dmel_CR43524,0.016281443,0.021298943,0.9870098625074257,1.0
Dmel_CG8965,0.016271403,-0.037345532,0.9870178722258953,1.0
Dmel_CG33700,0.016268313,-0.21630222,0.9870203367549185,1.0
Dmel_CR43428,0.016264452,-0.2723786,0.9870234174163717,1.0
Dmel_CG13679,0.016142813,0.005308297,0.9871204583509454,1.0
Dmel_CG13742,0.016033918,17.696148,0.9872073332540671,1.0
Dmel_CR43417,0.016033918,17.205343,0.9872073332540671,1.0
Dmel_CR44108,0.016033918,16.519613,0.9872073332540671,1.0
Dmel_CG6053,0.016033918,17.554075,0.9872073332540671,1.0
Dmel_CR34532,0.016033918,17.3159,0.9872073332540671,1.0
Dmel_CG3818,0.016033918,17.187534,0.9872073332540671,1.0
Dmel_CR45667,0.016033918,17.059637,0.9872073332540671,1.0
Dmel_CG42780,0.016033918,17.55367,0.9872073332540671,1.0
Dmel_CG11588,0.016033918,17.152237,0.9872073332540671,1.0
Dmel_CG43137,0.016033918,17.068882,0.9872073332540671,1.0
Dmel_CR42646,0.016033918,17.246264,0.9872073332540671,1.0
Dmel_CG8087,0.016033918,16.81656,0.9872073332540671,1.0
Dmel_CG7631,0.016033918,17.763939,0.9872073332540671,1.0
Dmel_CG13634,0.016033918,17.502644,0.9872073332540671,1.0
Dmel_CR44373,0.016033918,17.562593,0.9872073332540671,1.0
Dmel_CG9897,0.016033918,16.557228,0.9872073332540671,1.0
Dmel_CG31929,0.016033918,17.581142,0.9872073332540671,1.0
Dmel_CR32205,0.016033918,17.255667,0.9872073332540671,1.0
Dmel_CG33062,0.016033918,17.792559,0.9872073332540671,1.0
Dmel_CG15468,0.016033918,16.844837,0.9872073332540671,1.0
Dmel_CG15121,0.016033918,17.55722,0.9872073332540671,1.0
Dmel_CG15122,0.016033918,16.936834,0.9872073332540671,1.0
Dmel_CG15498,0.016033918,17.205227,0.9872073332540671,1.0
Dmel_CR43868,0.016033918,16.676493,0.9872073332540671,1.0
Dmel_CR45824,0.016033918,17.942516,0.9872073332540671,1.0
Dmel_CR33686,0.016033918,17.816366,0.9872073332540671,1.0
Dmel_CR34084,0.016033918,17.569674,0.9872073332540671,1.0
Dmel_CG16888,0.016033918,17.937885,0.9872073332540671,1.0
Dmel_CG14676,0.016033918,17.85276,0.9872073332540671,1.0
Dmel_CG15213,0.016033918,17.68725,0.9872073332540671,1.0
Dmel_CG43402,0.016033918,17.224024,0.9872073332540671,1.0
Dmel_CG13449,0.016033918,17.018162,0.9872073332540671,1.0
Dmel_CG13244,0.016033918,16.810352,0.9872073332540671,1.0
Dmel_CG33492,0.016033918,16.840582,0.9872073332540671,1.0
Dmel_CG9452,0.016033918,17.390594,0.9872073332540671,1.0
Dmel_CG9594,0.016033918,16.956146,0.9872073332540671,1.0
Dmel_CG11211,0.016033918,17.615667,0.9872073332540671,1.0
Dmel_CG13712,0.016033918,17.392912,0.9872073332540671,1.0
Dmel_CG5450,0.016033918,17.317734,0.9872073332540671,1.0
Dmel_CR45211,0.016033918,17.633099,0.9872073332540671,1.0
Dmel_CG1385,0.016033918,17.630505,0.9872073332540671,1.0
Dmel_CG11162,0.016033918,17.326712,0.9872073332540671,1.0
Dmel_CG43702,0.016033918,17.143757,0.9872073332540671,1.0
Dmel_CR46228,0.016033918,17.575058,0.9872073332540671,1.0
Dmel_CG11308,0.016033918,17.50194,0.9872073332540671,1.0
Dmel_CG33003,0.016033918,16.772806,0.9872073332540671,1.0
Dmel_CG34322,0.016033918,18.005854,0.9872073332540671,1.0
Dmel_CR45720,0.016033918,16.946907,0.9872073332540671,1.0
Dmel_CG43938,0.016033918,15.944224,0.9872073332540671,1.0
Dmel_CG15422,0.016033918,16.411648,0.9872073332540671,1.0
Dmel_CG15282,0.016033918,16.425793,0.9872073332540671,1.0
Dmel_CG14339,0.016033918,16.642258,0.9872073332540671,1.0
Dmel_CG17110,0.016033918,17.045416,0.9872073332540671,1.0
Dmel_CR43542,0.016033918,17.144022,0.9872073332540671,1.0
Dmel_CR34046,0.016033918,16.7083,0.9872073332540671,1.0
Dmel_CR44653,0.016033918,16.351635,0.9872073332540671,1.0
Dmel_CG44403,0.016033918,17.329071,0.9872073332540671,1.0
Dmel_CR44732,0.016033918,16.656729,0.9872073332540671,1.0
Dmel_CG10589,0.016033918,17.779722,0.9872073332540671,1.0
Dmel_CG42466,0.016033918,17.062357,0.9872073332540671,1.0
Dmel_CG13477,0.016033918,16.238663,0.9872073332540671,1.0
Dmel_CR44076,0.016033918,17.788307,0.9872073332540671,1.0
Dmel_CG31718,0.016033918,17.464355,0.9872073332540671,1.0
Dmel_CR44744,0.016033918,17.62835,0.9872073332540671,1.0
Dmel_CG10129,0.016033918,17.528269,0.9872073332540671,1.0
Dmel_CG32072,0.016033918,17.069862,0.9872073332540671,1.0
Dmel_CG43997,0.016033918,17.74315,0.9872073332540671,1.0
Dmel_CG14827,0.016033918,17.71101,0.9872073332540671,1.0
Dmel_CG16853,0.016033918,17.777077,0.9872073332540671,1.0
Dmel_CR43682,0.016033918,17.367752,0.9872073332540671,1.0
Dmel_CG33690,0.016033918,16.365091,0.9872073332540671,1.0
Dmel_CR34659,0.016033918,16.875732,0.9872073332540671,1.0
Dmel_CG33017,0.016033918,17.221004,0.9872073332540671,1.0
Dmel_CG15732,0.016033918,16.204294,0.9872073332540671,1.0
Dmel_CG5999,0.016033918,16.258587,0.9872073332540671,1.0
Dmel_CG10789,0.016033918,17.876507,0.9872073332540671,1.0
Dmel_CG33943,0.016033918,17.543015,0.9872073332540671,1.0
Dmel_CG5480,0.016033918,16.371468,0.9872073332540671,1.0
Dmel_CG3868,0.016033918,17.02859,0.9872073332540671,1.0
Dmel_CG43106,0.016033918,17.876623,0.9872073332540671,1.0
Dmel_CG32853,0.016033918,17.790825,0.9872073332540671,1.0
Dmel_CG45080,0.016033918,16.931816,0.9872073332540671,1.0
Dmel_CR44720,0.016033918,17.868345,0.9872073332540671,1.0
Dmel_CG32570,0.016033918,16.688465,0.9872073332540671,1.0
Dmel_CG8750,0.016033918,17.20975,0.9872073332540671,1.0
Dmel_CG43077,0.016033918,17.059473,0.9872073332540671,1.0
Dmel_CR45466,0.016033918,17.73436,0.9872073332540671,1.0
Dmel_CG14628,0.016033918,17.024544,0.9872073332540671,1.0
Dmel_CR45392,0.016033918,16.348028,0.9872073332540671,1.0
Dmel_CG42692,0.016033918,16.64908,0.9872073332540671,1.0
Dmel_CG15249,0.016033918,17.609545,0.9872073332540671,1.0
Dmel_CG11512,0.016033918,16.753685,0.9872073332540671,1.0
Dmel_CG32786,0.016033918,16.61315,0.9872073332540671,1.0
Dmel_CG43922,0.016033918,16.79009,0.9872073332540671,1.0
Dmel_CR44543,0.016033918,16.855207,0.9872073332540671,1.0
Dmel_CG14156,0.016033918,17.442556,0.9872073332540671,1.0
Dmel_CG14610,0.016033918,17.75894,0.9872073332540671,1.0
Dmel_CG2663,0.016033918,16.91627,0.9872073332540671,1.0
Dmel_CR44183,0.016033918,17.23479,0.9872073332540671,1.0
Dmel_CG17284,0.016033918,17.045094,0.9872073332540671,1.0
Dmel_CR43719,0.016033918,17.783318,0.9872073332540671,1.0
Dmel_CG14499,0.016033918,17.599342,0.9872073332540671,1.0
Dmel_CG43184,0.016033918,16.904753,0.9872073332540671,1.0
Dmel_CG9334,0.016033918,17.04586,0.9872073332540671,1.0
Dmel_CR34152,0.016033918,17.22474,0.9872073332540671,1.0
Dmel_CG1339,0.016033918,17.149849,0.9872073332540671,1.0
Dmel_CG13991,0.016033918,16.343874,0.9872073332540671,1.0
Dmel_CR32876,0.016033918,16.892591,0.9872073332540671,1.0
Dmel_CG31279,0.016033918,17.46881,0.9872073332540671,1.0
Dmel_CG12227,0.016033918,16.910454,0.9872073332540671,1.0
Dmel_CR45722,0.016033918,16.617569,0.9872073332540671,1.0
Dmel_CG14262,0.016033918,16.753784,0.9872073332540671,1.0
Dmel_CG10920,0.016033918,17.180988,0.9872073332540671,1.0
Dmel_CR33753,0.016033918,17.313074,0.9872073332540671,1.0
Dmel_CG31025,0.016033918,16.70432,0.9872073332540671,1.0
Dmel_CR44695,0.016033918,17.169365,0.9872073332540671,1.0
Dmel_CG15150,0.016033918,17.57882,0.9872073332540671,1.0
Dmel_CG31770,0.016033918,16.8159,0.9872073332540671,1.0
Dmel_CG14585,0.016033918,17.400965,0.9872073332540671,1.0
Dmel_CG14326,0.016033918,16.691704,0.9872073332540671,1.0
Dmel_CR44573,0.016033918,17.028936,0.9872073332540671,1.0
Dmel_CG43062,0.016033918,17.032658,0.9872073332540671,1.0
Dmel_CG8543,0.016033918,17.63534,0.9872073332540671,1.0
Dmel_CR43035,0.016033918,17.28199,0.9872073332540671,1.0
Dmel_CR44554,0.016033918,16.774563,0.9872073332540671,1.0
Dmel_CG10391,0.016033918,17.34655,0.9872073332540671,1.0
Dmel_CR44891,0.016033918,16.771742,0.9872073332540671,1.0
Dmel_CR44600,0.016033918,17.416317,0.9872073332540671,1.0
Dmel_CG11669,0.016033918,16.796589,0.9872073332540671,1.0
Dmel_CG8693,0.016033918,17.669664,0.9872073332540671,1.0
Dmel_CG43296,0.016033918,16.034515,0.9872073332540671,1.0
Dmel_CR45698,0.016033918,16.768158,0.9872073332540671,1.0
Dmel_CR44446,0.016033918,17.45444,0.9872073332540671,1.0
Dmel_CG34217,0.016033918,17.89034,0.9872073332540671,1.0
Dmel_CG13806,0.016033918,15.688597,0.9872073332540671,1.0
Dmel_CR40629,0.016033918,16.80461,0.9872073332540671,1.0
Dmel_CG5993,0.016033918,17.222841,0.9872073332540671,1.0
Dmel_CG45785,0.016033918,17.459936,0.9872073332540671,1.0
Dmel_CG31146,0.015655486,0.20222816,0.9875092401186699,1.0
Dmel_CG14563,0.01565394,0.21840493,0.9875104723952813,1.0
Dmel_CR46075,0.01564699,0.11148326,0.9875160176404012,1.0
Dmel_CG7833,0.015633088,-0.1415476,0.98752710813245,1.0
Dmel_CG10126,0.015629226,-0.016253173,0.9875301888251137,1.0
Dmel_CR44360,0.015610306,0.18379185,0.9875452842218521,1.0
Dmel_CG17597,0.015504499,0.016264565,0.9876296952978824,1.0
Dmel_CG6289,0.015389038,2.3214817,0.9877218082723961,1.0
Dmel_CR43410,0.015389038,2.4005094,0.9877218082723961,1.0
Dmel_CR42948,0.015389038,2.1059704,0.9877218082723961,1.0
Dmel_CG34169,0.015389038,2.2250414,0.9877218082723961,1.0
Dmel_CG11401,0.015389038,1.8302099,0.9877218082723961,1.0
Dmel_CR46245,0.015389038,3.2058575,0.9877218082723961,1.0
Dmel_CR45117,0.015389038,2.3091068,0.9877218082723961,1.0
Dmel_CG11656,0.015389038,2.1691146,0.9877218082723961,1.0
Dmel_CR46233,0.015389038,2.0479474,0.9877218082723961,1.0
Dmel_CR42900,0.015389038,1.6775892,0.9877218082723961,1.0
Dmel_CR43686,0.015389038,3.5590925,0.9877218082723961,1.0
Dmel_CG31014,0.015389038,2.4570398,0.9877218082723961,1.0
Dmel_CG31820,0.015389038,2.50608,0.9877218082723961,1.0
Dmel_CR33754,0.015389038,2.5897114,0.9877218082723961,1.0
Dmel_CR44538,0.015389038,2.0404165,0.9877218082723961,1.0
Dmel_CG14932,0.015389038,2.0254643,0.9877218082723961,1.0
Dmel_CR34621,0.015389038,3.4312446,0.9877218082723961,1.0
Dmel_CG3759,0.015388266,1.8815904,0.9877224244132462,1.0
Dmel_CG8713,0.015388266,2.029247,0.9877224244132462,1.0
Dmel_CR44833,0.015388266,1.7791013,0.9877224244132462,1.0
Dmel_CG18243,0.015388266,1.6390737,0.9877224244132462,1.0
Dmel_CG11575,0.015388266,1.4537336,0.9877224244132462,1.0
Dmel_CG30002,0.015388266,1.7491885,0.9877224244132462,1.0
Dmel_CR43863,0.015388266,2.324881,0.9877224244132462,1.0
Dmel_CG5939,0.015388266,1.3363719,0.9877224244132462,1.0
Dmel_CR43507,0.015388266,1.3972907,0.9877224244132462,1.0
Dmel_CG10422,0.015388266,2.06683,0.9877224244132462,1.0
Dmel_CR44125,0.015388266,1.318475,0.9877224244132462,1.0
Dmel_CG7730,0.015388266,1.3743238,0.9877224244132462,1.0
Dmel_CG15323,0.015388266,1.6052079,0.9877224244132462,1.0
Dmel_CG31821,0.015388266,2.2005472,0.9877224244132462,1.0
Dmel_CG34446,0.015388266,2.2249234,0.9877224244132462,1.0
Dmel_CG18635,0.015388266,2.389724,0.9877224244132462,1.0
Dmel_CG4415,0.015388266,1.6250442,0.9877224244132462,1.0
Dmel_CG1365,0.015388266,2.023702,0.9877224244132462,1.0
Dmel_CR46220,0.015388266,1.8278563,0.9877224244132462,1.0
Dmel_CG12586,0.015388266,1.9280314,0.9877224244132462,1.0
Dmel_CG11697,0.015388266,1.4736423,0.9877224244132462,1.0
Dmel_CG15930,0.015388266,2.1875482,0.9877224244132462,1.0
Dmel_CR34551,0.015388266,1.8503577,0.9877224244132462,1.0
Dmel_CG9521,0.015388266,1.3827435,0.9877224244132462,1.0
Dmel_CG11409,0.015388266,1.2929893,0.9877224244132462,1.0
Dmel_CG46283,0.015388266,1.4409217,0.9877224244132462,1.0
Dmel_CR46376,0.015388266,1.8484062,0.9877224244132462,1.0
Dmel_CG30431,0.015387494,1.3586707,0.9877230405541038,1.0
Dmel_CR45210,0.015387494,1.6212667,0.9877230405541038,1.0
Dmel_CR45590,0.015387494,1.2004176,0.9877230405541038,1.0
Dmel_CR44274,0.015387494,1.2104769,0.9877230405541038,1.0
Dmel_CG7303,0.015387494,1.3485845,0.9877230405541038,1.0
Dmel_CG17268,0.015387494,0.74932086,0.9877230405541038,1.0
Dmel_CR44230,0.015387494,1.3763335,0.9877230405541038,1.0
Dmel_CG43448,0.015387494,1.4525706,0.9877230405541038,1.0
Dmel_CR44146,0.015387494,1.1791239,0.9877230405541038,1.0
Dmel_CG9021,0.015387494,1.323001,0.9877230405541038,1.0
Dmel_CG3474,0.015387494,1.2374665,0.9877230405541038,1.0
Dmel_CG33351,0.015387494,1.2321396,0.9877230405541038,1.0
Dmel_CR43498,0.015387494,1.0969039,0.9877230405541038,1.0
Dmel_CG12702,0.015387494,0.66821903,0.9877230405541038,1.0
Dmel_CG34185,0.015387494,0.87748265,0.9877230405541038,1.0
Dmel_CG5195,0.015387494,1.2383295,0.9877230405541038,1.0
Dmel_CG15269,0.015387494,1.1741533,0.9877230405541038,1.0
Dmel_CG6299,0.015387494,1.5392507,0.9877230405541038,1.0
Dmel_CG6897,0.015387494,2.114327,0.9877230405541038,1.0
Dmel_CR34689,0.015387494,0.9495816,0.9877230405541038,1.0
Dmel_CR31185,0.015387494,1.8385484,0.9877230405541038,1.0
Dmel_CG46282,0.015387494,1.0690445,0.9877230405541038,1.0
Dmel_CR46221,0.015387494,1.3692907,0.9877230405541038,1.0
Dmel_CR34550,0.015387494,1.1651554,0.9877230405541038,1.0
Dmel_CR45393,0.015387494,0.8416412,0.9877230405541038,1.0
Dmel_CG15625,0.015387494,1.499972,0.9877230405541038,1.0
Dmel_CR45189,0.015386722,1.0206652,0.9877236566949685,1.0
Dmel_CG33792,0.015386722,0.6050212,0.9877236566949685,1.0
Dmel_CG18673,0.015386722,1.184985,0.9877236566949685,1.0
Dmel_CG31668,0.015386722,0.39272705,0.9877236566949685,1.0
Dmel_CG5662,0.015386722,0.6988573,0.9877236566949685,1.0
Dmel_CG11411,0.015386722,0.87260115,0.9877236566949685,1.0
Dmel_CG42449,0.015386722,0.7045928,0.9877236566949685,1.0
Dmel_CG6938,0.015386722,0.6208607,0.9877236566949685,1.0
Dmel_CG34175,0.015386722,0.77554244,0.9877236566949685,1.0
Dmel_CR45253,0.015386722,0.942125,0.9877236566949685,1.0
Dmel_CR45884,0.015386722,0.9974609,0.9877236566949685,1.0
Dmel_CG16793,0.015386722,0.9281328,0.9877236566949685,1.0
Dmel_CR44073,0.015386722,0.75585914,0.9877236566949685,1.0
Dmel_CG33500,0.015386722,0.80802166,0.9877236566949685,1.0
Dmel_CR44241,0.015386722,0.8656604,0.9877236566949685,1.0
Dmel_CR45927,0.015386722,0.80546504,0.9877236566949685,1.0
Dmel_CG14851,0.015386722,1.1588842,0.9877236566949685,1.0
Dmel_CR43752,0.015386722,0.77560145,0.9877236566949685,1.0
Dmel_CG15766,0.015386722,1.041968,0.9877236566949685,1.0
Dmel_CG8252,0.015386722,0.49710396,0.9877236566949685,1.0
Dmel_CG43376,0.015386722,1.1163257,0.9877236566949685,1.0
Dmel_CG33120,0.015386722,0.98255193,0.9877236566949685,1.0
Dmel_CG15731,0.015386722,0.6306462,0.9877236566949685,1.0
Dmel_CG32726,0.015386722,0.7021267,0.9877236566949685,1.0
Dmel_CG6441,0.015386722,0.5820745,0.9877236566949685,1.0
Dmel_CG13358,0.015386722,-0.37814787,0.9877236566949685,1.0
Dmel_CR43455,0.015386722,0.8122429,0.9877236566949685,1.0
Dmel_CG12721,0.015386722,0.5111992,0.9877236566949685,1.0
Dmel_CG1894,0.015386722,0.51732606,0.9877236566949685,1.0
Dmel_CG18577,0.015386722,0.62186337,0.9877236566949685,1.0
Dmel_CR45026,0.015386722,0.9832884,0.9877236566949685,1.0
Dmel_CG15332,0.01537784,-0.21082774,0.98773074231544,1.0
Dmel_CR43933,0.015228398,-0.022479542,0.9878499657263271,1.0
Dmel_CG5001,0.015149623,-0.09736634,0.9879128122848537,1.0
Dmel_CR44046,0.015138038,-0.26895145,0.9879220544321489,1.0
Dmel_CG1076,0.015030301,0.34661305,0.9880080064794559,1.0
Dmel_CG15627,0.015027212,0.34835318,0.9880104710563464,1.0
Dmel_CG5964,0.014992458,0.06323716,0.9880381975542443,1.0
Dmel_CG31034,0.014744933,2.15026,0.9882356722496011,1.0
Dmel_CR44763,0.014744933,1.4465204,0.9882356722496011,1.0
Dmel_CG32201,0.014744933,1.5097504,0.9882356722496011,1.0
Dmel_CG5372,0.014744161,1.3889885,0.9882362883964306,1.0
Dmel_CR45485,0.014744161,1.8379353,0.9882362883964306,1.0
Dmel_CG34099,0.014743388,1.3964434,0.9882369045432672,1.0
Dmel_CG34299,0.014743388,1.349441,0.9882369045432672,1.0
Dmel_CG10182,0.014743388,1.2373726,0.9882369045432672,1.0
Dmel_CG5418,0.014743388,1.3421063,0.9882369045432672,1.0
Dmel_CG7663,0.014743388,1.4849178,0.9882369045432672,1.0
Dmel_CR43546,0.014743388,1.0743499,0.9882369045432672,1.0
Dmel_CG3526,0.014742616,1.2210238,0.9882375206901107,1.0
Dmel_CR45111,0.014742616,1.1348317,0.9882375206901107,1.0
Dmel_CG42564,0.014742616,1.0407932,0.9882375206901107,1.0
Dmel_CR43918,0.014742616,1.081177,0.9882375206901107,1.0
Dmel_CR43151,0.014742616,1.0480253,0.9882375206901107,1.0
Dmel_CG34216,0.014742616,0.88189375,0.9882375206901107,1.0
Dmel_CG32450,0.014742616,1.1736705,0.9882375206901107,1.0
Dmel_CG7126,0.014742616,1.0915428,0.9882375206901107,1.0
Dmel_CG10481,0.014741844,0.8935605,0.9882381368369613,1.0
Dmel_CR45144,0.014741844,0.7591899,0.9882381368369613,1.0
Dmel_CG18540,0.014741844,0.8340164,0.9882381368369613,1.0
Dmel_CG42854,0.014741844,0.8076934,0.9882381368369613,1.0
Dmel_CG13285,0.014741844,0.7058766,0.9882381368369613,1.0
Dmel_CG16704,0.014741844,0.68624026,0.9882381368369613,1.0
Dmel_CG8006,0.014741844,0.3932576,0.9882381368369613,1.0
Dmel_CR44605,0.014741844,0.66734916,0.9882381368369613,1.0
Dmel_CG30325,0.014741844,0.9255968,0.9882381368369613,1.0
Dmel_CG30339,0.014741844,0.991215,0.9882381368369613,1.0
Dmel_CR43971,0.014741844,1.1009418,0.9882381368369613,1.0
Dmel_CG45011,0.014741844,0.9365292,0.9882381368369613,1.0
Dmel_CG43980,0.014741071,0.49247804,0.9882387529838189,1.0
Dmel_CG5155,0.014741071,0.37396294,0.9882387529838189,1.0
Dmel_CG12951,0.014741071,0.3941888,0.9882387529838189,1.0
Dmel_CG18233,0.014741071,0.7127822,0.9882387529838189,1.0
Dmel_CG31809,0.014741071,0.3586672,0.9882387529838189,1.0
Dmel_CG14957,0.014741071,0.62762785,0.9882387529838189,1.0
Dmel_CG43799,0.014741071,0.6266787,0.9882387529838189,1.0
Dmel_CG43999,0.014741071,0.76669556,0.9882387529838189,1.0
Dmel_CR43945,0.0147402985,0.4523714,0.9882393691306834,1.0
Dmel_CR43599,0.0147402985,0.68786526,0.9882393691306834,1.0
Dmel_CG9476,0.0147402985,0.062504165,0.9882393691306834,1.0
Dmel_CG34399,0.0147402985,0.68537164,0.9882393691306834,1.0
Dmel_CR46105,0.0147402985,0.4599142,0.9882393691306834,1.0
Dmel_CG2330,0.0147402985,0.5956959,0.9882393691306834,1.0
Dmel_CG31226,0.0147402985,0.80459523,0.9882393691306834,1.0
Dmel_CG3478,0.0147402985,0.48916614,0.9882393691306834,1.0
Dmel_CG11318,0.0147402985,0.55621076,0.9882393691306834,1.0
Dmel_CG44883,0.014739526,0.44469532,0.9882399852775551,1.0
Dmel_CR34585,0.014739526,0.18845661,0.9882399852775551,1.0
Dmel_CG10505,0.014739526,0.06609555,0.9882399852775551,1.0
Dmel_CG42255,0.014739526,0.42971486,0.9882399852775551,1.0
Dmel_CR43991,0.014739526,0.057431016,0.9882399852775551,1.0
Dmel_CG4812,0.014739526,0.5278005,0.9882399852775551,1.0
Dmel_CG32718,0.014738754,0.5456019,0.9882406014244337,1.0
Dmel_CG33057,0.014738754,0.32719585,0.9882406014244337,1.0
Dmel_CG30350,0.014738754,0.35632795,0.9882406014244337,1.0
Dmel_CR46330,0.014738754,0.27554068,0.9882406014244337,1.0
Dmel_CG13010,0.014738754,-0.61764425,0.9882406014244337,1.0
Dmel_CG34051,0.014738754,0.13387533,0.9882406014244337,1.0
Dmel_CG14668,0.014738754,0.19950527,0.9882406014244337,1.0
Dmel_CG12766,0.014738754,0.34745514,0.9882406014244337,1.0
Dmel_CR44701,0.014738754,0.29281715,0.9882406014244337,1.0
Dmel_CG42733,0.014687781,0.24543552,0.9882812671339128,1.0
Dmel_CG5836,0.014564598,-0.13417909,0.9883795427239739,1.0
Dmel_CG3135,0.014395077,0.4577266,0.9885147874760164,1.0
Dmel_CG9589,0.014386581,0.39129668,0.9885215651260653,1.0
Dmel_CG33767,0.014357233,0.12511458,0.9885449788326047,1.0
Dmel_CR44065,0.01434951,0.071149416,0.9885511403359662,1.0
Dmel_CG7219,0.014331747,-0.05055555,0.9885653117962883,1.0
Dmel_CG4316,0.014099282,0.9913581,0.9887507734122634,1.0
Dmel_CR45044,0.014099282,1.1763794,0.9887507734122634,1.0
Dmel_CR44377,0.014098509,0.90336496,0.9887513895648301,1.0
Dmel_CG10339,0.014097737,0.6511572,0.9887520057174035,1.0
Dmel_CG43094,0.014097737,0.8283093,0.9887520057174035,1.0
Dmel_CG8856,0.014097737,0.78664553,0.9887520057174035,1.0
Dmel_CG7936,0.014096965,0.86192745,0.9887526218699837,1.0
Dmel_CR45681,0.014096965,0.94574034,0.9887526218699837,1.0
Dmel_CR44959,0.014096193,0.5281894,0.9887532380225705,1.0
Dmel_CR46235,0.014096193,0.35466605,0.9887532380225705,1.0
Dmel_CR44670,0.014096193,0.7112241,0.9887532380225705,1.0
Dmel_CG31862,0.014096193,0.7154321,0.9887532380225705,1.0
Dmel_CG4408,0.014096193,0.29642743,0.9887532380225705,1.0
Dmel_CG18536,0.014096193,0.69206977,0.9887532380225705,1.0
Dmel_CG32086,0.01409542,0.40896472,0.9887538541751641,1.0
Dmel_CG42710,0.01409542,0.8172331,0.9887538541751641,1.0
Dmel_CG9129,0.01409542,0.5887409,0.9887538541751641,1.0
Dmel_CG6385,0.01409542,0.51687974,0.9887538541751641,1.0
Dmel_CG6955,0.01409542,0.40328562,0.9887538541751641,1.0
Dmel_CR43504,0.01409542,0.4701632,0.9887538541751641,1.0
Dmel_CR44633,0.014094648,0.5785001,0.9887544703277644,1.0
Dmel_CR45337,0.014094648,0.41518223,0.9887544703277644,1.0
Dmel_CG14325,0.014094648,0.48885176,0.9887544703277644,1.0
Dmel_CG15545,0.014094648,0.36775592,0.9887544703277644,1.0
Dmel_CG10240,0.014094648,0.63583094,0.9887544703277644,1.0
Dmel_CR43637,0.014094648,0.26993757,0.9887544703277644,1.0
Dmel_CR46225,0.014094648,0.41896528,0.9887544703277644,1.0
Dmel_CR41257,0.014093876,0.39475334,0.9887550864803714,1.0
Dmel_CG31698,0.014093876,-0.14056066,0.9887550864803714,1.0
Dmel_CG17956,0.014093876,0.37811238,0.9887550864803714,1.0
Dmel_CG5540,0.014093876,0.53338283,0.9887550864803714,1.0
Dmel_CG12590,0.014093876,0.26480636,0.9887550864803714,1.0
Dmel_CR43583,0.014093104,0.4505648,0.9887557026329851,1.0
Dmel_CR43420,0.014093104,0.110572286,0.9887557026329851,1.0
Dmel_CR44714,0.014092331,0.16862024,0.9887563187856054,1.0
Dmel_CG33460,0.014092331,0.054270726,0.9887563187856054,1.0
Dmel_CG6602,0.014091559,-0.40337133,0.9887569349382326,1.0
Dmel_CG4096,0.014029002,0.08998788,0.9888068433232652,1.0
Dmel_CR45242,0.013949454,0.11031904,0.9888703071353686,1.0
Dmel_CG8850,0.013920106,-0.09021552,0.9888937209867648,1.0
Dmel_CG14887,0.013801943,-0.0009113015,0.9889879926429147,1.0
Dmel_CR44544,0.01369884,0.03557534,0.9890702494097132,1.0
Dmel_CR45902,0.0136891855,0.24591722,0.9890779513601319,1.0
Dmel_CG34201,0.01367567,-0.21374823,0.9890887340924278,1.0
Dmel_CG33273,0.013652887,0.12588987,0.9891069107028087,1.0
Dmel_CG5458,0.013601915,-0.18070026,0.9891475770380199,1.0
Dmel_CG3987,0.013454404,0.9303548,0.9892652631059808,1.0
Dmel_CG5506,0.0134513145,0.6835869,0.9892677277381823,1.0
Dmel_CG2861,0.0134505415,0.47010937,0.9892683438962486,1.0
Dmel_CG14760,0.0134505415,0.50943553,0.9892683438962486,1.0
Dmel_CR32252,0.013448997,0.3791828,0.9892695762124005,1.0
Dmel_CG44102,0.013448997,0.2626053,0.9892695762124005,1.0
Dmel_CR45412,0.013448997,0.3780836,0.9892695762124005,1.0
Dmel_CG1113,0.013448225,0.3353448,0.9892701923704861,1.0
Dmel_CG3492,0.013447452,0.1268111,0.9892708085285781,1.0
Dmel_CG12754,0.013447452,0.19338489,0.9892708085285781,1.0
Dmel_CG12985,0.013445908,0.14168794,0.9892720408447812,1.0
Dmel_CR44056,0.013445908,0.15859386,0.9892720408447812,1.0
Dmel_CG31009,0.013445136,0.11398975,0.9892726570028924,1.0
Dmel_CR45806,0.013444363,0.06612574,0.9892732731610099,1.0
Dmel_CG14736,0.013444363,-0.16637284,0.9892732731610099,1.0
Dmel_CG30280,0.013443591,-0.049260393,0.9892738893191338,1.0
Dmel_CG8539,0.013442819,-0.43496084,0.9892745054772641,1.0
Dmel_CG2092,0.013330062,0.08677107,0.9893644646327501,1.0
Dmel_CG1673,0.013322338,0.04970766,0.989370626223703,1.0
Dmel_CG2107,0.013099141,0.32498634,0.9895486964746746,1.0
Dmel_CG17450,0.013057437,-0.008844449,0.9895819691747192,1.0
Dmel_CG31326,0.013045852,0.008213575,0.9895912115946163,1.0
Dmel_CG32019,0.01290645,0.009817686,0.9897024288232215,1.0
Dmel_CG13516,0.012808752,0.7591636,0.9897803734269225,1.0
Dmel_CG6921,0.012808752,0.6489949,0.9897803734269225,1.0
Dmel_CG13022,0.012808752,0.7815916,0.9897803734269225,1.0
Dmel_CR43419,0.012807208,0.91639227,0.9897816057534579,1.0
Dmel_CG15335,0.012804891,0.4676923,0.9897834542433067,1.0
Dmel_CR46208,0.012804119,0.4751397,0.9897840704066019,1.0
Dmel_CG7695,0.012804119,0.3843083,0.9897840704066019,1.0
Dmel_CG10934,0.012803347,0.13863651,0.9897846865699031,1.0
Dmel_CR44817,0.012802574,0.17532633,0.9897853027332104,1.0
Dmel_CG10191,0.01280103,0.118661515,0.9897865350598434,1.0
Dmel_CR46069,0.01280103,0.20684114,0.9897865350598434,1.0
Dmel_CG13936,0.01280103,0.3950514,0.9897865350598434,1.0
Dmel_CR46013,0.012800258,0.3682043,0.989787151223169,1.0
Dmel_CR34613,0.012800258,0.16240937,0.989787151223169,1.0
Dmel_CR33987,0.012800258,0.22200367,0.989787151223169,1.0
Dmel_CG10793,0.012798713,-0.06860972,0.9897883835498383,1.0
Dmel_CG7363,0.012798713,-0.11301136,0.9897883835498383,1.0
Dmel_CG17211,0.0127979405,0.07448214,0.9897889997131822,1.0
Dmel_CG2574,0.012797168,-0.0654329,0.9897896158765322,1.0
Dmel_CR45188,0.012795623,-0.24524087,0.9897908482032504,1.0
Dmel_CG9616,0.012795623,-0.23060736,0.9897908482032504,1.0
Dmel_CG10202,0.012791762,-0.46005958,0.9897939290201524,1.0
Dmel_CG10621,0.012645795,-0.0068714623,0.9899103840102318,1.0
Dmel_CG1028,0.012583238,0.04405508,0.9899602933576432,1.0
Dmel_CG8547,0.012546168,-0.07852355,0.9899898692857716,1.0
Dmel_CG34316,0.012429935,0.17010725,0.9900826022327499,1.0
Dmel_CG17011,0.01236815,-0.25977027,0.9901318955482186,1.0
Dmel_CG12611,0.012166964,0.6577792,0.9902924071667619,1.0
Dmel_CR34625,0.012166191,0.87698764,0.9902930233349647,1.0
Dmel_CG1031,0.012164647,0.5241278,0.9902942556713877,1.0
Dmel_CG13473,0.012161558,0.65472335,0.9902967203443032,1.0
Dmel_CG34043,0.0121600125,0.42035577,0.9902979526807956,1.0
Dmel_CG42349,0.012156923,0.23238505,0.99030041735385,1.0
Dmel_CG43351,0.012154606,0.09723025,0.9903022658587015,1.0
Dmel_CG12744,0.012153062,0.03973602,0.9903034981952981,1.0
Dmel_CG1154,0.012153062,0.033654507,0.9903034981952981,1.0
Dmel_CG6138,0.01215229,-0.0916512,0.990304114363605,1.0
Dmel_CG8102,0.01215229,-0.059402008,0.990304114363605,1.0
Dmel_CR44022,0.012151517,0.0042341435,0.9903047305319178,1.0
Dmel_CR44419,0.012150745,0.04939284,0.9903053467002363,1.0
Dmel_CG13912,0.012150745,-0.05108189,0.9903053467002363,1.0
Dmel_CR45623,0.012150745,-0.11344414,0.9903053467002363,1.0
Dmel_CG10522,0.012150745,-0.0748495,0.9903053467002363,1.0
Dmel_CG33092,0.012149973,-0.14056605,0.9903059628685607,1.0
Dmel_CG31272,0.012148428,-0.25535104,0.9903071952052266,1.0
Dmel_CG17300,0.012140705,-0.6794676,0.9903133568889033,1.0
Dmel_CG18367,0.012047255,0.0766066,0.9903879133070728,1.0
Dmel_CG13162,0.011975431,-0.07826458,0.9904452170574594,1.0
Dmel_CG31281,0.011801661,0.33655518,0.9905838553665293,1.0
Dmel_CG16798,0.011773858,-0.039409645,0.9906060375224738,1.0
Dmel_CG8449,0.01168118,-0.15530369,0.9906799780946353,1.0
Dmel_CG31145,0.011615534,-0.05343046,0.9907323527150512,1.0
Dmel_CG5611,0.011592365,-0.18417706,0.9907508378847446,1.0
Dmel_CG31783,0.011514362,0.30843297,0.9908130713258163,1.0
Dmel_CR44348,0.01151359,0.35804465,0.9908136874987803,1.0
Dmel_CR44448,0.01151359,0.3177377,0.9908136874987803,1.0
Dmel_CG15870,0.011511273,0.23916154,0.990815536017705,1.0
Dmel_CR45480,0.011508956,0.1156139,0.9908173845366791,1.0
Dmel_CG11312,0.011508184,0.058651138,0.9908180007096814,1.0
Dmel_CR45952,0.011505866,0.071789645,0.9908198492287211,1.0
Dmel_CR46041,0.011505094,0.09499695,0.9908204654017453,1.0
Dmel_CG42636,0.011503549,-0.10396333,0.9908216977478101,1.0
Dmel_CG43093,0.011502005,-0.020003036,0.9908229300938969,1.0
Dmel_CG18313,0.011501233,-0.104253605,0.9908235462669485,1.0
Dmel_CR46125,0.011498144,-0.24307553,0.9908260109592095,1.0
Dmel_CG3425,0.011425546,0.10081984,0.9908839312524953,1.0
Dmel_CG30157,0.0112363305,-0.15330634,0.9910348939440615,1.0
Dmel_CG30053,0.011200804,0.024026843,0.9910632379955723,1.0
Dmel_CR45540,0.011127049,0.06889371,0.991122082747182,1.0
Dmel_CG10242,0.011102335,0.046700727,0.9911418003711048,1.0
Dmel_CG14331,0.011084958,0.09620613,0.9911556643286656,1.0
Dmel_CG33193,0.011032441,-0.13909367,0.991197564305508,1.0
Dmel_CG9432,0.010877207,0.5026875,0.9913214158491387,1.0
Dmel_CR44897,0.010867939,0.28722385,0.9913288099777914,1.0
Dmel_CR45807,0.010865622,0.20838588,0.9913306585100709,1.0
Dmel_CR44322,0.010863305,0.13194725,0.991332507042397,1.0
Dmel_CR46089,0.010861761,0.0071537,0.9913337393973068,1.0
Dmel_CR45179,0.010860988,0.05253401,0.9913343555747696,1.0
Dmel_CG1944,0.010857127,-0.19927542,0.9913374364621607,1.0
Dmel_CG43788,0.010850948,-0.1705472,0.991342365882255,1.0
Dmel_CG16995,0.010842453,-0.29295695,0.9913491438354243,1.0
Dmel_CG3570,0.010809244,-0.101270035,0.9913756394765263,1.0
Dmel_CG42563,0.010470971,0.048405956,0.9916455258459046,1.0
Dmel_CG6018,0.010453208,-0.013762499,0.9916596979878781,1.0
Dmel_CG15784,0.010448575,-0.078914,0.991663395068826,1.0
Dmel_CG34025,0.010230011,0.35792837,0.9918377742554774,1.0
Dmel_CR46023,0.010224605,0.26619488,0.991842087526554,1.0
Dmel_CR33942,0.010222288,0.20116737,0.991843936071374,1.0
Dmel_CR44051,0.010219199,0.10123963,0.9918464007978689,1.0
Dmel_CR34560,0.010216882,0.23755413,0.9918482493427911,1.0
Dmel_CG14032,0.010216109,0.11951476,0.9918488655244416,1.0
Dmel_CG15632,0.010215337,0.08052783,0.991849481706097,1.0
Dmel_CG30076,0.010211476,-0.11348159,0.9918525626144465,1.0
Dmel_CG32036,0.010209931,0.06110009,0.9918537949778203,1.0
Dmel_CG3339,0.010209159,0.094577834,0.9918544111595146,1.0
Dmel_CG9826,0.010209159,-0.082916535,0.9918544111595146,1.0
Dmel_CR45687,0.010207614,-0.11571693,0.9918556435229176,1.0
Dmel_CG13137,0.010201436,-0.3979892,0.9918605729767238,1.0
Dmel_CR45876,0.010194485,-0.4697349,0.9918661186126272,1.0
Dmel_CG44325,0.010185604,-0.06642131,0.99187320470352,1.0
Dmel_CG4329,0.010044657,-0.02607697,0.9919856579705161,1.0
Dmel_CG17269,0.009864323,0.19756703,0.9921295367658984,1.0
Dmel_CG15614,0.009831114,0.033529192,0.9921560326748918,1.0
Dmel_CG42789,0.009822618,0.00941351,0.9921628106995134,1.0
Dmel_CG42600,0.009749249,-0.40813756,0.9922213482083653,1.0
Dmel_CG9640,0.009596718,-0.098134995,0.9923430447419938,1.0
Dmel_CR30267,0.009585133,0.34852943,0.9923522875240139,1.0
Dmel_CG32461,0.00957741,0.25149974,0.9923584493792643,1.0
Dmel_CG18268,0.009566598,0.03914352,0.9923670759773804,1.0
Dmel_CG13795,0.009561963,0.015748223,0.992370773091132,1.0
Dmel_CR44911,0.009556557,-0.08770644,0.9923750863907158,1.0
Dmel_CG7906,0.009555785,-0.21804197,0.9923757025763889,1.0
Dmel_CG33514,0.009389739,-0.057478067,0.9925081826010738,1.0
Dmel_CR43827,0.00914955,-0.11504198,0.9926998168617721,1.0
Dmel_CG1220,0.009135263,0.057677675,0.9927112163408208,1.0
Dmel_CG6071,0.009128698,-0.20471291,0.9927164539398017,1.0
Dmel_CR45549,0.009090855,-0.27987158,0.9927466471635689,1.0
Dmel_CR45180,0.009027526,-0.10008446,0.9927971746224753,1.0
Dmel_CG10035,0.00894875,0.39190346,0.9928600258921384,1.0
Dmel_CG43680,0.008932532,0.22287306,0.9928729658649348,1.0
Dmel_CG5882,0.008929443,0.21126415,0.9928754306218706,1.0
Dmel_CR43956,0.008917085,-0.09083936,0.9928852896502932,1.0
Dmel_CG42347,0.008740227,-0.0804683,0.9930263971129037,1.0
Dmel_CG8306,0.008713968,-0.07065885,0.9930473475845711,1.0
Dmel_CG3893,0.008637123,-0.08178218,0.9931086585512042,1.0
Dmel_CG6680,0.008567229,-0.050608758,0.9931644238376104,1.0
Dmel_CG13874,0.008543674,0.03197173,0.9931832176709525,1.0
Dmel_CR45693,0.00853595,0.048143327,0.9931893795843476,1.0
Dmel_CG6601,0.008468759,-0.09273691,0.9932429882479851,1.0
Dmel_CG11760,0.008295376,0.3400013,0.9933813233881618,1.0
Dmel_CR34626,0.008292287,0.24204901,0.9933837881586227,1.0
Dmel_CG31414,0.008287653,0.17016783,0.9933874853144327,1.0
Dmel_CG7362,0.008274524,-0.057935935,0.9933979605899982,1.0
Dmel_CG46280,0.008270276,-0.10430566,0.9934013496499837,1.0
Dmel_CG9070,0.008269117,-0.12663817,0.9934022739390913,1.0
Dmel_CG31778,0.008263712,-0.13729843,0.9934065872883773,1.0
Dmel_CR42871,0.00825985,-0.3001407,0.993409668252271,1.0
Dmel_CG40050,0.008248265,-0.2510408,0.9934189111445415,1.0
Dmel_CG13436,0.008030474,-0.14566341,0.9935926776822357,1.0
Dmel_CG33194,0.008016959,16.122665,0.9936034610767671,1.0
Dmel_CG4362,0.008016959,17.037691,0.9936034610767671,1.0
Dmel_CG12813,0.008016959,16.0225,0.9936034610767671,1.0
Dmel_CR44581,0.008016959,16.546396,0.9936034610767671,1.0
Dmel_CG42479,0.008016959,15.666956,0.9936034610767671,1.0
Dmel_CG13243,0.008016959,15.564632,0.9936034610767671,1.0
Dmel_CG18493,0.008016959,15.969164,0.9936034610767671,1.0
Dmel_CG15180,0.008016959,16.199633,0.9936034610767671,1.0
Dmel_CG11941,0.008016959,16.258825,0.9936034610767671,1.0
Dmel_CR44176,0.008016959,17.018536,0.9936034610767671,1.0
Dmel_CR44267,0.008016959,16.054064,0.9936034610767671,1.0
Dmel_CG15219,0.008016959,16.624138,0.9936034610767671,1.0
Dmel_CG10919,0.008016959,16.470533,0.9936034610767671,1.0
Dmel_CG43153,0.008016959,17.099985,0.9936034610767671,1.0
Dmel_CG2616,0.008016959,16.66707,0.9936034610767671,1.0
Dmel_CG42464,0.008016959,15.978643,0.9936034610767671,1.0
Dmel_CG9624,0.008016959,16.636417,0.9936034610767671,1.0
Dmel_CG13476,0.008016959,16.201542,0.9936034610767671,1.0
Dmel_CR33661,0.008016959,16.778755,0.9936034610767671,1.0
Dmel_CG33722,0.008016959,15.981286,0.9936034610767671,1.0
Dmel_CG13478,0.008016959,14.217148,0.9936034610767671,1.0
Dmel_CG34236,0.008016959,16.321245,0.9936034610767671,1.0
Dmel_CG9013,0.008016959,16.895884,0.9936034610767671,1.0
Dmel_CR46123,0.008016959,16.469122,0.9936034610767671,1.0
Dmel_CG15515,0.008016959,15.299216,0.9936034610767671,1.0
Dmel_CG33669,0.008016959,16.303202,0.9936034610767671,1.0
Dmel_CG32261,0.008016959,15.674986,0.9936034610767671,1.0
Dmel_CR46257,0.008016959,16.792057,0.9936034610767671,1.0
Dmel_CR46256,0.008016959,16.711267,0.9936034610767671,1.0
Dmel_CR43193,0.008016959,16.582937,0.9936034610767671,1.0
Dmel_CG42288,0.008016959,16.703285,0.9936034610767671,1.0
Dmel_CG18480,0.008016959,15.88074,0.9936034610767671,1.0
Dmel_CR45119,0.008016959,17.086735,0.9936034610767671,1.0
Dmel_CG31867,0.008016959,16.355879,0.9936034610767671,1.0
Dmel_CR30024,0.008016959,17.103735,0.9936034610767671,1.0
Dmel_CG30270,0.008016959,15.466048,0.9936034610767671,1.0
Dmel_CR44386,0.008016959,16.58703,0.9936034610767671,1.0
Dmel_CG11852,0.008016959,17.267641,0.9936034610767671,1.0
Dmel_CG3927,0.008016959,16.576923,0.9936034610767671,1.0
Dmel_CG9961,0.008016959,15.931307,0.9936034610767671,1.0
Dmel_CG15396,0.008016959,16.391397,0.9936034610767671,1.0
Dmel_CG17962,0.008016959,15.78656,0.9936034610767671,1.0
Dmel_CG13519,0.008016959,16.613548,0.9936034610767671,1.0
Dmel_CG9602,0.008016959,15.980095,0.9936034610767671,1.0
Dmel_CR44080,0.008016959,16.919144,0.9936034610767671,1.0
Dmel_CG2560,0.008016959,16.248957,0.9936034610767671,1.0
Dmel_CG32651,0.008016959,16.31052,0.9936034610767671,1.0
Dmel_CG2577,0.008016959,15.873319,0.9936034610767671,1.0
Dmel_CG10956,0.008016959,15.279807,0.9936034610767671,1.0
Dmel_CG4440,0.008016959,15.197968,0.9936034610767671,1.0
Dmel_CR44224,0.008016959,16.308949,0.9936034610767671,1.0
Dmel_CG13239,0.008016959,16.50373,0.9936034610767671,1.0
Dmel_CG8100,0.008016959,15.553713,0.9936034610767671,1.0
Dmel_CG13793,0.008016959,15.891666,0.9936034610767671,1.0
Dmel_CG15033,0.008016959,16.50564,0.9936034610767671,1.0
Dmel_CR44990,0.008016959,15.573482,0.9936034610767671,1.0
Dmel_CR44847,0.008016959,15.609824,0.9936034610767671,1.0
Dmel_CR44752,0.008016959,15.678327,0.9936034610767671,1.0
Dmel_CG7216,0.008016959,16.695621,0.9936034610767671,1.0
Dmel_CG1801,0.008016959,16.683012,0.9936034610767671,1.0
Dmel_CG32351,0.008016959,17.054695,0.9936034610767671,1.0
Dmel_CG10912,0.008016959,15.887849,0.9936034610767671,1.0
Dmel_CG6298,0.008016959,16.707071,0.9936034610767671,1.0
Dmel_CR34080,0.008016959,16.73315,0.9936034610767671,1.0
Dmel_CG18568,0.008016959,16.555595,0.9936034610767671,1.0
Dmel_CG8028,0.008016959,14.069808,0.9936034610767671,1.0
Dmel_CG8462,0.008016959,15.675499,0.9936034610767671,1.0
Dmel_CG11966,0.008016959,16.613012,0.9936034610767671,1.0
Dmel_CR34549,0.008016959,16.473564,0.9936034610767671,1.0
Dmel_CG4439,0.008016959,16.743097,0.9936034610767671,1.0
Dmel_CG15546,0.008016959,16.11954,0.9936034610767671,1.0
Dmel_CG17527,0.008016959,15.276233,0.9936034610767671,1.0
Dmel_CG10943,0.008016959,16.306694,0.9936034610767671,1.0
Dmel_CR34697,0.008016959,15.917645,0.9936034610767671,1.0
Dmel_CG15306,0.008016959,15.488706,0.9936034610767671,1.0
Dmel_CG33758,0.008016959,15.523396,0.9936034610767671,1.0
Dmel_CG43206,0.008016959,16.720274,0.9936034610767671,1.0
Dmel_CG14329,0.008016959,14.856329,0.9936034610767671,1.0
Dmel_CG43131,0.008016959,16.841543,0.9936034610767671,1.0
Dmel_CG9434,0.008016959,15.355971,0.9936034610767671,1.0
Dmel_CG33533,0.008016959,15.615217,0.9936034610767671,1.0
Dmel_CG14323,0.008016959,15.678764,0.9936034610767671,1.0
Dmel_CG15308,0.008016959,15.423975,0.9936034610767671,1.0
Dmel_CR44196,0.008016959,16.779629,0.9936034610767671,1.0
Dmel_CG43089,0.008016959,15.536366,0.9936034610767671,1.0
Dmel_CR46048,0.008016959,15.687254,0.9936034610767671,1.0
Dmel_CG14974,0.008016959,16.120045,0.9936034610767671,1.0
Dmel_CR45652,0.008016959,15.881425,0.9936034610767671,1.0
Dmel_CR43632,0.008016959,16.515139,0.9936034610767671,1.0
Dmel_CG13170,0.008016959,14.146423,0.9936034610767671,1.0
Dmel_CG30047,0.008016959,16.210598,0.9936034610767671,1.0
Dmel_CG10633,0.008016959,15.7275305,0.9936034610767671,1.0
Dmel_CR44523,0.008016959,16.3977,0.9936034610767671,1.0
Dmel_CR45762,0.008016959,15.900051,0.9936034610767671,1.0
Dmel_CR44925,0.008016959,17.147215,0.9936034610767671,1.0
Dmel_CG14675,0.008016959,16.700356,0.9936034610767671,1.0
Dmel_CG3388,0.008016959,15.873757,0.9936034610767671,1.0
Dmel_CG4158,0.008016959,16.152489,0.9936034610767671,1.0
Dmel_CG30430,0.008016959,16.125017,0.9936034610767671,1.0
Dmel_CG10232,0.008016959,17.160465,0.9936034610767671,1.0
Dmel_CG18539,0.008016959,16.341227,0.9936034610767671,1.0
Dmel_CG42474,0.008016959,15.36312,0.9936034610767671,1.0
Dmel_CR45039,0.008016959,16.518353,0.9936034610767671,1.0
Dmel_CR43712,0.008016959,16.041069,0.9936034610767671,1.0
Dmel_CG13359,0.008016959,15.65717,0.9936034610767671,1.0
Dmel_CG17376,0.008016959,15.72317,0.9936034610767671,1.0
Dmel_CG12161,0.008016959,15.887934,0.9936034610767671,1.0
Dmel_CG4500,0.008016959,16.452747,0.9936034610767671,1.0
Dmel_CR45046,0.008016959,17.008883,0.9936034610767671,1.0
Dmel_CG44812,0.008016959,15.029301,0.9936034610767671,1.0
Dmel_CG31178,0.008016959,16.302485,0.9936034610767671,1.0
Dmel_CR46062,0.008016959,16.45762,0.9936034610767671,1.0
Dmel_CG14567,0.008016959,15.541083,0.9936034610767671,1.0
Dmel_CR43898,0.008016959,17.046537,0.9936034610767671,1.0
Dmel_CG14735,0.008016959,15.503293,0.9936034610767671,1.0
Dmel_CG32445,0.008016959,16.384943,0.9936034610767671,1.0
Dmel_CG11249,0.008016959,16.696709,0.9936034610767671,1.0
Dmel_CG14077,0.008016959,15.159386,0.9936034610767671,1.0
Dmel_CG10917,0.008016959,16.648527,0.9936034610767671,1.0
Dmel_CG12917,0.008016959,15.474551,0.9936034610767671,1.0
Dmel_CG4434,0.008016959,17.258884,0.9936034610767671,1.0
Dmel_CR45005,0.008016959,16.44444,0.9936034610767671,1.0
Dmel_CG31294,0.008016959,16.112007,0.9936034610767671,1.0
Dmel_CG43348,0.008016959,15.721685,0.9936034610767671,1.0
Dmel_CG10241,0.008016959,14.217148,0.9936034610767671,1.0
Dmel_CG1869,0.008016959,16.542828,0.9936034610767671,1.0
Dmel_CR44298,0.008016959,16.405659,0.9936034610767671,1.0
Dmel_CG18157,0.008016959,17.12394,0.9936034610767671,1.0
Dmel_CR44169,0.008016959,16.605627,0.9936034610767671,1.0
Dmel_CG9447,0.008016959,17.075958,0.9936034610767671,1.0
Dmel_CG7402,0.008016959,16.695621,0.9936034610767671,1.0
Dmel_CR46070,0.008016959,15.367727,0.9936034610767671,1.0
Dmel_CG14384,0.008016959,16.304241,0.9936034610767671,1.0
Dmel_CG12251,0.008016959,15.575836,0.9936034610767671,1.0
Dmel_CG17084,0.008016959,16.430687,0.9936034610767671,1.0
Dmel_CG10752,0.008016959,16.93722,0.9936034610767671,1.0
Dmel_CR43620,0.008016959,15.055781,0.9936034610767671,1.0
Dmel_CR43097,0.008016959,16.250883,0.9936034610767671,1.0
Dmel_CR34630,0.008016959,16.164663,0.9936034610767671,1.0
Dmel_CG8997,0.008016959,16.18879,0.9936034610767671,1.0
Dmel_CG30448,0.008016959,16.567802,0.9936034610767671,1.0
Dmel_CR43415,0.008016959,16.20514,0.9936034610767671,1.0
Dmel_CG1108,0.008016959,16.449472,0.9936034610767671,1.0
Dmel_CG33308,0.008016959,16.538351,0.9936034610767671,1.0
Dmel_CG4485,0.008016959,16.708633,0.9936034610767671,1.0
Dmel_CG12837,0.008016959,16.207033,0.9936034610767671,1.0
Dmel_CR45937,0.008016959,15.89656,0.9936034610767671,1.0
Dmel_CG13058,0.008016959,16.498314,0.9936034610767671,1.0
Dmel_CR34579,0.008016959,16.80507,0.9936034610767671,1.0
Dmel_CG31913,0.008016959,16.022875,0.9936034610767671,1.0
Dmel_CG9029,0.008016959,16.981758,0.9936034610767671,1.0
Dmel_CG34007,0.008016959,16.094309,0.9936034610767671,1.0
Dmel_CG18472,0.008016959,13.059496,0.9936034610767671,1.0
Dmel_CG17584,0.008016959,16.358107,0.9936034610767671,1.0
Dmel_CG14391,0.008016959,15.391822,0.9936034610767671,1.0
Dmel_CG43450,0.008016959,15.874844,0.9936034610767671,1.0
Dmel_CG9499,0.008016959,16.137308,0.9936034610767671,1.0
Dmel_CG13021,0.008016959,16.943842,0.9936034610767671,1.0
Dmel_CG5819,0.008016959,15.394842,0.9936034610767671,1.0
Dmel_CG6893,0.008016959,16.745527,0.9936034610767671,1.0
Dmel_CG2196,0.008016959,15.377519,0.9936034610767671,1.0
Dmel_CR44062,0.008016959,16.258408,0.9936034610767671,1.0
Dmel_CG13884,0.008016959,15.7805195,0.9936034610767671,1.0
Dmel_CR43234,0.008016959,15.018998,0.9936034610767671,1.0
Dmel_CG4423,0.008016959,16.16304,0.9936034610767671,1.0
Dmel_CG31639,0.008016959,16.424143,0.9936034610767671,1.0
Dmel_CG17207,0.008016959,16.304861,0.9936034610767671,1.0
Dmel_CG9030,0.008016959,16.695004,0.9936034610767671,1.0
Dmel_CG13592,0.008016959,14.46408,0.9936034610767671,1.0
Dmel_CG9106,0.008016959,15.262313,0.9936034610767671,1.0
Dmel_CG9101,0.008016959,14.764007,0.9936034610767671,1.0
Dmel_CG12133,0.008016959,15.222094,0.9936034610767671,1.0
Dmel_CG9632,0.008016959,16.102707,0.9936034610767671,1.0
Dmel_CR44614,0.008016959,16.355879,0.9936034610767671,1.0
Dmel_CG2110,0.008016959,17.140135,0.9936034610767671,1.0
Dmel_CG14282,0.008016959,15.758562,0.9936034610767671,1.0
Dmel_CR44449,0.008016959,16.890072,0.9936034610767671,1.0
Dmel_CG6497,0.008016959,17.135857,0.9936034610767671,1.0
Dmel_CG2291,0.008016959,15.787998,0.9936034610767671,1.0
Dmel_CG13029,0.008016959,14.146423,0.9936034610767671,1.0
Dmel_CG7714,0.008016959,16.320515,0.9936034610767671,1.0
Dmel_CG17866,0.008016959,17.167133,0.9936034610767671,1.0
Dmel_CG45763,0.008016959,16.124418,0.9936034610767671,1.0
Dmel_CR43282,0.008016959,16.34456,0.9936034610767671,1.0
Dmel_CG18675,0.008016959,14.981767,0.9936034610767671,1.0
Dmel_CG31901,0.008016959,15.777693,0.9936034610767671,1.0
Dmel_CG31373,0.008016959,16.056356,0.9936034610767671,1.0
Dmel_CG14690,0.008016959,16.934734,0.9936034610767671,1.0
Dmel_CG4706,0.008016959,15.421411,0.9936034610767671,1.0
Dmel_CG1835,0.008016959,16.889086,0.9936034610767671,1.0
Dmel_CG15458,0.008016959,15.560389,0.9936034610767671,1.0
Dmel_CR34595,0.008016959,16.787504,0.9936034610767671,1.0
Dmel_CR44048,0.008016959,15.893524,0.9936034610767671,1.0
Dmel_CG15676,0.008016959,15.441084,0.9936034610767671,1.0
Dmel_CR46138,0.008016959,16.431513,0.9936034610767671,1.0
Dmel_CG6413,0.007762869,-0.13440353,0.9938061891092461,1.0
Dmel_CG7997,0.0076999255,-0.08154022,0.9938564090337002,1.0
Dmel_CG8027,0.0076327347,-0.13396925,0.9939100180596644,1.0
Dmel_CR44279,0.007631962,0.055952772,0.9939106342555254,1.0
Dmel_CG2043,0.0076049315,-0.20866565,0.9939322011129469,1.0
Dmel_CG9967,0.007464371,0.04004739,0.99404434884265,1.0
Dmel_CG46335,0.0074180327,-0.10185539,0.9940813206475708,1.0
Dmel_CR44530,0.007371694,1.2522868,0.9941182924652004,1.0
Dmel_CR45378,0.007371694,1.3817272,0.9941182924652004,1.0
Dmel_CG2839,0.007371694,1.1353629,0.9941182924652004,1.0
Dmel_CG11720,0.007371694,1.573715,0.9941182924652004,1.0
Dmel_CR44994,0.007371694,1.7740922,0.9941182924652004,1.0
Dmel_CG34205,0.007371694,1.1526104,0.9941182924652004,1.0
Dmel_CG17905,0.007371694,1.9196186,0.9941182924652004,1.0
Dmel_CG14402,0.007371694,1.5334288,0.9941182924652004,1.0
Dmel_CR45894,0.007371694,1.5237483,0.9941182924652004,1.0
Dmel_CG11905,0.007371694,1.2843121,0.9941182924652004,1.0
Dmel_CG13044,0.007371694,1.4575292,0.9941182924652004,1.0
Dmel_CG17063,0.007371694,1.8568987,0.9941182924652004,1.0
Dmel_CG30178,0.007371694,1.6231258,0.9941182924652004,1.0
Dmel_CR46195,0.007371694,1.7028145,0.9941182924652004,1.0
Dmel_CG4983,0.007371694,1.2807317,0.9941182924652004,1.0
Dmel_CG31882,0.007371694,1.5846949,0.9941182924652004,1.0
Dmel_CG12812,0.007371694,1.8477801,0.9941182924652004,1.0
Dmel_CG1126,0.007371694,1.0772343,0.9941182924652004,1.0
Dmel_CR33799,0.007371694,1.6325389,0.9941182924652004,1.0
Dmel_CG17868,0.007371694,1.5807137,0.9941182924652004,1.0
Dmel_CG4761,0.007371694,1.5222459,0.9941182924652004,1.0
Dmel_CG14420,0.007371694,1.8340521,0.9941182924652004,1.0
Dmel_CG15404,0.007371694,1.5599282,0.9941182924652004,1.0
Dmel_CR45241,0.007371694,2.103304,0.9941182924652004,1.0
Dmel_CG33927,0.007371694,1.3724684,0.9941182924652004,1.0
Dmel_CG12496,0.007371694,1.9940403,0.9941182924652004,1.0
Dmel_CG13207,0.007371694,1.7055588,0.9941182924652004,1.0
Dmel_CG11192,0.007371694,2.0329726,0.9941182924652004,1.0
Dmel_CR43565,0.007371694,1.5017719,0.9941182924652004,1.0
Dmel_CG5217,0.007371694,1.4104729,0.9941182924652004,1.0
Dmel_CG43315,0.007371694,1.2378451,0.9941182924652004,1.0
Dmel_CR43761,0.007371694,2.4753861,0.9941182924652004,1.0
Dmel_CR46037,0.007371694,2.0449672,0.9941182924652004,1.0
Dmel_CR34553,0.007371694,1.2304121,0.9941182924652004,1.0
Dmel_CR44113,0.007371694,2.287332,0.9941182924652004,1.0
Dmel_CG42571,0.007371694,1.3330069,0.9941182924652004,1.0
Dmel_CR34544,0.007371694,1.8931285,0.9941182924652004,1.0
Dmel_CG14369,0.007371694,1.4524312,0.9941182924652004,1.0
Dmel_CG3942,0.007371694,2.0589035,0.9941182924652004,1.0
Dmel_CG14835,0.007371694,1.1612469,0.9941182924652004,1.0
Dmel_CG14327,0.007371694,1.5113212,0.9941182924652004,1.0
Dmel_CG18179,0.007371694,1.5602083,0.9941182924652004,1.0
Dmel_CG13059,0.007371694,1.3831503,0.9941182924652004,1.0
Dmel_CG44476,0.007371694,1.516036,0.9941182924652004,1.0
Dmel_CG12374,0.007370922,0.90970093,0.9941189086622682,1.0
Dmel_CG9506,0.007370922,0.99428743,0.9941189086622682,1.0
Dmel_CG15756,0.007370922,0.5326569,0.9941189086622682,1.0
Dmel_CG42473,0.007370922,0.75289357,0.9941189086622682,1.0
Dmel_CG11269,0.007370922,0.95947224,0.9941189086622682,1.0
Dmel_CG42814,0.007370922,0.5735873,0.9941189086622682,1.0
Dmel_CG5235,0.007370922,0.90830547,0.9941189086622682,1.0
Dmel_CG15115,0.007370922,0.7904509,0.9941189086622682,1.0
Dmel_CR44343,0.007370922,0.97728175,0.9941189086622682,1.0
Dmel_CG13977,0.007370922,1.2148434,0.9941189086622682,1.0
Dmel_CR33776,0.007370922,0.7079845,0.9941189086622682,1.0
Dmel_CG1372,0.007370922,0.81995624,0.9941189086622682,1.0
Dmel_CG13855,0.007370922,0.68728244,0.9941189086622682,1.0
Dmel_CG17664,0.007370922,1.6505786,0.9941189086622682,1.0
Dmel_CG44250,0.007370922,0.1839406,0.9941189086622682,1.0
Dmel_CG14111,0.007370922,0.98745614,0.9941189086622682,1.0
Dmel_CG14238,0.007370922,0.8346954,0.9941189086622682,1.0
Dmel_CG43396,0.007370922,1.4766614,0.9941189086622682,1.0
Dmel_CG7140,0.007370922,1.8965636,0.9941189086622682,1.0
Dmel_CR34574,0.007370922,1.3774819,0.9941189086622682,1.0
Dmel_CR46217,0.007370922,1.5279491,0.9941189086622682,1.0
Dmel_CG43134,0.007370922,0.50881845,0.9941189086622682,1.0
Dmel_CR44150,0.007370922,0.9513537,0.9941189086622682,1.0
Dmel_CG32181,0.007370922,0.81182164,0.9941189086622682,1.0
Dmel_CG13810,0.007370922,0.9059042,0.9941189086622682,1.0
Dmel_CG6793,0.007370922,0.78980875,0.9941189086622682,1.0
Dmel_CG13581,0.007370922,0.99134636,0.9941189086622682,1.0
Dmel_CG8316,0.007370922,0.734308,0.9941189086622682,1.0
Dmel_CG6048,0.007370922,0.8849168,0.9941189086622682,1.0
Dmel_CG12993,0.007370922,0.8823083,0.9941189086622682,1.0
Dmel_CR34642,0.007370922,1.311084,0.9941189086622682,1.0
Dmel_CR44646,0.007370922,0.94154656,0.9941189086622682,1.0
Dmel_CR46092,0.007370922,1.4246076,0.9941189086622682,1.0
Dmel_CG12898,0.007370922,1.2878128,0.9941189086622682,1.0
Dmel_CR46068,0.007370922,0.8673159,0.9941189086622682,1.0
Dmel_CR43569,0.007370922,0.5539977,0.9941189086622682,1.0
Dmel_CR46077,0.007370922,0.8678492,0.9941189086622682,1.0
Dmel_CR46032,0.007370922,1.1998329,0.9941189086622682,1.0
Dmel_CG4889,0.007370922,0.4121499,0.9941189086622682,1.0
Dmel_CG6262,0.007370922,1.2474104,0.9941189086622682,1.0
Dmel_CR45351,0.007370922,1.1505811,0.9941189086622682,1.0
Dmel_CG5204,0.007370922,0.36730328,0.9941189086622682,1.0
Dmel_CG34300,0.007370922,0.55692226,0.9941189086622682,1.0
Dmel_CR45127,0.007370922,0.53171724,0.9941189086622682,1.0
Dmel_CG7091,0.007370922,1.0326068,0.9941189086622682,1.0
Dmel_CG5842,0.007370922,0.714957,0.9941189086622682,1.0
Dmel_CG32159,0.007370922,0.9601789,0.9941189086622682,1.0
Dmel_CG15140,0.007370922,1.2486687,0.9941189086622682,1.0
Dmel_CG45989,0.007370922,1.1422884,0.9941189086622682,1.0
Dmel_CG14963,0.007370922,1.1415948,0.9941189086622682,1.0
Dmel_CR33662,0.007370922,0.77237993,0.9941189086622682,1.0
Dmel_CR44948,0.007370922,0.5776536,0.9941189086622682,1.0
Dmel_CR44374,0.007370922,0.39953032,0.9941189086622682,1.0
Dmel_CR45375,0.007370922,1.1320537,0.9941189086622682,1.0
Dmel_CR46269,0.007370922,1.4654465,0.9941189086622682,1.0
Dmel_CG18581,0.007370922,0.76344454,0.9941189086622682,1.0
Dmel_CR44803,0.007370922,1.0020623,0.9941189086622682,1.0
Dmel_CG11529,0.007370922,0.47553784,0.9941189086622682,1.0
Dmel_CR33656,0.007370922,1.1345019,0.9941189086622682,1.0
Dmel_CG3088,0.007370922,0.9419029,0.9941189086622682,1.0
Dmel_CR43928,0.007370922,0.5125274,0.9941189086622682,1.0
Dmel_CG30033,0.007370922,1.110786,0.9941189086622682,1.0
Dmel_CG13198,0.007370922,0.9039835,0.9941189086622682,1.0
Dmel_CR45330,0.007370922,0.955513,0.9941189086622682,1.0
Dmel_CG17916,0.007370922,0.572163,0.9941189086622682,1.0
Dmel_CG7542,0.007370922,0.75605345,0.9941189086622682,1.0
Dmel_CG14507,0.0073701493,-0.16307776,0.9941195248593394,1.0
Dmel_CG34189,0.0073701493,0.545741,0.9941195248593394,1.0
Dmel_CG9271,0.0073701493,0.53339046,0.9941195248593394,1.0
Dmel_CR45150,0.0073701493,0.3916242,0.9941195248593394,1.0
Dmel_CR46063,0.0073701493,0.09315989,0.9941195248593394,1.0
Dmel_CG14689,0.0073701493,0.5523287,0.9941195248593394,1.0
Dmel_CR45578,0.0073701493,0.27594113,0.9941195248593394,1.0
Dmel_CG44569,0.0073701493,0.40404803,0.9941195248593394,1.0
Dmel_CG33225,0.0073701493,0.2997952,0.9941195248593394,1.0
Dmel_CR46247,0.0073701493,-0.07796662,0.9941195248593394,1.0
Dmel_CG43120,0.0073701493,-0.1411688,0.9941195248593394,1.0
Dmel_CG5656,0.0073701493,0.3378102,0.9941195248593394,1.0
Dmel_CG7249,0.0073701493,0.6448469,0.9941195248593394,1.0
Dmel_CR34599,0.0073701493,-0.49044487,0.9941195248593394,1.0
Dmel_CG6821,0.0073701493,-0.29051465,0.9941195248593394,1.0
Dmel_CG18039,0.0073701493,0.36394316,0.9941195248593394,1.0
Dmel_CR43939,0.0073701493,0.23662527,0.9941195248593394,1.0
Dmel_CR45537,0.0073701493,-0.47003114,0.9941195248593394,1.0
Dmel_CR44124,0.0073701493,0.71437377,0.9941195248593394,1.0
Dmel_CR44558,0.0073701493,0.17811753,0.9941195248593394,1.0
Dmel_CG8329,0.0073701493,0.07111936,0.9941195248593394,1.0
Dmel_CG33775,0.0073701493,0.6100662,0.9941195248593394,1.0
Dmel_CG12242,0.0073701493,0.6432509,0.9941195248593394,1.0
Dmel_CR45971,0.0073701493,-0.15569374,0.9941195248593394,1.0
Dmel_CR46336,0.0073701493,0.5042255,0.9941195248593394,1.0
Dmel_CR43648,0.0073701493,0.34001473,0.9941195248593394,1.0
Dmel_CG18363,0.0073701493,0.2993847,0.9941195248593394,1.0
Dmel_CG8260,0.0073701493,0.06870541,0.9941195248593394,1.0
Dmel_CG1773,0.0073701493,0.8272602,0.9941195248593394,1.0
Dmel_CG16880,0.0073701493,-0.13661125,0.9941195248593394,1.0
Dmel_CG43694,0.0073701493,-0.031678554,0.9941195248593394,1.0
Dmel_CR44971,0.0073701493,0.42576098,0.9941195248593394,1.0
Dmel_CG4691,0.0073701493,0.35896665,0.9941195248593394,1.0
Dmel_CG34138,0.0073701493,0.4210935,0.9941195248593394,1.0
Dmel_CG15707,0.0073701493,0.6103821,0.9941195248593394,1.0
Dmel_CG12035,0.0073701493,-1.4336243,0.9941195248593394,1.0
Dmel_CR43433,0.0073701493,0.054877583,0.9941195248593394,1.0
Dmel_CG17744,0.0073701493,-0.4625418,0.9941195248593394,1.0
Dmel_CG17945,0.0073701493,0.733843,0.9941195248593394,1.0
Dmel_CG13576,0.0073701493,0.03302748,0.9941195248593394,1.0
Dmel_CG43829,0.0073701493,0.4185829,0.9941195248593394,1.0
Dmel_CR43601,0.0073701493,-0.38393313,0.9941195248593394,1.0
Dmel_CR43166,0.0073701493,0.043010753,0.9941195248593394,1.0
Dmel_CG44475,0.0073701493,0.43977314,0.9941195248593394,1.0
Dmel_CR44772,0.0073701493,0.16144918,0.9941195248593394,1.0
Dmel_CG1786,0.0073701493,-0.007970916,0.9941195248593394,1.0
Dmel_CR34615,0.0073701493,0.052056067,0.9941195248593394,1.0
Dmel_CG32074,0.0073701493,-0.2135817,0.9941195248593394,1.0
Dmel_CG8192,0.0073701493,-0.22777489,0.9941195248593394,1.0
Dmel_CG42792,0.0073701493,-0.20900199,0.9941195248593394,1.0
Dmel_CG7538,0.0073701493,0.37851214,0.9941195248593394,1.0
Dmel_CG17134,0.0073701493,-0.59073263,0.9941195248593394,1.0
Dmel_CG9698,0.0073701493,-0.052820373,0.9941195248593394,1.0
Dmel_CR44226,0.0073701493,0.013874375,0.9941195248593394,1.0
Dmel_CG34332,0.0073701493,0.25315523,0.9941195248593394,1.0
Dmel_CG33342,0.0073701493,0.281858,0.9941195248593394,1.0
Dmel_CG14187,0.0073701493,-0.19023389,0.9941195248593394,1.0
Dmel_CG33679,0.0073701493,-0.18651323,0.9941195248593394,1.0
Dmel_CG33483,0.0073701493,0.10372769,0.9941195248593394,1.0
Dmel_CG18223,0.0073701493,0.108217806,0.9941195248593394,1.0
Dmel_CG14053,0.0073701493,0.5749409,0.9941195248593394,1.0
Dmel_CG12607,0.0073701493,0.41663224,0.9941195248593394,1.0
Dmel_CR45873,0.007284037,0.17719808,0.9941882308546935,1.0
Dmel_CG8568,0.0069685485,-0.09932803,0.9944399478028758,1.0
Dmel_CG9451,0.006967004,-0.23151788,0.9944411802005767,1.0
Dmel_CR43890,0.0069546467,-0.37865692,0.9944510393826612,1.0
Dmel_CG31217,0.0069546467,-0.27815357,0.9944510393826612,1.0
Dmel_CG45063,0.006727202,0.788275,0.9946325101026672,1.0
Dmel_CG34143,0.006727202,1.0192779,0.9946325101026672,1.0
Dmel_CG1367,0.006727202,0.82649624,0.9946325101026672,1.0
Dmel_CG33710,0.006727202,1.4427284,0.9946325101026672,1.0
Dmel_CG32185,0.006727202,0.998848,0.9946325101026672,1.0
Dmel_CG17127,0.006727202,1.1729099,0.9946325101026672,1.0
Dmel_CR46331,0.006727202,1.2014036,0.9946325101026672,1.0
Dmel_CR46019,0.006727202,1.6558002,0.9946325101026672,1.0
Dmel_CG14983,0.006727202,1.076625,0.9946325101026672,1.0
Dmel_CG3221,0.0067264293,0.82633054,0.9946331263025343,1.0
Dmel_CG43230,0.0067264293,1.1521598,0.9946331263025343,1.0
Dmel_CG6059,0.0067264293,0.8232467,0.9946331263025343,1.0
Dmel_CG5317,0.0067256573,0.8793247,0.9946337425024047,1.0
Dmel_CR45280,0.0067256573,0.68437886,0.9946337425024047,1.0
Dmel_CG33771,0.0067256573,0.9341145,0.9946337425024047,1.0
Dmel_CG3326,0.0067256573,0.9917456,0.9946337425024047,1.0
Dmel_CG8197,0.0067256573,0.7394852,0.9946337425024047,1.0
Dmel_CG30355,0.0067256573,0.6310918,0.9946337425024047,1.0
Dmel_CR45406,0.0067256573,0.6037848,0.9946337425024047,1.0
Dmel_CR43793,0.0067256573,0.55042064,0.9946337425024047,1.0
Dmel_CR44131,0.0067256573,0.5812841,0.9946337425024047,1.0
Dmel_CG33269,0.0067256573,0.80031997,0.9946337425024047,1.0
Dmel_CG4546,0.0067256573,1.0452638,0.9946337425024047,1.0
Dmel_CR45052,0.0067256573,0.42977384,0.9946337425024047,1.0
Dmel_CR43589,0.0067256573,0.71296966,0.9946337425024047,1.0
Dmel_CR45615,0.0067248847,0.64833874,0.9946343587022782,1.0
Dmel_CG9196,0.0067248847,0.65064377,0.9946343587022782,1.0
Dmel_CG13144,0.0067248847,0.4552005,0.9946343587022782,1.0
Dmel_CG15008,0.0067248847,0.4541872,0.9946343587022782,1.0
Dmel_CG43060,0.0067248847,0.20407021,0.9946343587022782,1.0
Dmel_CR43766,0.0067248847,0.37330857,0.9946343587022782,1.0
Dmel_CR44634,0.0067248847,0.46805778,0.9946343587022782,1.0
Dmel_CR44494,0.0067248847,0.21214077,0.9946343587022782,1.0
Dmel_CG17003,0.0067248847,0.448132,0.9946343587022782,1.0
Dmel_CG11598,0.0067248847,0.4661414,0.9946343587022782,1.0
Dmel_CR44478,0.0067248847,0.48721656,0.9946343587022782,1.0
Dmel_CG34434,0.0067248847,0.18681788,0.9946343587022782,1.0
Dmel_CR45517,0.0067248847,0.5971919,0.9946343587022782,1.0
Dmel_CR45622,0.0067241127,0.25457546,0.994634974902155,1.0
Dmel_CG15482,0.0067241127,0.2462057,0.994634974902155,1.0
Dmel_CG12826,0.0067241127,-0.3714456,0.994634974902155,1.0
Dmel_CR46106,0.0067241127,0.07770844,0.994634974902155,1.0
Dmel_CG3599,0.0067241127,0.16806449,0.994634974902155,1.0
Dmel_CG12796,0.0067241127,0.14887685,0.994634974902155,1.0
Dmel_CG12729,0.0067241127,0.048346765,0.994634974902155,1.0
Dmel_CR44886,0.0067241127,0.28104135,0.994634974902155,1.0
Dmel_CR44907,0.0067241127,0.19918391,0.994634974902155,1.0
Dmel_CG11404,0.0067241127,0.3688055,0.994634974902155,1.0
Dmel_CG44037,0.0067241127,0.75506926,0.994634974902155,1.0
Dmel_CG8328,0.0067241127,0.247249,0.994634974902155,1.0
Dmel_CG5494,0.0067241127,0.13290429,0.994634974902155,1.0
Dmel_CG3047,0.0067241127,0.0974003,0.994634974902155,1.0
Dmel_CG12637,0.0067241127,0.15804742,0.994634974902155,1.0
Dmel_CR34065,0.0067241127,0.17648222,0.994634974902155,1.0
Dmel_CR45271,0.0067241127,0.64865804,0.994634974902155,1.0
Dmel_CG8083,0.0067241127,0.26631156,0.994634974902155,1.0
Dmel_CG9040,0.0067241127,0.037946887,0.994634974902155,1.0
Dmel_CG32241,0.0067241127,0.31820646,0.994634974902155,1.0
Dmel_CG8958,0.0067241127,0.5294023,0.994634974902155,1.0
Dmel_CG15550,0.0067241127,0.08622153,0.994634974902155,1.0
Dmel_CG11069,0.0067241127,0.06975941,0.994634974902155,1.0
Dmel_CG1500,0.0067241127,0.00041162252,0.994634974902155,1.0
Dmel_CG31941,0.0067241127,0.30085698,0.994634974902155,1.0
Dmel_CG1455,0.0067241127,0.014775184,0.994634974902155,1.0
Dmel_CG9454,0.0067241127,0.2888304,0.994634974902155,1.0
Dmel_CR44284,0.0067241127,0.2294616,0.994634974902155,1.0
Dmel_CG13415,0.00672334,-0.11261467,0.9946355911020349,1.0
Dmel_CG11498,0.00672334,-0.09601628,0.9946355911020349,1.0
Dmel_CR43404,0.00672334,-0.11007145,0.9946355911020349,1.0
Dmel_CG13641,0.00672334,0.20541061,0.9946355911020349,1.0
Dmel_CG12523,0.00672334,-0.43049267,0.9946355911020349,1.0
Dmel_CR45611,0.00672334,0.11719868,0.9946355911020349,1.0
Dmel_CR45461,0.00672334,-0.116807714,0.9946355911020349,1.0
Dmel_CG43049,0.00672334,0.043285627,0.9946355911020349,1.0
Dmel_CG44438,0.00672334,-0.15762387,0.9946355911020349,1.0
Dmel_CG9672,0.00672334,0.07256624,0.9946355911020349,1.0
Dmel_CG13976,0.006722568,-0.04631578,0.994636207301918,1.0
Dmel_CR43608,0.006722568,-0.17202859,0.994636207301918,1.0
Dmel_CG6034,0.006722568,-0.30375603,0.994636207301918,1.0
Dmel_CR46022,0.006722568,0.15584554,0.994636207301918,1.0
Dmel_CG2127,0.006722568,-0.3245881,0.994636207301918,1.0
Dmel_CR43452,0.006722568,-0.529028,0.994636207301918,1.0
Dmel_CG7848,0.006722568,-0.50550103,0.994636207301918,1.0
Dmel_CG9295,0.006722568,-0.450389,0.994636207301918,1.0
Dmel_CG9889,0.006722568,0.057925723,0.994636207301918,1.0
Dmel_CR44848,0.006722568,-0.317499,0.994636207301918,1.0
Dmel_CG14985,0.0064866273,-0.13094902,0.9948244565142542,1.0
Dmel_CG9768,0.0063591963,0.16808148,0.9949261296954196,1.0
Dmel_CG14811,0.006301273,-0.31514415,0.9949723448051037,1.0
Dmel_CG10910,0.0060827094,0.88965964,0.9951467299695959,1.0
Dmel_CG17285,0.0060819373,0.6485439,0.9951473461720065,1.0
Dmel_CR43916,0.006081165,0.7233223,0.99514796237442,1.0
Dmel_CG15822,0.006081165,0.84042424,0.99514796237442,1.0
Dmel_CG13282,0.0060803927,0.5808756,0.9951485785768365,1.0
Dmel_CG15773,0.0060803927,0.48953083,0.9951485785768365,1.0
Dmel_CG15296,0.00607962,0.4327809,0.9951491947792558,1.0
Dmel_CG6457,0.00607962,0.49351758,0.9951491947792558,1.0
Dmel_CG3723,0.0060788477,0.3621633,0.995149810981678,1.0
Dmel_CG31335,0.0060788477,0.4568854,0.995149810981678,1.0
Dmel_CR44209,0.0060788477,0.33202267,0.995149810981678,1.0
Dmel_CG14394,0.0060788477,0.38787496,0.995149810981678,1.0
Dmel_CG9079,0.0060788477,0.09067343,0.995149810981678,1.0
Dmel_CG9806,0.0060788477,0.3033114,0.995149810981678,1.0
Dmel_CG44426,0.0060788477,0.35681614,0.995149810981678,1.0
Dmel_CG17470,0.0060788477,0.5080518,0.995149810981678,1.0
Dmel_CG31787,0.0060788477,0.117103696,0.995149810981678,1.0
Dmel_CR43990,0.0060780756,-0.023206072,0.9951504271841031,1.0
Dmel_CG4637,0.0060780756,0.090711884,0.9951504271841031,1.0
Dmel_CG11356,0.0060780756,0.15118058,0.9951504271841031,1.0
Dmel_CG31404,0.0060780756,0.14459008,0.9951504271841031,1.0
Dmel_CG10296,0.0060780756,-0.17839466,0.9951504271841031,1.0
Dmel_CG43312,0.0060780756,0.032159552,0.9951504271841031,1.0
Dmel_CR45355,0.0060780756,0.11436867,0.9951504271841031,1.0
Dmel_CR34580,0.0060780756,0.16201378,0.9951504271841031,1.0
Dmel_CR44964,0.0060780756,0.06280787,0.9951504271841031,1.0
Dmel_CG12995,0.0060780756,-0.002341188,0.9951504271841031,1.0
Dmel_CG42269,0.0060780756,0.2172728,0.9951504271841031,1.0
Dmel_CR44710,0.0060780756,0.13299724,0.9951504271841031,1.0
Dmel_CG6361,0.0060780756,0.058391396,0.9951504271841031,1.0
Dmel_CG5389,0.006077303,-0.051964533,0.995151043386531,1.0
Dmel_CG10063,0.006077303,0.068590865,0.995151043386531,1.0
Dmel_CG3524,0.006077303,0.29979154,0.995151043386531,1.0
Dmel_CG13711,0.006077303,-0.022715792,0.995151043386531,1.0
Dmel_CG30195,0.006077303,0.2197455,0.995151043386531,1.0
Dmel_CG6864,0.006076531,-0.34829816,0.9951516595889619,1.0
Dmel_CR43866,0.006076531,-0.11300139,0.9951516595889619,1.0
Dmel_CG33773,0.006076531,-0.048137613,0.9951516595889619,1.0
Dmel_CG11136,0.006076531,-0.21620753,0.9951516595889619,1.0
Dmel_CG13214,0.006076531,-0.19114828,0.9951516595889619,1.0
Dmel_CR34586,0.006076531,-0.0025829058,0.9951516595889619,1.0
Dmel_CR34600,0.0060757585,-0.23978382,0.9951522757913958,1.0
Dmel_CG7384,0.0060757585,-0.25771618,0.9951522757913958,1.0
Dmel_CG15302,0.0060757585,-0.57999676,0.9951522757913958,1.0
Dmel_CR44553,0.0060757585,-0.5074423,0.9951522757913958,1.0
Dmel_CR42755,0.0060757585,-0.16297793,0.9951522757913958,1.0
Dmel_CR44962,0.0060757585,-0.32866538,0.9951522757913958,1.0
Dmel_CG33458,0.0060749864,-0.67709315,0.9951528919938324,1.0
Dmel_CG32985,0.0060749864,-0.4688597,0.9951528919938324,1.0
Dmel_CR45371,0.0060749864,-0.7891837,0.9951528919938324,1.0
Dmel_CG15879,0.006074214,-0.464612,0.9951535081962719,1.0
Dmel_CR46251,0.006074214,-0.15553899,0.9951535081962719,1.0
Dmel_CG18106,0.0060649463,-0.13375719,0.9951609026257721,1.0
Dmel_CG7897,0.0059367428,-0.14327429,0.9952631922762202,1.0
Dmel_CG11020,0.0057189516,0.21665558,0.9954369616190097,1.0
Dmel_CG13906,0.005716635,0.14294662,0.9954388102302175,1.0
Dmel_CG7227,0.0054389895,0.82962185,0.995660335647708,1.0
Dmel_CG13646,0.0054351278,0.33940125,0.9956634166712117,1.0
Dmel_CG14406,0.0054343557,0.37811872,0.9956640328759203,1.0
Dmel_CG11664,0.005433583,0.2814973,0.9956646490806315,1.0
Dmel_CR42439,0.005433583,0.5078524,0.9956646490806315,1.0
Dmel_CG31202,0.005433583,0.16759436,0.9956646490806315,1.0
Dmel_CG13856,0.005432811,0.16137551,0.9956652652853452,1.0
Dmel_CR46050,0.005432811,0.009073691,0.9956652652853452,1.0
Dmel_CG30362,0.005432811,0.06034544,0.9956652652853452,1.0
Dmel_CG3491,0.005432811,0.16913864,0.9956652652853452,1.0
Dmel_CG32436,0.0054320386,0.07567099,0.9956658814900614,1.0
Dmel_CG14856,0.0054320386,0.37725735,0.9956658814900614,1.0
Dmel_CG18290,0.0054320386,-0.056520216,0.9956658814900614,1.0
Dmel_CG32199,0.0054312665,-0.006027068,0.9956664976947802,1.0
Dmel_CR46144,0.0054312665,0.059324622,0.9956664976947802,1.0
Dmel_CR42860,0.005430494,0.11947078,0.9956671138995017,1.0
Dmel_CR45811,0.005430494,-0.09379978,0.9956671138995017,1.0
Dmel_CG3344,0.005430494,-0.011837599,0.9956671138995017,1.0
Dmel_CR45014,0.005429722,0.017738841,0.9956677301042258,1.0
Dmel_CG15708,0.005429722,-0.03487555,0.9956677301042258,1.0
Dmel_CR45425,0.005429722,-0.22230242,0.9956677301042258,1.0
Dmel_CG31245,0.005429722,-0.14395793,0.9956677301042258,1.0
Dmel_CG8756,0.005429722,-0.1087071,0.9956677301042258,1.0
Dmel_CG16898,0.005427405,-0.35885206,0.9956695787184134,1.0
Dmel_CG5888,0.0051767905,-0.10502816,0.9958695372881963,1.0
Dmel_CG1602,0.005150532,-0.11256093,0.995890488278382,1.0
Dmel_CG15362,0.005117709,-0.009278063,0.9959166770200971,1.0
Dmel_CR46372,0.005033913,-0.027371276,0.9959835353570665,1.0
Dmel_CG10021,0.0050269626,-0.08708987,0.9959890812111758,1.0
Dmel_CR45340,0.0050138333,-0.26699758,0.9959995567139107,1.0
Dmel_CG31689,0.0049273344,0.02337143,0.996068571807906,1.0
Dmel_CG6375,0.004874431,-0.13735127,0.996110781946888,1.0
Dmel_CG4741,0.004874045,-0.03568707,0.9961110900501324,1.0
Dmel_CG7910,0.0047898632,0.34968048,0.9961782565711765,1.0
Dmel_CG17213,0.0047898632,0.44000947,0.9961782565711765,1.0
Dmel_CG13708,0.004789091,0.2425024,0.9961788727779177,1.0
Dmel_CG8661,0.0047883186,0.14954238,0.9961794889846612,1.0
Dmel_CG34291,0.004786774,0.17973073,0.996180721398155,1.0
Dmel_CR43571,0.004786002,0.16334948,0.9961813376049052,1.0
Dmel_CR44748,0.004786002,0.023079388,0.9961813376049052,1.0
Dmel_CG12362,0.0047852295,-0.024811266,0.9961819538116579,1.0
Dmel_CG10924,0.0047852295,0.025547622,0.9961819538116579,1.0
Dmel_CG43111,0.0047852295,0.17283534,0.9961819538116579,1.0
Dmel_CG33542,0.0047844574,-0.055473708,0.9961825700184127,1.0
Dmel_CG6661,0.0047844574,-0.057218093,0.9961825700184127,1.0
Dmel_CR44333,0.0047844574,-0.08736831,0.9961825700184127,1.0
Dmel_CG13457,0.004783685,0.022978485,0.9961831862251699,1.0
Dmel_CR46134,0.004783685,-0.15836626,0.9961831862251699,1.0
Dmel_CG43125,0.004782913,-0.123572744,0.9961838024319293,1.0
Dmel_CR46357,0.0047821403,-0.4563496,0.9961844186386909,1.0
Dmel_CG1774,0.004781368,-0.7199724,0.9961850348454548,1.0
Dmel_CG31558,0.0047805957,-0.30138996,0.9961856510522211,1.0
Dmel_CG13011,0.0047805957,-0.34625804,0.9961856510522211,1.0
Dmel_CG15148,0.0047798236,-0.60848117,0.9961862672589896,1.0
Dmel_CR34546,0.0047798236,-0.5011867,0.9961862672589896,1.0
Dmel_CG4249,0.0047798236,-0.70679736,0.9961862672589896,1.0
Dmel_CR44395,0.0047798236,-0.3642142,0.9961862672589896,1.0
Dmel_CG12172,0.0047782785,-0.43285862,0.9961874996725335,1.0
Dmel_CR45966,0.004775962,-0.54466844,0.9961893482928663,1.0
Dmel_CR43517,0.0046805814,0.06515223,0.9962654498475398,1.0
Dmel_CR44776,0.004631154,-0.022838658,0.9963048871038563,1.0
Dmel_CG4582,0.004368955,-0.17302158,0.9965140895731204,1.0
Dmel_CG6347,0.0041461433,0.5435204,0.9966918656453458,1.0
Dmel_CG8799,0.0041461433,0.42822012,0.9966918656453458,1.0
Dmel_CR44053,0.004143054,0.19730537,0.996694330479411,1.0
Dmel_CG7309,0.0041407375,0.099177375,0.9966961791049805,1.0
Dmel_CG12743,0.004139193,-0.020579146,0.9966974115220368,1.0
Dmel_CG13869,0.0041384203,0.023772346,0.9966980277305678,1.0
Dmel_CG13332,0.004137648,0.006050976,0.9966986439391009,1.0
Dmel_CG9864,0.004137648,0.17290805,0.9966986439391009,1.0
Dmel_CG5002,0.0041368757,-0.050800983,0.9966992601476359,1.0
Dmel_CG2241,0.004136103,-0.06823073,0.9966998763561729,1.0
Dmel_CG43108,0.0041337865,-0.21251868,0.9967017249817957,1.0
Dmel_CG12970,0.0041337865,-0.23466128,0.9967017249817957,1.0
Dmel_CR43981,0.0041306973,-0.25837854,0.9967041898159869,1.0
Dmel_CG3433,0.004080883,-0.15832812,0.9967439352716465,1.0
Dmel_CG12674,0.003703224,-0.3248263,0.997045261540111,1.0
Dmel_CG1925,0.0035730898,-0.05286026,0.997149092879659,1.0
Dmel_CR45564,0.0035047403,0.3889072,0.997203627460236,1.0
Dmel_CG30376,0.0035024234,0.24079855,0.9972054760903165,1.0
Dmel_CG32641,0.0034977896,0.16700079,0.9972091733505223,1.0
Dmel_CG12800,0.0034977896,0.21295978,0.9972091733505223,1.0
Dmel_CR45467,0.0034931558,0.023204083,0.9972128706107881,1.0
Dmel_CG9138,0.0034916112,-0.046484903,0.99721410303089,1.0
Dmel_CG18537,0.0034916112,-0.08004343,0.99721410303089,1.0
Dmel_CG12869,0.0031510226,0.2788533,0.9974858518204192,1.0
Dmel_CG31019,0.0031108626,0.035827704,0.9975178947814207,1.0
Dmel_CR31781,0.0030189578,-0.09785799,0.9975912238802309,1.0
Dmel_CR43857,0.002996947,-0.026089277,0.9976087858943335,1.0
Dmel_CG7161,0.0029533114,-0.040957276,0.997643601820445,1.0
Dmel_CG13788,0.0028992498,-0.08668815,0.9976867366023738,1.0
Dmel_CG6927,0.002854842,0.24622308,0.9977221687497358,1.0
Dmel_CR44822,0.0028502082,0.058286514,0.9977258660175466,1.0
Dmel_CG5560,0.002847119,-0.0020442328,0.997728330862781,1.0
Dmel_CG1077,0.0028463465,0.086983554,0.997728947074093,1.0
Dmel_CG12507,0.0028432573,-0.10110907,0.9977314119193544,1.0
Dmel_CR43765,0.0028409404,-0.07765094,0.9977332605533148,1.0
Dmel_CG13024,0.0028378512,-0.23255596,0.9977357253986141,1.0
Dmel_CG7264,0.0028370789,-0.38813564,0.9977363416099423,1.0
Dmel_CG13075,0.0028363066,-0.49850455,0.9977369578212718,1.0
Dmel_CG15835,0.0025293136,-0.11242841,0.9979819019278322,1.0
Dmel_CG4120,0.0024567165,-0.019516375,0.9980398258458476,1.0
Dmel_CG14050,0.0024513104,-0.042721923,0.9980441393295212,1.0
Dmel_CG31410,0.0024513104,-0.06470175,0.9980441393295212,1.0
Dmel_CG3505,0.002440498,-0.015498058,0.9980527662970397,1.0
Dmel_CG8646,0.0023848917,-0.22633444,0.9980971335621369,1.0
Dmel_CR45152,0.002205716,0.07586077,0.9982400947890054,1.0
Dmel_CG4715,0.0021902698,-0.21443439,0.9982524190354118,1.0
Dmel_CR44219,0.002186408,-0.31633586,0.9982555000970786,1.0
Dmel_CG11797,0.0018041149,-0.10517241,0.9985605253234316,1.0
Dmel_CG34430,0.001569719,0.18678255,0.9987475459478841,1.0
Dmel_CR45812,0.0015612236,0.08438294,0.9987543242914754,1.0
Dmel_CG42763,0.0015504112,-0.042053707,0.9987629512743579,1.0
Dmel_CG31415,0.0014627541,0.0521374,0.9988328914622636,1.0
Dmel_CG9330,0.0012163874,-0.0981529,0.9990294634904161,1.0
Dmel_CG3851,0.0010866395,-0.2987387,0.9991329873415925,1.0
Dmel_CG30401,0.0010673316,-0.44060567,0.9991483926778789,1.0
Dmel_CG9691,0.00095843605,-0.09234185,0.9992352787803123,1.0
Dmel_CR46021,0.0009267714,0.2270457,0.9992605435352496,1.0
Dmel_CG43085,0.00091827597,0.15846005,0.9992673218842625,1.0
Dmel_CG32026,0.0009144144,-0.13095978,0.9992704029520131,1.0
Dmel_CG15425,0.00090900826,0.023665616,0.9992747164468823,1.0
Dmel_CG7056,0.00090205745,-0.10215943,0.9992802623688879,1.0
Dmel_CR44632,0.00088506663,-0.51472944,0.99929381906727,1.0
Dmel_CG18108,0.00060201524,-0.22047813,0.9995196613650259,1.0
Dmel_CG9345,0.0005050904,-0.08577607,0.9995969961861562,1.0
Dmel_CG6652,0.00043094868,-0.33655953,0.999656152705312,1.0
Dmel_CG42599,0.00032977614,-0.1907006,0.9997368767083958,1.0
Dmel_CG8317,0.00026837754,0.09330603,0.9997858657039997,1.0
Dmel_CG9772,0.0002660606,0.03902034,0.9997877143453603,1.0
Dmel_CG13716,0.0002567929,-0.1602766,0.9997951089108136,1.0
Dmel_CG18550,0.0002567929,-0.057831455,0.9997951089108136,1.0
Dmel_CR43314,0.00025524828,-0.09593202,0.9997963413383909,1.0
Dmel_CG3557,0.00024134672,-0.29534605,0.9998074331866079,1.0
Dmel_CG9707,0.00023980209,-0.2565273,0.9998086656141899,1.0
Dmel_CG7487,0.00014519418,-0.012133993,0.9998841518043458,1.0
Dmel_CG33268,0.0,0.0,1.0,1.0
Dmel_CG14387,0.0,0.0,1.0,1.0
Dmel_CG43109,0.0,0.0,1.0,1.0
Dmel_CG12423,0.0,0.0,1.0,1.0
Dmel_CG15178,0.0,0.0,1.0,1.0
Dmel_CG5762,0.0,0.0,1.0,1.0
Dmel_CG13997,0.0,0.0,1.0,1.0
Dmel_CR34584,0.0,0.0,1.0,1.0
Dmel_CG10838,0.0,0.0,1.0,1.0
Dmel_CG15599,0.0,0.0,1.0,1.0
Dmel_CR45647,0.0,0.0,1.0,1.0
Dmel_CG7960,0.0,0.0,1.0,1.0
Dmel_CG30375,0.0,0.0,1.0,1.0
Dmel_CG5089,0.0,0.0,1.0,1.0
Dmel_CG46059,0.0,0.0,1.0,1.0
Dmel_CG31948,0.0,0.0,1.0,1.0
Dmel_CG30432,0.0,0.0,1.0,1.0
Dmel_CG5137,0.0,0.0,1.0,1.0
Dmel_CR45269,0.0,0.0,1.0,1.0
Dmel_CG14925,0.0,0.0,1.0,1.0
Dmel_CG3510,0.0,0.0,1.0,1.0
Dmel_CG8138,0.0,0.0,1.0,1.0
Dmel_CR46101,0.0,0.0,1.0,1.0
Dmel_CR43642,0.0,0.0,1.0,1.0
Dmel_CG31454,0.0,0.0,1.0,1.0
Dmel_CG2854,0.0,0.0,1.0,1.0
Dmel_CG34168,0.0,0.0,1.0,1.0
Dmel_CG8838,0.0,0.0,1.0,1.0
Dmel_CR44511,0.0,0.0,1.0,1.0
Dmel_CG17212,0.0,0.0,1.0,1.0
Dmel_CG6696,0.0,0.0,1.0,1.0
Dmel_CG7929,0.0,0.0,1.0,1.0
Dmel_CG17377,0.0,0.0,1.0,1.0
Dmel_CG4371,0.0,0.0,1.0,1.0
Dmel_CG11291,0.0,0.0,1.0,1.0
Dmel_CG9481,0.0,0.0,1.0,1.0
Dmel_CG13676,0.0,0.0,1.0,1.0
Dmel_CG42688,0.0,0.0,1.0,1.0
Dmel_CG18747,0.0,0.0,1.0,1.0
Dmel_CG5338,0.0,0.0,1.0,1.0
Dmel_CG18131,0.0,0.0,1.0,1.0
Dmel_CR34554,0.0,0.0,1.0,1.0
Dmel_CG12943,0.0,0.0,1.0,1.0
Dmel_CG33140,0.0,0.0,1.0,1.0
Dmel_CG4681,0.0,0.0,1.0,1.0
Dmel_CR9284,0.0,0.0,1.0,1.0
Dmel_CG43638,0.0,0.0,1.0,1.0
Dmel_CG10317,0.0,0.0,1.0,1.0
Dmel_CG4349,0.0,0.0,1.0,1.0
Dmel_CR46216,0.0,0.0,1.0,1.0
Dmel_CG31141,0.0,0.0,1.0,1.0
Dmel_CG3124,0.0,0.0,1.0,1.0
Dmel_CG15531,0.0,0.0,1.0,1.0
Dmel_CG4995,0.0,0.0,1.0,1.0
Dmel_CG32058,0.0,0.0,1.0,1.0
Dmel_CG14740,0.0,0.0,1.0,1.0
Dmel_CG5614,0.0,0.0,1.0,1.0
Dmel_CG11251,0.0,0.0,1.0,1.0
Dmel_CG8492,0.0,0.0,1.0,1.0
Dmel_CG18155,0.0,0.0,1.0,1.0
Dmel_CG14718,0.0,0.0,1.0,1.0
Dmel_CG16964,0.0,0.0,1.0,1.0
Dmel_CG34241,0.0,0.0,1.0,1.0
Dmel_CG10478,0.0,0.0,1.0,1.0
Dmel_CR42991,0.0,0.0,1.0,1.0
Dmel_CR43413,0.0,0.0,1.0,1.0
Dmel_CG31740,0.0,0.0,1.0,1.0
Dmel_CG11637,0.0,0.0,1.0,1.0
Dmel_CG31468,0.0,0.0,1.0,1.0
Dmel_CG32087,0.0,0.0,1.0,1.0
Dmel_CG31709,0.0,0.0,1.0,1.0
Dmel_CG3258,0.0,0.0,1.0,1.0
Dmel_CG12047,0.0,0.0,1.0,1.0
Dmel_CG17946,0.0,0.0,1.0,1.0
Dmel_CG30369,0.0,0.0,1.0,1.0
Dmel_CG43190,0.0,0.0,1.0,1.0
Dmel_CG18396,0.0,0.0,1.0,1.0
Dmel_CG15510,0.0,0.0,1.0,1.0
Dmel_CG17856,0.0,0.0,1.0,1.0
Dmel_CG1988,0.0,0.0,1.0,1.0
Dmel_CG1984,0.0,0.0,1.0,1.0
Dmel_CG32063,0.0,0.0,1.0,1.0
Dmel_CG32268,0.0,0.0,1.0,1.0
Dmel_CG6140,0.0,0.0,1.0,1.0
Dmel_CG9920,0.0,0.0,1.0,1.0
Dmel_CR45403,0.0,0.0,1.0,1.0
Dmel_CG5111,0.0,0.0,1.0,1.0
Dmel_CG1546,0.0,0.0,1.0,1.0
Dmel_CG2955,0.0,0.0,1.0,1.0
Dmel_CG1980,0.0,0.0,1.0,1.0
Dmel_CG17930,0.0,0.0,1.0,1.0
Dmel_CG11106,0.0,0.0,1.0,1.0
Dmel_CG14355,0.0,0.0,1.0,1.0
Dmel_CR43009,0.0,0.0,1.0,1.0
Dmel_CR42836,0.0,0.0,1.0,1.0
Dmel_CR45372,0.0,0.0,1.0,1.0
Dmel_CR45949,0.0,0.0,1.0,1.0
Dmel_CG12334,0.0,0.0,1.0,1.0
Dmel_CG34034,0.0,0.0,1.0,1.0
Dmel_CR34545,0.0,0.0,1.0,1.0
Dmel_CR44853,0.0,0.0,1.0,1.0
Dmel_CG5024,0.0,0.0,1.0,1.0
Dmel_CG17934,0.0,0.0,1.0,1.0
Dmel_CG17732,0.0,0.0,1.0,1.0
Dmel_CG14017,0.0,0.0,1.0,1.0
Dmel_CG15256,0.0,0.0,1.0,1.0
Dmel_CG11719,0.0,0.0,1.0,1.0
Dmel_CG15189,0.0,0.0,1.0,1.0
Dmel_CG4218,0.0,0.0,1.0,1.0
Dmel_CG14949,0.0,0.0,1.0,1.0
Dmel_CG12307,0.0,0.0,1.0,1.0
Dmel_CG17935,0.0,0.0,1.0,1.0
Dmel_CG33970,-0.00025949598,-0.10443499,0.9997929521625545,1.0
Dmel_CG7408,-0.0003830655,0.0018562161,0.9996943579582919,1.0
Dmel_CR43465,-0.00038615474,-0.021714218,0.9996918931032388,1.0
Dmel_CG7014,-0.0004155025,-0.37023038,0.999668476980385,1.0
Dmel_CR43458,-0.0006456507,0.47678703,0.9994848452916041,1.0
Dmel_CG9188,-0.0006456507,0.6153287,0.9994848452916041,1.0
Dmel_CR34552,-0.0006456507,0.32216612,0.9994848452916041,1.0
Dmel_CG13321,-0.0006456507,0.086553566,0.9994848452916041,1.0
Dmel_CR34609,-0.0006456507,0.54346657,0.9994848452916041,1.0
Dmel_CG32106,-0.0006456507,-0.06393823,0.9994848452916041,1.0
Dmel_CG11611,-0.0006456507,0.61863947,0.9994848452916041,1.0
Dmel_CG14127,-0.0006456507,1.3617674,0.9994848452916041,1.0
Dmel_CG17375,-0.0006456507,2.1329885,0.9994848452916041,1.0
Dmel_CG4105,-0.0006456507,1.8590474,0.9994848452916041,1.0
Dmel_CG42841,-0.0006456507,-0.06610557,0.9994848452916041,1.0
Dmel_CG33768,-0.0006456507,0.36883947,0.9994848452916041,1.0
Dmel_CG17991,-0.0006456507,0.046575077,0.9994848452916041,1.0
Dmel_CR44793,-0.0006456507,0.47831938,0.9994848452916041,1.0
Dmel_CR45400,-0.0006456507,1.2751818,0.9994848452916041,1.0
Dmel_CG17636,-0.0006456507,0.3836134,0.9994848452916041,1.0
Dmel_CG4569,-0.0006456507,0.46389896,0.9994848452916041,1.0
Dmel_CG7804,-0.0006456507,1.1074135,0.9994848452916041,1.0
Dmel_CR45264,-0.0006456507,0.7391077,0.9994848452916041,1.0
Dmel_CG12115,-0.0006456507,0.11108653,0.9994848452916041,1.0
Dmel_CG14566,-0.0006456507,0.19580758,0.9994848452916041,1.0
Dmel_CR45956,-0.0006456507,0.2605378,0.9994848452916041,1.0
Dmel_CG45546,-0.0006456507,0.3205729,0.9994848452916041,1.0
Dmel_CG15696,-0.0006456507,0.8498757,0.9994848452916041,1.0
Dmel_CR34678,-0.0006456507,1.3207449,0.9994848452916041,1.0
Dmel_CG12045,-0.0006456507,0.18464527,0.9994848452916041,1.0
Dmel_CG4394,-0.0006456507,0.8796163,0.9994848452916041,1.0
Dmel_CG34428,-0.0006456507,0.618562,0.9994848452916041,1.0
Dmel_CR43297,-0.0006456507,0.16829804,0.9994848452916041,1.0
Dmel_CG42826,-0.0006456507,0.55680513,0.9994848452916041,1.0
Dmel_CG2901,-0.0006456507,0.7084128,0.9994848452916041,1.0
Dmel_CG10750,-0.0006456507,0.4223795,0.9994848452916041,1.0
Dmel_CR34525,-0.0006456507,0.845428,0.9994848452916041,1.0
Dmel_CR44982,-0.0006456507,0.523769,0.9994848452916041,1.0
Dmel_CR46081,-0.0006456507,0.27044937,0.9994848452916041,1.0
Dmel_CG32806,-0.0006456507,-0.056627944,0.9994848452916041,1.0
Dmel_CG15564,-0.0006456507,0.19544137,0.9994848452916041,1.0
Dmel_CG7295,-0.0006456507,-0.020003559,0.9994848452916041,1.0
Dmel_CG18136,-0.0006456507,0.27510452,0.9994848452916041,1.0
Dmel_CR44976,-0.0006456507,0.022465128,0.9994848452916041,1.0
Dmel_CG31662,-0.0006456507,0.67969954,0.9994848452916041,1.0
Dmel_CG32633,-0.0006456507,0.081013925,0.9994848452916041,1.0
Dmel_CG5430,-0.0006456507,0.04544451,0.9994848452916041,1.0
Dmel_CG32121,-0.0006456507,0.05224723,0.9994848452916041,1.0
Dmel_CG13670,-0.0006456507,0.016671471,0.9994848452916041,1.0
Dmel_CG4478,-0.0006456507,0.13038138,0.9994848452916041,1.0
Dmel_CR33504,-0.0006456507,-0.06979449,0.9994848452916041,1.0
Dmel_CG10950,-0.0006456507,0.037755817,0.9994848452916041,1.0
Dmel_CG4734,-0.0006456507,0.034897998,0.9994848452916041,1.0
Dmel_CG9173,-0.0006456507,0.20334366,0.9994848452916041,1.0
Dmel_CG2692,-0.0006456507,0.5453555,0.9994848452916041,1.0
Dmel_CG7330,-0.0006456507,0.64068276,0.9994848452916041,1.0
Dmel_CR45924,-0.0006456507,0.2711459,0.9994848452916041,1.0
Dmel_CG43449,-0.0006456507,0.26535508,0.9994848452916041,1.0
Dmel_CR44537,-0.0006456507,0.99325126,0.9994848452916041,1.0
Dmel_CG2990,-0.0006456507,0.070100985,0.9994848452916041,1.0
Dmel_CG32483,-0.0006456507,0.30307436,0.9994848452916041,1.0
Dmel_CR45352,-0.0006456507,0.96726626,0.9994848452916041,1.0
Dmel_CG18649,-0.0006456507,-0.052218776,0.9994848452916041,1.0
Dmel_CG33703,-0.0006456507,0.6064699,0.9994848452916041,1.0
Dmel_CR45272,-0.0006456507,0.10401906,0.9994848452916041,1.0
Dmel_CR45415,-0.0006456507,0.119337454,0.9994848452916041,1.0
Dmel_CG13374,-0.0006456507,0.9154902,0.9994848452916041,1.0
Dmel_CG13653,-0.0006456507,0.2586681,0.9994848452916041,1.0
Dmel_CG10683,-0.0006456507,0.6811961,0.9994848452916041,1.0
Dmel_CR43881,-0.0006456507,0.09353703,0.9994848452916041,1.0
Dmel_CG32198,-0.0006456507,0.059574693,0.9994848452916041,1.0
Dmel_CR46132,-0.0006456507,1.1071795,0.9994848452916041,1.0
Dmel_CG8638,-0.0006456507,0.5798633,0.9994848452916041,1.0
Dmel_CG8170,-0.0006456507,0.43118668,0.9994848452916041,1.0
Dmel_CG31327,-0.0006456507,0.5340122,0.9994848452916041,1.0
Dmel_CG33121,-0.0006456507,0.0024983848,0.9994848452916041,1.0
Dmel_CG3964,-0.0006456507,1.0476227,0.9994848452916041,1.0
Dmel_CG9871,-0.0006456507,1.401975,0.9994848452916041,1.0
Dmel_CG8425,-0.0006456507,0.45972234,0.9994848452916041,1.0
Dmel_CR42407,-0.0006456507,0.05322425,0.9994848452916041,1.0
Dmel_CG13873,-0.0006456507,0.5489293,0.9994848452916041,1.0
Dmel_CG15128,-0.000646423,-0.95232314,0.9994842290779238,1.0
Dmel_CG5421,-0.000646423,-1.5459273,0.9994842290779238,1.0
Dmel_CR34542,-0.000646423,-0.57581764,0.9994842290779238,1.0
Dmel_CG13939,-0.000646423,-1.0205653,0.9994842290779238,1.0
Dmel_CG32859,-0.000646423,-0.7694722,0.9994842290779238,1.0
Dmel_CG10104,-0.000646423,-0.7083127,0.9994842290779238,1.0
Dmel_CG10996,-0.000646423,-1.8801435,0.9994842290779238,1.0
Dmel_CR43593,-0.000646423,-1.1711315,0.9994842290779238,1.0
Dmel_CR45617,-0.000646423,-0.27164307,0.9994842290779238,1.0
Dmel_CR45295,-0.000646423,-1.3244436,0.9994842290779238,1.0
Dmel_CG40298,-0.000646423,-2.0606034,0.9994842290779238,1.0
Dmel_CG14644,-0.000646423,-0.38230428,0.9994842290779238,1.0
Dmel_CG11630,-0.000646423,-1.17133,0.9994842290779238,1.0
Dmel_CR44560,-0.000646423,-1.8351885,0.9994842290779238,1.0
Dmel_CR44671,-0.000646423,-0.83919704,0.9994842290779238,1.0
Dmel_CR44201,-0.000646423,-0.27783248,0.9994842290779238,1.0
Dmel_CG8303,-0.000646423,-0.4257296,0.9994842290779238,1.0
Dmel_CG13675,-0.000646423,-0.32790503,0.9994842290779238,1.0
Dmel_CR44524,-0.000646423,-1.4542555,0.9994842290779238,1.0
Dmel_CR45450,-0.000646423,-1.1702815,0.9994842290779238,1.0
Dmel_CG13471,-0.000646423,-0.65546244,0.9994842290779238,1.0
Dmel_CR45908,-0.000646423,-0.7892754,0.9994842290779238,1.0
Dmel_CG17929,-0.000646423,-1.3408037,0.9994842290779238,1.0
Dmel_CR45338,-0.000646423,-0.6289951,0.9994842290779238,1.0
Dmel_CG17173,-0.000646423,-0.60623837,0.9994842290779238,1.0
Dmel_CG31546,-0.000646423,-1.1596807,0.9994842290779238,1.0
Dmel_CG7005,-0.000646423,-0.15114908,0.9994842290779238,1.0
Dmel_CR31877,-0.000646423,-1.010656,0.9994842290779238,1.0
Dmel_CR45319,-0.000646423,-0.54789543,0.9994842290779238,1.0
Dmel_CG43165,-0.000646423,-0.18184772,0.9994842290779238,1.0
Dmel_CG14227,-0.000646423,-0.7952718,0.9994842290779238,1.0
Dmel_CG31872,-0.000646423,-2.102742,0.9994842290779238,1.0
Dmel_CR43848,-0.000646423,-0.6605023,0.9994842290779238,1.0
Dmel_CG2595,-0.000646423,-1.5030066,0.9994842290779238,1.0
Dmel_CG13423,-0.000646423,-0.7059546,0.9994842290779238,1.0
Dmel_CG45413,-0.000646423,-0.19035898,0.9994842290779238,1.0
Dmel_CG33136,-0.000646423,-0.29579288,0.9994842290779238,1.0
Dmel_CG15641,-0.000646423,-2.1550329,0.9994842290779238,1.0
Dmel_CR44354,-0.000646423,-1.0213538,0.9994842290779238,1.0
Dmel_CG8540,-0.000646423,-0.6225697,0.9994842290779238,1.0
Dmel_CG15414,-0.000646423,-1.0254562,0.9994842290779238,1.0
Dmel_CG7526,-0.000646423,-0.33912265,0.9994842290779238,1.0
Dmel_CR46252,-0.000646423,-0.7241734,0.9994842290779238,1.0
Dmel_CR44400,-0.000646423,-0.6588858,0.9994842290779238,1.0
Dmel_CG8695,-0.000646423,-0.37373114,0.9994842290779238,1.0
Dmel_CG31380,-0.000646423,-2.4333649,0.9994842290779238,1.0
Dmel_CG43333,-0.000646423,-0.94688445,0.9994842290779238,1.0
Dmel_CG30340,-0.000646423,-0.43103868,0.9994842290779238,1.0
Dmel_CR43876,-0.000646423,-0.9283614,0.9994842290779238,1.0
Dmel_CG13230,-0.000646423,-0.12491864,0.9994842290779238,1.0
Dmel_CG42812,-0.000646423,-1.1592298,0.9994842290779238,1.0
Dmel_CG44094,-0.000646423,-0.776351,0.9994842290779238,1.0
Dmel_CG1169,-0.000646423,-0.29817322,0.9994842290779238,1.0
Dmel_CR34594,-0.000646423,-1.2668138,0.9994842290779238,1.0
Dmel_CR44087,-0.000646423,-0.79462624,0.9994842290779238,1.0
Dmel_CR34568,-0.000646423,-0.6267831,0.9994842290779238,1.0
Dmel_CG11353,-0.000646423,-0.832051,0.9994842290779238,1.0
Dmel_CG6132,-0.000646423,-1.3363008,0.9994842290779238,1.0
Dmel_CG7573,-0.000646423,-0.5702847,0.9994842290779238,1.0
Dmel_CR43763,-0.000646423,-1.1260678,0.9994842290779238,1.0
Dmel_CR45964,-0.000646423,-0.26429716,0.9994842290779238,1.0
Dmel_CG43935,-0.000646423,-1.6402102,0.9994842290779238,1.0
Dmel_CR42738,-0.000646423,-0.9595365,0.9994842290779238,1.0
Dmel_CR44338,-0.000646423,-0.11625269,0.9994842290779238,1.0
Dmel_CG31493,-0.000646423,-1.0725766,0.9994842290779238,1.0
Dmel_CG13949,-0.000646423,-1.910966,0.9994842290779238,1.0
Dmel_CG13930,-0.000646423,-0.754019,0.9994842290779238,1.0
Dmel_CG31028,-0.000646423,-0.90253663,0.9994842290779238,1.0
Dmel_CG15757,-0.000646423,-1.2175297,0.9994842290779238,1.0
Dmel_CG14658,-0.000646423,-2.077268,0.9994842290779238,1.0
Dmel_CG33306,-0.000646423,-0.9338421,0.9994842290779238,1.0
Dmel_CG3457,-0.000646423,-1.616024,0.9994842290779238,1.0
Dmel_CG30088,-0.000646423,-0.6903306,0.9994842290779238,1.0
Dmel_CG6739,-0.000646423,-1.20664,0.9994842290779238,1.0
Dmel_CG13787,-0.000646423,-0.5874288,0.9994842290779238,1.0
Dmel_CR44733,-0.000646423,-0.5323673,0.9994842290779238,1.0
Dmel_CR44066,-0.000646423,-1.2839998,0.9994842290779238,1.0
Dmel_CR44302,-0.000646423,-1.9912639,0.9994842290779238,1.0
Dmel_CG14891,-0.000646423,-0.16793936,0.9994842290779238,1.0
Dmel_CG5873,-0.000646423,-0.7267143,0.9994842290779238,1.0
Dmel_CG14902,-0.000646423,-0.27908346,0.9994842290779238,1.0
Dmel_CR45082,-0.000646423,-0.9470872,0.9994842290779238,1.0
Dmel_CG12442,-0.000646423,-0.29090995,0.9994842290779238,1.0
Dmel_CR45246,-0.000646423,-0.43513548,0.9994842290779238,1.0
Dmel_CG8785,-0.000646423,-0.89948744,0.9994842290779238,1.0
Dmel_CG10211,-0.000646423,-0.7528076,0.9994842290779238,1.0
Dmel_CG13443,-0.000646423,-1.5772016,0.9994842290779238,1.0
Dmel_CR45247,-0.000646423,-0.89149374,0.9994842290779238,1.0
Dmel_CG3473,-0.000646423,-0.6609798,0.9994842290779238,1.0
Dmel_CG8335,-0.000646423,-0.56653976,0.9994842290779238,1.0
Dmel_CG42355,-0.000646423,-0.66894007,0.9994842290779238,1.0
Dmel_CG42753,-0.000646423,-0.7178139,0.9994842290779238,1.0
Dmel_CG5361,-0.000646423,-0.6367405,0.9994842290779238,1.0
Dmel_CG42604,-0.000646423,-0.33276093,0.9994842290779238,1.0
Dmel_CG14936,-0.000646423,-0.65300304,0.9994842290779238,1.0
Dmel_CG14931,-0.000646423,-0.3973726,0.9994842290779238,1.0
Dmel_CG31482,-0.000646423,-0.6533374,0.9994842290779238,1.0
Dmel_CG15450,-0.000646423,-0.7010618,0.9994842290779238,1.0
Dmel_CG31189,-0.000646423,-0.49235207,0.9994842290779238,1.0
Dmel_CG7691,-0.000646423,-0.11538745,0.9994842290779238,1.0
Dmel_CR46241,-0.000646423,-0.57560486,0.9994842290779238,1.0
Dmel_CG14095,-0.000646423,-0.4789981,0.9994842290779238,1.0
Dmel_CG6244,-0.000646423,-0.84474796,0.9994842290779238,1.0
Dmel_CG11775,-0.000646423,-0.6053369,0.9994842290779238,1.0
Dmel_CR43440,-0.000646423,-1.5182414,0.9994842290779238,1.0
Dmel_CG32401,-0.000646423,-1.0224744,0.9994842290779238,1.0
Dmel_CG14860,-0.000646423,-0.33375898,0.9994842290779238,1.0
Dmel_CG14861,-0.000646423,-0.3019087,0.9994842290779238,1.0
Dmel_CG33924,-0.000646423,-0.9532713,0.9994842290779238,1.0
Dmel_CR45903,-0.000646423,-0.60980886,0.9994842290779238,1.0
Dmel_CG17666,-0.000646423,-1.1547023,0.9994842290779238,1.0
Dmel_CG43337,-0.000646423,-1.2847426,0.9994842290779238,1.0
Dmel_CG30098,-0.000646423,-1.3984511,0.9994842290779238,1.0
Dmel_CG43198,-0.000646423,-0.15768488,0.9994842290779238,1.0
Dmel_CG17189,-0.000646423,-2.1186333,0.9994842290779238,1.0
Dmel_CR45468,-0.000646423,-0.18416178,0.9994842290779238,1.0
Dmel_CG34345,-0.000646423,-4.132962,0.9994842290779238,1.0
Dmel_CG33264,-0.000646423,-1.2054074,0.9994842290779238,1.0
Dmel_CR34656,-0.000646423,-0.3360406,0.9994842290779238,1.0
Dmel_CG3085,-0.000646423,-0.7551698,0.9994842290779238,1.0
Dmel_CG15623,-0.000646423,-0.432254,0.9994842290779238,1.0
Dmel_CG3264,-0.000646423,-0.27090323,0.9994842290779238,1.0
Dmel_CG8277,-0.000646423,-1.2840046,0.9994842290779238,1.0
Dmel_CG4830,-0.000646423,-0.7483701,0.9994842290779238,1.0
Dmel_CR45239,-0.000646423,-0.6059272,0.9994842290779238,1.0
Dmel_CR34557,-0.000646423,-1.2663438,0.9994842290779238,1.0
Dmel_CR46114,-0.000646423,-0.6024898,0.9994842290779238,1.0
Dmel_CG10788,-0.000646423,-0.8730092,0.9994842290779238,1.0
Dmel_CG17645,-0.000646423,-1.4893934,0.9994842290779238,1.0
Dmel_CG2328,-0.0010121115,0.07370783,0.9991924519413906,1.0
Dmel_CG4454,-0.0010360532,-0.13562422,0.999173349323334,1.0
Dmel_CG7930,-0.0010445486,-0.21020785,0.9991665709751048,1.0
Dmel_CG34107,-0.0010484101,-0.25998217,0.9991634899077476,1.0
Dmel_CG34283,-0.0012905292,0.46260744,0.9989703070112533,1.0
Dmel_CG10064,-0.0012905292,0.40359077,0.9989703070112533,1.0
Dmel_CR43751,-0.0012905292,0.4341285,0.9989703070112533,1.0
Dmel_CG43139,-0.0012905292,1.0018551,0.9989703070112533,1.0
Dmel_CG7333,-0.0012905292,0.22303547,0.9989703070112533,1.0
Dmel_CG17780,-0.0012905292,1.6237876,0.9989703070112533,1.0
Dmel_CG11370,-0.0012905292,0.044831388,0.9989703070112533,1.0
Dmel_CG33795,-0.0012913015,0.3259063,0.9989696907979579,1.0
Dmel_CG6337,-0.0012913015,0.4256519,0.9989696907979579,1.0
Dmel_CG43110,-0.0012913015,0.21511649,0.9989696907979579,1.0
Dmel_CR43974,-0.0012913015,0.67870826,0.9989696907979579,1.0
Dmel_CR45655,-0.0012913015,0.502777,0.9989696907979579,1.0
Dmel_CG13495,-0.0012913015,0.15791391,0.9989696907979579,1.0
Dmel_CG12521,-0.0012913015,0.5560674,0.9989696907979579,1.0
Dmel_CR45140,-0.0012913015,0.086304024,0.9989696907979579,1.0
Dmel_CG3809,-0.0012913015,0.61810094,0.9989696907979579,1.0
Dmel_CG12609,-0.0012913015,0.01951944,0.9989696907979579,1.0
Dmel_CG4772,-0.0012913015,0.3899663,0.9989696907979579,1.0
Dmel_CG17362,-0.0012913015,0.27965602,0.9989696907979579,1.0
Dmel_CG34210,-0.0012920737,-0.10135859,0.9989690745846632,1.0
Dmel_CG31495,-0.0012920737,-0.21672553,0.9989690745846632,1.0
Dmel_CG33469,-0.0012920737,0.08596479,0.9989690745846632,1.0
Dmel_CG31003,-0.0012920737,-0.16246279,0.9989690745846632,1.0
Dmel_CG7532,-0.0012920737,0.08989112,0.9989690745846632,1.0
Dmel_CG15020,-0.0012920737,-0.3088848,0.9989690745846632,1.0
Dmel_CG8213,-0.0012920737,0.26758572,0.9989690745846632,1.0
Dmel_CG15577,-0.0012920737,0.14036281,0.9989690745846632,1.0
Dmel_CG15368,-0.0012920737,-0.22812939,0.9989690745846632,1.0
Dmel_CG8807,-0.0012920737,0.14545973,0.9989690745846632,1.0
Dmel_CR44236,-0.0012920737,-0.0125536565,0.9989690745846632,1.0
Dmel_CG13613,-0.0012920737,-0.16987957,0.9989690745846632,1.0
Dmel_CR34576,-0.0012920737,-0.17676641,0.9989690745846632,1.0
Dmel_CG5178,-0.0012920737,-0.4813132,0.9989690745846632,1.0
Dmel_CG10953,-0.0012920737,0.107611425,0.9989690745846632,1.0
Dmel_CR45395,-0.0012920737,0.113148466,0.9989690745846632,1.0
Dmel_CR33646,-0.0012920737,0.11402501,0.9989690745846632,1.0
Dmel_CG13177,-0.0012920737,-0.21880499,0.9989690745846632,1.0
Dmel_CR46087,-0.0012920737,-0.7466248,0.9989690745846632,1.0
Dmel_CG6980,-0.0012920737,-0.37643853,0.9989690745846632,1.0
Dmel_CR44764,-0.0012920737,-0.104924776,0.9989690745846632,1.0
Dmel_CG5363,-0.0012920737,-0.050893947,0.9989690745846632,1.0
Dmel_CG12540,-0.0012920737,-0.28011093,0.9989690745846632,1.0
Dmel_CG5747,-0.0012920737,-0.23148914,0.9989690745846632,1.0
Dmel_CG42704,-0.0012920737,-0.10037611,0.9989690745846632,1.0
Dmel_CR44610,-0.0012920737,-0.5361158,0.9989690745846632,1.0
Dmel_CG42825,-0.0012920737,-0.5747643,0.9989690745846632,1.0
Dmel_CR46030,-0.0012920737,0.5224356,0.9989690745846632,1.0
Dmel_CG45428,-0.0012920737,-0.06267282,0.9989690745846632,1.0
Dmel_CG4970,-0.0012920737,-0.17553236,0.9989690745846632,1.0
Dmel_CG12003,-0.001292846,-0.25793898,0.998968458371369,1.0
Dmel_CR43488,-0.001292846,-0.6373442,0.998968458371369,1.0
Dmel_CG17717,-0.001292846,-0.8613879,0.998968458371369,1.0
Dmel_CG12092,-0.001292846,-0.30603826,0.998968458371369,1.0
Dmel_CR44071,-0.001292846,-0.54565716,0.998968458371369,1.0
Dmel_CG13580,-0.001292846,-0.8020775,0.998968458371369,1.0
Dmel_CG8527,-0.001292846,-0.477684,0.998968458371369,1.0
Dmel_CR44679,-0.001292846,-0.5473072,0.998968458371369,1.0
Dmel_CG4623,-0.001292846,-0.55055773,0.998968458371369,1.0
Dmel_CR45743,-0.001292846,-0.6808471,0.998968458371369,1.0
Dmel_CG14297,-0.001292846,-0.35261166,0.998968458371369,1.0
Dmel_CR45742,-0.001292846,-0.39046717,0.998968458371369,1.0
Dmel_CG32832,-0.001292846,-0.26512557,0.998968458371369,1.0
Dmel_CR43929,-0.001292846,-0.89026487,0.998968458371369,1.0
Dmel_CG10899,-0.001292846,-0.69044155,0.998968458371369,1.0
Dmel_CG15169,-0.001292846,-0.91455704,0.998968458371369,1.0
Dmel_CG10176,-0.001292846,-0.25149775,0.998968458371369,1.0
Dmel_CR31526,-0.001292846,-0.35025576,0.998968458371369,1.0
Dmel_CG42866,-0.001292846,-0.72694147,0.998968458371369,1.0
Dmel_CR46109,-0.0012936183,-0.5072146,0.9989678421580755,1.0
Dmel_CG12448,-0.0012936183,-0.9420738,0.9989678421580755,1.0
Dmel_CG18808,-0.0012936183,-0.75377554,0.9989678421580755,1.0
Dmel_CG13481,-0.0012936183,-1.2165244,0.9989678421580755,1.0
Dmel_CG14731,-0.0012936183,-1.1950433,0.9989678421580755,1.0
Dmel_CR45755,-0.0012936183,-0.60012907,0.9989678421580755,1.0
Dmel_CR45097,-0.0012936183,-1.5066892,0.9989678421580755,1.0
Dmel_CG4231,-0.0012936183,-0.4117172,0.9989678421580755,1.0
Dmel_CG31230,-0.0012936183,-1.3430707,0.9989678421580755,1.0
Dmel_CR45354,-0.0012936183,-1.5383492,0.9989678421580755,1.0
Dmel_CG6830,-0.0012936183,-0.998198,0.9989678421580755,1.0
Dmel_CG4017,-0.0012936183,-0.5139294,0.9989678421580755,1.0
Dmel_CG42815,-0.0012936183,-0.9915554,0.9989678421580755,1.0
Dmel_CG11786,-0.0012936183,-0.32203707,0.9989678421580755,1.0
Dmel_CG43797,-0.0012936183,-0.81100255,0.9989678421580755,1.0
Dmel_CG2816,-0.0012936183,-0.86366975,0.9989678421580755,1.0
Dmel_CG6432,-0.0012936183,-1.018415,0.9989678421580755,1.0
Dmel_CG13255,-0.0013515416,-0.1146322,0.9989216261628401,1.0
Dmel_CG11765,-0.0016566039,0.06067352,0.9986782219846123,1.0
Dmel_CG32418,-0.0016990808,-0.16161671,0.9986443302728341,1.0
Dmel_CG33475,-0.0017122101,-0.4022034,0.9986338546533219,1.0
Dmel_CG13066,-0.0019346352,0.43936944,0.9984563853717741,1.0
Dmel_CR44504,-0.0019354075,0.27028212,0.9984557691591189,1.0
Dmel_CG14000,-0.0019361798,0.26817292,0.9984551529464647,1.0
Dmel_CG11236,-0.0019361798,0.09735437,0.9984551529464647,1.0
Dmel_CG1916,-0.0019361798,0.4075583,0.9984551529464647,1.0
Dmel_CG15554,-0.0019361798,0.4602838,0.9984551529464647,1.0
Dmel_CR44019,-0.0019369521,0.09381717,0.9984545367338113,1.0
Dmel_CG5998,-0.0019369521,0.04179551,0.9984545367338113,1.0
Dmel_CR34620,-0.0019369521,0.271327,0.9984545367338113,1.0
Dmel_CG31421,-0.0019369521,0.13478327,0.9984545367338113,1.0
Dmel_CG14491,-0.0019369521,0.40993306,0.9984545367338113,1.0
Dmel_CG8823,-0.0019369521,0.15161219,0.9984545367338113,1.0
Dmel_CG7225,-0.0019369521,0.23844893,0.9984545367338113,1.0
Dmel_CG33476,-0.0019369521,0.30123574,0.9984545367338113,1.0
Dmel_CG31148,-0.0019369521,0.002422178,0.9984545367338113,1.0
Dmel_CG15142,-0.0019377245,-0.09467842,0.9984539205211589,1.0
Dmel_CG9989,-0.0019377245,-0.21342112,0.9984539205211589,1.0
Dmel_CR44283,-0.0019377245,-0.18431865,0.9984539205211589,1.0
Dmel_CR46082,-0.0019377245,0.0812222,0.9984539205211589,1.0
Dmel_CG14424,-0.0019377245,-0.40434998,0.9984539205211589,1.0
Dmel_CR43429,-0.0019377245,0.14638233,0.9984539205211589,1.0
Dmel_CR45445,-0.0019384968,-0.16241138,0.9984533043085073,1.0
Dmel_CG11226,-0.0019384968,-0.3025354,0.9984533043085073,1.0
Dmel_CG4312,-0.0019384968,-0.48251292,0.9984533043085073,1.0
Dmel_CG17924,-0.0019384968,-0.31113395,0.9984533043085073,1.0
Dmel_CG4286,-0.0019384968,-0.22971484,0.9984533043085073,1.0
Dmel_CG6738,-0.0019384968,-0.11759632,0.9984533043085073,1.0
Dmel_CR43257,-0.0019384968,-0.14232852,0.9984533043085073,1.0
Dmel_CG13786,-0.0019384968,-0.1973712,0.9984533043085073,1.0
Dmel_CG14383,-0.0019384968,-0.09120943,0.9984533043085073,1.0
Dmel_CR46253,-0.0019392691,-0.44904193,0.9984526880958567,1.0
Dmel_CG31533,-0.0019392691,-0.43182373,0.9984526880958567,1.0
Dmel_CG8986,-0.0019392691,-0.43852267,0.9984526880958567,1.0
Dmel_CG18331,-0.0019392691,-0.8571679,0.9984526880958567,1.0
Dmel_CG9891,-0.0019392691,-0.25440037,0.9984526880958567,1.0
Dmel_CG9080,-0.0019392691,-0.6343239,0.9984526880958567,1.0
Dmel_CG14781,-0.0019392691,-0.24861017,0.9984526880958567,1.0
Dmel_CR44075,-0.0019392691,-0.16773827,0.9984526880958567,1.0
Dmel_CG31528,-0.0019400414,-0.3838205,0.9984520718832072,1.0
Dmel_CR31429,-0.0019400414,-0.7237947,0.9984520718832072,1.0
Dmel_CG15212,-0.0019400414,-0.6047121,0.9984520718832072,1.0
Dmel_CG43255,-0.0019400414,-0.5015369,0.9984520718832072,1.0
Dmel_CG32240,-0.0019400414,-0.65821254,0.9984520718832072,1.0
Dmel_CG9095,-0.0019408137,-0.8147761,0.9984514556705584,1.0
Dmel_CG33285,-0.0019408137,-0.5807877,0.9984514556705584,1.0
Dmel_CG9468,-0.0019408137,-0.59431505,0.9984514556705584,1.0
Dmel_CG13965,-0.0019408137,-0.6326911,0.9984514556705584,1.0
Dmel_CG13042,-0.001941586,-1.0316688,0.9984508394579106,1.0
Dmel_CG12020,-0.001941586,-0.69574296,0.9984508394579106,1.0
Dmel_CR45575,-0.001941586,-0.97985137,0.9984508394579106,1.0
Dmel_CG17570,-0.001941586,-0.4416938,0.9984508394579106,1.0
Dmel_CG13313,-0.001941586,-0.6687889,0.9984508394579106,1.0
Dmel_CG12287,-0.0021362081,-0.08418122,0.998295553901098,1.0
Dmel_CG2677,-0.0022852637,-0.15314654,0.9981766249267269,1.0
Dmel_CG1136,-0.0023173145,-0.0008580377,0.9981510521213772,1.0
Dmel_CG8546,-0.0023304438,-0.07962103,0.9981405765149135,1.0
Dmel_CR43842,-0.002378327,-0.49476042,0.9981023713646574,1.0
Dmel_CR45169,-0.0023821886,-0.65283424,0.9980992903043413,1.0
Dmel_CG14258,-0.0025795137,0.42902645,0.9979418481609381,1.0
Dmel_CG6467,-0.002580286,0.2923831,0.99794123194918,1.0
Dmel_CR44957,-0.0025810583,0.25975704,0.9979406157374232,1.0
Dmel_CG31244,-0.0025810583,0.31323126,0.9979406157374232,1.0
Dmel_CG7251,-0.0025810583,0.15619652,0.9979406157374232,1.0
Dmel_CG45076,-0.0025810583,0.34917364,0.9979406157374232,1.0
Dmel_CG45062,-0.0025818306,-0.04449804,0.9979399995256675,1.0
Dmel_CR46113,-0.002582603,-0.04176169,0.9979393833139131,1.0
Dmel_CR9162,-0.0025833752,-0.052960552,0.9979387671021599,1.0
Dmel_CR46039,-0.0025833752,0.27223247,0.9979387671021599,1.0
Dmel_CG11131,-0.0025841475,-0.26099068,0.9979381508904079,1.0
Dmel_CG14079,-0.0025841475,-0.13698442,0.9979381508904079,1.0
Dmel_CG44261,-0.0025841475,-0.10568266,0.9979381508904079,1.0
Dmel_CG8665,-0.0025841475,-0.39421907,0.9979381508904079,1.0
Dmel_CG14905,-0.0025841475,-0.16855198,0.9979381508904079,1.0
Dmel_CR34052,-0.0025849198,-0.34772965,0.9979375346786572,1.0
Dmel_CR45867,-0.0025849198,-0.21787243,0.9979375346786572,1.0
Dmel_CG12229,-0.0025849198,-0.34683722,0.9979375346786572,1.0
Dmel_CG31907,-0.002585692,-0.47352275,0.9979369184669077,1.0
Dmel_CG7919,-0.002585692,-0.38529098,0.9979369184669077,1.0
Dmel_CR43554,-0.002585692,-0.16714615,0.9979369184669077,1.0
Dmel_CG34292,-0.002585692,-0.4402615,0.9979369184669077,1.0
Dmel_CR33218,-0.002585692,-0.40214998,0.9979369184669077,1.0
Dmel_CR45963,-0.0025864644,-0.5799779,0.9979363022551594,1.0
Dmel_CR43424,-0.0025864644,-0.42837432,0.9979363022551594,1.0
Dmel_CG32170,-0.0025864644,-0.3566863,0.9979363022551594,1.0
Dmel_CG6193,-0.0025864644,-0.47704387,0.9979363022551594,1.0
Dmel_CG1258,-0.0025872367,-0.2950083,0.9979356860434123,1.0
Dmel_CR44256,-0.0025872367,-0.4765684,0.9979356860434123,1.0
Dmel_CR43872,-0.0025872367,-0.56269944,0.9979356860434123,1.0
Dmel_CG14545,-0.0025872367,-0.4699009,0.9979356860434123,1.0
Dmel_CG34054,-0.002588009,-0.9050961,0.9979350698316665,1.0
Dmel_CR45686,-0.002588009,-0.5488341,0.9979350698316665,1.0
Dmel_CG13167,-0.002588009,-0.36038607,0.9979350698316665,1.0
Dmel_CG13331,-0.0025895536,-0.8221075,0.9979338374081785,1.0
Dmel_CG2812,-0.0027440155,-0.08134246,0.9978105950847682,1.0
Dmel_CG14495,-0.0027571449,-0.16118117,0.9978001194896456,1.0
Dmel_CG31436,-0.0028359203,-0.28657025,0.9977372659269371,1.0
Dmel_CG8090,-0.002892299,-0.108668156,0.9976922825034007,1.0
Dmel_CG2837,-0.0029610347,0.002267281,0.9976374397093002,1.0
Dmel_CG32209,-0.0029826593,-0.23328587,0.9976201857988454,1.0
Dmel_CG14640,-0.0030120069,-0.43632185,0.9975967697792956,1.0
Dmel_CG13970,-0.003022047,-0.54436624,0.9975887590362394,1.0
Dmel_CG42351,-0.003209332,-0.13962567,0.9974393279131196,1.0
Dmel_CR45047,-0.0032236197,0.52837163,0.9974279280166264,1.0
Dmel_CG30281,-0.003224392,0.43855733,0.9974273118060201,1.0
Dmel_CG30170,-0.003224392,0.55293894,0.9974273118060201,1.0
Dmel_CR44845,-0.0032259368,0.5222589,0.9974260793848121,1.0
Dmel_CG33191,-0.0032282537,-0.010490467,0.9974242307530116,1.0
Dmel_CG30323,-0.0032297983,-0.024647515,0.9974229983318189,1.0
Dmel_CR45746,-0.0032305706,-0.049244124,0.9974223821212248,1.0
Dmel_CG18516,-0.0032313429,-0.161797,0.9974217659106324,1.0
Dmel_CR44949,-0.0032313429,-0.103449345,0.9974217659106324,1.0
Dmel_CG33253,-0.0032313429,-0.26970172,0.9974217659106324,1.0
Dmel_CG16826,-0.0032321152,-0.20563443,0.9974211497000414,1.0
Dmel_CG5084,-0.0032328875,-0.3012201,0.9974205334894519,1.0
Dmel_CR44021,-0.0032328875,-0.4096667,0.9974205334894519,1.0
Dmel_CG3956,-0.003234432,-0.56184226,0.9974193010682777,1.0
Dmel_CG4090,-0.003234432,-0.60003203,0.9974193010682777,1.0
Dmel_CR44811,-0.0032352044,-0.83967626,0.9974186848576929,1.0
Dmel_CR44867,-0.0032359767,-0.66202104,0.9974180686471097,1.0
Dmel_CR44873,-0.0032375213,-0.6974304,0.9974168362259478,1.0
Dmel_CR34629,-0.0032375213,-0.79147995,0.9974168362259478,1.0
Dmel_CG8422,-0.003249106,-0.09440311,0.9974075930674302,1.0
Dmel_CG33505,-0.0034190142,-0.10313933,0.9972720267831257,1.0
Dmel_CG8395,-0.003601279,-0.16216509,0.9971266012203478,1.0
Dmel_CG7878,-0.0036368053,-0.079345204,0.9970982555707715,1.0
Dmel_CG11165,-0.0036619054,-0.37389794,0.9970782287553418,1.0
Dmel_CG14544,-0.003765781,-0.13125014,0.9969953485696604,1.0
Dmel_CG14113,-0.0038723596,0.1596107,0.9969103116842276,1.0
Dmel_CR45574,-0.0038723596,0.08687683,0.9969103116842276,1.0
Dmel_CG8606,-0.0038739042,0.093217365,0.9969090792658538,1.0
Dmel_CG14302,-0.0038739042,0.035540894,0.9969090792658538,1.0
Dmel_CG13996,-0.0038746768,-0.10623449,0.9969084630566697,1.0
Dmel_CR46097,-0.0038762214,-0.17876881,0.996907230638307,1.0
Dmel_CG17782,-0.0038769937,-0.29739955,0.9969066144291283,1.0
Dmel_CR43865,-0.003877766,-0.18582113,0.9969059982199516,1.0
Dmel_CG17109,-0.003877766,-0.26687753,0.9969059982199516,1.0
Dmel_CG10667,-0.0038793106,-0.2780408,0.9969047658016037,1.0
Dmel_CG2056,-0.0038800829,-0.47611657,0.9969041495924325,1.0
Dmel_CR45685,-0.0038808552,-0.24952789,0.9969035333832631,1.0
Dmel_CG43072,-0.0038808552,-0.34217003,0.9969035333832631,1.0
Dmel_CR44304,-0.003885489,-0.4415125,0.9968998361282857,1.0
Dmel_CG6971,-0.0038862613,-0.7144068,0.9968992199191292,1.0
Dmel_CG46298,-0.0038878059,-1.0251971,0.9968979875008219,1.0
Dmel_CG18343,-0.004056169,-0.14610714,0.9967636539503274,1.0
Dmel_CG12109,-0.00422685,0.15697926,0.9966274718666492,1.0
Dmel_CG30295,-0.00427705,-0.20597893,0.9965874183311462,1.0
Dmel_CG18410,-0.0043164375,-0.37746763,0.996555991716998,1.0
Dmel_CG6332,-0.00431721,-0.37727922,0.9965553755089308,1.0
Dmel_CG9357,-0.0043593007,-0.00083939015,0.99652179217238,1.0
Dmel_CG13957,-0.0044400073,-0.1515595,0.9964573984526103,1.0
Dmel_CG8681,-0.004514149,0.28674424,0.996398242519846,1.0
Dmel_CG33189,-0.004514921,0.28972813,0.9963976263123167,1.0
Dmel_CG8704,-0.004514921,0.15759595,0.9963976263123167,1.0
Dmel_CG12783,-0.0045180107,0.09304256,0.9963951614822207,1.0
Dmel_CG14245,-0.0045226444,-0.10576627,0.9963914642371415,1.0
Dmel_CG12911,-0.0045234165,-0.24568598,0.9963908480296358,1.0
Dmel_CG8157,-0.0045257336,-0.2295054,0.9963889994071318,1.0
Dmel_CG2157,-0.0045272782,-0.3204191,0.9963877669921397,1.0
Dmel_CG43646,-0.004529595,-0.424551,0.9963859183696679,1.0
Dmel_CG33550,-0.004529595,-0.4848956,0.9963859183696679,1.0
Dmel_CG11989,-0.0045303674,-0.5539763,0.9963853021621817,1.0
Dmel_CG15804,-0.004534229,-0.77361584,0.9963822211247826,1.0
Dmel_CG7094,-0.004538863,-0.79027957,0.9963785238799748,1.0
Dmel_CR45809,-0.0046786508,-0.11227666,0.9962669903651941,1.0
Dmel_CG30377,-0.0047334847,-0.16788377,0.9962232396692497,1.0
Dmel_CG32313,-0.004931582,-0.2413287,0.9960651826731348,1.0
Dmel_CG3736,-0.0049570682,-0.23967089,0.9960448478660012,1.0
Dmel_CR33637,-0.0051597995,0.054996677,0.9958830938109333,1.0
Dmel_CG12105,-0.0051644333,0.038829636,0.9958793965773416,1.0
Dmel_CG12934,-0.0051667504,-0.07969554,0.9958775479605789,1.0
Dmel_CR45898,-0.005168295,-0.038537435,0.995876315549416,1.0
Dmel_CG11041,-0.005168295,-0.100236386,0.995876315549416,1.0
Dmel_CG30371,-0.0051698396,-0.13162243,0.995875083138263,1.0
Dmel_CG32679,-0.0051698396,-0.07396191,0.995875083138263,1.0
Dmel_CG42840,-0.005171384,-0.24679135,0.9958738507271199,1.0
Dmel_CR45999,-0.0051798797,-0.38748708,0.9958670724660085,1.0
Dmel_CG12278,-0.0053196675,-0.020009132,0.9957555393036442,1.0
Dmel_CG42331,-0.0055305082,0.010414421,0.995587315409709,1.0
Dmel_CG9498,-0.005552905,-0.077056274,0.9955694454836526,1.0
Dmel_CG42697,-0.0055637173,-0.21396662,0.9955608186235926,1.0
Dmel_CG30390,-0.0056170067,-0.15790005,0.9955183005351839,1.0
Dmel_CG12863,-0.0056899902,-0.09692594,0.9954600692608645,1.0
Dmel_CG10841,-0.005819352,-0.28217733,0.9953568551570019,1.0
Dmel_CG15674,-0.005822441,-0.38773075,0.9953543903435242,1.0
Dmel_CR44830,-0.0058332533,-0.50719655,0.9953457634967021,1.0
Dmel_CG2060,-0.0058347983,-0.7085238,0.9953445310900576,1.0
Dmel_CR45007,-0.0059031476,-0.26383755,0.9952899971072015,1.0
Dmel_CR44844,-0.005959912,-0.078543246,0.9952447061890013,1.0
Dmel_CG31115,-0.0059993,-0.19727054,0.9952132798465929,1.0
Dmel_CG31720,-0.006156079,-0.10440773,0.9950881907538383,1.0
Dmel_CG5330,-0.006425615,-0.044424824,0.9948731363906091,1.0
Dmel_CG15629,-0.0064603686,-0.1382675,0.9948454073447649,1.0
Dmel_CG17707,-0.006461141,-0.14201626,0.9948447911438167,1.0
Dmel_CR46061,-0.0064626858,-0.12260729,0.9948435587419295,1.0
Dmel_CG4945,-0.006465775,-0.24436131,0.9948410939381923,1.0
Dmel_CG34244,-0.006476587,-0.4886513,0.9948324671254994,1.0
Dmel_CG34330,-0.0064773597,-0.497795,0.994831850924616,1.0
Dmel_CR45196,-0.0064827655,-0.6066551,0.9948275375185176,1.0
Dmel_CG10165,-0.0065345103,0.029091142,0.9947862520678142,1.0
Dmel_CG42810,-0.006752302,-0.30375525,0.99461248360873,1.0
Dmel_CG9297,-0.0068917037,0.0574734,0.9945012596045222,1.0
Dmel_CG31370,-0.006894793,0.05341989,0.9944987948078472,1.0
Dmel_CG10246,-0.0069005853,-0.27643648,0.9944941733142232,1.0
Dmel_CG10903,-0.0069164177,-0.1302565,0.9944815412325939,1.0
Dmel_CG8525,-0.006969707,-0.035238244,0.9944390235046088,1.0
Dmel_CR45364,-0.007104475,-0.08315595,0.9943314968574757,1.0
Dmel_CR45810,-0.0071083363,-0.17638777,0.9943284158662291,1.0
Dmel_CG10951,-0.007112198,-0.20129882,0.994325334875067,1.0
Dmel_CG16885,-0.0071137426,-0.20121305,0.9943241024786259,1.0
Dmel_CG31431,-0.0071206936,-0.39813477,0.9943185566948084,1.0
Dmel_CG4486,-0.007129961,-0.52425396,0.9943111623168122,1.0
Dmel_CG9858,-0.0074350233,-0.09835268,0.99406776431762,1.0
Dmel_CR45815,-0.0075076204,-0.1982646,0.99400984183626,1.0
Dmel_CG34255,-0.0075794454,-0.03828937,0.9939525355825766,1.0
Dmel_CG10252,-0.0077393134,-0.027396383,0.9938249830658419,1.0
Dmel_CG34110,-0.0077501256,-0.04773184,0.9938163563312408,1.0
Dmel_CG13618,-0.007750898,-0.10175936,0.9938157401359398,1.0
Dmel_CR45538,-0.0077578486,-0.19782302,0.9938101943783968,1.0
Dmel_CG3352,-0.007764027,-0.22902384,0.9938052648163874,1.0
Dmel_CG43231,-0.007773295,-0.33522543,0.9937978704738167,1.0
Dmel_CG9438,-0.007881418,-0.051081285,0.9937116031833532,1.0
Dmel_CR44905,-0.008150954,-0.08483907,0.993496551474361,1.0
Dmel_CG9883,-0.008183391,-0.19671607,0.9934706713575423,1.0
Dmel_CG15864,-0.008207333,-0.29252815,0.9934515693709621,1.0
Dmel_CG4060,-0.008384191,0.049308263,0.9933104612645127,1.0
Dmel_CG17190,-0.008391143,-0.06215113,0.9933049155353159,1.0
Dmel_CG12581,-0.008417401,-0.45404166,0.9932839650057157,1.0
Dmel_CG15919,-0.008662996,-15.619194,0.9930880161608914,1.0
Dmel_CG17154,-0.008662996,-16.065,0.9930880161608914,1.0
Dmel_CG32088,-0.008662996,-16.671066,0.9930880161608914,1.0
Dmel_CG11470,-0.008662996,-16.814552,0.9930880161608914,1.0
Dmel_CR45892,-0.008662996,-16.133945,0.9930880161608914,1.0
Dmel_CG33704,-0.008662996,-16.63361,0.9930880161608914,1.0
Dmel_CG7537,-0.008662996,-16.38651,0.9930880161608914,1.0
Dmel_CG13340,-0.008662996,-15.348962,0.9930880161608914,1.0
Dmel_CG8694,-0.008662996,-15.864448,0.9930880161608914,1.0
Dmel_CG6255,-0.008662996,-16.52618,0.9930880161608914,1.0
Dmel_CG30360,-0.008662996,-16.023018,0.9930880161608914,1.0
Dmel_CR32908,-0.008662996,-15.958829,0.9930880161608914,1.0
Dmel_CR34638,-0.008662996,-16.520025,0.9930880161608914,1.0
Dmel_CR34639,-0.008662996,-16.907171,0.9930880161608914,1.0
Dmel_CG17210,-0.008662996,-16.155495,0.9930880161608914,1.0
Dmel_CG15375,-0.008662996,-16.87586,0.9930880161608914,1.0
Dmel_CG14518,-0.008662996,-15.461896,0.9930880161608914,1.0
Dmel_CG6012,-0.008662996,-16.968155,0.9930880161608914,1.0
Dmel_CG31876,-0.008662996,-16.41066,0.9930880161608914,1.0
Dmel_CG16992,-0.008662996,-16.263319,0.9930880161608914,1.0
Dmel_CG12860,-0.008662996,-16.934534,0.9930880161608914,1.0
Dmel_CG7950,-0.008662996,-16.071505,0.9930880161608914,1.0
Dmel_CG4815,-0.008662996,-15.969303,0.9930880161608914,1.0
Dmel_CG16998,-0.008662996,-16.675673,0.9930880161608914,1.0
Dmel_CG7214,-0.008662996,-16.738,0.9930880161608914,1.0
Dmel_CR46205,-0.008662996,-16.918943,0.9930880161608914,1.0
Dmel_CG10486,-0.008662996,-15.873653,0.9930880161608914,1.0
Dmel_CR44805,-0.008662996,-14.739953,0.9930880161608914,1.0
Dmel_CG3769,-0.008662996,-16.838392,0.9930880161608914,1.0
Dmel_CG14176,-0.008662996,-17.135773,0.9930880161608914,1.0
Dmel_CG14631,-0.008662996,-15.797992,0.9930880161608914,1.0
Dmel_CR44931,-0.008662996,-15.682747,0.9930880161608914,1.0
Dmel_CG15597,-0.008662996,-16.640469,0.9930880161608914,1.0
Dmel_CG6524,-0.008662996,-16.706806,0.9930880161608914,1.0
Dmel_CG32178,-0.008662996,-16.928339,0.9930880161608914,1.0
Dmel_CG33346,-0.008662996,-17.017015,0.9930880161608914,1.0
Dmel_CG7367,-0.008662996,-16.19016,0.9930880161608914,1.0
Dmel_CR33918,-0.008662996,-16.85979,0.9930880161608914,1.0
Dmel_CG6736,-0.008662996,-17.205233,0.9930880161608914,1.0
Dmel_CR45410,-0.008662996,-15.209984,0.9930880161608914,1.0
Dmel_CR45567,-0.008662996,-16.057533,0.9930880161608914,1.0
Dmel_CG8349,-0.008662996,-15.934056,0.9930880161608914,1.0
Dmel_CG3306,-0.008662996,-16.913258,0.9930880161608914,1.0
Dmel_CG33299,-0.008662996,-16.15645,0.9930880161608914,1.0
Dmel_CR43592,-0.008662996,-17.05293,0.9930880161608914,1.0
Dmel_CG16905,-0.008662996,-16.394693,0.9930880161608914,1.0
Dmel_CG9459,-0.008662996,-14.553543,0.9930880161608914,1.0
Dmel_CG43400,-0.008662996,-15.783294,0.9930880161608914,1.0
Dmel_CG15764,-0.008662996,-15.089572,0.9930880161608914,1.0
Dmel_CG12861,-0.008662996,-15.7623625,0.9930880161608914,1.0
Dmel_CG6931,-0.008662996,-16.71113,0.9930880161608914,1.0
Dmel_CG1555,-0.008662996,-15.744,0.9930880161608914,1.0
Dmel_CG1946,-0.008662996,-16.82174,0.9930880161608914,1.0
Dmel_CG13847,-0.008662996,-16.672066,0.9930880161608914,1.0
Dmel_CG10794,-0.008662996,-16.850098,0.9930880161608914,1.0
Dmel_CG14115,-0.008662996,-15.427031,0.9930880161608914,1.0
Dmel_CG42383,-0.008662996,-16.028904,0.9930880161608914,1.0
Dmel_CG17217,-0.008662996,-16.580675,0.9930880161608914,1.0
Dmel_CG6969,-0.008662996,-16.388802,0.9930880161608914,1.0
Dmel_CG14109,-0.008662996,-17.144527,0.9930880161608914,1.0
Dmel_CG15369,-0.008662996,-16.957672,0.9930880161608914,1.0
Dmel_CG18266,-0.008662996,-16.620195,0.9930880161608914,1.0
Dmel_CG33263,-0.008662996,-15.209984,0.9930880161608914,1.0
Dmel_CG6914,-0.008662996,-16.458607,0.9930880161608914,1.0
Dmel_CG14728,-0.008662996,-16.580145,0.9930880161608914,1.0
Dmel_CG33769,-0.008662996,-16.18494,0.9930880161608914,1.0
Dmel_CG33262,-0.008662996,-15.144826,0.9930880161608914,1.0
Dmel_CR45830,-0.008662996,-16.383736,0.9930880161608914,1.0
Dmel_CG13131,-0.008662996,-16.74164,0.9930880161608914,1.0
Dmel_CG32189,-0.008662996,-17.050694,0.9930880161608914,1.0
Dmel_CG15483,-0.008662996,-17.043789,0.9930880161608914,1.0
Dmel_CG14720,-0.008662996,-16.977654,0.9930880161608914,1.0
Dmel_CG1724,-0.008662996,-16.077784,0.9930880161608914,1.0
Dmel_CG30383,-0.008662996,-16.162956,0.9930880161608914,1.0
Dmel_CG31798,-0.008662996,-16.235126,0.9930880161608914,1.0
Dmel_CG30391,-0.008662996,-15.266979,0.9930880161608914,1.0
Dmel_CG7329,-0.008662996,-16.656828,0.9930880161608914,1.0
Dmel_CR46363,-0.008662996,-16.591814,0.9930880161608914,1.0
Dmel_CG13183,-0.008662996,-17.136332,0.9930880161608914,1.0
Dmel_CG9241,-0.008662996,-15.722142,0.9930880161608914,1.0
Dmel_CG17625,-0.008662996,-16.045816,0.9930880161608914,1.0
Dmel_CR34543,-0.008662996,-16.400408,0.9930880161608914,1.0
Dmel_CG15636,-0.008662996,-16.259172,0.9930880161608914,1.0
Dmel_CR43912,-0.008662996,-17.259954,0.9930880161608914,1.0
Dmel_CR42944,-0.008662996,-16.866838,0.9930880161608914,1.0
Dmel_CG12164,-0.008662996,-16.852846,0.9930880161608914,1.0
Dmel_CG8105,-0.008662996,-17.220352,0.9930880161608914,1.0
Dmel_CG13842,-0.008662996,-16.932194,0.9930880161608914,1.0
Dmel_CG5878,-0.008662996,-17.19819,0.9930880161608914,1.0
Dmel_CR44313,-0.008662996,-17.11485,0.9930880161608914,1.0
Dmel_CG7173,-0.008662996,-16.675112,0.9930880161608914,1.0
Dmel_CG34161,-0.008662996,-16.457815,0.9930880161608914,1.0
Dmel_CG10405,-0.008662996,-17.011375,0.9930880161608914,1.0
Dmel_CR45638,-0.008662996,-16.629608,0.9930880161608914,1.0
Dmel_CR44528,-0.008662996,-16.425047,0.9930880161608914,1.0
Dmel_CG15284,-0.008662996,-16.70842,0.9930880161608914,1.0
Dmel_CR43463,-0.008662996,-16.37279,0.9930880161608914,1.0
Dmel_CR45006,-0.008662996,-17.023294,0.9930880161608914,1.0
Dmel_CR44896,-0.008662996,-16.413956,0.9930880161608914,1.0
Dmel_CG14360,-0.008662996,-16.475727,0.9930880161608914,1.0
Dmel_CR45294,-0.008662996,-15.247394,0.9930880161608914,1.0
Dmel_CG17237,-0.008662996,-15.685736,0.9930880161608914,1.0
Dmel_CG12477,-0.008662996,-16.823908,0.9930880161608914,1.0
Dmel_CR43616,-0.008662996,-16.709463,0.9930880161608914,1.0
Dmel_CG31296,-0.008662996,-17.164864,0.9930880161608914,1.0
Dmel_CG9626,-0.008662996,-16.662409,0.9930880161608914,1.0
Dmel_CG31446,-0.008662996,-16.152649,0.9930880161608914,1.0
Dmel_CG33647,-0.008662996,-17.021223,0.9930880161608914,1.0
Dmel_CG13705,-0.008662996,-16.578663,0.9930880161608914,1.0
Dmel_CG9702,-0.008662996,-16.525103,0.9930880161608914,1.0
Dmel_CR34645,-0.008662996,-16.636429,0.9930880161608914,1.0
Dmel_CG10588,-0.008662996,-16.634726,0.9930880161608914,1.0
Dmel_CG7963,-0.008662996,-16.286484,0.9930880161608914,1.0
Dmel_CG7294,-0.008662996,-17.273254,0.9930880161608914,1.0
Dmel_CG31097,-0.008662996,-15.461734,0.9930880161608914,1.0
Dmel_CG31735,-0.008662996,-16.649643,0.9930880161608914,1.0
Dmel_CG12838,-0.008662996,-15.785699,0.9930880161608914,1.0
Dmel_CG42682,-0.008662996,-15.41225,0.9930880161608914,1.0
Dmel_CR45650,-0.008662996,-16.475294,0.9930880161608914,1.0
Dmel_CG30440,-0.008662996,-16.024235,0.9930880161608914,1.0
Dmel_CG1736,-0.008662996,-16.234034,0.9930880161608914,1.0
Dmel_CG15585,-0.008662996,-16.678373,0.9930880161608914,1.0
Dmel_CR33684,-0.008662996,-17.191626,0.9930880161608914,1.0
Dmel_CR43960,-0.008662996,-16.565569,0.9930880161608914,1.0
Dmel_CG3650,-0.008662996,-16.53315,0.9930880161608914,1.0
Dmel_CG14850,-0.008662996,-15.934399,0.9930880161608914,1.0
Dmel_CG12602,-0.008662996,-16.230192,0.9930880161608914,1.0
Dmel_CG12944,-0.008662996,-15.829663,0.9930880161608914,1.0
Dmel_CG31949,-0.008662996,-15.656964,0.9930880161608914,1.0
Dmel_CR45625,-0.008662996,-16.109327,0.9930880161608914,1.0
Dmel_CG15257,-0.008662996,-16.761217,0.9930880161608914,1.0
Dmel_CG7856,-0.008662996,-16.288218,0.9930880161608914,1.0
Dmel_CR44112,-0.008662996,-17.146896,0.9930880161608914,1.0
Dmel_CG32642,-0.008662996,-16.632746,0.9930880161608914,1.0
Dmel_CR42929,-0.008662996,-16.901972,0.9930880161608914,1.0
Dmel_CR43932,-0.008662996,-17.231724,0.9930880161608914,1.0
Dmel_CG34461,-0.008662996,-16.024235,0.9930880161608914,1.0
Dmel_CR46042,-0.008662996,-16.880033,0.9930880161608914,1.0
Dmel_CG45764,-0.008662996,-16.065306,0.9930880161608914,1.0
Dmel_CG1698,-0.008740612,0.06452764,0.993026089017768,1.0
Dmel_CG34221,-0.008821705,-0.15801683,0.9929613890623722,1.0
Dmel_CG32104,-0.008897778,-0.14441474,0.992900694384378,1.0
Dmel_CG43331,-0.0090383375,-0.0341152,0.9927885479810993,1.0
Dmel_CR44351,-0.009051467,-0.20212254,0.9927780727748476,1.0
Dmel_CR43611,-0.009053784,-0.2009329,0.9927762242091677,1.0
Dmel_CR44539,-0.00930826,-0.9946996,0.9925731903168656,1.0
Dmel_CG42602,-0.00930826,-0.6504366,0.9925731903168656,1.0
Dmel_CG12971,-0.00930826,-0.5421697,0.9925731903168656,1.0
Dmel_CG5103,-0.00930826,-1.0332676,0.9925731903168656,1.0
Dmel_CG13428,-0.00930826,-0.46984446,0.9925731903168656,1.0
Dmel_CG30151,-0.00930826,-0.84259486,0.9925731903168656,1.0
Dmel_CG18211,-0.00930826,-0.8068133,0.9925731903168656,1.0
Dmel_CR43754,-0.00930826,-0.9043747,0.9925731903168656,1.0
Dmel_CG14810,-0.00930826,0.52500665,0.9925731903168656,1.0
Dmel_CG18519,-0.00930826,-0.18934494,0.9925731903168656,1.0
Dmel_CG15605,-0.00930826,-0.42637485,0.9925731903168656,1.0
Dmel_CG7587,-0.00930826,-0.694097,0.9925731903168656,1.0
Dmel_CG43192,-0.00930826,-0.53387785,0.9925731903168656,1.0
Dmel_CR43942,-0.00930826,-0.53556013,0.9925731903168656,1.0
Dmel_CR34597,-0.00930826,-0.6048823,0.9925731903168656,1.0
Dmel_CG13028,-0.00930826,-0.55507857,0.9925731903168656,1.0
Dmel_CR32888,-0.00930826,0.033512723,0.9925731903168656,1.0
Dmel_CR44198,-0.00930826,0.4669905,0.9925731903168656,1.0
Dmel_CR45982,-0.00930826,0.19682483,0.9925731903168656,1.0
Dmel_CG43403,-0.009309032,-1.6319065,0.992572574129754,1.0
Dmel_CG1082,-0.009309032,-1.2086234,0.992572574129754,1.0
Dmel_CG2081,-0.009309032,-1.1081887,0.992572574129754,1.0
Dmel_CR44078,-0.009309032,-0.88961023,0.992572574129754,1.0
Dmel_CG13251,-0.009309032,-1.1093796,0.992572574129754,1.0
Dmel_CG11756,-0.009309032,-1.1734993,0.992572574129754,1.0
Dmel_CR45571,-0.009309032,-0.888805,0.992572574129754,1.0
Dmel_CR44588,-0.009309032,-1.1720873,0.992572574129754,1.0
Dmel_CG34203,-0.009309032,-1.0887829,0.992572574129754,1.0
Dmel_CG11382,-0.009309032,-1.2671008,0.992572574129754,1.0
Dmel_CG15880,-0.009309032,-0.80624986,0.992572574129754,1.0
Dmel_CR45305,-0.009309032,-1.1136212,0.992572574129754,1.0
Dmel_CR45653,-0.009309032,-1.3565121,0.992572574129754,1.0
Dmel_CG7046,-0.009309032,-1.1906707,0.992572574129754,1.0
Dmel_CG1941,-0.009309032,-0.9253219,0.992572574129754,1.0
Dmel_CG14829,-0.009309032,-1.1923722,0.992572574129754,1.0
Dmel_CG14826,-0.009309032,-0.97621673,0.992572574129754,1.0
Dmel_CR43469,-0.009309032,-1.3521526,0.992572574129754,1.0
Dmel_CG11340,-0.009309032,-1.1705825,0.992572574129754,1.0
Dmel_CG10093,-0.009309032,-0.94121593,0.992572574129754,1.0
Dmel_CR45232,-0.009309032,-1.518825,0.992572574129754,1.0
Dmel_CG30457,-0.009309032,-1.2215263,0.992572574129754,1.0
Dmel_CR44715,-0.009309032,-1.0300236,0.992572574129754,1.0
Dmel_CR45362,-0.009309032,-1.0837955,0.992572574129754,1.0
Dmel_CR45801,-0.009309032,-1.0191017,0.992572574129754,1.0
Dmel_CG11501,-0.009309032,-0.81265336,0.992572574129754,1.0
Dmel_CG15779,-0.009309032,-1.1139151,0.992572574129754,1.0
Dmel_CR45024,-0.009309032,-1.4625328,0.992572574129754,1.0
Dmel_CG3323,-0.009309032,-1.4614059,0.992572574129754,1.0
Dmel_CG4354,-0.009309032,-0.84642005,0.992572574129754,1.0
Dmel_CG15884,-0.009309032,-0.86557496,0.992572574129754,1.0
Dmel_CG15592,-0.009309032,-1.0439887,0.992572574129754,1.0
Dmel_CR34623,-0.009309032,-1.2592558,0.992572574129754,1.0
Dmel_CG31525,-0.009309032,-1.1956043,0.992572574129754,1.0
Dmel_CR44955,-0.009309032,-1.1967762,0.992572574129754,1.0
Dmel_CG44406,-0.009309032,-0.84448016,0.992572574129754,1.0
Dmel_CR46211,-0.009309032,-1.1773334,0.992572574129754,1.0
Dmel_CG11977,-0.009309032,-1.1862899,0.992572574129754,1.0
Dmel_CG34327,-0.009309032,-1.2269267,0.992572574129754,1.0
Dmel_CG12844,-0.009309032,-0.8016554,0.992572574129754,1.0
Dmel_CG11459,-0.009309032,-0.81004477,0.992572574129754,1.0
Dmel_CG42398,-0.009309032,-1.2326658,0.992572574129754,1.0
Dmel_CG31268,-0.009309032,-0.9250335,0.992572574129754,1.0
Dmel_CG30411,-0.009309032,-1.9529883,0.992572574129754,1.0
Dmel_CG11693,-0.009309032,-1.0526841,0.992572574129754,1.0
Dmel_CG16852,-0.009309032,-1.0944369,0.992572574129754,1.0
Dmel_CG14515,-0.009309032,-1.3031634,0.992572574129754,1.0
Dmel_CG11650,-0.009309805,-2.428551,0.9925719579426467,1.0
Dmel_CG42603,-0.009309805,-2.037979,0.9925719579426467,1.0
Dmel_CG31274,-0.009309805,-2.4142642,0.9925719579426467,1.0
Dmel_CR45183,-0.009309805,-1.8219916,0.9925719579426467,1.0
Dmel_CG33772,-0.009309805,-1.7461102,0.9925719579426467,1.0
Dmel_CR45562,-0.009309805,-1.46481,0.9925719579426467,1.0
Dmel_CG4367,-0.009309805,-1.6044735,0.9925719579426467,1.0
Dmel_CG14304,-0.009309805,-1.8649508,0.9925719579426467,1.0
Dmel_CG33644,-0.009309805,-1.5501218,0.9925719579426467,1.0
Dmel_CG13733,-0.009309805,-1.5675932,0.9925719579426467,1.0
Dmel_CR45484,-0.009309805,-2.615962,0.9925719579426467,1.0
Dmel_CG3245,-0.009309805,-1.3333541,0.9925719579426467,1.0
Dmel_CG15460,-0.009309805,-1.8633645,0.9925719579426467,1.0
Dmel_CG4374,-0.009309805,-2.0233808,0.9925719579426467,1.0
Dmel_CG10930,-0.009309805,-1.6253368,0.9925719579426467,1.0
Dmel_CR43839,-0.009309805,-1.6924922,0.9925719579426467,1.0
Dmel_CR44160,-0.009309805,-2.373604,0.9925719579426467,1.0
Dmel_CR45357,-0.009309805,-1.8924203,0.9925719579426467,1.0
Dmel_CG7142,-0.009309805,-1.9470683,0.9925719579426467,1.0
Dmel_CG14427,-0.009309805,-2.6817899,0.9925719579426467,1.0
Dmel_CR43586,-0.009309805,-1.8549142,0.9925719579426467,1.0
Dmel_CG31871,-0.009309805,-1.7442127,0.9925719579426467,1.0
Dmel_CR43830,-0.009309805,-2.245591,0.9925719579426467,1.0
Dmel_CG31091,-0.009309805,-1.6036315,0.9925719579426467,1.0
Dmel_CR43717,-0.009309805,-1.6817031,0.9925719579426467,1.0
Dmel_CG3502,-0.009309805,-1.8202006,0.9925719579426467,1.0
Dmel_CG33796,-0.009309805,-2.246158,0.9925719579426467,1.0
Dmel_CG4650,-0.009309805,-2.136156,0.9925719579426467,1.0
Dmel_CG12444,-0.009309805,-1.3888452,0.9925719579426467,1.0
Dmel_CG33340,-0.009309805,-2.741763,0.9925719579426467,1.0
Dmel_CR45626,-0.009309805,-1.5178801,0.9925719579426467,1.0
Dmel_CR44164,-0.009309805,-4.608453,0.9925719579426467,1.0
Dmel_CR45942,-0.009309805,-2.2936096,0.9925719579426467,1.0
Dmel_CG14069,-0.009309805,-1.9118551,0.9925719579426467,1.0
Dmel_CG4717,-0.009309805,-1.4222093,0.9925719579426467,1.0
Dmel_CG32148,-0.009309805,-1.6364006,0.9925719579426467,1.0
Dmel_CR44130,-0.009309805,-2.4579074,0.9925719579426467,1.0
Dmel_CR45618,-0.009309805,-2.0397143,0.9925719579426467,1.0
Dmel_CR45868,-0.009309805,-2.1476526,0.9925719579426467,1.0
Dmel_CR44032,-0.009309805,-1.4057856,0.9925719579426467,1.0
Dmel_CG31928,-0.009309805,-2.175444,0.9925719579426467,1.0
Dmel_CG4907,-0.009309805,-2.038371,0.9925719579426467,1.0
Dmel_CG45105,-0.009309805,-1.558194,0.9925719579426467,1.0
Dmel_CR45259,-0.009309805,-1.7318908,0.9925719579426467,1.0
Dmel_CG31437,-0.009309805,-2.7763867,0.9925719579426467,1.0
Dmel_CG9701,-0.009309805,-1.6444392,0.9925719579426467,1.0
Dmel_CG9333,-0.009309805,-2.1738434,0.9925719579426467,1.0
Dmel_CR44507,-0.009309805,-1.7784785,0.9925719579426467,1.0
Dmel_CG7031,-0.009309805,-1.9605662,0.9925719579426467,1.0
Dmel_CG14900,-0.009309805,-2.931248,0.9925719579426467,1.0
Dmel_CG43068,-0.009669315,0.057061203,0.9922851233314468,1.0
Dmel_CR45639,-0.009687078,-0.10449666,0.992270951077599,1.0
Dmel_CR43582,-0.009701752,-0.17728469,0.99225924356539,1.0
Dmel_CG12825,-0.009709475,-0.26518682,0.9922530817175281,1.0
Dmel_CR45137,-0.009712564,-0.28633735,0.9922506169785128,1.0
Dmel_CG14526,-0.009720673,-0.17823933,0.9922441470389494,1.0
Dmel_CG8959,-0.0097403675,-0.6110021,0.9922284343307053,1.0
Dmel_CG12755,-0.009746546,-0.73101807,0.9922235048542299,1.0
Dmel_CG31868,-0.009806014,-0.029877773,0.9921760586583609,1.0
Dmel_CG4082,-0.009876294,-0.11995472,0.992119985917109,1.0
Dmel_CG14052,-0.009952752,0.11697721,0.9920589837483111,1.0
Dmel_CG43277,-0.009952752,-0.058004066,0.9920589837483111,1.0
Dmel_CR44807,-0.009952752,-0.115683615,0.9920589837483111,1.0
Dmel_CG8907,-0.009952752,0.12938589,0.9920589837483111,1.0
Dmel_CG32847,-0.009952752,-0.20830502,0.9920589837483111,1.0
Dmel_CG33770,-0.009953525,-0.37051094,0.9920583675650241,1.0
Dmel_CR44126,-0.009953525,-0.12935536,0.9920583675650241,1.0
Dmel_CG6717,-0.009954297,-0.49850184,0.9920577513817419,1.0
Dmel_CR46214,-0.009954297,-0.106843814,0.9920577513817419,1.0
Dmel_CG31321,-0.009954297,-0.6009797,0.9920577513817419,1.0
Dmel_CG9716,-0.009954297,-0.6075786,0.9920577513817419,1.0
Dmel_CR46145,-0.009954297,0.004968382,0.9920577513817419,1.0
Dmel_CG5093,-0.009955069,-0.573211,0.9920571351984643,1.0
Dmel_CR45553,-0.009955069,-1.2147007,0.9920571351984643,1.0
Dmel_CG13202,-0.009955069,-0.6710325,0.9920571351984643,1.0
Dmel_CG31805,-0.009955069,-0.6653771,0.9920571351984643,1.0
Dmel_CR43833,-0.009955069,-0.9918749,0.9920571351984643,1.0
Dmel_CG31559,-0.009955069,-0.7354665,0.9920571351984643,1.0
Dmel_CG34284,-0.009955069,-0.45273572,0.9920571351984643,1.0
Dmel_CG32182,-0.009955069,0.08091003,0.9920571351984643,1.0
Dmel_CG5172,-0.009955069,-0.5987476,0.9920571351984643,1.0
Dmel_CG6967,-0.009955069,-0.4664594,0.9920571351984643,1.0
Dmel_CG30485,-0.009955069,-0.69591194,0.9920571351984643,1.0
Dmel_CG18446,-0.009955069,-1.1548636,0.9920571351984643,1.0
Dmel_CG1854,-0.009955069,-0.38359877,0.9920571351984643,1.0
Dmel_CG15878,-0.009955841,-1.1549027,0.9920565190151915,1.0
Dmel_CR43614,-0.009955841,-0.8123637,0.9920565190151915,1.0
Dmel_CG14564,-0.009955841,-1.0093914,0.9920565190151915,1.0
Dmel_CG7297,-0.009955841,-0.797674,0.9920565190151915,1.0
Dmel_CG10348,-0.009955841,-1.3330437,0.9920565190151915,1.0
Dmel_CR45346,-0.009955841,-1.1193937,0.9920565190151915,1.0
Dmel_CG42300,-0.009955841,-0.93403256,0.9920565190151915,1.0
Dmel_CG9573,-0.009955841,-0.9232429,0.9920565190151915,1.0
Dmel_CG3515,-0.009955841,-0.88795424,0.9920565190151915,1.0
Dmel_CG14313,-0.009955841,-1.1057765,0.9920565190151915,1.0
Dmel_CG42461,-0.009955841,-1.0968455,0.9920565190151915,1.0
Dmel_CG1342,-0.009955841,-1.4131727,0.9920565190151915,1.0
Dmel_CR45436,-0.009955841,-1.0797153,0.9920565190151915,1.0
Dmel_CG2044,-0.009956614,-1.1383303,0.9920559028319235,1.0
Dmel_CG34124,-0.009956614,-1.1638032,0.9920559028319235,1.0
Dmel_CG13838,-0.009956614,-1.3374093,0.9920559028319235,1.0
Dmel_CR45168,-0.009956614,-1.3086121,0.9920559028319235,1.0
Dmel_CG9675,-0.009956614,-1.0101738,0.9920559028319235,1.0
Dmel_CG18130,-0.009957386,-1.2348707,0.9920552866486602,1.0
Dmel_CG30488,-0.009957386,-1.9425691,0.9920552866486602,1.0
Dmel_CG14455,-0.009957386,-1.7204612,0.9920552866486602,1.0
Dmel_CR45823,-0.009957386,-2.0229611,0.9920552866486602,1.0
Dmel_CG12330,-0.009957386,-0.99993235,0.9920552866486602,1.0
Dmel_CG7916,-0.009957386,-2.0149016,0.9920552866486602,1.0
Dmel_CG9033,-0.009957386,-1.1391634,0.9920552866486602,1.0
Dmel_CR46237,-0.009957386,-1.8642998,0.9920552866486602,1.0
Dmel_CG5924,-0.009975149,-0.32267034,0.9920411144349127,1.0
Dmel_CG31636,-0.010189465,-0.35758615,0.9918701237943574,1.0
Dmel_CR31044,-0.010224219,-0.099803366,0.9918423956173543,1.0
Dmel_CG14273,-0.010254725,-0.092482306,0.9918180564478815,1.0
Dmel_CG14354,-0.010325005,-0.15135595,0.9917619839598822,1.0
Dmel_CR46351,-0.010362849,-0.38195145,0.9917317910985644,1.0
Dmel_CG8859,-0.010372116,-0.31429723,0.991724396930249,1.0
Dmel_CG14883,-0.010406484,-0.11856146,0.9916969768956229,1.0
Dmel_CG32817,-0.0105675105,-0.1908252,0.9915685033813865,1.0
Dmel_CG10694,-0.010598789,-8.287772e-05,0.9915435481197016,1.0
Dmel_CG3250,-0.010598789,-0.27493432,0.9915435481197016,1.0
Dmel_CR32835,-0.010599561,-0.3263303,0.9915429319405052,1.0
Dmel_CR46350,-0.010600334,-0.5790591,0.991542315761314,1.0
Dmel_CR34570,-0.010600334,-0.29393038,0.991542315761314,1.0
Dmel_CR44068,-0.010601106,-0.4269595,0.9915416995821278,1.0
Dmel_CR44166,-0.010601106,-0.4158746,0.9915416995821278,1.0
Dmel_CG8813,-0.010601106,-0.6144096,0.9915416995821278,1.0
Dmel_CG42482,-0.01060265,-0.78639925,0.9915404672237705,1.0
Dmel_CG14122,-0.01060265,-0.7408034,0.9915404672237705,1.0
Dmel_CG33329,-0.01060265,-0.6510152,0.9915404672237705,1.0
Dmel_CG30037,-0.010603423,-0.85772955,0.9915398510445994,1.0
Dmel_CR45463,-0.010603423,-1.3048961,0.9915398510445994,1.0
Dmel_CR44760,-0.010603423,-0.97482955,0.9915398510445994,1.0
Dmel_CG11333,-0.010603423,-1.0650841,0.9915398510445994,1.0
Dmel_CG2010,-0.010603423,-0.88819003,0.9915398510445994,1.0
Dmel_CG13062,-0.010603423,-1.1801505,0.9915398510445994,1.0
Dmel_CG8960,-0.010604195,-0.9772241,0.9915392348654334,1.0
Dmel_CG6129,-0.010604195,-0.7787139,0.9915392348654334,1.0
Dmel_CG12794,-0.010604195,-0.880545,0.9915392348654334,1.0
Dmel_CG17224,-0.010604967,-1.4333984,0.9915386186862725,1.0
Dmel_CG2887,-0.01060574,-1.187113,0.9915380025071164,1.0
Dmel_CG45095,-0.01060574,-2.7763884,0.9915380025071164,1.0
Dmel_CR43704,-0.01060574,-1.4163504,0.9915380025071164,1.0
Dmel_CR45200,-0.010780668,-0.2185184,0.9913984380590423,1.0
Dmel_CG10352,-0.010796114,-0.046024367,0.9913861145000522,1.0
Dmel_CG7855,-0.01096525,-0.04367454,0.9912511716642043,1.0
Dmel_CG10374,-0.010991508,-0.20056418,0.9912302216572403,1.0
Dmel_CG5435,-0.01100039,-0.254838,0.9912231356268407,1.0
Dmel_CG9458,-0.011243281,-0.048597794,0.9910293483700882,1.0
Dmel_CG2467,-0.011244826,-0.09236281,0.9910281160203752,1.0
Dmel_CG34247,-0.011245598,-0.351222,0.9910274998455267,1.0
Dmel_CG32371,-0.011246371,-0.3954327,0.9910268836706836,1.0
Dmel_CR42858,-0.011247143,-0.3872474,0.9910262674958459,1.0
Dmel_CR45885,-0.011248687,-0.67679024,0.9910250351461863,1.0
Dmel_CG43185,-0.011248687,-0.4960347,0.9910250351461863,1.0
Dmel_CG42537,-0.011248687,-0.62907195,0.9910250351461863,1.0
Dmel_CG13101,-0.01124946,-0.69217795,0.9910244189713646,1.0
Dmel_CG34167,-0.01124946,-0.5756563,0.9910244189713646,1.0
Dmel_CG43772,-0.01124946,-0.7211321,0.9910244189713646,1.0
Dmel_CR45266,-0.011250232,-0.7147728,0.9910238027965482,1.0
Dmel_CR45043,-0.011250232,-0.6678115,0.9910238027965482,1.0
Dmel_CG18231,-0.011250232,-0.9303939,0.9910238027965482,1.0
Dmel_CG9455,-0.011251004,-0.621587,0.9910231866217373,1.0
Dmel_CG6445,-0.0112517765,-1.0710583,0.9910225704469316,1.0
Dmel_CG43149,-0.0112517765,-1.2703649,0.9910225704469316,1.0
Dmel_CR44804,-0.0112525495,-1.0630151,0.9910219542721314,1.0
Dmel_CR44281,-0.0112525495,-1.1586374,0.9910219542721314,1.0
Dmel_CG6763,-0.011473429,-0.14909878,0.9908457285004474,1.0
Dmel_CG31104,-0.011890091,-0.16142218,0.9905133038356779,1.0
Dmel_CR43973,-0.011890863,-0.13544685,0.9905126876654288,1.0
Dmel_CG40198,-0.011891635,-0.38445336,0.9905120714951853,1.0
Dmel_CR46248,-0.011892407,-0.37244853,0.9905114553249474,1.0
Dmel_CG9312,-0.011892407,-0.36884263,0.9905114553249474,1.0
Dmel_CG33645,-0.01189318,-0.36467806,0.9905108391547153,1.0
Dmel_CR46008,-0.01189318,-0.46096212,0.9905108391547153,1.0
Dmel_CG5400,-0.011894724,-0.32914913,0.9905096068142678,1.0
Dmel_CG14405,-0.011895496,-0.44428715,0.9905089906440526,1.0
Dmel_CG5988,-0.011896269,-0.60899794,0.9905083744738431,1.0
Dmel_CG17970,-0.0118978135,-0.7703042,0.990507142133441,1.0
Dmel_CG9964,-0.0118978135,-0.81084085,0.990507142133441,1.0
Dmel_CR44197,-0.011898586,-0.64490646,0.9905065259632484,1.0
Dmel_CG42808,-0.011898586,-1.1539099,0.9905065259632484,1.0
Dmel_CR45542,-0.011899359,-0.9059863,0.9905059097930615,1.0
Dmel_CG12026,-0.011899359,-0.66395324,0.9905059097930615,1.0
Dmel_CG2137,-0.011900131,-0.9927605,0.9905052936228803,1.0
Dmel_CR45969,-0.011900903,-0.9316697,0.9905046774527048,1.0
Dmel_CG1919,-0.011900903,-0.7921478,0.9905046774527048,1.0
Dmel_CG13745,-0.011900903,-1.1536723,0.9905046774527048,1.0
Dmel_CR45013,-0.011901675,-1.0381608,0.9905040612825348,1.0
Dmel_CR46135,-0.012041849,-0.15998079,0.9903922264908638,1.0
Dmel_CR43701,-0.012053434,-0.14962569,0.9903829839545126,1.0
Dmel_CG15231,-0.012250759,-0.12873319,0.9902255529512292,1.0
Dmel_CG32812,-0.01228281,-0.16439636,0.9901999820021175,1.0
Dmel_CG7372,-0.0122882165,-0.2847314,0.9901956688309695,1.0
Dmel_CG9983,-0.012391706,-0.010778656,0.990113102467243,1.0
Dmel_CG42307,-0.012476274,-0.3678899,0.9900456322709814,1.0
Dmel_CG32150,-0.012537672,-0.279301,0.9899966471045732,1.0
Dmel_CR45940,-0.012538444,-0.30331713,0.9899960309391977,1.0
Dmel_CG18810,-0.012538444,-0.31238955,0.9899960309391977,1.0
Dmel_CG13033,-0.012540761,-0.44448796,0.9899941824431073,1.0
Dmel_CG43161,-0.012541533,-0.3788322,0.9899935662777557,1.0
Dmel_CG17329,-0.012541533,-0.28995427,0.9899935662777557,1.0
Dmel_CG15650,-0.012541533,-0.49456367,0.9899935662777557,1.0
Dmel_CG31407,-0.012541533,-0.3751589,0.9899935662777557,1.0
Dmel_CR45396,-0.0125423055,-0.49220443,0.9899929501124101,1.0
Dmel_CG11060,-0.0125430785,-0.5158476,0.9899923339470704,1.0
Dmel_CG8072,-0.012543851,-0.67468685,0.9899917177817368,1.0
Dmel_CR42765,-0.012546168,-0.55526024,0.9899898692857716,1.0
Dmel_CG6431,-0.01254694,-0.62264884,0.9899892531204618,1.0
Dmel_CG40006,-0.012549257,-0.981825,0.9899874046245684,1.0
Dmel_CR45104,-0.012899885,0.00566518,0.989707666204588,1.0
Dmel_CG6067,-0.012958581,-0.20935911,0.9896608378693176,1.0
Dmel_CG43272,-0.012959353,-0.45681727,0.9896602217072484,1.0
Dmel_CG5581,-0.013173283,-0.33164382,0.9894895450528466,1.0
Dmel_CR45602,-0.013175986,-0.03014602,0.9894873884916819,1.0
Dmel_CG32260,-0.013177531,0.04871464,0.989486156171051,1.0
Dmel_CG17058,-0.013179847,-0.101083025,0.9894843076901515,1.0
Dmel_CG17258,-0.013182936,-0.22032611,0.9894818430490401,1.0
Dmel_CG6279,-0.013186025,-0.38952163,0.9894793784080289,1.0
Dmel_CG45603,-0.0131875705,-0.3830548,0.989478146087561,1.0
Dmel_CR34652,-0.013188343,-0.39639238,0.9894775299273365,1.0
Dmel_CG14022,-0.01319066,-0.37591466,0.9894756814467006,1.0
Dmel_CG5492,-0.013191432,-0.5693616,0.9894750652865012,1.0
Dmel_CG8925,-0.013193749,-0.6451491,0.9894732168059405,1.0
Dmel_CG1957,-0.013476415,-0.15178464,0.9892477026045123,1.0
Dmel_CG3850,-0.013496108,0.18498023,0.9892319905812976,1.0
Dmel_CG8721,-0.013586468,-0.2085499,0.9891599001754735,1.0
Dmel_CG1214,-0.013603073,-0.106834166,0.9891466528028152,1.0
Dmel_CR42735,-0.013712355,-0.09947581,0.9890594666808383,1.0
Dmel_CG32397,-0.013715444,-0.115458496,0.989057002057376,1.0
Dmel_CG4735,-0.013822023,0.04505039,0.9889719726120357,1.0
Dmel_CG10869,-0.013825884,-0.2094948,0.9889688918373762,1.0
Dmel_CG16800,-0.013826656,-0.124741666,0.988968275682464,1.0
Dmel_CG17440,-0.013828973,-0.23552223,0.9889664272177671,1.0
Dmel_CR43695,-0.0138328355,-0.35447034,0.9889633464434037,1.0
Dmel_CG17330,-0.0138328355,-0.3097225,0.9889633464434037,1.0
Dmel_CG33752,-0.013835925,-0.2920665,0.9889608818240314,1.0
Dmel_CG6130,-0.013835925,-0.49874008,0.9889608818240314,1.0
Dmel_CG1394,-0.013836697,-0.43548673,0.9889602656692048,1.0
Dmel_CG30479,-0.013837469,-0.4551385,0.9889596495143848,1.0
Dmel_CR45225,-0.013839014,-0.73731357,0.9889584172047645,1.0
Dmel_CG2788,-0.013842103,-0.55347216,0.988955952585603,1.0
Dmel_CR44613,-0.013842875,-0.6565851,0.9889553364308291,1.0
Dmel_CG1887,-0.013846736,-0.72157097,0.9889522556570584,1.0
Dmel_CG12931,-0.013849826,-0.96042055,0.9889497910381604,1.0
Dmel_CG3668,-0.013931691,-0.1146678,0.9888844786758594,1.0
Dmel_CG3346,-0.014480417,-0.2823227,0.9884467029465902,1.0
Dmel_CG14959,-0.01448814,-0.468011,0.9884405414548587,1.0
Dmel_CG5974,-0.014825253,-0.13882957,0.988171593017709,1.0
Dmel_CG7107,-0.014905573,-0.28842765,0.9881075138621201,1.0
Dmel_CG14508,-0.014952684,-0.45597386,0.9880699290084529,1.0
Dmel_CR34154,-0.015113324,-0.04471482,0.9879417710184604,1.0
Dmel_CG10877,-0.015127998,-0.3927858,0.987930064294449,1.0
Dmel_CG6569,-0.0151419,-0.5900712,0.9879189737162036,1.0
Dmel_CG11900,-0.015192872,-0.16012102,0.9878783082826271,1.0
Dmel_CG15065,-0.0155365495,-0.19626938,0.9876041255047134,1.0
Dmel_CG40305,-0.01576554,-0.16350062,0.9874214404869851,1.0
Dmel_CG8354,-0.015774807,-0.23051132,0.9874140468407301,1.0
Dmel_CG15825,-0.015774807,-0.3348669,0.9874140468407301,1.0
Dmel_CG1246,-0.015780214,-0.39690784,0.9874097338809138,1.0
Dmel_CG4803,-0.01578253,-0.5076188,0.9874078854696766,1.0
Dmel_CG9649,-0.01578948,-0.50959027,0.9874023402363706,1.0
Dmel_CG13929,-0.015955914,-0.16176523,0.9872695628879032,1.0
Dmel_CR43516,-0.016396903,-0.022256153,0.986917750839336,1.0
Dmel_CG33307,-0.016420072,-0.2523723,0.9868992669135306,1.0
Dmel_CG6803,-0.016450578,-0.24757193,0.9868749297552798,1.0
Dmel_CR44854,-0.0164583,-0.027056845,0.9868687684513301,1.0
Dmel_CG3413,-0.016774561,-0.116961926,0.9866164637314649,1.0
Dmel_CG10812,-0.016835574,-0.18526876,0.9865677897140819,1.0
Dmel_CG30274,-0.017071515,-0.25836384,0.986379563448111,1.0
Dmel_CG31337,-0.017079238,-0.4597337,0.9863734022082997,1.0
Dmel_CG3014,-0.017094297,-0.18431702,0.9863613877930056,1.0
Dmel_CG14549,-0.01729201,-0.1539001,0.9862036603723933,1.0
Dmel_CG7335,-0.017325992,-17.329416,0.9861765510261101,1.0
Dmel_CR44503,-0.017325992,-17.584097,0.9861765510261101,1.0
Dmel_CG14503,-0.017325992,-17.49518,0.9861765510261101,1.0
Dmel_CG45768,-0.017325992,-16.79371,0.9861765510261101,1.0
Dmel_CG15200,-0.017325992,-16.823414,0.9861765510261101,1.0
Dmel_CG4960,-0.017325992,-18.157858,0.9861765510261101,1.0
Dmel_CG12807,-0.017325992,-17.470627,0.9861765510261101,1.0
Dmel_CR46246,-0.017325992,-17.190657,0.9861765510261101,1.0
Dmel_CG32693,-0.017325992,-17.364046,0.9861765510261101,1.0
Dmel_CG6118,-0.017325992,-18.135965,0.9861765510261101,1.0
Dmel_CG34333,-0.017325992,-17.733677,0.9861765510261101,1.0
Dmel_CG13722,-0.017325992,-17.726862,0.9861765510261101,1.0
Dmel_CR45936,-0.017325992,-17.88734,0.9861765510261101,1.0
Dmel_CG14243,-0.017325992,-17.872215,0.9861765510261101,1.0
Dmel_CG44163,-0.017325992,-17.272228,0.9861765510261101,1.0
Dmel_CG8541,-0.017325992,-17.868233,0.9861765510261101,1.0
Dmel_CG18180,-0.017325992,-17.901634,0.9861765510261101,1.0
Dmel_CG1315,-0.017325992,-18.056866,0.9861765510261101,1.0
Dmel_CG7311,-0.017325992,-17.53085,0.9861765510261101,1.0
Dmel_CG17302,-0.017325992,-17.575613,0.9861765510261101,1.0
Dmel_CG13463,-0.017325992,-17.672052,0.9861765510261101,1.0
Dmel_CG2666,-0.017325992,-17.612892,0.9861765510261101,1.0
Dmel_CR45178,-0.017325992,-17.37407,0.9861765510261101,1.0
Dmel_CG30502,-0.017325992,-18.120543,0.9861765510261101,1.0
Dmel_CG4306,-0.017325992,-17.787039,0.9861765510261101,1.0
Dmel_CG30083,-0.017325992,-17.452291,0.9861765510261101,1.0
Dmel_CG3513,-0.017325992,-17.901396,0.9861765510261101,1.0
Dmel_CG11748,-0.017325992,-17.565838,0.9861765510261101,1.0
Dmel_CG33497,-0.017325992,-16.893866,0.9861765510261101,1.0
Dmel_CG31816,-0.017325992,-17.328424,0.9861765510261101,1.0
Dmel_CR45754,-0.017325992,-16.4341,0.9861765510261101,1.0
Dmel_CG34199,-0.017325992,-16.95572,0.9861765510261101,1.0
Dmel_CR44688,-0.017325992,-17.7223,0.9861765510261101,1.0
Dmel_CR43595,-0.017325992,-16.965675,0.9861765510261101,1.0
Dmel_CR42967,-0.017325992,-17.755037,0.9861765510261101,1.0
Dmel_CG12268,-0.017325992,-18.085087,0.9861765510261101,1.0
Dmel_CG30286,-0.017325992,-17.972889,0.9861765510261101,1.0
Dmel_CR45176,-0.017325992,-16.44611,0.9861765510261101,1.0
Dmel_CG5207,-0.017325992,-16.856373,0.9861765510261101,1.0
Dmel_CG18823,-0.017325992,-17.000668,0.9861765510261101,1.0
Dmel_CR46074,-0.017325992,-17.67888,0.9861765510261101,1.0
Dmel_CG12306,-0.017325992,-17.639784,0.9861765510261101,1.0
Dmel_CG5017,-0.017325992,-17.795786,0.9861765510261101,1.0
Dmel_CG30065,-0.017325992,-17.403963,0.9861765510261101,1.0
Dmel_CG2707,-0.017325992,-17.573154,0.9861765510261101,1.0
Dmel_CG31496,-0.017325992,-17.42182,0.9861765510261101,1.0
Dmel_CG15595,-0.017325992,-17.614632,0.9861765510261101,1.0
Dmel_CG14608,-0.017325992,-16.863916,0.9861765510261101,1.0
Dmel_CG7440,-0.017325992,-17.91942,0.9861765510261101,1.0
Dmel_CG14131,-0.017325992,-17.899885,0.9861765510261101,1.0
Dmel_CG18369,-0.017325992,-17.858877,0.9861765510261101,1.0
Dmel_CR44895,-0.017325992,-17.471575,0.9861765510261101,1.0
Dmel_CG12920,-0.017325992,-17.07043,0.9861765510261101,1.0
Dmel_CG9976,-0.017325992,-17.470633,0.9861765510261101,1.0
Dmel_CR43610,-0.017325992,-17.96108,0.9861765510261101,1.0
Dmel_CG7557,-0.017325992,-17.879545,0.9861765510261101,1.0
Dmel_CR45417,-0.017325992,-17.606838,0.9861765510261101,1.0
Dmel_CG12224,-0.017325992,-17.509333,0.9861765510261101,1.0
Dmel_CG15025,-0.017325992,-17.48558,0.9861765510261101,1.0
Dmel_CG7896,-0.017325992,-16.980438,0.9861765510261101,1.0
Dmel_CG1690,-0.017325992,-17.198116,0.9861765510261101,1.0
Dmel_CG5849,-0.017325992,-17.876408,0.9861765510261101,1.0
Dmel_CG18302,-0.017325992,-17.566767,0.9861765510261101,1.0
Dmel_CR32027,-0.017325992,-17.586384,0.9861765510261101,1.0
Dmel_CR45270,-0.017325992,-17.58336,0.9861765510261101,1.0
Dmel_CG30329,-0.017325992,-17.990423,0.9861765510261101,1.0
Dmel_CG10591,-0.017325992,-17.336227,0.9861765510261101,1.0
Dmel_CR44491,-0.017325992,-17.314125,0.9861765510261101,1.0
Dmel_CG4770,-0.017325992,-17.703568,0.9861765510261101,1.0
Dmel_CG13955,-0.017325992,-17.507992,0.9861765510261101,1.0
Dmel_CG42787,-0.017325992,-17.336193,0.9861765510261101,1.0
Dmel_CG17148,-0.017325992,-17.820267,0.9861765510261101,1.0
Dmel_CG30393,-0.017325992,-17.968237,0.9861765510261101,1.0
Dmel_CR45146,-0.017325992,-17.629755,0.9861765510261101,1.0
Dmel_CG14020,-0.017325992,-17.777205,0.9861765510261101,1.0
Dmel_CR45778,-0.017325992,-17.132166,0.9861765510261101,1.0
Dmel_CG13032,-0.017325992,-17.414772,0.9861765510261101,1.0
Dmel_CR44665,-0.017325992,-17.63025,0.9861765510261101,1.0
Dmel_CR45732,-0.017325992,-18.148857,0.9861765510261101,1.0
Dmel_CR46362,-0.017325992,-16.199604,0.9861765510261101,1.0
Dmel_CR43525,-0.017325992,-17.342396,0.9861765510261101,1.0
Dmel_CG16834,-0.017325992,-16.213425,0.9861765510261101,1.0
Dmel_CG4377,-0.017325992,-17.752766,0.9861765510261101,1.0
Dmel_CR43269,-0.017325992,-17.603401,0.9861765510261101,1.0
Dmel_CG8358,-0.017325992,-17.806292,0.9861765510261101,1.0
Dmel_CG13196,-0.017325992,-17.3107,0.9861765510261101,1.0
Dmel_CG42249,-0.017325992,-17.395008,0.9861765510261101,1.0
Dmel_CG8564,-0.017325992,-17.789686,0.9861765510261101,1.0
Dmel_CG43207,-0.017325992,-16.531998,0.9861765510261101,1.0
Dmel_CR43905,-0.017325992,-17.678,0.9861765510261101,1.0
Dmel_CG5003,-0.017431024,-0.11131601,0.9860927586022834,1.0
Dmel_CG17462,-0.017510572,-0.28025284,0.9860292982656906,1.0
Dmel_CG12165,-0.017702106,-0.20519057,0.9858765009254706,1.0
Dmel_CG13693,-0.01771369,-0.2811083,0.9858672591674191,1.0
Dmel_CG34041,-0.017714463,-0.3122728,0.9858666430502832,1.0
Dmel_CG14027,-0.01775076,-0.7709653,0.9858376855544048,1.0
Dmel_CG5704,-0.01775385,-0.73702025,0.9858352210875314,1.0
Dmel_CG8337,-0.01797087,-0.9734821,0.9856620926293114,1.0
Dmel_CR45888,-0.01797087,-1.2651064,0.9856620926293114,1.0
Dmel_CG17575,-0.01797087,-0.8213027,0.9856620926293114,1.0
Dmel_CG13073,-0.01797087,-1.1427405,0.9856620926293114,1.0
Dmel_CG10164,-0.01797087,-0.7458529,0.9856620926293114,1.0
Dmel_CG18193,-0.01797087,-1.5296595,0.9856620926293114,1.0
Dmel_CG7296,-0.01797087,-1.1922975,0.9856620926293114,1.0
Dmel_CG3758,-0.01797087,-1.5446975,0.9856620926293114,1.0
Dmel_CG12209,-0.01797087,-1.1426685,0.9856620926293114,1.0
Dmel_CG33640,-0.01797087,-1.2748502,0.9856620926293114,1.0
Dmel_CG5971,-0.01797087,-1.4193654,0.9856620926293114,1.0
Dmel_CR44888,-0.01797087,-0.9832946,0.9856620926293114,1.0
Dmel_CG43672,-0.01797087,-1.1992856,0.9856620926293114,1.0
Dmel_CG11951,-0.01797087,-0.9967802,0.9856620926293114,1.0
Dmel_CG10247,-0.01797087,-1.1526763,0.9856620926293114,1.0
Dmel_CG7016,-0.017971642,-1.2087376,0.9856614765150026,1.0
Dmel_CG8927,-0.017971642,-1.8191853,0.9856614765150026,1.0
Dmel_CG3216,-0.017971642,-1.6516936,0.9856614765150026,1.0
Dmel_CG6055,-0.017971642,-1.1221546,0.9856614765150026,1.0
Dmel_CG14292,-0.017971642,-1.3868902,0.9856614765150026,1.0
Dmel_CG17350,-0.017971642,-1.4178908,0.9856614765150026,1.0
Dmel_CG9400,-0.017971642,-1.4733903,0.9856614765150026,1.0
Dmel_CG4835,-0.017971642,-1.2072312,0.9856614765150026,1.0
Dmel_CR34530,-0.017971642,-1.6694671,0.9856614765150026,1.0
Dmel_CR43807,-0.017971642,-1.5838245,0.9856614765150026,1.0
Dmel_CG11911,-0.017971642,-1.8500663,0.9856614765150026,1.0
Dmel_CG15155,-0.017971642,-1.496002,0.9856614765150026,1.0
Dmel_CG7464,-0.017972413,-1.9669197,0.9856608604007023,1.0
Dmel_CR44058,-0.017972413,-1.5366445,0.9856608604007023,1.0
Dmel_CG14379,-0.017972413,-2.0446844,0.9856608604007023,1.0
Dmel_CG43920,-0.017972413,-1.8590438,0.9856608604007023,1.0
Dmel_CG17104,-0.017972413,-1.9854584,0.9856608604007023,1.0
Dmel_CG32235,-0.017972413,-2.3845336,0.9856608604007023,1.0
Dmel_CG42448,-0.017972413,-1.7953595,0.9856608604007023,1.0
Dmel_CR45123,-0.017972413,-2.104702,0.9856608604007023,1.0
Dmel_CR44412,-0.017972413,-1.8197528,0.9856608604007023,1.0
Dmel_CG7211,-0.017972413,-1.5654105,0.9856608604007023,1.0
Dmel_CG13694,-0.017972413,-1.982166,0.9856608604007023,1.0
Dmel_CR43853,-0.017973186,-2.702993,0.9856602442864106,1.0
Dmel_CG17752,-0.017973186,-2.5768876,0.9856602442864106,1.0
Dmel_CR45115,-0.017973186,-2.751461,0.9856602442864106,1.0
Dmel_CR34627,-0.017973186,-2.199648,0.9856602442864106,1.0
Dmel_CG34382,-0.017973186,-2.2664776,0.9856602442864106,1.0
Dmel_CG1157,-0.017973186,-2.0697627,0.9856602442864106,1.0
Dmel_CG14854,-0.017973186,-2.528609,0.9856602442864106,1.0
Dmel_CG14627,-0.017973186,-2.64365,0.9856602442864106,1.0
Dmel_CG7189,-0.017973186,-3.983912,0.9856602442864106,1.0
Dmel_CG17116,-0.017973186,-3.0181057,0.9856602442864106,1.0
Dmel_CG43168,-0.017973186,-2.4253654,0.9856602442864106,1.0
Dmel_CR44889,-0.017973186,-3.24138,0.9856602442864106,1.0
Dmel_CG31741,-0.017973186,-2.5254452,0.9856602442864106,1.0
Dmel_CG33300,-0.017973186,-3.4215286,0.9856602442864106,1.0
Dmel_CG9314,-0.017973186,-2.8130505,0.9856602442864106,1.0
Dmel_CR45605,-0.017973186,-2.1710892,0.9856602442864106,1.0
Dmel_CG13545,-0.017973186,-3.1384118,0.9856602442864106,1.0
Dmel_CG31869,-0.018055437,-0.02923351,0.9855946281633738,1.0
Dmel_CG7000,-0.018335786,-0.07826919,0.9853709795773801,1.0
Dmel_CG11120,-0.018338874,-0.046968002,0.9853685151365231,1.0
Dmel_CG2652,-0.01835123,-0.18647467,0.9853586573744918,1.0
Dmel_CG18013,-0.018359726,-0.28691936,0.9853518801643919,1.0
Dmel_CG18636,-0.01839757,-0.6565486,0.9853216907867957,1.0
Dmel_CG31039,-0.018614976,-0.038163587,0.9851482563015987,1.0
Dmel_CG33302,-0.018614976,-0.21633886,0.9851482563015987,1.0
Dmel_CG31089,-0.018614976,0.029174253,0.9851482563015987,1.0
Dmel_CG31810,-0.01861652,-0.59926856,0.9851470240875091,1.0
Dmel_CR32661,-0.01861652,-0.70749396,0.9851470240875091,1.0
Dmel_CG31697,-0.018617293,-1.0799927,0.9851464079804775,1.0
Dmel_CG4226,-0.018617293,-1.2549685,0.9851464079804775,1.0
Dmel_CG11821,-0.018617293,-1.059001,0.9851464079804775,1.0
Dmel_CG11052,-0.018617293,-0.44879624,0.9851464079804775,1.0
Dmel_CR45335,-0.018617293,-0.73396665,0.9851464079804775,1.0
Dmel_CG32462,-0.018617293,-0.75535065,0.9851464079804775,1.0
Dmel_CG1979,-0.018618064,-1.0829144,0.9851457918734547,1.0
Dmel_CR44344,-0.018618064,-1.2578938,0.9851457918734547,1.0
Dmel_CG33919,-0.018618064,-1.2006583,0.9851457918734547,1.0
Dmel_CG14666,-0.018618064,-0.9939402,0.9851457918734547,1.0
Dmel_CG5966,-0.018618064,-1.0997834,0.9851457918734547,1.0
Dmel_CR44975,-0.018618064,-1.4989234,0.9851457918734547,1.0
Dmel_CG6641,-0.018618064,-1.1175541,0.9851457918734547,1.0
Dmel_CG18641,-0.018618064,-1.1846684,0.9851457918734547,1.0
Dmel_CG8361,-0.018618837,-1.449984,0.9851451757664409,1.0
Dmel_CG13125,-0.018618837,-1.1658221,0.9851451757664409,1.0
Dmel_CG4213,-0.018618837,-1.4612485,0.9851451757664409,1.0
Dmel_CG12200,-0.01861961,-1.9500908,0.9851445596594359,1.0
Dmel_CG14880,-0.01861961,-1.6400102,0.9851445596594359,1.0
Dmel_CG18605,-0.01861961,-1.6796763,0.9851445596594359,1.0
Dmel_CG32029,-0.018620381,-1.4793818,0.9851439435524398,1.0
Dmel_CG6520,-0.018621154,-2.0394554,0.9851433274454525,1.0
Dmel_CG5639,-0.018621154,-1.9835836,0.9851433274454525,1.0
Dmel_CG15873,-0.018621154,-2.0886927,0.9851433274454525,1.0
Dmel_CG17107,-0.018621154,-1.5062089,0.9851433274454525,1.0
Dmel_CR45658,-0.018621154,-1.9576997,0.9851433274454525,1.0
Dmel_CG42676,-0.01862656,-0.138342,0.9851390146967898,1.0
Dmel_CG1112,-0.018768664,-0.1818511,0.9850256511737754,1.0
Dmel_CG10895,-0.01877021,-0.21928409,0.9850244189632257,1.0
Dmel_CG5555,-0.018784497,-0.13539067,0.9850130210173346,1.0
Dmel_CR43437,-0.018980278,-0.066724986,0.9848568386625102,1.0
Dmel_CG17150,-0.018989546,-0.07725163,0.9848494454292841,1.0
Dmel_CG32284,-0.019029705,-0.4489021,0.9848174081003482,1.0
Dmel_CR46265,-0.019036656,-0.48765966,0.9848118631805165,1.0
Dmel_CG4779,-0.01926217,-0.7436203,0.9846319617366746,1.0
Dmel_CG31008,-0.01926217,-0.68648285,0.9846319617366746,1.0
Dmel_CG44329,-0.019262943,-0.7019783,0.9846313456371769,1.0
Dmel_CG15330,-0.019263715,-1.0486709,0.9846307295376885,1.0
Dmel_CG43095,-0.019263715,-0.8022263,0.9846307295376885,1.0
Dmel_CG6545,-0.019264488,-0.861876,0.9846301134382093,1.0
Dmel_CG8502,-0.019264488,-0.82013196,0.9846301134382093,1.0
Dmel_CG13407,-0.019264488,-0.8879605,0.9846301134382093,1.0
Dmel_CR44260,-0.019264488,-0.9245641,0.9846301134382093,1.0
Dmel_CR43285,-0.01926526,-0.94328827,0.9846294973387392,1.0
Dmel_CG13086,-0.01926526,-0.88556844,0.9846294973387392,1.0
Dmel_CG6104,-0.01926526,-0.94376725,0.9846294973387392,1.0
Dmel_CG3509,-0.01926526,-1.0109624,0.9846294973387392,1.0
Dmel_CG12699,-0.01926526,-1.1159506,0.9846294973387392,1.0
Dmel_CG6802,-0.01926526,-0.96472114,0.9846294973387392,1.0
Dmel_CG31620,-0.019266032,-1.1776317,0.9846288812392783,1.0
Dmel_CG13250,-0.019266032,-1.0886557,0.9846288812392783,1.0
Dmel_CG1632,-0.019266032,-1.1690453,0.9846288812392783,1.0
Dmel_CG14531,-0.019266032,-1.0572081,0.9846288812392783,1.0
Dmel_CG3158,-0.019266032,-1.1369317,0.9846288812392783,1.0
Dmel_CR43605,-0.019267578,-1.2631782,0.9846276490403839,1.0
Dmel_CR43495,-0.019267578,-1.5753225,0.9846276490403839,1.0
Dmel_CG6875,-0.019269893,-1.3036566,0.9846258007421113,1.0
Dmel_CR44958,-0.019269893,-2.0126903,0.9846258007421113,1.0
Dmel_CG12929,-0.01941779,-0.12784463,0.9845078178735565,1.0
Dmel_CG7902,-0.019665703,-0.31432116,0.9843100510066238,1.0
Dmel_CG31004,-0.019680377,-0.45449087,0.9842983452097136,1.0
Dmel_CG15021,-0.0196881,-0.5309711,0.984292184265329,1.0
Dmel_CG1014,-0.01990705,-0.22946751,0.9841175218831584,1.0
Dmel_CR44761,-0.019907821,-0.465003,0.9841169057914421,1.0
Dmel_CG42749,-0.019907821,-0.610619,0.9841169057914421,1.0
Dmel_CG9733,-0.019908594,-0.54484624,0.9841162896997352,1.0
Dmel_CG31128,-0.019910138,-0.61746544,0.98411505751635,1.0
Dmel_CR45133,-0.019910138,-0.78940254,0.98411505751635,1.0
Dmel_CG4750,-0.019910911,-0.77087754,0.9841144414246715,1.0
Dmel_CG42470,-0.019912455,-0.570624,0.984113209241343,1.0
Dmel_CR45895,-0.019912455,-0.86299825,0.984113209241343,1.0
Dmel_CG11453,-0.019914,-0.9345228,0.9841119770580525,1.0
Dmel_CR43817,-0.019915545,-1.0583817,0.9841107448747999,1.0
Dmel_CG32141,-0.01991709,-1.1838529,0.9841095126915851,1.0
Dmel_CG5527,-0.01991786,-1.6901463,0.984108896599992,1.0
Dmel_CG5326,-0.019918634,-1.316932,0.9841082805084083,1.0
Dmel_CG10244,-0.01998042,-0.04442169,0.9840589932124526,1.0
Dmel_CG13480,-0.02012793,-0.3871987,0.9839413200397547,1.0
Dmel_CG3244,-0.02028857,-0.16341911,0.9838131737360941,1.0
Dmel_CG14636,-0.020299383,-0.25420254,0.9838045485190816,1.0
Dmel_CG15040,-0.020323323,-0.3916548,0.9837854498310066,1.0
Dmel_CG10964,-0.020444576,-0.13231052,0.983688724360145,1.0
Dmel_CG12853,-0.020550383,-0.40841025,0.9836043208011735,1.0
Dmel_CR44423,-0.020550383,-0.2620216,0.9836043208011735,1.0
Dmel_CG6974,-0.020551154,-0.25932935,0.9836037047174749,1.0
Dmel_CG4267,-0.020551154,-0.2971961,0.9836037047174749,1.0
Dmel_CR46007,-0.0205527,-0.43632573,0.9836024725501072,1.0
Dmel_CG8519,-0.020553472,-0.53207475,0.983601856466438,1.0
Dmel_CG13082,-0.020554245,-0.4783274,0.9836012403827787,1.0
Dmel_CR43792,-0.020554245,-0.70290804,0.9836012403827787,1.0
Dmel_CG14400,-0.020555018,-0.5621116,0.9836006242991291,1.0
Dmel_CG18088,-0.020555789,-0.46827483,0.9836000082154892,1.0
Dmel_CG15590,-0.020555789,-0.6172792,0.9836000082154892,1.0
Dmel_CR45740,-0.020557333,-0.65980655,0.9835987760482389,1.0
Dmel_CG3347,-0.020557333,-0.59782076,0.9835987760482389,1.0
Dmel_CG13320,-0.020558106,-0.68647337,0.9835981599646284,1.0
Dmel_CR44149,-0.020558879,-0.9053106,0.9835975438810276,1.0
Dmel_CG15461,-0.020558879,-0.8837127,0.9835975438810276,1.0
Dmel_CG31557,-0.02055965,-0.90050316,0.9835969277974367,1.0
Dmel_CG6898,-0.020563513,-1.0888504,0.9835938473796287,1.0
Dmel_CR46043,-0.020565057,-1.0035278,0.9835926152125741,1.0
Dmel_CG42766,-0.02056776,-0.28610048,0.9835904589203226,1.0
Dmel_CR45387,-0.020568918,-1.6521952,0.9835895347951086,1.0
Dmel_CG3454,-0.02068708,-0.17849173,0.9834952741391774,1.0
Dmel_CG15728,-0.020775897,-0.15856022,0.983424424778159,1.0
Dmel_CG5538,-0.020948509,-0.288552,0.9832867309596595,1.0
Dmel_CG4399,-0.021166686,0.017653074,0.9831126891503044,1.0
Dmel_CG14244,-0.021186765,0.080751054,0.983096671183336,1.0
Dmel_CG13947,-0.021199122,-0.381068,0.9830868139762806,1.0
Dmel_CG11617,-0.021203756,-0.6740611,0.9830831175243004,1.0
Dmel_CG42857,-0.0212053,-0.7488647,0.9830818853737212,1.0
Dmel_CG8023,-0.02120839,-0.9064225,0.9830794210726835,1.0
Dmel_CG31832,-0.021214569,-1.2229171,0.9830744924710928,1.0
Dmel_CG15406,-0.021219203,-1.0823486,0.9830707960203235,1.0
Dmel_CG12120,-0.02130184,-0.11072828,0.9830048760427176,1.0
Dmel_CG8507,-0.021309176,-0.15702248,0.9829990233400275,1.0
Dmel_CG2022,-0.0214787,-0.42259252,0.9828637953596536,1.0
Dmel_CG6613,-0.02175364,-0.1521682,0.982644474490188,1.0
Dmel_CG12068,-0.02184014,-0.25504625,0.9825754749365637,1.0
Dmel_CG13674,-0.021843228,-0.31130213,0.9825730106691991,1.0
Dmel_CR43884,-0.021857902,-0.9194103,0.9825613054014887,1.0
Dmel_CR45851,-0.02186022,-0.8016117,0.982559457201667,1.0
Dmel_CG30159,-0.02197761,-0.030976867,0.9824658152001073,1.0
Dmel_CG3879,-0.021999622,-0.08353754,0.9824482573516722,1.0
Dmel_CG8908,-0.022069516,-0.35217714,0.9823925035384842,1.0
Dmel_CG16785,-0.022163738,-0.11793859,0.9823173438380841,1.0
Dmel_CG10541,-0.022203125,-0.21632898,0.9822859246655468,1.0
Dmel_CR44473,-0.022500465,-0.7157495,0.9820487416060708,1.0
Dmel_CR45713,-0.022503553,-0.7269083,0.9820462773747843,1.0
Dmel_CR44170,-0.022504326,-0.72933936,0.9820456613169894,1.0
Dmel_CG13643,-0.022504326,-0.66739404,0.9820456613169894,1.0
Dmel_CG11655,-0.022567268,-0.11484688,0.9819954526427396,1.0
Dmel_CG4733,-0.02288044,-0.20287097,0.9817456424502954,1.0
Dmel_CG5397,-0.022929097,-0.36043707,0.9817068311624301,1.0
Dmel_CG6338,-0.023093598,-0.13341595,0.9815756123675208,1.0
Dmel_CG3171,-0.023115994,-0.07123753,0.9815577469362674,1.0
Dmel_CG45066,-0.023146115,-0.51697934,0.9815337210260635,1.0
Dmel_CR45791,-0.02315152,-0.6332622,0.9815294086849788,1.0
Dmel_CR44109,-0.023158472,-0.8029907,0.9815238642472345,1.0
Dmel_CG43742,-0.02316465,-0.9503356,0.9815189358588775,1.0
Dmel_CG2827,-0.023289764,-0.10116643,0.981419136146673,1.0
Dmel_CG16874,-0.02340677,-0.13741651,0.9813258051974451,1.0
Dmel_CG8839,-0.023428781,-0.105169274,0.9813082479186909,1.0
Dmel_CR43936,-0.023522615,-0.19544324,0.9812333985688394,1.0
Dmel_CG10717,-0.02378327,-0.32900202,0.9810254845770404,1.0
Dmel_CG15361,-0.023794083,-0.5885486,0.981016860024384,1.0
Dmel_CR46073,-0.023795627,-0.57971245,0.9810156279456143,1.0
Dmel_CG42326,-0.023797171,-0.50147533,0.9810143958668898,1.0
Dmel_CG4547,-0.023797944,-0.65417635,0.9810137798275445,1.0
Dmel_CG8937,-0.023802578,-0.67000383,0.9810100835917106,1.0
Dmel_CG4680,-0.02380335,-0.683521,0.9810094675524446,1.0
Dmel_CG3100,-0.023804896,-0.6776329,0.9810082354739466,1.0
Dmel_CR43309,-0.023812618,-0.92589843,0.981002075082136,1.0
Dmel_CG15347,-0.023818024,-0.96476686,0.9809977628085426,1.0
Dmel_CG13889,-0.023938505,-0.15826017,0.9809016608556258,1.0
Dmel_CG14609,-0.0239972,-0.07964306,0.9808548420558082,1.0
Dmel_CG9317,-0.024015736,-0.3064775,0.9808400571853482,1.0
Dmel_CG3496,-0.024146643,-0.13476485,0.9807356392253928,1.0
Dmel_CR43650,-0.02422117,-0.32087624,0.9806761919795928,1.0
Dmel_CG34456,-0.02442892,-0.37466696,0.9805104794992534,1.0
Dmel_CG34396,-0.024433555,-0.37245423,0.9805067833196628,1.0
Dmel_CR44567,-0.024436643,-0.4494566,0.9805043192001682,1.0
Dmel_CG5712,-0.02443896,-0.4141147,0.9805024711106693,1.0
Dmel_CG34215,-0.024453634,-0.6581513,0.9804907665462738,1.0
Dmel_CG1895,-0.024474874,-0.25172997,0.9804738257368246,1.0
Dmel_CR44445,-0.024868751,-0.40124148,0.9801596523293143,1.0
Dmel_CG31477,-0.025088474,-0.58116126,0.9799843941840835,1.0
Dmel_CG1625,-0.025091562,-0.51104295,0.9799819301045504,1.0
Dmel_CG14342,-0.025091562,-0.5403843,0.9799819301045504,1.0
Dmel_CG34263,-0.025213588,-0.12763189,0.9798845991160084,1.0
Dmel_CG9107,-0.025248341,-0.14593485,0.9798568783195679,1.0
Dmel_CG6421,-0.025563443,-0.51475245,0.9796055442126703,1.0
Dmel_CG7484,-0.025578117,-0.08270862,0.979593839977422,1.0
Dmel_CR43301,-0.025642991,-0.1590001,0.9795420949900534,1.0
Dmel_CG30456,-0.025704777,-0.15038984,0.9794928141297291,1.0
Dmel_CG14642,-0.02571636,-0.26110396,0.9794835739771259,1.0
Dmel_CG8902,-0.025721768,-0.28391162,0.979479261906853,1.0
Dmel_CG4182,-0.025799384,-0.39499724,0.9794173529641007,1.0
Dmel_CG40160,-0.025934925,-0.22956574,0.9793092436152893,1.0
Dmel_CR45215,-0.025988987,-18.34464,0.9792661231832092,1.0
Dmel_CG33177,-0.025988987,-17.918169,0.9792661231832092,1.0
Dmel_CG18814,-0.025988987,-18.132185,0.9792661231832092,1.0
Dmel_CG13577,-0.025988987,-17.890997,0.9792661231832092,1.0
Dmel_CG43630,-0.025988987,-17.669436,0.9792661231832092,1.0
Dmel_CR44645,-0.025988987,-17.736166,0.9792661231832092,1.0
Dmel_CR46259,-0.025988987,-18.075188,0.9792661231832092,1.0
Dmel_CR45654,-0.025988987,-18.462185,0.9792661231832092,1.0
Dmel_CG17298,-0.025988987,-18.390667,0.9792661231832092,1.0
Dmel_CG11767,-0.025988987,-18.54761,0.9792661231832092,1.0
Dmel_CG13983,-0.025988987,-18.028849,0.9792661231832092,1.0
Dmel_CG17751,-0.025988987,-18.264357,0.9792661231832092,1.0
Dmel_CG42508,-0.025988987,-17.957527,0.9792661231832092,1.0
Dmel_CG14634,-0.025988987,-18.027424,0.9792661231832092,1.0
Dmel_CG6730,-0.025988987,-18.708551,0.9792661231832092,1.0
Dmel_CG15418,-0.025988987,-18.579155,0.9792661231832092,1.0
Dmel_CG13946,-0.025988987,-18.401154,0.9792661231832092,1.0
Dmel_CG6576,-0.025988987,-18.745682,0.9792661231832092,1.0
Dmel_CG3440,-0.025988987,-18.232786,0.9792661231832092,1.0
Dmel_CG30163,-0.025988987,-17.756695,0.9792661231832092,1.0
Dmel_CG13611,-0.025988987,-18.12943,0.9792661231832092,1.0
Dmel_CR45550,-0.025988987,-18.256376,0.9792661231832092,1.0
Dmel_CG1678,-0.025988987,-18.459335,0.9792661231832092,1.0
Dmel_CG3746,-0.025988987,-18.701017,0.9792661231832092,1.0
Dmel_CG15398,-0.025988987,-17.851349,0.9792661231832092,1.0
Dmel_CR43472,-0.025988987,-18.295788,0.9792661231832092,1.0
Dmel_CG33192,-0.025988987,-18.360466,0.9792661231832092,1.0
Dmel_CG14540,-0.025988987,-18.31289,0.9792661231832092,1.0
Dmel_CG13399,-0.026074713,-0.123930804,0.9791977466223085,1.0
Dmel_CG42626,-0.026378231,-0.38200948,0.9789556578683708,1.0
Dmel_CR44904,-0.026382864,-0.45102534,0.9789519618718251,1.0
Dmel_CG4539,-0.026427658,-0.10569072,0.9789162339285233,1.0
Dmel_CG32457,-0.02651184,-0.22550766,0.9788490901495647,1.0
Dmel_CR45684,-0.02653501,-0.15931432,0.9788306102366792,1.0
Dmel_CG4910,-0.026633479,-1.5527484,0.9787520707337861,1.0
Dmel_CG13069,-0.026633479,-1.4069796,0.9787520707337861,1.0
Dmel_CG12310,-0.026633479,-1.3257111,0.9787520707337861,1.0
Dmel_CG32246,-0.026634252,-2.2059155,0.9787514547384981,1.0
Dmel_CG14444,-0.026634252,-1.8786297,0.9787514547384981,1.0
Dmel_CG31219,-0.026634252,-1.9409139,0.9787514547384981,1.0
Dmel_CG15415,-0.026634252,-1.9171726,0.9787514547384981,1.0
Dmel_CG31391,-0.026635023,-2.1661189,0.9787508387432227,1.0
Dmel_CG12232,-0.026635023,-2.404365,0.9787508387432227,1.0
Dmel_CR43878,-0.026635023,-2.0611768,0.9787508387432227,1.0
Dmel_CR45240,-0.026635023,-2.1672356,0.9787508387432227,1.0
Dmel_CG16761,-0.026635796,-2.446372,0.97875022274796,1.0
Dmel_CG8550,-0.026635796,-2.504889,0.97875022274796,1.0
Dmel_CG11068,-0.026635796,-2.351658,0.97875022274796,1.0
Dmel_CR43502,-0.026636567,-2.6698868,0.9787496067527099,1.0
Dmel_CG14423,-0.026636567,-3.146739,0.9787496067527099,1.0
Dmel_CG43814,-0.026636567,-3.5539677,0.9787496067527099,1.0
Dmel_CG2342,-0.026636567,-2.9425595,0.9787496067527099,1.0
Dmel_CR45905,-0.026636567,-2.6533554,0.9787496067527099,1.0
Dmel_CG13334,-0.027032377,-0.46643376,0.9784339108627573,1.0
Dmel_CG9572,-0.027050912,-0.6481458,0.978419127137637,1.0
Dmel_CG6386,-0.027253257,-0.18399055,0.9782577386216494,1.0
Dmel_CG15865,-0.027277198,-1.007085,0.9782386430926331,1.0
Dmel_CR43543,-0.027278744,-1.413041,0.9782374111234472,1.0
Dmel_CG13051,-0.027278744,-1.0982063,0.9782374111234472,1.0
Dmel_CG17764,-0.027278744,-0.9881894,0.9782374111234472,1.0
Dmel_CG17941,-0.027278744,-1.0576365,0.9782374111234472,1.0
Dmel_CR43607,-0.027279515,-1.2236127,0.9782367951388737,1.0
Dmel_CG13872,-0.027280288,-1.3222522,0.9782361791543133,1.0
Dmel_CG31551,-0.027280288,-1.2625525,0.9782361791543133,1.0
Dmel_CG32712,-0.027280288,-1.327436,0.9782361791543133,1.0
Dmel_CR45016,-0.02728106,-1.6245153,0.9782355631697658,1.0
Dmel_CG32040,-0.027281832,-1.6244345,0.9782349471852312,1.0
Dmel_CG10972,-0.027282605,-1.6836805,0.9782343312007097,1.0
Dmel_CG32686,-0.027282605,-1.5901504,0.9782343312007097,1.0
Dmel_CG2444,-0.027282605,-1.8041807,0.9782343312007097,1.0
Dmel_CG12184,-0.02728415,-2.3800025,0.9782330992317055,1.0
Dmel_CR44470,-0.027284922,-1.91758,0.9782324832472229,1.0
Dmel_CG1387,-0.027284922,-2.863696,0.9782324832472229,1.0
Dmel_CG30101,-0.027661037,-0.29652286,0.9779325003536808,1.0
Dmel_CG15412,-0.027694246,-0.61592376,0.9779060133070703,1.0
Dmel_CG17122,-0.027766842,-0.11246398,0.9778481114760968,1.0
Dmel_CG9933,-0.027791556,-0.12403989,0.9778284002411037,1.0
Dmel_CG14299,-0.027905859,-0.08675077,0.9777372359555545,1.0
Dmel_CG12617,-0.027923236,-0.8343096,0.9777233765456859,1.0
Dmel_CG33766,-0.027923236,-0.7436989,0.9777233765456859,1.0
Dmel_CG3410,-0.027924007,-0.7326586,0.97772276057207,1.0
Dmel_CR32385,-0.027925553,-0.9538799,0.9777215286248782,1.0
Dmel_CG32591,-0.02792787,-1.0758826,0.9777196807041899,1.0
Dmel_CG11828,-0.027928641,-1.4381202,0.9777190647306537,1.0
Dmel_CG6106,-0.027929414,-1.5881063,0.9777184487571308,1.0
Dmel_CG8523,-0.027931731,-1.7602127,0.9777166008366419,1.0
Dmel_CG10814,-0.027932502,-1.417228,0.9777159848631721,1.0
Dmel_CG13287,-0.028037151,-0.1463965,0.9776325205810614,1.0
Dmel_CG6620,-0.02813369,-0.30720866,0.9775555242279846,1.0
Dmel_CG9710,-0.028553827,-0.1476176,0.9772204385441374,1.0
Dmel_CG16884,-0.028573906,-0.9047751,0.9772044235197255,1.0
Dmel_CG8630,-0.028574679,-0.9079333,0.9772038075574315,1.0
Dmel_CR44041,-0.028576996,-1.0826699,0.9772019596706314,1.0
Dmel_CG31076,-0.028576996,-1.0985776,0.9772019596706314,1.0
Dmel_CG32971,-0.02857854,-1.6869254,0.9772007277461658,1.0
Dmel_CG43342,-0.028810233,-0.24161634,0.9770159396938563,1.0
Dmel_CG5840,-0.028987864,-0.46999598,0.9768742696885696,1.0
Dmel_CG5355,-0.029062778,-0.09426724,0.9768145221221718,1.0
Dmel_CG10602,-0.029166268,-0.1472215,0.9767319844609872,1.0
Dmel_CG33926,-0.02921608,-0.6954641,0.9766922556008986,1.0
Dmel_CG34212,-0.029221488,-0.90754503,0.9766879439451404,1.0
Dmel_CG13046,-0.02922612,-1.1795831,0.976684248240747,1.0
Dmel_CG42762,-0.02922612,-1.0999848,0.976684248240747,1.0
Dmel_CG30284,-0.029226894,-1.1134413,0.9766836322900634,1.0
Dmel_CG31205,-0.029227667,-1.2202516,0.9766830163393937,1.0
Dmel_CG9681,-0.02922921,-1.1473446,0.9766817844380961,1.0
Dmel_CG11374,-0.029580226,-0.1704768,0.9764018363163949,1.0
Dmel_CG10445,-0.029584087,-0.106844164,0.9763987565951836,1.0
Dmel_CG16749,-0.02959992,-0.10440516,0.9763861297418965,1.0
Dmel_CG9497,-0.029853623,-0.413466,0.9761837929265805,1.0
Dmel_CR43596,-0.029860573,-0.46249726,0.9761782494736971,1.0
Dmel_CR45262,-0.02986289,-0.62012345,0.976176401656325,1.0
Dmel_CG4696,-0.029865207,-0.8161723,0.9761745538390807,1.0
Dmel_CG15580,-0.029872159,-0.9746194,0.976169010388115,1.0
Dmel_CG3849,-0.02987602,-1.3345824,0.9761659306936313,1.0
Dmel_CG3666,-0.029881425,-1.5672109,0.9761616191219512,1.0
Dmel_CG16987,-0.02991309,-0.08941207,0.976136365644673,1.0
Dmel_CG6686,-0.029928537,-0.10461565,0.9761240468839474,1.0
Dmel_CG6470,-0.030048631,-0.34367204,0.9760282687137957,1.0
Dmel_CG7446,-0.030072572,-0.0654487,0.9760091747147199,1.0
Dmel_CG13605,-0.030281482,-0.16309816,0.9758425647589329,1.0
Dmel_CG31672,-0.030305425,-0.6086655,0.9758234708940258,1.0
Dmel_CG10472,-0.030388061,-0.23471197,0.9757575663700414,1.0
Dmel_CG3315,-0.030505067,-0.43584594,0.9756642532384011,1.0
Dmel_CG9294,-0.0305097,-0.54541194,0.9756605576756792,1.0
Dmel_CR46085,-0.030520512,-1.044873,0.9756519346980266,1.0
Dmel_CG13338,-0.031149559,-0.40948442,0.9751502671083148,1.0
Dmel_CG3829,-0.031154191,-0.5107476,0.9751465716190209,1.0
Dmel_CR45457,-0.031154191,-0.50748754,0.9751465716190209,1.0
Dmel_CG17577,-0.031157281,-0.57723546,0.975144107959788,1.0
Dmel_CG6611,-0.031168094,-0.9808363,0.9751354851543406,1.0
Dmel_CG6305,-0.031171182,-0.8483296,0.9751330214961751,1.0
Dmel_CG7549,-0.031192807,-0.2896584,0.97511577589566,1.0
Dmel_CG2065,-0.031527217,-0.19309634,0.9748490864878233,1.0
Dmel_CG10119,-0.031677432,-0.15955485,0.9747292927364795,1.0
Dmel_CG9510,-0.031713344,-0.15405254,0.9747006531835969,1.0
Dmel_CG30334,-0.031806406,-0.58627385,0.9746264368597204,1.0
Dmel_CG32382,-0.031813357,-0.8189191,0.9746208937406047,1.0
Dmel_CG5909,-0.031818766,-0.8699345,0.9746165824265842,1.0
Dmel_CR45329,-0.031828806,-1.1791098,0.974608575702514,1.0
Dmel_CR45533,-0.032291804,-0.14788546,0.9742393453353178,1.0
Dmel_CG7672,-0.03237444,-0.1681225,0.974173444913961,1.0
Dmel_CG13231,-0.03243082,-0.21705817,0.9741284849145544,1.0
Dmel_CR43399,-0.032445494,-0.43680224,0.9741167830103771,1.0
Dmel_CR44404,-0.032448582,-0.42513856,0.9741143194523127,1.0
Dmel_CG4095,-0.032453217,-0.65942186,0.9741106241156793,1.0
Dmel_CR43471,-0.032453217,-0.48910815,0.9741106241156793,1.0
Dmel_CG34445,-0.032465573,-0.77431,0.9741007698873738,1.0
Dmel_CG17119,-0.033099253,-0.46907517,0.9735954380753131,1.0
Dmel_CG8012,-0.033407405,-0.17672752,0.973349704668148,1.0
Dmel_CR44718,-0.033499695,-0.30169046,0.9732761083118568,1.0
Dmel_CG4201,-0.033515915,-0.3876487,0.973263175084449,1.0
Dmel_CG9928,-0.03371826,-0.22057895,0.9731018182679312,1.0
Dmel_CG2898,-0.03374297,-0.45572382,0.9730821106404592,1.0
Dmel_CG6993,-0.033749152,-0.49333808,0.9730771837361587,1.0
Dmel_CG2736,-0.033749923,-0.47699574,0.9730765678731933,1.0
Dmel_CG7525,-0.033756875,-0.6501643,0.9730710251072276,1.0
Dmel_CG6808,-0.034130674,-0.19519678,0.9727729493933631,1.0
Dmel_CR44440,-0.03422953,-0.5498796,0.9726941200866384,1.0
Dmel_CR45797,-0.034395188,-0.49425787,0.972562020010903,1.0
Dmel_CR46118,-0.03441218,-0.70312506,0.972548471327684,1.0
Dmel_CR45128,-0.034536134,-0.17141981,0.9724496277650662,1.0
Dmel_CG6621,-0.034549266,-0.11638576,0.9724391583782058,1.0
Dmel_CG7742,-0.034651984,-18.347025,0.9723572509862367,1.0
Dmel_CG15506,-0.034651984,-19.068584,0.9723572509862367,1.0
Dmel_CG15754,-0.034651984,-18.473423,0.9723572509862367,1.0
Dmel_CG18869,-0.034651984,-18.106613,0.9723572509862367,1.0
Dmel_CG31954,-0.034651984,-18.328003,0.9723572509862367,1.0
Dmel_CG34321,-0.034651984,-18.452265,0.9723572509862367,1.0
Dmel_CG13164,-0.034651984,-18.704004,0.9723572509862367,1.0
Dmel_CG12974,-0.034651984,-18.00402,0.9723572509862367,1.0
Dmel_CR33938,-0.034651984,-18.811195,0.9723572509862367,1.0
Dmel_CG14664,-0.034651984,-18.583382,0.9723572509862367,1.0
Dmel_CG13639,-0.034651984,-18.56597,0.9723572509862367,1.0
Dmel_CG10078,-0.034744658,-0.14771864,0.97228334983011,1.0
Dmel_CG14075,-0.034971718,-0.18247245,0.9721022930045896,1.0
Dmel_CR45897,-0.03500493,-0.06401188,0.9720758120245514,1.0
Dmel_CR44792,-0.035296086,-1.9242133,0.9718436428929865,1.0
Dmel_CG32282,-0.035296086,-2.0482454,0.9718436428929865,1.0
Dmel_CG32762,-0.035296086,-1.9632003,0.9718436428929865,1.0
Dmel_CG31041,-0.035296086,-2.177398,0.9718436428929865,1.0
Dmel_CG6074,-0.035296086,-1.7399588,0.9718436428929865,1.0
Dmel_CG15905,-0.035296086,-1.8538625,0.9718436428929865,1.0
Dmel_CG1924,-0.03529686,-2.311995,0.9718430270629104,1.0
Dmel_CG18125,-0.03529686,-2.1101706,0.9718430270629104,1.0
Dmel_CG33235,-0.03529686,-1.996289,0.9718430270629104,1.0
Dmel_CG31803,-0.03529686,-2.2458062,0.9718430270629104,1.0
Dmel_CG7104,-0.03529686,-2.018514,0.9718430270629104,1.0
Dmel_CG45078,-0.035297632,-2.071261,0.971842411232851,1.0
Dmel_CR44757,-0.035298403,-2.6050868,0.9718417954028085,1.0
Dmel_CG4836,-0.03529918,-2.948366,0.9718411795727827,1.0
Dmel_CG33784,-0.03529918,-2.8671358,0.9718411795727827,1.0
Dmel_CG32236,-0.03529995,-2.8705385,0.9718405637427737,1.0
Dmel_CG2750,-0.03529995,-3.2803109,0.9718405637427737,1.0
Dmel_CG32120,-0.03529995,-3.473849,0.9718405637427737,1.0
Dmel_CG4781,-0.03529995,-3.6818159,0.9718405637427737,1.0
Dmel_CG30467,-0.035733216,-0.09165292,0.9714950857651758,1.0
Dmel_CG10307,-0.03588034,-0.08483539,0.9713777722641134,1.0
Dmel_CG9815,-0.035940193,-1.2386672,0.9713300464761881,1.0
Dmel_CG14062,-0.035940968,-1.2861707,0.9713294306602402,1.0
Dmel_CG7895,-0.035940968,-1.0509639,0.9713294306602402,1.0
Dmel_CG31807,-0.035940968,-1.5439713,0.9713294306602402,1.0
Dmel_CG6737,-0.03594174,-1.411368,0.9713288148443096,1.0
Dmel_CG13840,-0.03594251,-1.5319866,0.9713281990283958,1.0
Dmel_CG15556,-0.035943285,-1.5214672,0.9713275832124992,1.0
Dmel_CR44970,-0.035944056,-1.7838947,0.9713269673966198,1.0
Dmel_CG14630,-0.035944827,-1.8413533,0.9713263515807574,1.0
Dmel_CG33272,-0.035944827,-1.8353173,0.9713263515807574,1.0
Dmel_CG13678,-0.0359456,-2.0179653,0.9713257357649121,1.0
Dmel_CG8484,-0.035946373,-1.992045,0.971325119949084,1.0
Dmel_CG13934,-0.035947144,-2.23978,0.9713245041332729,1.0
Dmel_CR45680,-0.035947144,-2.1009095,0.9713245041332729,1.0
Dmel_CG2062,-0.035947144,-2.0025957,0.9713245041332729,1.0
Dmel_CG12763,-0.035947144,-2.0449145,0.9713245041332729,1.0
Dmel_CG5327,-0.035947915,-2.3542473,0.9713238883174788,1.0
Dmel_CG18031,-0.03594869,-3.5342813,0.9713232725017019,1.0
Dmel_CG15390,-0.03618965,-0.13020694,0.9711311388159889,1.0
Dmel_CG13599,-0.036310904,-0.12344678,0.9710344567930124,1.0
Dmel_CR45828,-0.03632017,-0.34511653,0.9710270671017429,1.0
Dmel_CG11395,-0.036337934,-0.4849002,0.9710129035337629,1.0
Dmel_CR44979,-0.036341794,-0.46099365,0.9710098244984551,1.0
Dmel_CG2556,-0.03637848,-0.07147053,0.9709805736845883,1.0
Dmel_CG5700,-0.036581982,-0.81544787,0.970818309353446,1.0
Dmel_CG11101,-0.036589704,-1.305769,0.9708121513380629,1.0
Dmel_CG6541,-0.036589704,-1.2728075,0.9708121513380629,1.0
Dmel_CG17290,-0.03659048,-1.394718,0.9708115355366203,1.0
Dmel_CG11321,-0.03659125,-1.3967046,0.9708109197351951,1.0
Dmel_CG8590,-0.036592796,-1.7666978,0.9708096881323969,1.0
Dmel_CG10205,-0.03659434,-1.7897847,0.9708084565296682,1.0
Dmel_CG15446,-0.036596656,-1.9232712,0.9708066091257058,1.0
Dmel_CR44265,-0.0365982,-2.1468785,0.9708053775231513,1.0
Dmel_CG32694,-0.036819853,-0.479238,0.9706286432798585,1.0
Dmel_CG4210,-0.036981653,-0.4963422,0.9704996343504672,1.0
Dmel_CG5796,-0.037213348,-0.20657998,0.9703148973717516,1.0
Dmel_CG15719,-0.037228405,-0.7921624,0.9703028895231592,1.0
Dmel_CG6687,-0.03722995,-0.8212094,0.9703016579493252,1.0
Dmel_CG9709,-0.037231494,-0.8094618,0.9703004263755621,1.0
Dmel_CG12998,-0.037231494,-0.92814255,0.9703004263755621,1.0
Dmel_CG1438,-0.037235357,-0.87970793,0.9702973474414641,1.0
Dmel_CG13871,-0.037237674,-0.9962698,0.9702955000812178,1.0
Dmel_CG10493,-0.037240762,-1.5288182,0.9702930369344706,1.0
Dmel_CG43064,-0.03724231,-1.6031668,0.9702918053612033,1.0
Dmel_CG6531,-0.037669394,-0.060300566,0.9699512780811083,1.0
Dmel_CG3541,-0.037703764,-0.13830282,0.9699238760327935,1.0
Dmel_CG15014,-0.03778524,-0.20159274,0.969858911768051,1.0
Dmel_CG2684,-0.03782463,-0.21427616,0.9698275073136519,1.0
Dmel_CG5737,-0.037879463,-0.7443439,0.9697837874648567,1.0
Dmel_CG12896,-0.037879463,-0.9930788,0.9697837874648567,1.0
Dmel_CG6527,-0.03788255,-0.9865413,0.9697813243774847,1.0
Dmel_CR44655,-0.037884098,-1.0189506,0.9697800928339066,1.0
Dmel_CG2781,-0.037887186,-1.2254146,0.969777629746967,1.0
Dmel_CG33228,-0.03788873,-0.16539598,0.9697763982036053,1.0
Dmel_CG4753,-0.03788873,-1.3221405,0.9697763982036053,1.0
Dmel_CG6173,-0.037890274,-1.2747219,0.9697751666603156,1.0
Dmel_CG7068,-0.037988357,-0.19034496,0.9696969638091528,1.0
Dmel_CG4104,-0.03799222,-0.13779098,0.9696938849627017,1.0
Dmel_CG43750,-0.03800303,-0.17872475,0.9696852641950416,1.0
Dmel_CG14869,-0.038213488,-0.125705,0.9695174678169493,1.0
Dmel_CG8323,-0.038394593,-0.1471719,0.9693730716468321,1.0
Dmel_CR45593,-0.038515072,-0.5063133,0.9692770133432468,1.0
Dmel_CG17047,-0.038528975,-0.7862936,0.9692659297214896,1.0
Dmel_CG8736,-0.03856759,-0.069925524,0.9692351419144304,1.0
Dmel_CG9990,-0.03870545,-0.15214893,0.9691252298175879,1.0
Dmel_CG4711,-0.03889891,-0.26189306,0.968970984419074,1.0
Dmel_CG4357,-0.03894641,0.060837112,0.9689331159655521,1.0
Dmel_CG8292,-0.038946796,-0.50697714,0.9689328080922331,1.0
Dmel_CG11194,-0.03909276,-0.05567045,0.9688164323097672,1.0
Dmel_CG9550,-0.039173853,-0.74352413,0.9687517793840695,1.0
Dmel_CG8994,-0.039177716,-0.8965399,0.9687487006784415,1.0
Dmel_CG8626,-0.039198566,-1.4599326,0.9687320756761003,1.0
Dmel_CG4975,-0.039589744,-0.46830678,0.9684202054734208,1.0
Dmel_CG6753,-0.0398141,-0.5992689,0.9682413363884186,1.0
Dmel_CR45163,-0.03982568,-0.8510105,0.968232100506506,1.0
Dmel_CG10185,-0.039828,-0.8630825,0.9682302533306347,1.0
Dmel_CR44913,-0.039828,-0.9909701,0.9682302533306347,1.0
Dmel_CG7659,-0.039828774,-0.9265421,0.9682296376053822,1.0
Dmel_CG7881,-0.039830316,-0.9958634,0.968228406154934,1.0
Dmel_CG12275,-0.040211067,-0.31280968,0.9679248559378417,1.0
Dmel_CG14752,-0.040241957,-0.42743093,0.9679002273202251,1.0
Dmel_CG32279,-0.040461294,-0.5687655,0.9677253650169263,1.0
Dmel_CG8468,-0.040462065,-0.5104774,0.9677247493073275,1.0
Dmel_CG15144,-0.040478285,-0.7984545,0.9677118194101983,1.0
Dmel_CG9193,-0.040728513,-0.4584499,0.9675123306466259,1.0
Dmel_CG13151,-0.04087911,-0.18017374,0.9673922689440642,1.0
Dmel_CG13809,-0.04091271,-0.5441704,0.9673654860496158,1.0
Dmel_CG43163,-0.04109999,-0.42620847,0.9672161797847728,1.0
Dmel_CG12201,-0.041104626,-0.5327945,0.9672124856236959,1.0
Dmel_CG15598,-0.041117758,-0.56300044,0.9672020188377991,1.0
Dmel_CG2508,-0.04123476,-0.19612207,0.9671087415544258,1.0
Dmel_CG13898,-0.04129925,-0.29753178,0.9670573314948239,1.0
Dmel_CG11994,-0.04148383,-0.20189008,0.9669101825009401,1.0
Dmel_CG6727,-0.041552566,-0.22221074,0.9668553867197337,1.0
Dmel_CG10806,-0.04156029,-0.25345233,0.9668492299001602,1.0
Dmel_CG31801,-0.041762635,-0.64313835,0.966687921932583,1.0
Dmel_CR34628,-0.04216385,-0.32734126,0.9663680805915452,1.0
Dmel_CG7102,-0.042275447,-0.30905843,0.9662791170202863,1.0
Dmel_CG7385,-0.04241987,-0.68122673,0.9661639883159789,1.0
Dmel_CG4785,-0.04256738,-0.12426996,0.966046397693717,1.0
Dmel_CG4604,-0.0429964,-0.122976154,0.9657044040425863,1.0
Dmel_CG15457,-0.04304776,-0.4746712,0.9656634637300374,1.0
Dmel_CG8389,-0.043054324,-0.11568211,0.9656582307642786,1.0
Dmel_CG42369,-0.04305973,-0.21003163,0.9656539212641759,1.0
Dmel_CG30026,-0.04331498,-19.202154,0.965450452439093,1.0
Dmel_CG7539,-0.04331498,-19.004704,0.965450452439093,1.0
Dmel_CR45475,-0.04331498,-18.955473,0.965450452439093,1.0
Dmel_CR45326,-0.04331498,-18.78301,0.965450452439093,1.0
Dmel_CR43602,-0.04331498,-19.137308,0.965450452439093,1.0
Dmel_CG13049,-0.04331498,-19.085707,0.965450452439093,1.0
Dmel_CG4962,-0.04331498,-19.118166,0.965450452439093,1.0
Dmel_CG14205,-0.04331498,-18.629627,0.965450452439093,1.0
Dmel_CG14421,-0.04331498,-18.481092,0.965450452439093,1.0
Dmel_CG12395,-0.04331498,-19.180637,0.965450452439093,1.0
Dmel_CG13023,-0.04331498,-19.037416,0.965450452439093,1.0
Dmel_CG9792,-0.04331498,-19.26401,0.965450452439093,1.0
Dmel_CG14247,-0.04340495,-0.17876017,0.965378730983357,1.0
Dmel_CG9307,-0.043698043,-0.49940687,0.9651450995170779,1.0
Dmel_CR44728,-0.043714263,-0.62047476,0.9651321713808332,1.0
Dmel_CR43603,-0.043732025,-0.7492093,0.9651180120040344,1.0
Dmel_CG10248,-0.04395947,-2.413821,0.9649367113921421,1.0
Dmel_CG18778,-0.04395947,-2.337502,0.9649367113921421,1.0
Dmel_CG5883,-0.043960243,-2.5645378,0.9649360957734527,1.0
Dmel_CG11825,-0.043961015,-2.698498,0.9649354801547843,1.0
Dmel_CG1791,-0.043961786,-2.9400885,0.9649348645361366,1.0
Dmel_CG11816,-0.043961786,-2.8874729,0.9649348645361366,1.0
Dmel_CG1441,-0.043962557,-3.6435313,0.96493424891751,1.0
Dmel_CR45356,-0.043962557,-3.2013116,0.96493424891751,1.0
Dmel_CG10612,-0.043962557,-3.9750388,0.96493424891751,1.0
Dmel_CG10730,-0.043962557,-3.339948,0.96493424891751,1.0
Dmel_CG16741,-0.043962557,-2.9298368,0.96493424891751,1.0
Dmel_CR43279,-0.04396333,-3.5899081,0.9649336332989041,1.0
Dmel_CG13738,-0.04396333,-3.7415445,0.9649336332989041,1.0
Dmel_CG14358,-0.044218577,-0.124568895,0.9647301724969335,1.0
Dmel_CG6416,-0.04435991,-0.5610054,0.9646175159142529,1.0
Dmel_CG6331,-0.044575,-0.06802379,0.964446069957371,1.0
Dmel_CR43492,-0.044582337,-0.13629511,0.9644402217400325,1.0
Dmel_CG44038,-0.04460705,-1.8758283,0.9644205224957048,1.0
Dmel_CG13566,-0.04460782,-2.1593714,0.9644199068946694,1.0
Dmel_CG11841,-0.044608597,-2.2938128,0.9644192912936552,1.0
Dmel_CG31924,-0.044608597,-2.1275961,0.9644192912936552,1.0
Dmel_CG13026,-0.044608597,-2.0678864,0.9644192912936552,1.0
Dmel_CG43091,-0.044608597,-2.3678753,0.9644192912936552,1.0
Dmel_CG15101,-0.044771552,-0.107319854,0.9642893999545881,1.0
Dmel_CG6153,-0.045233395,-0.18467993,0.9639212770543779,1.0
Dmel_CG9780,-0.045240346,-0.36211714,0.9639157368017149,1.0
Dmel_CG16886,-0.045253087,-1.5533016,0.9639055796763577,1.0
Dmel_CG6486,-0.04525772,-1.7956803,0.9639018861776799,1.0
Dmel_CG30141,-0.04526081,-2.0827358,0.9638994238456584,1.0
Dmel_CG5940,-0.04560024,-0.22683723,0.9636288772170952,1.0
Dmel_CG13978,-0.045789458,-0.31208274,0.9634780623685242,1.0
Dmel_CG34010,-0.045896035,-0.9887013,0.9633931141716128,1.0
Dmel_CR46133,-0.045896806,-1.1074067,0.9633924986064837,1.0
Dmel_CG7213,-0.045903757,-1.5346258,0.9633869585213045,1.0
Dmel_CG33509,-0.045906074,-1.8680443,0.9633851118266377,1.0
Dmel_CG4740,-0.046316173,-0.5738242,0.9630582499738842,1.0
Dmel_CG11438,-0.046334706,-0.72613686,0.9630434767030421,1.0
Dmel_CG8837,-0.04643897,-0.16068104,0.9629603772911097,1.0
Dmel_CG3059,-0.04647295,-0.15328339,0.9629332931252266,1.0
Dmel_CR44946,-0.046536665,-0.8009567,0.9628825104295041,1.0
Dmel_CG14154,-0.046536665,-0.81852037,0.9628825104295041,1.0
Dmel_CG18730,-0.046543617,-1.0337636,0.9628769705081672,1.0
Dmel_CG32006,-0.04654748,-1.134541,0.9628738927748656,1.0
Dmel_CG15553,-0.04654748,-1.1196097,0.9628738927748656,1.0
Dmel_CG7230,-0.046549022,-1.2139888,0.9628726616816998,1.0
Dmel_CG3429,-0.046549022,-1.2590703,0.9628726616816998,1.0
Dmel_CG8640,-0.046549797,-1.2823917,0.9628720461351501,1.0
Dmel_CR45734,-0.046549797,-1.3702996,0.9628720461351501,1.0
Dmel_CG3389,-0.04655134,-1.2879883,0.9628708150421171,1.0
Dmel_CG31287,-0.04655134,-1.3425436,0.9628708150421171,1.0
Dmel_CG15118,-0.046781875,-0.14544342,0.962687075401096,1.0
Dmel_CG10462,-0.046911623,-0.27397412,0.9625836650167009,1.0
Dmel_CG12493,-0.04694406,-0.4808623,0.9625578125188818,1.0
Dmel_CG13794,-0.04697109,-0.6229206,0.9625362688007696,1.0
Dmel_CG1712,-0.047190428,-0.9331378,0.962361457929507,1.0
Dmel_CG8634,-0.0471912,-0.9855847,0.9623608424014619,1.0
Dmel_CG16820,-0.04719197,-1.0453697,0.9623602268734394,1.0
Dmel_CG8526,-0.047193516,-1.1494673,0.9623589958174614,1.0
Dmel_CG11842,-0.047197375,-1.0752745,0.9623559181779094,1.0
Dmel_CR33693,-0.04720124,-1.4203099,0.9623528405389182,1.0
Dmel_CR43661,-0.047564223,-0.36568278,0.9620635449847779,1.0
Dmel_CG12964,-0.047585078,-0.46007526,0.9620469260298191,1.0
Dmel_CG6965,-0.047587395,-0.21367718,0.9620450794802858,1.0
Dmel_CR45960,-0.04760207,-0.5394067,0.962033384671304,1.0
Dmel_CG14185,-0.047632188,-0.72420746,0.9620093795626736,1.0
Dmel_CG15083,-0.04764686,-0.7483952,0.9619976847786362,1.0
Dmel_CG18304,-0.04783183,-0.79475397,0.9618502696502365,1.0
Dmel_CG12048,-0.04783569,-0.88539076,0.9618471921040254,1.0
Dmel_CG10275,-0.047842257,-0.1774686,0.9618419602767713,1.0
Dmel_CG7157,-0.047847275,-1.1593711,0.9618379594688033,1.0
Dmel_CR46035,-0.04800753,-0.5007464,0.9617102418738244,1.0
Dmel_CG11594,-0.048229955,-0.15481482,0.9615329776360725,1.0
Dmel_CR46079,-0.048507985,-1.3959085,0.961311400014035,1.0
Dmel_CG4455,-0.048690252,-0.24348184,0.9611661451934927,1.0
Dmel_CG8476,-0.04887792,-0.4118358,0.9610165833142882,1.0
Dmel_CG3048,-0.04911541,-0.53758067,0.960827324878736,1.0
Dmel_CG13154,-0.04912313,-0.5866924,0.9608211701698688,1.0
Dmel_CG9936,-0.049152866,0.048868526,0.9607974745625336,1.0
Dmel_CG12272,-0.049243223,-0.124315925,0.9607254647476711,1.0
Dmel_CG4301,-0.049311575,-0.101555906,0.9606709959979622,1.0
Dmel_CG9641,-0.049361,-0.1412298,0.9606316062820334,1.0
Dmel_CG17975,-0.049785387,-0.8287757,0.9602934126077635,1.0
Dmel_CG7497,-0.050263446,-0.7044194,0.9599124532264566,1.0
Dmel_CG15631,-0.05042756,-0.7064874,0.9597816736388243,1.0
Dmel_CG10031,-0.050718337,-0.42220983,0.9595499656410221,1.0
Dmel_CG15544,-0.050828777,-0.4560301,0.9594619605760466,1.0
Dmel_CR42874,-0.051095996,-0.9597511,0.9592490272898474,1.0
Dmel_CG3006,-0.051106807,-0.9625039,0.9592404115532366,1.0
Dmel_CG30496,-0.051400285,-0.18359576,0.9590065576669526,1.0
Dmel_CG33290,-0.051977973,-18.792507,0.9585462450790192,1.0
Dmel_CG30395,-0.051977973,-19.284004,0.9585462450790192,1.0
Dmel_CR42657,-0.051977973,-19.25144,0.9585462450790192,1.0
Dmel_CG10993,-0.052089185,-0.30395246,0.9584576303337434,1.0
Dmel_CG13732,-0.05214711,-0.48765957,0.9584114770238188,1.0
Dmel_CR45048,-0.052360266,-0.37602678,0.9582416340449471,1.0
Dmel_CG3032,-0.052428614,-0.14799517,0.9581871739255446,1.0
Dmel_CR44496,-0.05248731,-0.20622762,0.9581404060691484,1.0
Dmel_CG6639,-0.052623622,-3.0264504,0.9580317944324536,1.0
Dmel_CR44512,-0.052623622,-3.0575366,0.9580317944324536,1.0
Dmel_CG33939,-0.052623622,-3.0603309,0.9580317944324536,1.0
Dmel_CG44303,-0.052624397,-2.889785,0.9580311790712905,1.0
Dmel_CG6433,-0.052624397,-2.945097,0.9580311790712905,1.0
Dmel_CG13031,-0.052625168,-3.4657094,0.9580305637101525,1.0
Dmel_CG3246,-0.052805115,-0.44171146,0.9578871852475651,1.0
Dmel_CG5846,-0.052917488,-0.17577836,0.9577976513189526,1.0
Dmel_CG14089,-0.052956488,-0.28445,0.9577665760935623,1.0
Dmel_CG13841,-0.053058047,-0.9626892,0.9576856577386283,1.0
Dmel_CR45376,-0.05326464,-1.6828014,0.9575210533061073,1.0
Dmel_CG15824,-0.053273134,-2.4653544,0.95751428456443,1.0
Dmel_CG30142,-0.05327391,-2.8272474,0.9575136692244294,1.0
Dmel_CG31481,-0.053346504,-0.06283906,0.9574558273774677,1.0
Dmel_CG3348,-0.053443816,0.0045724916,0.9573782950404188,1.0
Dmel_CG4771,-0.05349479,-0.56943494,0.957337683024745,1.0
Dmel_CG5106,-0.05365002,-0.49923232,0.9572140016596189,1.0
Dmel_CG8598,-0.0536701,-0.16817601,0.9571980031502502,1.0
Dmel_CR45478,-0.053911835,-1.4720615,0.9570054070655427,1.0
Dmel_CG33110,-0.053914152,-1.5576315,0.9570035611088056,1.0
Dmel_CR44301,-0.053914152,-1.58067,0.9570035611088056,1.0
Dmel_CG32037,-0.053921103,-2.3068793,0.9569980232399777,1.0
Dmel_CG10345,-0.05392419,-3.1849315,0.9569955619656093,1.0
Dmel_CG42864,-0.053925738,-2.7100515,0.9569943313285789,1.0
Dmel_CG31855,-0.054068614,-0.1263373,0.9568804978469212,1.0
Dmel_CG4274,-0.054119587,-0.40789536,0.9568398871958985,1.0
Dmel_CG32237,-0.054130398,-0.41384834,0.9568312728297772,1.0
Dmel_CG15616,-0.05430301,-0.49599755,0.9566937513111617,1.0
Dmel_CG1257,-0.054331586,-0.7329685,0.9566709850095131,1.0
Dmel_CG31866,-0.054403797,-0.34888482,0.9566134541075,1.0
Dmel_CG10670,-0.054450907,-0.36683875,0.956575920699651,1.0
Dmel_CG14401,-0.054462492,-0.34050214,0.9565666911878764,1.0
Dmel_CG32556,-0.054534703,-0.25266135,0.9565091606958069,1.0
Dmel_CG7235,-0.054556713,-1.1868664,0.9564916247085042,1.0
Dmel_CR44582,-0.05455903,-1.5320315,0.9564897788163288,1.0
Dmel_CG34045,-0.05456444,-1.4904137,0.9564854717354935,1.0
Dmel_CG5653,-0.0545683,-1.7367407,0.9564823952499604,1.0
Dmel_CR34611,-0.054572932,-2.157734,0.9564787034681764,1.0
Dmel_CG3371,-0.054772962,-0.12625806,0.9563193424455183,1.0
Dmel_CG15434,-0.05494905,-0.5373722,0.9561790569668991,1.0
Dmel_CG11709,-0.05496063,-0.5719861,0.9561698277066355,1.0
Dmel_CG14118,-0.054967582,-0.60777384,0.956164290153298,1.0
Dmel_CR45439,-0.055206224,-1.1578376,0.955974168773807,1.0
Dmel_CG30384,-0.055211633,-1.3834678,0.9559698618459631,1.0
Dmel_CR40341,-0.055211633,-1.512971,0.9559698618459631,1.0
Dmel_CG14254,-0.05521472,-1.506502,0.9559674007449152,1.0
Dmel_CG9460,-0.055215493,-1.5388771,0.9559667854697188,1.0
Dmel_CG1386,-0.05522476,-2.194009,0.9559594021694088,1.0
Dmel_CG9372,-0.055320527,-0.27337343,0.9558831082875916,1.0
Dmel_CG12134,-0.05534447,-0.13860324,0.9558640348802652,1.0
Dmel_CR45208,-0.05543483,-0.5544696,0.9557920483771715,1.0
Dmel_CG18547,-0.05556033,-0.34091163,0.9556920677211964,1.0
Dmel_CG34338,-0.05563679,-0.6954243,0.9556311567708871,1.0
Dmel_CR44382,-0.05584879,-1.0365357,0.9554622686740919,1.0
Dmel_CG43317,-0.05585651,-1.2761229,0.9554561161399633,1.0
Dmel_CG8196,-0.055857282,-1.2428156,0.9554555008866964,1.0
Dmel_CG17871,-0.05628669,-0.68875486,0.9551134241906266,1.0
Dmel_CG10553,-0.056493666,-0.9452725,0.9549485412503382,1.0
Dmel_CR33709,-0.0564983,-0.9696337,0.9549448498632659,1.0
Dmel_CR44702,-0.056500617,-1.0102289,0.9549430041700921,1.0
Dmel_CG14174,-0.056506023,-0.19106092,0.9549386975536263,1.0
Dmel_CG17531,-0.056905694,-0.55239105,0.9546203192028285,1.0
Dmel_CG13687,-0.057144724,-0.89353645,0.9544299108732526,1.0
Dmel_CG3926,-0.057144724,-0.9436528,0.9544299108732526,1.0
Dmel_CG32669,-0.05714704,-0.9049153,0.9544280652478726,1.0
Dmel_CG7724,-0.057168666,-1.4242133,0.9544108394227785,1.0
Dmel_CG1859,-0.057168666,-1.4138857,0.9544108394227785,1.0
Dmel_CR44222,-0.057569493,-0.5979409,0.9540915503146287,1.0
Dmel_CG1629,-0.057584167,-0.65931106,0.9540798616428342,1.0
Dmel_CR44493,-0.057593435,-0.20831427,0.9540724793288949,1.0
Dmel_CG17286,-0.05762819,-0.8266996,0.9540447956867214,1.0
Dmel_CR45985,-0.057787284,-0.8258814,0.9539180668331394,1.0
Dmel_CG8362,-0.057795007,-0.9706026,0.9539119149766694,1.0
Dmel_CG10473,-0.057801187,0.003467323,0.9539069934934704,1.0
Dmel_CG34375,-0.057816632,-1.2525026,0.9538946897931627,1.0
Dmel_CG4091,-0.05791819,-0.11263948,0.9538137932374018,1.0
Dmel_CG17249,-0.05791858,-0.12170473,0.9538134856468425,1.0
Dmel_CR45759,-0.05817846,-0.41768116,0.9536064787630703,1.0
Dmel_CG7831,-0.058380805,-0.19919279,0.9534453046930915,1.0
Dmel_CG11606,-0.058678143,-0.19037874,0.9532084683901594,1.0
Dmel_CG15087,-0.058795534,-0.17614496,0.9531149653240147,1.0
Dmel_CG30203,-0.059434235,-0.30974594,0.9526062461669913,1.0
Dmel_CR44450,-0.059519187,-0.5321673,0.9525385824334678,1.0
Dmel_CG14153,-0.05953927,-0.6026301,0.9525225892373352,1.0
Dmel_CG31200,-0.05978641,-0.17197648,0.9523257514681616,1.0
Dmel_CG14298,-0.059816916,-0.34420648,0.9523014545074444,1.0
Dmel_CG8297,-0.06005517,-0.12317901,0.9521116936958043,1.0
Dmel_CG17985,-0.06020886,-0.17029122,0.951989288647852,1.0
Dmel_CG13076,-0.06037066,-0.6168648,0.9518604262660372,1.0
Dmel_CG3540,-0.060418542,-1.1431714,0.9518222906233806,1.0
Dmel_CG17322,-0.060442097,-0.33738884,0.9518035303880389,1.0
Dmel_CG1271,-0.060481872,-0.15650585,0.9517718533299787,1.0
Dmel_CG7137,-0.060882702,-0.14205883,0.9514526266572877,1.0
Dmel_CG6816,-0.061044887,-0.82049257,0.9513234620063737,1.0
Dmel_CG7236,-0.06105647,-0.9083137,0.9513142360087734,1.0
Dmel_CG8594,-0.06123719,-0.11663809,0.9511703112919327,1.0
Dmel_CG12212,-0.06129357,-0.17404978,0.9511254120265149,1.0
Dmel_CG8094,-0.061670456,-0.6299644,0.9508252675048334,1.0
Dmel_CG4118,-0.06169131,-0.7805798,0.9508086613513749,1.0
Dmel_CG7924,-0.061806384,-0.25544977,0.9507170203704163,1.0
Dmel_CG17988,-0.061929952,-2.0137835,0.9506186146736735,1.0
Dmel_CG6403,-0.061934587,-2.2298615,0.9506149244746857,1.0
Dmel_CG31447,-0.061935358,-2.656913,0.950614309441624,1.0
Dmel_CG13116,-0.06228753,-0.48409906,0.9503338574366242,1.0
Dmel_CR45954,-0.06235009,-0.8146074,0.9502840409466077,1.0
Dmel_CG13550,-0.062369395,-0.08439322,0.9502686655259572,1.0
Dmel_CG42366,-0.06257521,-1.3321129,0.9501047646936484,1.0
Dmel_CG3360,-0.06258912,-2.5300956,0.950093694544602,1.0
Dmel_CG10363,-0.06263893,-0.4385337,0.9500540265896302,1.0
Dmel_CG2980,-0.06288877,-0.123326056,0.9498550736768985,1.0
Dmel_CG12923,-0.062976435,-0.62193024,0.9497852717722289,1.0
Dmel_CG6348,-0.06300578,-0.81722,0.9497619020576207,1.0
Dmel_CG32855,-0.06366379,-0.8662589,0.9492379398399369,1.0
Dmel_CG11639,-0.0638642,-1.0565174,0.9490783571062815,1.0
Dmel_CG10387,-0.06400206,-0.28170642,0.9489685875094921,1.0
Dmel_CR45181,-0.06412177,-0.5436437,0.9488732701577921,1.0
Dmel_CG13888,-0.06423761,-0.8111365,0.9487810282559798,1.0
Dmel_CG5968,-0.064245336,-0.1827858,0.9487748788202519,1.0
Dmel_CG8262,-0.064270824,-0.21105206,0.9487545857039998,1.0
Dmel_CG34180,-0.0648126,-0.65210366,0.9483232111326243,1.0
Dmel_CR43818,-0.064928055,-0.6097802,0.9482312808006378,1.0
Dmel_CR45416,-0.06516361,-0.3558038,0.9480437327635172,1.0
Dmel_CG42818,-0.06518022,-1.7668473,0.9480305122726749,1.0
Dmel_CR43363,-0.06518871,-1.8060986,0.9480237483061489,1.0
Dmel_CG5105,-0.0654486,-0.17590742,0.9478168342333897,1.0
Dmel_CG9676,-0.06556985,-0.5516845,0.9477202960326755,1.0
Dmel_CG15701,-0.0657274,-0.25540045,0.9475948590078279,1.0
Dmel_CG7496,-0.06580695,-0.92086345,0.9475315261013213,1.0
Dmel_CG43657,-0.06581776,-1.152162,0.9475229177706822,1.0
Dmel_CG2045,-0.065845564,-1.8417302,0.9475007820914567,1.0
Dmel_CG31842,-0.06597492,-0.1458501,0.9473977902282477,1.0
Dmel_CG13263,-0.066210866,-0.24076442,0.9472099476320993,1.0
Dmel_CG16783,-0.0664468,-0.8134554,0.9470221079703728,1.0
Dmel_CG3481,-0.066448346,-0.8655172,0.9470208782605108,1.0
Dmel_CG31199,-0.066459164,-1.026553,0.9470122702950117,1.0
Dmel_CG12688,-0.06646534,-1.0902631,0.9470073514603606,1.0
Dmel_CG9358,-0.066996306,-0.8815298,0.9465846466729946,1.0
Dmel_CG32473,-0.06701793,-0.107203305,0.946567431377699,1.0
Dmel_CG13597,-0.067087434,-0.68316084,0.9465120966689828,1.0
Dmel_CG7461,-0.0671554,-0.11143928,0.9464579918699519,1.0
Dmel_CG2794,-0.067327626,-0.17348681,0.946320886496916,1.0
Dmel_CG34409,-0.06746973,-0.26066014,0.9462077603904809,1.0
Dmel_CG5733,-0.06760604,-0.21972284,0.9460992464216946,1.0
Dmel_CG4314,-0.067764364,-1.0121168,0.945973211622694,1.0
Dmel_CR44353,-0.06789836,-0.33499622,0.9458665442028235,1.0
Dmel_CG5597,-0.068042785,-0.54028976,0.9457515780992566,1.0
Dmel_CG14947,-0.0681594,-0.53375185,0.9456587453319423,1.0
Dmel_CG2254,-0.068341665,-0.26193106,0.9455136571871854,1.0
Dmel_CG10562,-0.068805054,-0.17795092,0.9451447971717301,1.0
Dmel_CG4928,-0.06903558,-0.66248906,0.944961293689863,1.0
Dmel_CG8498,-0.069261104,-0.07067196,0.9447817889218921,1.0
Dmel_CG11674,-0.06930397,-19.537498,0.9447476710379474,1.0
Dmel_CG15247,-0.06930397,-19.80389,0.9447476710379474,1.0
Dmel_CG4318,-0.06930397,-19.409437,0.9447476710379474,1.0
Dmel_CG14367,-0.06940359,-0.24609509,0.9446683704020625,1.0
Dmel_CG17834,-0.06966,-0.5467375,0.9444642813664815,1.0
Dmel_CG1621,-0.06972101,-0.97677046,0.9444157185480275,1.0
Dmel_CG5162,-0.06994961,-3.1251082,0.944233763497157,1.0
Dmel_CG1303,-0.07014655,-0.17697588,0.9440770140122945,1.0
Dmel_CG8781,-0.070276685,-0.14604375,0.9439734375993222,1.0
Dmel_CG33133,-0.07034967,-0.14202671,0.9439153491649824,1.0
Dmel_CG17525,-0.07055125,-0.36398122,0.9437549159918954,1.0
Dmel_CG42601,-0.07059372,-2.2787135,0.9437211085259462,1.0
Dmel_CG13843,-0.07059681,-2.5971358,0.9437186498051036,1.0
Dmel_CG4402,-0.07059758,-2.56318,0.9437180351249768,1.0
Dmel_CG7968,-0.070599124,-2.7432761,0.9437168057648235,1.0
Dmel_CG12909,-0.07105479,-0.21402393,0.9433541503851918,1.0
Dmel_CR43654,-0.07108877,-0.386494,0.9433271053687968,1.0
Dmel_CR43864,-0.07124787,-2.293822,0.9432004863887868,1.0
Dmel_CG17928,-0.07136758,-0.41182745,0.9431052157722244,1.0
Dmel_CG16988,-0.07160699,-0.3132098,0.9429146769822142,1.0
Dmel_CG34148,-0.07168268,-0.16110086,0.9428544428179548,1.0
Dmel_CG1299,-0.07189892,-2.2259448,0.9426823470076546,1.0
Dmel_CG5933,-0.07229743,-0.1539657,0.9423652060292687,1.0
Dmel_CG43675,-0.07230902,-0.7834524,0.9423559869512059,1.0
Dmel_CG43092,-0.07253299,-1.4147025,0.9421777529613895,1.0
Dmel_CG18522,-0.07283496,-0.24850152,0.9419374489603869,1.0
Dmel_CG17632,-0.07284964,-0.6884594,0.9419257719183451,1.0
Dmel_CG12592,-0.07317787,-1.2358878,0.9416645781923803,1.0
Dmel_CG5493,-0.0731825,-1.3940636,0.9416608907963867,1.0
Dmel_CG5783,-0.073183276,-1.4171294,0.9416602762305094,1.0
Dmel_CG42367,-0.07319177,-1.6057383,0.9416535160081512,1.0
Dmel_CG5290,-0.07343582,-0.28412324,0.9414593150535293,1.0
Dmel_CG12811,-0.07383279,-0.17642947,0.9411434386622377,1.0
Dmel_CG13305,-0.07383742,-1.4311864,0.9411397514437567,1.0
Dmel_CG3630,-0.074041694,-0.6275727,0.9409772078171679,1.0
Dmel_CG32668,-0.07424559,-0.64951974,0.9408149739078854,1.0
Dmel_CR45997,-0.074360274,-0.36104286,0.9407237184127212,1.0
Dmel_CG42447,-0.074466854,-1.0190502,0.9406389160239294,1.0
Dmel_CG34166,-0.07471631,-0.4979199,0.9404404319062325,1.0
Dmel_CG12011,-0.07491093,-0.33924928,0.9402855799926907,1.0
Dmel_CG8854,-0.07511559,-0.99439526,0.9401227421222107,1.0
Dmel_CG32687,-0.07537972,-0.22292006,0.9399125927979743,1.0
Dmel_CG11770,-0.07547665,-0.1887651,0.9398354776472067,1.0
Dmel_CG10627,-0.075682856,-0.15556826,0.9396714178097337,1.0
Dmel_CG14734,-0.07587593,-0.06107986,0.9395178060505796,1.0
Dmel_CG3291,-0.07595702,-0.121549375,0.9394532897824711,1.0
Dmel_CG31676,-0.07694558,-0.0729004,0.9386668378284553,1.0
Dmel_CG34008,-0.07706336,-0.91840416,0.9385731434241671,1.0
Dmel_CG43338,-0.07706722,-0.96833545,0.9385700714908765,1.0
Dmel_CG14237,-0.07708884,-1.1985968,0.9385528686813446,1.0
Dmel_CG13692,-0.07709734,-1.2132065,0.9385461104425884,1.0
Dmel_CG4252,-0.077368416,-0.13929184,0.938330463514467,1.0
Dmel_CG6073,-0.07742789,-0.17068906,0.9382831569579595,1.0
Dmel_CG16840,-0.07773527,-0.22819164,0.9380386408305597,1.0
Dmel_CG44014,-0.07796696,-20.067686,0.9378543360522422,1.0
Dmel_CG13606,-0.078343846,-0.7470448,0.9375545407298512,1.0
Dmel_CG12843,-0.07861454,-3.5313723,0.9373392218851528,1.0
Dmel_CR46083,-0.07867285,-0.29027334,0.9372928413923391,1.0
Dmel_CG7175,-0.078751236,-0.16900165,0.9372304891445976,1.0
Dmel_CG8560,-0.07876475,-0.5079002,0.9372197387959488,1.0
Dmel_CG34214,-0.07899104,-0.70816123,0.9370397489456425,1.0
Dmel_CR32194,-0.07901344,-0.8551941,0.9370219344253837,1.0
Dmel_CG4194,-0.07925903,-2.6868234,0.9368265910664854,1.0
Dmel_CG3679,-0.07926058,-2.750725,0.9368253625039213,1.0
Dmel_CG7589,-0.07969693,-1.1023606,0.9364782996135992,1.0
Dmel_CG15528,-0.07996647,-0.32057986,0.9362639251993333,1.0
Dmel_CG13067,-0.08004679,-0.4229198,0.9362000437452894,1.0
Dmel_CR45191,-0.08028736,-0.33822006,0.9360087089645543,1.0
Dmel_CR43454,-0.080546476,-1.6246933,0.9358026366332661,1.0
Dmel_CG16963,-0.0805511,-1.8009974,0.9357989513251634,1.0
Dmel_CG13833,-0.08055883,-2.1441803,0.9357928091480493,1.0
Dmel_CG14692,-0.08056192,-2.1521115,0.9357903522782737,1.0
Dmel_CG33912,-0.080975875,-0.3353809,0.9354611372682663,1.0
Dmel_CR46322,-0.08146977,-0.3493182,0.9350683662646363,1.0
Dmel_CR43022,-0.081607625,-0.74709123,0.9349587371441079,1.0
Dmel_CG7051,-0.08163582,-0.39173678,0.9349363201368235,1.0
Dmel_CG6776,-0.08171111,-0.2000564,0.9348764393429669,1.0
Dmel_CG9023,-0.08224478,-0.6658335,0.9344520639872207,1.0
Dmel_CR43883,-0.08226331,-0.76501864,0.9344373248009065,1.0
Dmel_CG14745,-0.08230193,-0.90959084,0.9344066182349403,1.0
Dmel_CG8596,-0.08257533,-0.33746913,0.9341892185419003,1.0
Dmel_CG5780,-0.08258769,-0.29248098,0.9341793926828792,1.0
Dmel_CG6225,-0.08283328,-0.16695291,0.9339841058169579,1.0
Dmel_CG9258,-0.082903944,-0.16757177,0.9339279155202762,1.0
Dmel_CR45226,-0.08293909,-0.87238836,0.933899974019867,1.0
Dmel_CG3016,-0.08295569,-0.117070295,0.9338867709216296,1.0
Dmel_CG10399,-0.08353531,-0.6208723,0.933425902101692,1.0
Dmel_CG13272,-0.08441806,-0.92656237,0.9327240488729199,1.0
Dmel_CR43051,-0.08444895,-1.2272115,0.932699488024138,1.0
Dmel_CG31450,-0.08447444,-0.093510106,0.9326792253721286,1.0
Dmel_CG14275,-0.084507644,-0.47507176,0.9326528225879984,1.0
Dmel_CG42562,-0.08492392,-0.3732343,0.9323218730540925,1.0
Dmel_CR44608,-0.0851058,-1.3202997,0.9321772781792647,1.0
Dmel_CR44749,-0.08569855,-0.2272608,0.9317060556631769,1.0
Dmel_CG10609,-0.08611135,-0.18674216,0.9313779024509032,1.0
Dmel_CG8419,-0.0863832,-1.013563,0.9311618004348067,1.0
Dmel_CG31121,-0.08638474,-1.0732621,0.9311605725969263,1.0
Dmel_CG5441,-0.08688327,-0.77447677,0.9307642964967936,1.0
Dmel_CG12259,-0.08733353,-0.16671175,0.9304064042487786,1.0
Dmel_CG18104,-0.08735207,-0.20969585,0.9303916714213125,1.0
Dmel_CG8160,-0.08742466,-0.50426155,0.9303339680767955,1.0
Dmel_CG31634,-0.08768068,-0.93785083,0.9301304746327401,1.0
Dmel_CG2807,-0.08790813,-0.12735249,0.9299496977120282,1.0
Dmel_CG11258,-0.08791469,-0.13576335,0.9299444800956128,1.0
Dmel_CG4778,-0.08791894,-2.512401,0.929941103992478,1.0
Dmel_CG1889,-0.087925114,-2.924232,0.92993619329926,1.0
Dmel_CG9109,-0.08814947,-0.15147533,0.9297578755605103,1.0
Dmel_CG34251,-0.088565744,-0.48853832,0.9294270303094245,1.0
Dmel_CG15266,-0.08884185,-0.14567518,0.9292075988570951,1.0
Dmel_CG13897,-0.08908436,-0.119882315,0.9290148718949425,1.0
Dmel_CG4847,-0.08920947,-1.8318716,0.9289154411406297,1.0
Dmel_CG43679,-0.08921564,-2.0461514,0.9289105310086653,1.0
Dmel_CG7242,-0.08922646,-2.4441051,0.9289019382842404,1.0
Dmel_CG10625,-0.089322224,-0.4538272,0.9288258316584652,1.0
Dmel_CG11320,-0.089388646,-0.5178755,0.9287730484131992,1.0
Dmel_CG32109,-0.08942031,-0.13847622,0.9287478844181971,1.0
Dmel_CG8995,-0.089486726,-0.17281774,0.9286951016357899,1.0
Dmel_CG13421,-0.08987366,-2.2263901,0.9283876174851717,1.0
Dmel_CG34256,-0.09019339,-0.13947165,0.9281335368523613,1.0
Dmel_CG11391,-0.09052008,-1.6865301,0.9278739402954775,1.0
Dmel_CG16712,-0.090603486,-0.40207842,0.927807661552617,1.0
Dmel_CG17227,-0.0908236,-0.16005433,0.9276327617205873,1.0
Dmel_CG10123,-0.09093712,-0.11526214,0.9275425515945356,1.0
Dmel_CG11589,-0.09095952,-0.08589345,0.9275247551490086,1.0
Dmel_CG5390,-0.091091976,-0.16641055,0.9274195113936595,1.0
Dmel_CG9717,-0.0911526,-1.3852248,0.9273713390195354,1.0
Dmel_CG15066,-0.09117886,-1.8453944,0.9273504746343724,1.0
Dmel_CR44074,-0.09131054,-0.1688077,0.9272458466330058,1.0
Dmel_CG4757,-0.0918052,-1.3572596,0.9268528125213386,1.0
Dmel_CG4239,-0.09240374,-0.17598827,0.9263772681872299,1.0
Dmel_CG18657,-0.09287292,-0.12958428,0.9260045211695578,1.0
Dmel_CG4144,-0.09311736,-1.356933,0.925810331005109,1.0
Dmel_CR46060,-0.09311812,-1.4816535,0.9258097174570856,1.0
Dmel_CG14223,-0.09376957,-0.4109627,0.9252922054511608,1.0
Dmel_CG5923,-0.094234884,-0.29823276,0.9249225733596631,1.0
Dmel_CG15210,-0.09423875,-0.21864744,0.9249195059411266,1.0
Dmel_CG13667,-0.094301306,-0.2528509,0.9248698139163858,1.0
Dmel_CG10245,-0.09464653,-0.16778463,0.9245955928354042,1.0
Dmel_CG31103,-0.095052764,-1.0925035,0.9242729191034111,1.0
Dmel_CG9444,-0.095085196,-1.4537629,0.9242471548171538,1.0
Dmel_CG9850,-0.09516204,-0.25280264,0.9241861183133071,1.0
Dmel_CG3663,-0.09570382,-0.4146623,0.9237558083121383,1.0
Dmel_CG18572,-0.09582121,-0.18098466,0.9236625723033602,1.0
Dmel_CG7872,-0.09587759,-0.1274481,0.9236177948560681,1.0
Dmel_CG11254,-0.096269146,-0.20942663,0.92330681296954,1.0
Dmel_CR45889,-0.096386924,-0.41963726,0.9232132753440805,1.0
Dmel_CG15666,-0.096553355,-0.47942382,0.9230810977562409,1.0
Dmel_CG1274,-0.096643716,-0.15735126,0.9230093363357764,1.0
Dmel_CG32373,-0.09702215,-0.45420507,0.9227088038682446,1.0
Dmel_CG1806,-0.09724573,-2.8136444,0.9225312495624659,1.0
Dmel_CG15739,-0.097367376,-0.5280164,0.9224346542812261,1.0
Dmel_CG8729,-0.09738707,-0.17412418,0.9224190151527852,1.0
Dmel_CG43442,-0.09762764,-0.8959607,0.9222279748891127,1.0
Dmel_CG32154,-0.09797286,-0.34495625,0.9219538414857155,1.0
Dmel_CG4565,-0.09823236,-0.19989589,0.9217477875800404,1.0
Dmel_CG9093,-0.09827175,-0.1466671,0.9217165119995739,1.0
Dmel_CG17919,-0.09828642,-0.8570976,0.9217048603436819,1.0
Dmel_CG33126,-0.09849263,-0.101395294,0.9215411256946122,1.0
Dmel_CG44195,-0.09884171,-0.36563236,0.9212639495275494,1.0
Dmel_CG4723,-0.09917998,-1.8360654,0.9209953675864757,1.0
Dmel_CG11275,-0.09940164,-0.2811477,0.920819383847622,1.0
Dmel_CG9752,-0.09942326,-0.38044629,0.9208022149098215,1.0
Dmel_CG10488,-0.09983066,-1.7934883,0.9204787712923006,1.0
Dmel_CG12129,-0.10004535,-0.16312085,0.9203083171967836,1.0
Dmel_CG6908,-0.10044734,-1.199761,0.9199891854768564,1.0
Dmel_CG17005,-0.10044966,-1.2025473,0.9199873461382488,1.0
Dmel_CG43340,-0.10046163,-0.20612384,0.9199778428955967,1.0
Dmel_CG4969,-0.10046665,-1.5143565,0.9199738576682083,1.0
Dmel_CG7735,-0.100551605,-0.5372879,0.9199064156634563,1.0
Dmel_CG8246,-0.10063965,-0.16172078,0.9198365218300838,1.0
Dmel_CG9547,-0.100674406,-0.29074275,0.9198089323294655,1.0
Dmel_CG5295,-0.10083504,-0.11183077,0.9196814087814059,1.0
Dmel_CR44784,-0.10096479,-1.0618268,0.919578410500409,1.0
Dmel_CG13562,-0.101142034,-1.686932,0.9194377096724503,1.0
Dmel_CR42651,-0.10148957,-0.10616254,0.9191618330217126,1.0
Dmel_CG30385,-0.101793475,-1.6777782,0.9189206021905642,1.0
Dmel_CG16959,-0.10224914,-0.923546,0.9185589231930942,1.0
Dmel_CG11482,-0.102273084,-0.36852863,0.9185399201856428,1.0
Dmel_CG6728,-0.10303921,-1.0010682,0.9179318485740195,1.0
Dmel_CG4178,-0.1030701,-1.238837,0.9179073305618208,1.0
Dmel_CG12317,-0.10330141,-0.06429072,0.9177237544276655,1.0
Dmel_CG11076,-0.10377098,-0.08833014,0.9173510991820846,1.0
Dmel_CG31193,-0.10395595,-20.491549,0.9172043098677672,1.0
Dmel_CG11132,-0.10425946,-0.13291197,0.916963446672536,1.0
Dmel_CG14157,-0.104323566,-0.87478,0.9169125783204177,1.0
Dmel_CG14511,-0.10444289,-0.335963,0.9168178905469797,1.0
Dmel_CG13280,-0.10524648,-2.7866614,0.9161802344326075,1.0
Dmel_CG30001,-0.10528895,-0.6208303,0.9161465299360964,1.0
Dmel_CR44806,-0.10534379,-0.3408179,0.9161030207180476,1.0
Dmel_CG33493,-0.1055944,-0.19006203,0.9159041684086343,1.0
Dmel_CG7399,-0.10565348,-1.0326986,0.9158572902789393,1.0
Dmel_CG8051,-0.10567202,-1.1623871,0.9158425834750152,1.0
Dmel_CG14132,-0.105902165,-2.6240609,0.9156599763939292,1.0
Dmel_CG44162,-0.10622653,-0.21646872,0.9154026182681594,1.0
Dmel_CR44598,-0.1063447,-0.30643046,0.9153088685816194,1.0
Dmel_CG6917,-0.10638795,-0.46264917,0.9152745552652926,1.0
Dmel_CG10704,-0.10719424,-2.0312405,0.9146348859874132,1.0
Dmel_CG11035,-0.10758232,-0.124962844,0.9143270188774112,1.0
Dmel_CG14820,-0.10762943,-1.0268555,0.9142896468285628,1.0
Dmel_CG4979,-0.107674226,-1.2435334,0.9142541129250737,1.0
Dmel_CG12405,-0.10783989,-1.7726483,0.9141227002370184,1.0
Dmel_CG7980,-0.107840665,-1.8054245,0.914122087595949,1.0
Dmel_CG12781,-0.10784143,-0.51270825,0.9141214749549308,1.0
Dmel_CG3132,-0.108018294,-0.2266238,0.9139811815062204,1.0
Dmel_CG9338,-0.108144954,-0.33228222,0.9138807109888235,1.0
Dmel_CG13691,-0.10847627,-1.4769764,0.9136179013307308,1.0
Dmel_CG17927,-0.10890452,-0.8729844,0.9132782231252969,1.0
Dmel_CG17010,-0.109140456,-1.6103793,0.9130910852696106,1.0
Dmel_CG42382,-0.109287195,-0.1623164,0.912974700816997,1.0
Dmel_CG10914,-0.10939262,-0.14360392,0.9128910889279817,1.0
Dmel_CG7054,-0.10952661,-0.74848074,0.9127848144022546,1.0
Dmel_CG32259,-0.10978302,-1.4260814,0.9125814576995154,1.0
Dmel_CG33178,-0.11040087,-1.1056157,0.9120914650889533,1.0
Dmel_CG42395,-0.110430986,-1.3462337,0.9120675788020591,1.0
Dmel_CG17572,-0.11090982,-0.9356155,0.9116878587727949,1.0
Dmel_CG6819,-0.111183986,-0.2650015,0.9114704475066624,1.0
Dmel_CG7787,-0.111252725,-0.121489815,0.9114159426219912,1.0
Dmel_CG31509,-0.11146511,-0.38698044,0.9112475312872215,1.0
Dmel_CG3167,-0.11202967,-0.14058779,0.9107998827435779,1.0
Dmel_CG34120,-0.11239729,-1.3416045,0.9105084058798424,1.0
Dmel_CR42721,-0.11243784,-0.44537342,0.9104762584330469,1.0
Dmel_CG4123,-0.11289388,-0.3321017,0.9101146863050571,1.0
Dmel_CG31322,-0.11290778,-0.16048893,0.9101036649233747,1.0
Dmel_CG17265,-0.11308542,-1.6158663,0.909962837680907,1.0
Dmel_CG11420,-0.11327039,-5.338599,0.9098161966676137,1.0
Dmel_CG8001,-0.11335534,-0.14737643,0.9097488469183532,1.0
Dmel_CG10444,-0.113538764,-0.211154,0.909603434899515,1.0
Dmel_CG17046,-0.113632984,0.008473871,0.9095287402184378,1.0
Dmel_CG2712,-0.11387085,-0.17495549,0.9093401703208255,1.0
Dmel_CG6656,-0.11391102,-0.5668468,0.9093083343482766,1.0
Dmel_CG3520,-0.11392028,-0.15638798,0.9093009876060614,1.0
Dmel_CG1134,-0.11449488,-0.16859803,0.908845504761977,1.0
Dmel_CG16978,-0.11455937,-2.5843549,0.9087943872510954,1.0
Dmel_CG6415,-0.114568636,-2.8749824,0.9087870410530172,1.0
Dmel_CR32553,-0.114572495,-3.2681558,0.9087839801394534,1.0
Dmel_CG5646,-0.114912696,-0.1328327,0.9085143189747724,1.0
Dmel_CG10212,-0.11501001,-0.25154027,0.9084371874123626,1.0
Dmel_CR44171,-0.11521892,-0.60157925,0.9082716023320745,1.0
Dmel_CG15918,-0.11531893,-0.35468766,0.908192331033013,1.0
Dmel_CG11142,-0.11533052,-0.34297362,0.9081831490883292,1.0
Dmel_CR45151,-0.11543825,-0.79882467,0.908097757590489,1.0
Dmel_CR46084,-0.115886584,-0.59808326,0.9077424301926548,1.0
Dmel_CR44661,-0.116516784,-2.3499255,0.9072429831161446,1.0
Dmel_CG7900,-0.11692611,-0.9753261,0.9069186069762625,1.0
Dmel_CG17320,-0.11727404,-0.18997172,0.9066428994613829,1.0
Dmel_CG8505,-0.117577165,-0.3393699,0.9064026973105147,1.0
Dmel_CG10842,-0.11782894,-2.1750147,0.9062031983370191,1.0
Dmel_CG7593,-0.1180309,-0.17585218,0.9060431750632914,1.0
Dmel_CG9285,-0.11815331,-0.109856196,0.9059461838454477,1.0
Dmel_CG7441,-0.11830545,-0.13917549,0.9058256352020738,1.0
Dmel_CG4221,-0.11842632,-1.3226849,0.905729870948036,1.0
Dmel_CG13168,-0.118449874,-0.5425663,0.9057112077865199,1.0
Dmel_CG6137,-0.11857113,-0.208717,0.9056151392218694,1.0
Dmel_CG6695,-0.118701264,-0.16224073,0.9055120353245031,1.0
Dmel_CG3773,-0.11870783,-0.19271746,0.9055068342798749,1.0
Dmel_CG10743,-0.118889324,-0.107626095,0.905363042298885,1.0
Dmel_CG31473,-0.1191129,-0.53503215,0.9051859070818232,1.0
Dmel_CG31371,-0.11946006,-0.64800525,0.904910882650951,1.0
Dmel_CG14618,-0.1207838,-0.22945623,0.9038622848687548,1.0
Dmel_CG6906,-0.12118347,-0.2459777,0.9035457195129643,1.0
Dmel_CG31755,-0.121475786,-0.79844993,0.9033141930108616,1.0
Dmel_CG5714,-0.1216623,-0.16352291,0.9031664729987037,1.0
Dmel_CG2709,-0.12192913,-4.336165,0.9029551444006527,1.0
Dmel_CR45010,-0.12233344,-1.093145,0.9026349533935137,1.0
Dmel_CG31918,-0.1224068,-0.29359138,0.9025768497493095,1.0
Dmel_CG6097,-0.12255007,-0.1287471,0.9024633962433217,1.0
Dmel_CG4045,-0.12255586,-0.16433023,0.9024588092162262,1.0
Dmel_CG7365,-0.12257787,-3.469576,0.9024413785429615,1.0
Dmel_CG10112,-0.123014614,-0.36490682,0.9020955270244013,1.0
Dmel_CG17292,-0.12418273,-0.26595107,0.9011705956594057,1.0
Dmel_CG32829,-0.124266915,-0.41300598,0.9011039446164036,1.0
Dmel_CG2100,-0.12471871,-0.21177955,0.9007462422273145,1.0
Dmel_CG31036,-0.12485271,-0.71803,0.9006401582967665,1.0
Dmel_CG12665,-0.12491295,-0.9296896,0.9005924669637949,1.0
Dmel_CG9631,-0.1258293,-2.0859692,0.8998670527660261,1.0
Dmel_CG5359,-0.12626179,-0.15707088,0.8995247034000841,1.0
Dmel_CG10850,-0.12626487,-0.35168394,0.8995222581146374,1.0
Dmel_CG14246,-0.12661473,-0.5889994,0.8992453357139671,1.0
Dmel_CG6724,-0.1273353,-0.15620996,0.8986750242903111,1.0
Dmel_CG42677,-0.1281022,-0.39368683,0.8980680943789647,1.0
Dmel_CG15143,-0.1284343,-1.6579629,0.8978052932587746,1.0
Dmel_CG32808,-0.12905793,-0.20258248,0.8973118075128401,1.0
Dmel_CG5131,-0.1298677,-0.19679488,0.8966710992471623,1.0
Dmel_CG34227,-0.12994494,-20.778564,0.89660999562928,1.0
Dmel_CG17777,-0.1303504,-0.49445274,0.8962892117043465,1.0
Dmel_CG31207,-0.1305902,-3.8870926,0.8960994989011063,1.0
Dmel_CG6642,-0.13059328,-4.3448586,0.8960970549745839,1.0
Dmel_CR45800,-0.13059637,-5.400751,0.8960946110490474,1.0
Dmel_CG13279,-0.1307435,-0.72432077,0.8959782202374416,1.0
Dmel_CG5378,-0.13074736,-0.1531278,0.8959751653906378,1.0
Dmel_CG13870,-0.13095665,-1.0067492,0.8958095950022984,1.0
Dmel_CG14780,-0.13099527,-1.2081735,0.8957790474558317,1.0
Dmel_CG2121,-0.13101149,-1.1489444,0.8957662175323918,1.0
Dmel_CG33196,-0.13127252,-0.60544467,0.895559720612653,1.0
Dmel_CG14439,-0.13135014,-0.65374815,0.8954983227447484,1.0
Dmel_CG34183,-0.13179576,-0.18612678,0.8951458316872543,1.0
Dmel_CG15093,-0.13189733,-0.5978975,0.8950655008308358,1.0
Dmel_CG43117,-0.1324198,-0.5496065,0.8946522568339079,1.0
Dmel_CG18473,-0.13248506,-0.5555582,0.8946006415190477,1.0
Dmel_CG4553,-0.13354234,-0.2552535,0.8937644746698575,1.0
Dmel_CG43663,-0.13401113,-0.21636543,0.8933937649278112,1.0
Dmel_CG7722,-0.13423511,-1.0288937,0.8932166630529617,1.0
Dmel_CG13931,-0.13429767,-1.2455572,0.8931671976181261,1.0
Dmel_CG6574,-0.13491204,-0.20971458,0.8926814203049124,1.0
Dmel_CG8073,-0.13512674,-0.15169887,0.8925116672588856,1.0
Dmel_CG9336,-0.1353287,-0.24489312,0.8923519939784645,1.0
Dmel_CG3036,-0.13557044,-0.28744122,0.8921608802644662,1.0
Dmel_CR44832,-0.13641727,-0.1397123,0.8914914211522061,1.0
Dmel_CG7623,-0.13649103,-0.23060115,0.8914331180620397,1.0
Dmel_CG2720,-0.13700229,-0.15644924,0.8910289808568054,1.0
Dmel_CG13688,-0.13701619,-0.20692971,0.8910179926267198,1.0
Dmel_CG18420,-0.13706023,-0.5197734,0.8909831967028697,1.0
Dmel_CG13400,-0.13734289,-0.18340729,0.890759775249345,1.0
Dmel_CG9812,-0.13750044,-0.9330649,0.8906352490222395,1.0
Dmel_CG16725,-0.13758114,-0.13868916,0.8905714608966624,1.0
Dmel_CG4043,-0.13847625,-0.21051362,0.8898640401765034,1.0
Dmel_CG12142,-0.13888171,-0.4628381,0.8895436238909116,1.0
Dmel_CG10581,-0.13893847,-0.24694504,0.889498767049543,1.0
Dmel_CG8285,-0.13944742,-0.8142786,0.8890965970427479,1.0
Dmel_CG32816,-0.13990386,-0.6208045,0.8887359498833228,1.0
Dmel_CR44370,-0.13998109,-0.6379521,0.8886749289512624,1.0
Dmel_CG30414,-0.14014985,-0.4361019,0.8885416005106523,1.0
Dmel_CR33963,-0.1402653,-0.4777396,0.8884503776047126,1.0
Dmel_CG14233,-0.1405472,-2.8890867,0.8882276656820935,1.0
Dmel_CG34030,-0.14063138,-0.6419398,0.8881611589002696,1.0
Dmel_CG6958,-0.14108318,-0.33665562,0.8878042322964487,1.0
Dmel_CG17652,-0.14109708,-0.2382389,0.8877932502998166,1.0
Dmel_CG1171,-0.14158905,-1.154488,0.8874046235263209,1.0
Dmel_CG4721,-0.14159407,-0.4512401,0.887400658086361,1.0
Dmel_CG12256,-0.14186166,-2.7615936,0.8871892737156074,1.0
Dmel_CG6907,-0.14192885,-0.25799128,0.887136200111738,1.0
Dmel_CG10079,-0.14212966,-0.40430316,0.8869775923589032,1.0
Dmel_CG5748,-0.14213699,-0.094365776,0.8869717971613066,1.0
Dmel_CG5055,-0.14232196,-0.17839794,0.8868256991773324,1.0
Dmel_CG6662,-0.14240846,-0.37683076,0.8867573791014103,1.0
Dmel_CG7946,-0.14262626,-0.13727018,0.8865853626384638,1.0
Dmel_CG2184,-0.14273979,-0.82877356,0.8864956966003443,1.0
Dmel_CG16890,-0.143141,-0.14493597,0.8861788272505853,1.0
Dmel_CG4920,-0.14316301,-0.30695188,0.8861614441838555,1.0
Dmel_CG9576,-0.14316455,-2.356065,0.8861602243215803,1.0
Dmel_CG11899,-0.14317922,-0.213593,0.8861486356434206,1.0
Dmel_CG4627,-0.14323483,-0.14988866,0.8861047208734709,1.0
Dmel_CG5913,-0.14335763,-0.19456297,0.886007743662424,1.0
Dmel_CG13422,-0.1437963,-1.9290572,0.8856613233010523,1.0
Dmel_CG11121,-0.14447284,-0.33833382,0.8851270981393345,1.0
Dmel_CR46104,-0.14484124,-0.33606735,0.884836223502748,1.0
Dmel_CG15211,-0.14525905,-0.6555672,0.8845063404467578,1.0
Dmel_CG10318,-0.1454251,-0.1527512,0.8843752464519389,1.0
Dmel_CG4276,-0.14556798,-0.44231272,0.8842624471761071,1.0
Dmel_CG14451,-0.14560196,-1.2173336,0.8842356195854884,1.0
Dmel_CG43065,-0.1456178,-0.08588279,0.8842231204124583,1.0
Dmel_CG6976,-0.14569618,-0.563102,0.8841612346876752,1.0
Dmel_CG15892,-0.14609933,-0.8743551,0.8838429764185307,1.0
Dmel_CG31865,-0.14696431,-0.51679075,0.8831601867478226,1.0
Dmel_CG8648,-0.1470794,-0.28128347,0.8830693578666631,1.0
Dmel_CG11073,-0.1482842,-1.0862721,0.8821184902942012,1.0
Dmel_CG1648,-0.14856145,-0.04729526,0.8818996928400542,1.0
Dmel_CG3814,-0.14962569,-1.1536707,0.8810599357467738,1.0
Dmel_CG17604,-0.14978942,-0.20522611,0.8809307541923368,1.0
Dmel_CG5354,-0.15093322,-0.47876653,0.8800283999123609,1.0
Dmel_CG10635,-0.1521245,-0.08227217,0.8790887400912775,1.0
Dmel_CG11679,-0.15274622,-0.31463203,0.878598417899399,1.0
Dmel_CG14661,-0.15311846,-1.9937865,0.8783048559538167,1.0
Dmel_CG6845,-0.15316403,-0.38379243,0.8782689231713396,1.0
Dmel_CG3692,-0.1544391,-2.0793717,0.8772635162526659,1.0
Dmel_CG10418,-0.15523691,-0.13172318,0.8766345524201291,1.0
Dmel_CG5677,-0.15530217,-0.13273378,0.876583106254362,1.0
Dmel_CG13922,-0.1558644,-0.1772302,0.8761398993684881,1.0
Dmel_CG1792,-0.15621504,-0.14215922,0.8758635235192573,1.0
Dmel_CG10560,-0.15634324,-1.3721553,0.8757624735722419,1.0
Dmel_CG1148,-0.1576384,-1.0605333,0.8747417394745958,1.0
Dmel_CR45883,-0.15778515,-0.365914,0.8746261059075955,1.0
Dmel_CG10173,-0.15790987,-0.67081374,0.8745278194805426,1.0
Dmel_CG9665,-0.15892893,-1.2487017,0.8737248646376913,1.0
Dmel_CG8510,-0.15919538,-2.665131,0.8735149433277684,1.0
Dmel_CG4404,-0.15967691,-0.10986088,0.8731355863977828,1.0
Dmel_CG10469,-0.15972596,-0.58746445,0.873096952643871,1.0
Dmel_CG9941,-0.15994838,-0.12106831,0.8729217356388651,1.0
Dmel_CG8586,-0.16007504,-0.83036715,0.8728219620737273,1.0
Dmel_CG31732,-0.16084503,-0.47927332,0.8722154553886435,1.0
Dmel_CG2530,-0.16175018,0.018934479,0.8715025867296228,1.0
Dmel_CG7263,-0.16216683,-0.16591638,0.8711744710543713,1.0
Dmel_CG5013,-0.16237807,-0.24457625,0.8710081409886534,1.0
Dmel_CG40486,-0.16259973,-0.714028,0.8708336069808129,1.0
Dmel_CG5583,-0.16271788,-0.74750406,0.8707405652887505,1.0
Dmel_CG17118,-0.16290246,-1.1871071,0.8705952292324364,1.0
Dmel_CG3883,-0.16336122,-0.16125469,0.8702340363816087,1.0
Dmel_CG5222,-0.16345312,-0.3574041,0.8701616794498098,1.0
Dmel_CR45237,-0.16358441,-0.54120713,0.8700583142900509,1.0
Dmel_CG11375,-0.16371648,-0.1465226,0.869954343339564,1.0
Dmel_CG30169,-0.16390994,-0.1590701,0.8698020390763976,1.0
Dmel_CG8491,-0.16420922,-0.09725505,0.8695664481851502,1.0
Dmel_CG10436,-0.16424552,-1.238916,0.8695378740768129,1.0
Dmel_CG11796,-0.16435981,-1.5685645,0.8694478971465289,1.0
Dmel_CG4289,-0.16453822,-0.15039665,0.8693074635595539,1.0
Dmel_CG8816,-0.16469344,-0.18019874,0.8691852714545851,1.0
Dmel_CG3301,-0.16536382,-0.8280145,0.8686576320059404,1.0
Dmel_CG42750,-0.16719341,0.013396114,0.8672178636784644,1.0
Dmel_CG12948,-0.16749693,-0.1686159,0.866979058964693,1.0
Dmel_CG14252,-0.16810551,-0.16163883,0.8665002708425082,1.0
Dmel_CG5902,-0.16845769,-0.16108142,0.8662232279966551,1.0
Dmel_CG3806,-0.16881758,-0.18023388,0.8659401266300706,1.0
Dmel_CG4611,-0.16884384,-0.25944993,0.8659194718383664,1.0
Dmel_CG44836,-0.16892031,-1.2688425,0.865859330466449,1.0
Dmel_CG10671,-0.16966443,-0.21687476,0.8652740558129511,1.0
Dmel_CG12840,-0.16987333,-0.70148903,0.8651097548185434,1.0
Dmel_CG1868,-0.17020157,-0.40896055,0.8648516227069087,1.0
Dmel_CG1140,-0.1702255,-0.26407865,0.8648327948109519,1.0
Dmel_CG11315,-0.17046067,-2.2267494,0.8646478603647174,1.0
Dmel_CR43480,-0.17085184,-1.0932859,0.864340260051912,1.0
Dmel_CG31508,-0.17106733,-1.803842,0.8641708305526459,1.0
Dmel_CG7840,-0.17120248,-0.16387206,0.8640645607558765,1.0
Dmel_CG12340,-0.17179368,-0.041691273,0.8635997352298681,1.0
Dmel_CG32412,-0.17298265,-0.53712803,0.8626650659201701,1.0
Dmel_CG3983,-0.17333482,-0.17579272,0.862388253651164,1.0
Dmel_CG14830,-0.17366691,-1.41881,0.8621272400167552,1.0
Dmel_CG9994,-0.17422181,-0.09826978,0.8616911380484956,1.0
Dmel_CG15917,-0.17467323,-0.8605994,0.8613364000376528,1.0
Dmel_CG2948,-0.17595373,-0.21685065,0.860330298197724,1.0
Dmel_CG5886,-0.17645495,-0.17091644,0.8599365358933908,1.0
Dmel_CG7127,-0.17775977,-0.15483472,0.8589116433551244,1.0
Dmel_CG31852,-0.17791732,-0.16546004,0.8587879079525644,1.0
Dmel_CG43897,-0.17797177,-0.8268428,0.8587451472594333,1.0
Dmel_CG12697,-0.17872246,-0.77973807,0.8581556378672284,1.0
Dmel_CG4000,-0.17907771,-1.8198777,0.8578766794911862,1.0
Dmel_CG1447,-0.17944495,-0.12642041,0.8575883400848361,1.0
Dmel_CG34134,-0.17996123,-0.19265953,0.857182999160482,1.0
Dmel_CG18507,-0.18084514,-1.061497,0.8564891260064085,1.0
Dmel_CG10158,-0.18100849,-0.14222986,0.8563609125558749,1.0
Dmel_CR45456,-0.18108727,-1.9042119,0.8562990804734577,1.0
Dmel_CG3780,-0.18112472,-0.20500083,0.8562696802338551,1.0
Dmel_CG10108,-0.18112974,-0.053391334,0.8562657400107143,1.0
Dmel_CR43461,-0.18123053,-0.3835849,0.8561866332119753,1.0
Dmel_CR44441,-0.18209629,-0.69027364,0.855507162376159,1.0
Dmel_CG5945,-0.18236157,-1.609893,0.8552989784116208,1.0
Dmel_CG5323,-0.18430857,-0.19631074,0.8537713929824944,1.0
Dmel_CG14993,-0.18468662,-0.8653537,0.8534748466436535,1.0
Dmel_CG6503,-0.18504342,-0.35744032,0.8531949792028541,1.0
Dmel_CG32042,-0.18553616,-0.2319735,0.852808525978283,1.0
Dmel_CG9706,-0.18646601,-0.23487553,0.8520793281197486,1.0
Dmel_CG1103,-0.18708193,-0.21198787,0.8515963949507742,1.0
Dmel_CG11326,-0.18727154,-0.6696445,0.8514477414502591,1.0
Dmel_CG5793,-0.18802723,-0.17496881,0.8508552992389826,1.0
Dmel_CG16705,-0.189088,-1.9925056,0.8500238425673312,1.0
Dmel_CG2939,-0.18921119,-0.16643457,0.8499272990509881,1.0
Dmel_CG2772,-0.18926293,-0.7907547,0.8498867453922905,1.0
Dmel_CG3173,-0.1892892,-0.09972327,0.849866166075599,1.0
Dmel_CG18212,-0.19025806,-0.038088944,0.849106921445877,1.0
Dmel_CG12176,-0.19075774,-0.24615942,0.8487154007520353,1.0
Dmel_CG6796,-0.19103307,-0.25092646,0.8484996869742494,1.0
Dmel_CG9938,-0.1931654,-2.7094386,0.8468294251282429,1.0
Dmel_CG42311,-0.19368672,-1.6267788,0.8464211894808498,1.0
Dmel_CG13367,-0.19377631,-0.1361943,0.846351037576199,1.0
Dmel_CG15524,-0.19440806,-0.3183337,0.8458563803011098,1.0
Dmel_CG6579,-0.19530432,-0.7972393,0.8451547122416285,1.0
Dmel_CG18455,-0.19611873,-0.07009495,0.8445172409842164,1.0
Dmel_CG14517,-0.19642533,-0.1936805,0.8442772710505544,1.0
Dmel_CG32788,-0.19644001,-2.1814744,0.8442657867056048,1.0
Dmel_CG7988,-0.19690995,-0.201352,0.8438980029678561,1.0
Dmel_CG14906,-0.19790275,-0.23787017,0.8431211453645141,1.0
Dmel_CG7391,-0.1979491,-0.31539527,0.8430848896887388,1.0
Dmel_CR44517,-0.19800779,-0.90445083,0.8430389663101749,1.0
Dmel_CR45209,-0.19899094,-1.5748583,0.8422698291795873,1.0
Dmel_CG7758,-0.2001803,-0.14371438,0.8413395738045648,1.0
Dmel_CG12304,-0.20090087,-0.16841108,0.8407760916668678,1.0
Dmel_CG6705,-0.2013179,-0.89304835,0.840449997773552,1.0
Dmel_CG5859,-0.201572,-0.33246928,0.8402513354673495,1.0
Dmel_CG8370,-0.20207246,-0.16833305,0.839860078990204,1.0
Dmel_CG8749,-0.20211184,-0.097028874,0.839829287334631,1.0
Dmel_CG34174,-0.20250456,-0.3007887,0.8395222898295102,1.0
Dmel_CG7203,-0.20330468,-0.8773028,0.8388968995068119,1.0
Dmel_CG3835,-0.20360626,-0.22207633,0.8386611971950759,1.0
Dmel_CG8019,-0.20406578,-0.15113036,0.8383020883433034,1.0
Dmel_CG32239,-0.2062267,-1.3504107,0.8366138241195831,1.0
Dmel_CG6560,-0.20682912,-0.24684024,0.8361433195210443,1.0
Dmel_CG4181,-0.2068909,-1.2114282,0.8360950659507691,1.0
Dmel_CG6398,-0.2070191,-1.7527003,0.8359949417604575,1.0
Dmel_CG31159,-0.20790648,-0.2475827,0.8353019864167606,1.0
Dmel_CG32333,-0.20797753,-0.0826261,0.8352465072623682,1.0
Dmel_CG8612,-0.208461,-0.14446796,0.8348690295803917,1.0
Dmel_CG13379,-0.20905375,-0.13166882,0.8344062793908381,1.0
Dmel_CG5602,-0.21194682,-0.4476442,0.8321485224818026,1.0
Dmel_CG30480,-0.21215881,-1.2071589,0.8319831324065208,1.0
Dmel_CG13901,-0.21238008,-0.17454118,0.8318105200976688,1.0
Dmel_CG6189,-0.21279056,-0.25021622,0.8314903201468751,1.0
Dmel_CG4180,-0.21355785,-0.1599408,0.8308918652675994,1.0
Dmel_CG7914,-0.21361308,-0.36401856,0.8308487995704682,1.0
Dmel_CR43825,-0.21385095,-0.35831407,0.8306632916070945,1.0
Dmel_CG4802,-0.21421355,-0.21715707,0.8303805305815813,1.0
Dmel_CR44233,-0.21460782,-0.7498395,0.8300731018239462,1.0
Dmel_CR46271,-0.21485186,-0.40812728,0.8298828161526483,1.0
Dmel_CG8175,-0.21509127,-0.7425884,0.829696153195277,1.0
Dmel_CG3200,-0.21566665,-1.7691956,0.8292475992862787,1.0
Dmel_CG42365,-0.21570526,-0.1785003,0.8292174969885333,1.0
Dmel_CG3947,-0.21598561,-0.19673361,0.8289989618276546,1.0
Dmel_CG1744,-0.21602887,-0.9964135,0.8289652495921158,1.0
Dmel_CG10799,-0.21667683,-0.5038678,0.8284602058067037,1.0
Dmel_CG6501,-0.21760398,-0.13803509,0.8277376771232298,1.0
Dmel_CG42302,-0.2184346,-0.62646043,0.8270905042628656,1.0
Dmel_CG7386,-0.21865162,-0.2827358,0.8269214342616977,1.0
Dmel_CG2767,-0.2188223,-0.27393016,0.8267884702521295,1.0
Dmel_CR44031,-0.21925867,-0.4201439,0.8264485622246862,1.0
Dmel_CG10160,-0.2196618,-0.40160945,0.8261345522032005,1.0
Dmel_CR44092,-0.22016883,-0.21462314,0.825739672951283,1.0
Dmel_CG7989,-0.2215694,-0.26903245,0.8246490972373983,1.0
Dmel_CG7478,-0.2217146,-0.4724118,0.8245360599107201,1.0
Dmel_CG3231,-0.22265181,-0.1096465,0.8238065156644829,1.0
Dmel_CG13737,-0.22284372,-0.3885676,0.8236571386695295,1.0
Dmel_CR44381,-0.22311325,-2.4649634,0.8234473604379663,1.0
Dmel_CG11221,-0.22363418,-0.096201316,0.8230419652061118,1.0
Dmel_CG8142,-0.22374964,-0.6023388,0.8229521175008253,1.0
Dmel_CG1236,-0.2245343,-0.2737254,0.8223415752438301,1.0
Dmel_CG42489,-0.22466715,-0.19451235,0.8222382263637629,1.0
Dmel_CG7006,-0.22476831,-0.25507078,0.8221595150415768,1.0
Dmel_CG12042,-0.22567192,-0.18448398,0.8214566002614052,1.0
Dmel_CG9886,-0.22656742,-0.24559988,0.8207601350877121,1.0
Dmel_CG18315,-0.2267238,-0.20976444,0.8206385159321552,1.0
Dmel_CG12534,-0.22741772,-0.19553836,0.8200989392890703,1.0
Dmel_CG2261,-0.22772896,-0.24226631,0.8198569531468162,1.0
Dmel_CG4865,-0.22827846,-1.6123347,0.8194297663950584,1.0
Dmel_CG4328,-0.22874571,-0.20177454,0.8190665647125839,1.0
Dmel_CG3008,-0.2289187,-0.14745489,0.8189320998826597,1.0
Dmel_CG11219,-0.2289828,-0.7264065,0.8188822772127617,1.0
Dmel_CG15317,-0.22946319,-0.28500494,0.8185089306134444,1.0
Dmel_CG32343,-0.22980648,-0.15141481,0.8182421510562451,1.0
Dmel_CG33158,-0.2301683,-0.24445516,0.817960989984805,1.0
Dmel_CG31006,-0.23049383,-0.36349255,0.8177080550479092,1.0
Dmel_CG33172,-0.23063208,-0.5622249,0.8176006459505756,1.0
Dmel_CG3815,-0.23147506,-0.16289075,0.8169457646558587,1.0
Dmel_CG4003,-0.23440829,-0.1676872,0.814668028399731,1.0
Dmel_CG10050,-0.23483305,-0.27785364,0.8143383117796129,1.0
Dmel_CG33990,-0.2356293,-0.5830493,0.8137203316391362,1.0
Dmel_CG10062,-0.2356378,-1.6580551,0.8137137388769828,1.0
Dmel_CG2140,-0.23608227,-0.06566102,0.8133688359661471,1.0
Dmel_CG3945,-0.23680863,-0.39630818,0.8128052628262207,1.0
Dmel_CG8971,-0.236865,-0.19684508,0.8127615232940215,1.0
Dmel_CG3434,-0.23739018,-0.24789202,0.8123541146349352,1.0
Dmel_CG2909,-0.23760565,-0.19301799,0.8121869719466427,1.0
Dmel_CG18476,-0.23774774,-0.1498541,0.8120767463254187,1.0
Dmel_CG4924,-0.23779254,-0.17420138,0.8120420020644733,1.0
Dmel_CG4913,-0.23972023,-0.116943344,0.8105471522919597,1.0
Dmel_CG31381,-0.24052729,-0.5186247,0.8099215085258562,1.0
Dmel_CG7470,-0.24056244,-0.9344378,0.8098942703332792,1.0
Dmel_CG17121,-0.2407281,-1.1643373,0.8097658648130388,1.0
Dmel_CG8415,-0.24104705,0.06555009,0.8095186462307277,1.0
Dmel_CG10949,-0.24120924,-0.15517741,0.8093929491546367,1.0
Dmel_CG17549,-0.24130656,-0.9970808,0.8093175332690572,1.0
Dmel_CG12023,-0.24143475,-1.2225858,0.8092181785359984,1.0
Dmel_CG13097,-0.24225572,-0.19585146,0.8085820220953241,1.0
Dmel_CR44843,-0.24298362,-0.33966863,0.8080180851406524,1.0
Dmel_CG8310,-0.24368334,-1.9211904,0.8074760816657542,1.0
Dmel_CG30050,-0.24709733,-2.588336,0.8048329013301041,1.0
Dmel_CR44828,-0.24824344,-0.43858764,0.8039460611552397,1.0
Dmel_CG4942,-0.24847977,-0.30224538,0.8037632265268193,1.0
Dmel_CG13098,-0.24990313,-0.18508635,0.8026622636627885,1.0
Dmel_CG8806,-0.2511137,-0.08715605,0.8017261857660081,1.0
Dmel_CG42299,-0.25187755,-5.2823896,0.8011357221611481,1.0
Dmel_CG6806,-0.2531642,-3.5090683,0.8001413256025209,1.0
Dmel_CR43870,-0.25341752,-0.49006087,0.7999455881581754,1.0
Dmel_CG5288,-0.25359476,-0.22600743,0.7998086390940511,1.0
Dmel_CG6754,-0.2547455,-0.17539433,0.7989196643424009,1.0
Dmel_CG3163,-0.25478297,-0.1450959,0.7988907322886707,1.0
Dmel_CG12071,-0.25645772,-0.053825516,0.7975974241144282,1.0
Dmel_CG4119,-0.25737408,-0.109166116,0.7968900222785141,1.0
Dmel_CG8545,-0.2574957,-0.1707434,0.7967961319094949,1.0
Dmel_CG8401,-0.25783166,-0.30206698,0.7965368309333223,1.0
Dmel_CG9377,-0.2580062,-0.46531063,0.7964021225083322,1.0
Dmel_CG15067,-0.25812128,-1.3277099,0.7963133136344676,1.0
Dmel_CG5820,-0.2588264,-0.30453166,0.7957691934136104,1.0
Dmel_CG8004,-0.25972036,-0.12547453,0.7950795014059606,1.0
Dmel_CG3386,-0.26430437,-0.18584031,0.7915453828070769,1.0
Dmel_CG13941,-0.26436618,-0.165405,0.7914977782362651,1.0
Dmel_CG13773,-0.26451948,-0.22245558,0.7913796627535103,1.0
Dmel_CG4019,-0.26471642,-0.40827802,0.7912279345276291,1.0
Dmel_CG4428,-0.26558718,-0.15185952,0.7905571526456178,1.0
Dmel_CG13601,-0.26630583,-0.14212209,0.7900036884844859,1.0
Dmel_CG16734,-0.26639348,-0.3613484,0.7899361855895672,1.0
Dmel_CG42310,-0.2670376,-2.2315073,0.7894402215045103,1.0
Dmel_CG2694,-0.26764232,-0.5104156,0.7889746637889942,1.0
Dmel_CG9596,-0.268003,-0.4018126,0.788697029848228,1.0
Dmel_CG3050,-0.26817983,-1.3891091,0.7885608979550236,1.0
Dmel_CG17183,-0.26895833,-0.21029048,0.7879617566526649,1.0
Dmel_CG4607,-0.2709671,-0.30932766,0.7864163383572281,1.0
Dmel_CG32099,-0.2709671,-0.20160286,0.7864163383572281,1.0
Dmel_CG10978,-0.27170157,-0.12812714,0.7858514988691654,1.0
Dmel_CG14259,-0.27221283,-1.5756254,0.7854583753330856,1.0
Dmel_CG3026,-0.27221823,-0.44708914,0.7854542187298255,1.0
Dmel_CG31075,-0.27224836,-0.29551852,0.7854310606236452,1.0
Dmel_CG17386,-0.27324465,-1.0012487,0.784665168867319,1.0
Dmel_CG14742,-0.2735466,-1.5413778,0.7844330676195382,1.0
Dmel_CG11307,-0.2736061,-0.26677573,0.7843873619600581,1.0
Dmel_CG32792,-0.27458075,-0.6895653,0.7836383700927082,1.0
Dmel_CG11874,-0.2754268,-0.12798376,0.7829883577753942,1.0
Dmel_CG10053,-0.27552873,-0.21800187,0.7829100461051104,1.0
Dmel_CG18005,-0.27589792,-0.15006584,0.782626481345802,1.0
Dmel_CG5041,-0.27590138,-0.43802577,0.7826238119402543,1.0
Dmel_CG30499,-0.27796885,-0.29406804,0.7810362669579961,1.0
Dmel_CG6429,-0.27828124,-1.8165547,0.7807964649355796,1.0
Dmel_CG12892,-0.27997917,-0.32664144,0.7794934808597911,1.0
Dmel_CG5792,-0.28017765,-0.14213061,0.779341205137546,1.0
Dmel_CG9773,-0.28041476,-0.18238766,0.7791593148882318,1.0
Dmel_CG3368,-0.28065804,-0.17298122,0.778972697397497,1.0
Dmel_CG44249,-0.28177556,-0.4848431,0.7781156056664421,1.0
Dmel_CG10506,-0.28203276,-0.21844564,0.7779184001872209,1.0
Dmel_CG9150,-0.2821845,-1.5678489,0.7778020378978516,1.0
Dmel_CG15394,-0.2827255,-0.35328478,0.7773872602221654,1.0
Dmel_CG14946,-0.2830769,-0.21718042,0.7771178811484395,1.0
Dmel_CG13935,-0.28339818,-1.1761767,0.7768716151569661,1.0
Dmel_CG31262,-0.28346848,-0.6312469,0.7768177474593356,1.0
Dmel_CG11490,-0.2847451,-0.11672541,0.7758394366510373,1.0
Dmel_CG31457,-0.285758,-0.2462519,0.7750634919500843,1.0
Dmel_CG3249,-0.28592056,-0.099026695,0.7749389712055029,1.0
Dmel_CG32095,-0.28624532,-0.28677264,0.7746902428224127,1.0
Dmel_CG2507,-0.28780732,-1.0313958,0.7734942448710231,1.0
Dmel_CG14074,-0.2894639,-0.16849186,0.772226394421287,1.0
Dmel_CG14787,-0.2928393,-1.3784945,0.7696449965198561,1.0
Dmel_CG3552,-0.29299104,-0.502686,0.7695289952080869,1.0
Dmel_CG1982,-0.29348764,-1.4368105,0.7691494442840824,1.0
Dmel_CG8320,-0.29415107,-0.15799467,0.7686424789042023,1.0
Dmel_CG11421,-0.29532728,-0.55158055,0.7677438767194609,1.0
Dmel_CG33213,-0.29546863,-0.26390085,0.7676359238331083,1.0
Dmel_CG3228,-0.29549566,-0.27703187,0.7676152776196863,1.0
Dmel_CG5590,-0.2964811,-0.23159148,0.7668626883780847,1.0
Dmel_CG10166,-0.29671127,-0.2004013,0.7666869585844456,1.0
Dmel_CG1915,-0.29715613,-1.0640697,0.7663473269634269,1.0
Dmel_CG7675,-0.2975554,-1.7077392,0.7660425222270764,1.0
Dmel_CG1655,-0.29793382,-1.1778145,0.7657536691498921,1.0
Dmel_CG3153,-0.30015343,-0.61951977,0.7640601143204186,1.0
Dmel_CG9422,-0.30023646,-0.16984034,0.7639967898990758,1.0
Dmel_CG14778,-0.30088753,-1.6525475,0.7635002633762529,1.0
Dmel_CG14561,-0.30140615,-0.26741186,0.7631048198380822,1.0
Dmel_CG7837,-0.30175057,-0.21085267,0.7628422064582983,1.0
Dmel_CG5465,-0.3051028,-0.20100278,0.760287866227551,1.0
Dmel_CG11089,-0.3065223,-0.3583455,0.7592070073210841,1.0
Dmel_CG2222,-0.30683663,-0.2791259,0.7589677293936201,1.0
Dmel_CR44841,-0.30698994,-1.0156654,0.7588510383328647,1.0
Dmel_CG12082,-0.3077406,-0.23123328,0.75827971357834,1.0
Dmel_CG4973,-0.3085438,-0.39174393,0.7576685657515086,1.0
Dmel_CG15481,-0.3088813,-0.23608321,0.7574118113007591,1.0
Dmel_CG9486,-0.30955324,-0.15548334,0.7569007322627033,1.0
Dmel_CG9668,-0.31092176,-1.2471154,0.7558601048130116,1.0
Dmel_CG2906,-0.3113033,-0.22127725,0.7555700764477653,1.0
Dmel_CG15009,-0.31223467,-0.21911797,0.7548621762550679,1.0
Dmel_CG11207,-0.3128058,-1.3047051,0.7544282048976455,1.0
Dmel_CG32281,-0.31319234,-0.28564075,0.7541345333085294,1.0
Dmel_CG12070,-0.31324795,-0.092900306,0.7540922897701368,1.0
Dmel_CG5287,-0.31385073,-0.2745365,0.7536344053260626,1.0
Dmel_CG10816,-0.3159626,-1.1957653,0.7520308807853158,1.0
Dmel_CG12014,-0.31607306,-0.46463686,0.751947054241543,1.0
Dmel_CG8616,-0.31635728,-0.27882594,0.7517313462425851,1.0
Dmel_CG12177,-0.31710833,-0.13343468,0.751161396072615,1.0
Dmel_CG4872,-0.3174022,-1.5060042,0.7509384344999814,1.0
Dmel_CG12292,-0.31742615,-0.15470888,0.7509202703468872,1.0
Dmel_CG6409,-0.31767175,-2.4566824,0.7507339492651534,1.0
Dmel_CG9347,-0.31894645,-0.1833846,0.7497671297161619,1.0
Dmel_CG9149,-0.3201887,-0.17430991,0.748825290769429,1.0
Dmel_CG11887,-0.32067138,-0.38580632,0.7484594300726505,1.0
Dmel_CG3730,-0.32160395,-0.35082337,0.7477527476554514,1.0
Dmel_CG10206,-0.3225029,-0.24321216,0.7470717239563008,1.0
Dmel_CG9890,-0.32262534,-0.25282285,0.746979005319097,1.0
Dmel_CG34398,-0.3233177,-1.2952675,0.7464546436313988,1.0
Dmel_CG3073,-0.32385486,-0.10874788,0.7460479274183693,1.0
Dmel_CG1635,-0.3240178,-0.14431176,0.7459245522976248,1.0
Dmel_CG2789,-0.32444334,-0.15391362,0.7456024043886178,1.0
Dmel_CG3331,-0.32622004,-0.20352113,0.7442578740891435,1.0
Dmel_CG11576,-0.3276438,-0.15804929,0.7431810001553185,1.0
Dmel_CG11314,-0.3293058,-1.1997118,0.7419245525135655,1.0
Dmel_CG1218,-0.32983792,-0.16944975,0.7415224242232272,1.0
Dmel_CG6788,-0.32987654,-0.8859838,0.7414932449445599,1.0
Dmel_CG1636,-0.3308014,-0.10791677,0.7407945123621815,1.0
Dmel_CG4159,-0.33121032,-0.23254375,0.7404856210616606,1.0
Dmel_CG15914,-0.33160034,-0.8365019,0.7401910611573843,1.0
Dmel_CG11176,-0.33171502,-0.40688887,0.7401044502928726,1.0
Dmel_CG7704,-0.33187142,-0.16946737,0.7399863498787587,1.0
Dmel_CG6836,-0.33245605,-0.43413857,0.7395449127608404,1.0
Dmel_CG5279,-0.33260125,-0.9841685,0.7394352957002863,1.0
Dmel_CG3241,-0.33362225,-0.21621445,0.7386646274632593,1.0
Dmel_CG4039,-0.33372882,-0.95259637,0.7385841946096998,1.0
Dmel_CG9615,-0.33382612,-0.2705997,0.7385107584157806,1.0
Dmel_CG1668,-0.33412617,-1.6298519,0.7382843451711567,1.0
Dmel_CG8293,-0.33424163,-0.10130164,0.7381972243707554,1.0
Dmel_CG9181,-0.33455172,-0.14967202,0.7379632677595307,1.0
Dmel_CR45714,-0.33500776,-2.308887,0.737619223742745,1.0
Dmel_CG9512,-0.3351657,-0.44167805,0.7375000878104476,1.0
Dmel_CG42391,-0.33528888,-0.5337412,0.7374071719862871,1.0
Dmel_CG8351,-0.33595386,-0.20294537,0.7369056676007638,1.0
Dmel_CG2819,-0.33619636,-1.6569409,0.736722800719601,1.0
Dmel_CG5706,-0.3385156,-0.3013959,0.7349746722340647,1.0
Dmel_CG7581,-0.338694,-0.1763869,0.7348402575310367,1.0
Dmel_CG9053,-0.34048423,-0.16251184,0.7334919057264437,1.0
Dmel_CG14710,-0.34051126,-0.25569376,0.7334715529482165,1.0
Dmel_CG8211,-0.3431591,-0.3345182,0.7314787629598747,1.0
Dmel_CG5577,-0.34357113,-0.4491954,0.7311688324916172,1.0
Dmel_CG10523,-0.3439067,-0.18493284,0.7309164473063584,1.0
Dmel_CG4332,-0.34758407,-0.33292547,0.7281525796319406,1.0
Dmel_CG17498,-0.34891167,-0.7796514,0.7271556318715923,1.0
Dmel_CG32625,-0.34911865,-3.6929443,0.7270002446961279,1.0
Dmel_CG15651,-0.34938857,-0.11830661,0.7267976204544944,1.0
Dmel_CG33998,-0.34945652,-0.8092015,0.7267466050582392,1.0
Dmel_CG5916,-0.35103396,-0.15819263,0.7255628669640894,1.0
Dmel_CG14823,-0.35193294,-1.2399236,0.7248885596196237,1.0
Dmel_CG11982,-0.35458967,-0.15643165,0.7228970097682792,1.0
Dmel_CG30349,-0.3554987,-0.30503726,0.7222160286304684,1.0
Dmel_CG9882,-0.35613546,-0.3751804,0.7217391257097169,1.0
Dmel_CG44154,-0.3561656,-0.11541593,0.7217165702135725,1.0
Dmel_CG6543,-0.35701704,-0.19515266,0.7210790438595476,1.0
Dmel_CG13319,-0.35767892,-0.19333436,0.7205836129891249,1.0
Dmel_CG16857,-0.35852963,-0.14116095,0.7199470091637095,1.0
Dmel_CG4622,-0.358625,-0.18183462,0.7198756453428423,1.0
Dmel_CG3931,-0.35898027,-0.31243917,0.7196098582623274,1.0
Dmel_CG7371,-0.3596707,-0.23686515,0.719093403823071,1.0
Dmel_CG7135,-0.3597186,-0.42348793,0.719057591824851,1.0
Dmel_CG9201,-0.36127478,-0.40947035,0.7178940380820075,1.0
Dmel_CG10001,-0.36255836,-1.2637497,0.7169348148462917,1.0
Dmel_CG7168,-0.36364347,-0.19659463,0.7161242672058508,1.0
Dmel_CG2145,-0.3639995,-0.28128007,0.7158583849083017,1.0
Dmel_CG11109,-0.36404583,-0.21430488,0.7158237823704421,1.0
Dmel_CG1647,-0.36716905,-0.122322075,0.7134929201202911,1.0
Dmel_CG3539,-0.36778653,-0.17052956,0.7130324236118528,1.0
Dmel_CG31548,-0.36961034,-0.29742995,0.7116728565062802,1.0
Dmel_CG8988,-0.37080586,-0.28053203,0.7107821359906821,1.0
Dmel_CG1397,-0.37080663,-1.7629341,0.7107815607173091,1.0
Dmel_CG8549,-0.3717844,-0.2654986,0.7100533968545799,1.0
Dmel_CG9114,-0.37205932,-1.6062428,0.709848684363066,1.0
Dmel_CG8069,-0.3722219,-0.23117308,0.709727649327472,1.0
Dmel_CG4694,-0.37336722,-0.18463193,0.7088751494029325,1.0
Dmel_CG14704,-0.3751358,-1.0254184,0.707559463245528,1.0
Dmel_CG9943,-0.3758699,-0.21333027,0.7070136233709851,1.0
Dmel_CG1009,-0.3775292,-0.1570085,0.7057803680596031,1.0
Dmel_CG7246,-0.37812966,-0.40299088,0.7053342673171683,1.0
Dmel_CG3060,-0.38045973,-0.2253735,0.7036041845523286,1.0
Dmel_CG6188,-0.3811718,-22.381693,0.7030757739702177,1.0
Dmel_CG7889,-0.38285697,-0.8461732,0.7018258121504901,1.0
Dmel_CG7023,-0.38434675,-0.25478554,0.7007214530421395,1.0
Dmel_CG40485,-0.3852164,-0.4749412,0.7000771062559491,1.0
Dmel_CG11397,-0.38582572,-0.20684132,0.699625734279639,1.0
Dmel_CG9527,-0.38621303,-0.26307514,0.6993388907617507,1.0
Dmel_CG4646,-0.38749006,-0.14961553,0.6983934406448201,1.0
Dmel_CG31670,-0.38828823,-0.17442317,0.6978027360365753,1.0
Dmel_CG3733,-0.38836277,-0.081145994,0.697747590082839,1.0
Dmel_CG3408,-0.3884346,-0.2542228,0.6976944457517391,1.0
Dmel_CG11791,-0.38862768,-0.14909428,0.6975515919971798,1.0
Dmel_CG11268,-0.38888717,-0.35262096,0.6973596134355573,1.0
Dmel_CG11368,-0.38963246,-0.6135358,0.6968083541899464,1.0
Dmel_CG9914,-0.3898591,-0.52571523,0.6966407231345613,1.0
Dmel_CG32531,-0.3899352,-0.107331775,0.6965844686722592,1.0
Dmel_CG4798,-0.3912848,-0.2125261,0.6955867293514795,1.0
Dmel_CG13567,-0.3930449,-0.1834348,0.6942863204920597,1.0
Dmel_CG3821,-0.39306846,-0.20080617,0.6942689231293735,1.0
Dmel_CG34229,-0.39489728,-0.17960459,0.6929186956712476,1.0
Dmel_CG7452,-0.39563987,-0.14266042,0.6923707289042467,1.0
Dmel_CG14815,-0.39708215,-0.19650395,0.6913068854404205,1.0
Dmel_CG10898,-0.39796954,-0.21085458,0.6906526465432209,1.0
Dmel_CG12301,-0.39801896,-0.23102,0.6906162118259609,1.0
Dmel_CG3499,-0.39822826,-0.17265269,0.6904619415144295,1.0
Dmel_CG14228,-0.40017292,-0.45076132,0.6890291524149342,1.0
Dmel_CG10582,-0.40081704,-0.3475782,0.6885548363091152,1.0
Dmel_CG7516,-0.40209675,-0.2948898,0.6876128235131305,1.0
Dmel_CG10214,-0.40339345,-0.16757067,0.6866587979134748,1.0
Dmel_CG9688,-0.40669584,-0.16397429,0.6842313857345117,1.0
Dmel_CG10674,-0.40676844,-0.14492005,0.684178060056627,1.0
Dmel_CG1424,-0.4069098,-0.83678085,0.6840742496902095,1.0
Dmel_CG9841,-0.40712216,-0.36222374,0.6839182617325004,1.0
Dmel_CG31453,-0.40718204,-0.27862176,0.6838743039256713,1.0
Dmel_CG30094,-0.4088506,-0.16005829,0.6826493053987261,1.0
Dmel_CG13761,-0.4095866,-0.24118854,0.6821092219464606,1.0
Dmel_CG7828,-0.4106358,-0.22036323,0.6813396153203146,1.0
Dmel_CG6502,-0.41130462,-0.20141312,0.6808491888517583,1.0
Dmel_CG2875,-0.41383046,-0.29918048,0.6789982825889109,1.0
Dmel_CG12698,-0.4143591,-2.8180017,0.6786111411461206,1.0
Dmel_CG12883,-0.41663006,-0.36703956,0.676949010502814,1.0
Dmel_CG6567,-0.41692394,-0.24249734,0.6767340459044475,1.0
Dmel_CG5524,-0.41765687,-0.17471035,0.6761980203374589,1.0
Dmel_CG4749,-0.4196919,-0.41936675,0.6747105489239749,1.0
Dmel_CG12942,-0.41987067,-0.31902125,0.6745799265623247,1.0
Dmel_CG8238,-0.42042366,-1.3349004,0.6741759903191951,1.0
Dmel_CG1692,-0.42138132,-0.40491265,0.6734766581106569,1.0
Dmel_CG7262,-0.4216215,-0.36773497,0.6733013053173852,1.0
Dmel_CG3609,-0.4228371,-0.24711555,0.6724141010039968,1.0
Dmel_CG10572,-0.42436436,-0.3686205,0.671300105325082,1.0
Dmel_CG17657,-0.42492196,-0.57051545,0.6708935569463583,1.0
Dmel_CG12006,-0.4267114,-0.22767413,0.6695895367843225,1.0
Dmel_CG8873,-0.4281282,-0.20308313,0.6685577760800667,1.0
Dmel_CG4313,-0.43111938,-0.31126085,0.6663815776571348,1.0
Dmel_CG4688,-0.4318631,-1.3532116,0.6658409127097056,1.0
Dmel_CG4071,-0.43219635,-0.14879379,0.665598708459337,1.0
Dmel_CG10756,-0.43479323,-0.18136556,0.6637125081965123,1.0
Dmel_CG5809,-0.43600887,-0.17285377,0.6628303009011023,1.0
Dmel_CG6444,-0.43686843,-0.13990852,0.6622067604160051,1.0
Dmel_CG1407,-0.4374635,-0.19570093,0.6617752371985985,1.0
Dmel_CG10257,-0.437857,-0.19569378,0.6614899503055376,1.0
Dmel_CG13827,-0.43893862,-0.4363524,0.6607060146433894,1.0
Dmel_CG3284,-0.4389668,-0.21016029,0.6606855885895327,1.0
Dmel_CG7275,-0.43900734,-0.27121806,0.6606562090922897,1.0
Dmel_CR43959,-0.43930933,-0.5780002,0.6604374182423614,1.0
Dmel_CG14612,-0.43946302,-0.41675344,0.6603260754750134,1.0
Dmel_CG3156,-0.44033495,-0.2761909,0.6596945295281726,1.0
Dmel_CG5126,-0.44042957,-0.2732312,0.6596260194075575,1.0
Dmel_CG17524,-0.44402197,-0.5244444,0.657026708897553,1.0
Dmel_CG12202,-0.44416678,-0.25057858,0.656922018472721,1.0
Dmel_CG10757,-0.44507268,-0.20888503,0.6562672280704778,1.0
Dmel_CG11156,-0.44528005,-0.41661727,0.6561173834894924,1.0
Dmel_CG8209,-0.44555384,-0.20069923,0.6559195651891845,1.0
Dmel_CG4447,-0.44596085,-0.2804889,0.6556255329383938,1.0
Dmel_CG11416,-0.4459624,-0.34734714,0.6556244171680952,1.0
Dmel_CR44960,-0.4473039,-0.49250606,0.6546556611006913,1.0
Dmel_CG13392,-0.44809166,-0.30280682,0.6540870595320281,1.0
Dmel_CG32409,-0.44820827,-0.24997854,0.6540029012476657,1.0
Dmel_CG1898,-0.44845,-0.24581333,0.6538284679531965,1.0
Dmel_CG3458,-0.44902614,-0.18267573,0.6534128022329659,1.0
Dmel_CG8980,-0.44940534,-0.17834683,0.6531392793051122,1.0
Dmel_CG13671,-0.45094997,-0.32560715,0.6520256148827053,1.0
Dmel_CG4205,-0.451111,-0.1327753,0.6519095599643469,1.0
Dmel_CR43199,-0.4513006,-0.39911512,0.6517729209752903,1.0
Dmel_CG6345,-0.45272937,-0.48626822,0.6507436348091159,1.0
Dmel_CG32344,-0.45320818,-0.26755807,0.6503988336740587,1.0
Dmel_CG6145,-0.45472538,-0.19963457,0.6493068089964462,1.0
Dmel_CG32022,-0.4549459,-0.2139446,0.6491481681192663,1.0
Dmel_CG6884,-0.45502004,-0.19282894,0.6490948283517073,1.0
Dmel_CG7979,-0.45644417,-0.26914617,0.6480706098327327,1.0
Dmel_CG33054,-0.45667973,-0.20654857,0.6479012668594948,1.0
Dmel_CG4203,-0.45755553,-0.30662787,0.6472718039602539,1.0
Dmel_CG5910,-0.45790073,-0.48755023,0.6470237516170936,1.0
Dmel_CG12320,-0.45947704,-0.39800474,0.6458916443080971,1.0
Dmel_CG6339,-0.4619044,-0.1815016,0.6441498804444838,1.0
Dmel_CG11378,-0.46278098,-1.1515838,0.643521374024289,1.0
Dmel_CG3149,-0.46507937,-0.21612306,0.6418746249905333,1.0
Dmel_CG6540,-0.46556515,-0.2950424,0.641526797177898,1.0
Dmel_CG6829,-0.46721208,-0.1535447,0.6403481415902348,1.0
Dmel_CG8417,-0.4681408,-0.19077726,0.6396839065508981,1.0
Dmel_CG18622,-0.47188187,-0.3154127,0.6370111141663315,1.0
Dmel_CG2098,-0.47294146,-0.22765572,0.6362549359406883,1.0
Dmel_CG7860,-0.4733392,-1.0123885,0.6359711912888062,1.0
Dmel_CG9418,-0.47376785,-0.21517918,0.6356654680168549,1.0
Dmel_CG9226,-0.47457877,-0.24935465,0.6350872424904992,1.0
Dmel_CG3333,-0.47470388,-0.18358773,0.6349980503559947,1.0
Dmel_CG12128,-0.47557852,-0.2569805,0.6343746792806181,1.0
Dmel_CG6518,-0.47569475,-0.7866075,0.6342918578630588,1.0
Dmel_CG8021,-0.4773471,-0.28251663,0.6331149686638607,1.0
Dmel_CG7352,-0.47843182,-0.46999606,0.6323428902212032,1.0
Dmel_CG3966,-0.47865966,-1.6434383,0.6321807743943023,1.0
Dmel_CG8064,-0.4790736,-0.32485372,0.6318862634256797,1.0
Dmel_CG4795,-0.47924507,-1.1141067,0.6317643002374935,1.0
Dmel_CG7436,-0.47963622,-0.29209855,0.6314860748957369,1.0
Dmel_CG3561,-0.4797822,-0.3804765,0.6313822687410102,1.0
Dmel_CG31873,-0.48014557,-0.23513053,0.6311238834094319,1.0
Dmel_CG1503,-0.4803062,-1.8870023,0.6310096700423298,1.0
Dmel_CG9839,-0.48104686,-0.296439,0.6304831945369678,1.0
Dmel_CG17352,-0.48203117,-1.221324,0.6297838049064546,1.0
Dmel_CG12186,-0.48218292,-0.30405375,0.6296760038407527,1.0
Dmel_CR45994,-0.4827,-0.6718368,0.629308771402975,1.0
Dmel_CG7265,-0.4829012,-0.30091718,0.6291659073677142,1.0
Dmel_CG2680,-0.4848084,-0.1843772,0.6278122682947868,1.0
Dmel_CG31299,-0.48544517,-0.19241229,0.6273606027998884,1.0
Dmel_CG17739,-0.4860352,-0.423357,0.6269422041310792,1.0
Dmel_CG9754,-0.48822433,-0.26585862,0.6253909613308198,1.0
Dmel_CG1968,-0.4885039,-0.18514061,0.625192968033973,1.0
Dmel_CG6729,-0.4887267,-0.24422552,0.6250351943943259,1.0
Dmel_CG7948,-0.48999792,-0.33805978,0.6241353657874815,1.0
Dmel_CG14215,-0.49006513,-0.14842284,0.6240878205612788,1.0
Dmel_CG33101,-0.49122202,-0.17105599,0.6232694139620485,1.0
Dmel_CG5757,-0.49136066,-0.50985235,0.6231713783964083,1.0
Dmel_CG31313,-0.4916132,-2.2152736,0.6229928015216228,1.0
Dmel_CG17026,-0.49237356,-0.25409254,0.6224552934092504,1.0
Dmel_CG12643,-0.49251333,-0.8334941,0.6223564946077582,1.0
Dmel_CG12935,-0.49331924,-0.24200849,0.6217870331020445,1.0
Dmel_CG11170,-0.4933822,-0.25939897,0.621742566238493,1.0
Dmel_CG14803,-0.49348065,-0.7150856,0.6216730042833153,1.0
Dmel_CG32540,-0.49353278,-0.17534636,0.6216361787342605,1.0
Dmel_CG7791,-0.49425104,-0.28661054,0.6211289009880678,1.0
Dmel_CG6410,-0.49452367,-0.26793095,0.6209364007584918,1.0
Dmel_CG5778,-0.4952813,-0.98369396,0.6204015718349916,1.0
Dmel_CG6711,-0.49594626,-0.2675382,0.6199323307391499,1.0
Dmel_CG12389,-0.49774805,-0.30656567,0.6186616343847346,1.0
Dmel_CG1780,-0.4982628,-0.5010509,0.6182988262477049,1.0
Dmel_CG8846,-0.4997433,-0.71879804,0.6172558294691333,1.0
Dmel_CG13484,-0.5004523,-0.22883897,0.6167566392695287,1.0
Dmel_CG4716,-0.5035168,-0.48514202,0.6146009589527177,1.0
Dmel_CG4980,-0.5045548,-0.20191798,0.613871561960135,1.0
Dmel_CG1558,-0.5046243,-0.6618175,0.6138227320480945,1.0
Dmel_CG17230,-0.50526416,-0.20093188,0.6133733060546505,1.0
Dmel_CG14785,-0.5057685,-0.9696048,0.6130191837101597,1.0
Dmel_CG7697,-0.50649756,-0.32384148,0.6125074115373412,1.0
Dmel_CG6046,-0.506669,-0.17392258,0.61238708577013,1.0
Dmel_CG42247,-0.50904465,-0.5315153,0.6107209461874724,1.0
Dmel_CG2713,-0.50912416,-0.20312314,0.6106651902312401,1.0
Dmel_CG3615,-0.5096269,-0.27190536,0.6103128431833076,1.0
Dmel_CG17534,-0.51043326,-1.4898379,0.6097479774184746,1.0
Dmel_CG30176,-0.5111569,-0.22043166,0.6092412028915224,1.0
Dmel_CG9427,-0.51474506,-2.1207702,0.6067311957218378,1.0
Dmel_CG14591,-0.51607263,-0.09302286,0.6058036764874879,1.0
Dmel_CG3909,-0.5163244,-0.36140898,0.6056278485943133,1.0
Dmel_CG9305,-0.51780725,-0.33814505,0.6045927617823623,1.0
Dmel_CG12333,-0.5186479,-0.17352933,0.6040062957999331,1.0
Dmel_CG10810,-0.5189738,-1.4033419,0.6037789978590657,1.0
Dmel_CR43283,-0.522874,-0.41937718,0.6010619508218578,1.0
Dmel_CG9922,-0.52604085,-0.15557905,0.5988598330003473,1.0
Dmel_CG2207,-0.5268379,0.0022108345,0.5983061881321482,1.0
Dmel_CG15003,-0.52691585,-0.21876048,0.5982520163786796,1.0
Dmel_CG2160,-0.52739275,-0.16645822,0.5979208662139901,1.0
Dmel_CG5986,-0.52761596,-0.13587862,0.5977659111793152,1.0
Dmel_CG4287,-0.52891,-0.1256905,0.5968679070261855,1.0
Dmel_CG8866,-0.5290204,-0.17404616,0.5967912929163317,1.0
Dmel_CG42675,-0.5305913,-0.6524844,0.5957020359051768,1.0
Dmel_CG7849,-0.5310357,-0.1985522,0.59539400613224,1.0
Dmel_CG6697,-0.5333701,-0.1900973,0.5937774421586037,1.0
Dmel_CG33138,-0.53544253,-0.20446365,0.5923438755743211,1.0
Dmel_CG33969,-0.53562826,-0.18236545,0.5922154743773582,1.0
Dmel_CG7435,-0.53566843,-0.20885058,0.5921877136358099,1.0
Dmel_CG15437,-0.53739685,-0.17637241,0.5909935003993579,1.0
Dmel_CG1433,-0.5379421,-0.19580288,0.5906170035425675,1.0
Dmel_CG6205,-0.5385592,-0.3522245,0.5901910446854435,1.0
Dmel_CG14643,-0.538682,-0.23533587,0.5901062962875214,1.0
Dmel_CG11010,-0.5389303,-0.06784371,0.5899349510891219,1.0
Dmel_CG6870,-0.5391898,-0.6717183,0.5897559025372608,1.0
Dmel_CR45679,-0.5393338,-1.0775211,0.5896565307438644,1.0
Dmel_CG14430,-0.5410823,-0.8184126,0.5884508318421464,1.0
Dmel_CG7834,-0.5412731,-0.18068653,0.5883193603036182,1.0
Dmel_CG5199,-0.5413001,-0.45023534,0.5883007318313159,1.0
Dmel_CG9750,-0.5416021,-0.3227785,0.5880926437165146,1.0
Dmel_CG31357,-0.5440287,-0.18888795,0.5864217246668055,1.0
Dmel_CG11334,-0.54750794,-0.3111913,0.584029808660259,1.0
Dmel_CG8831,-0.54775006,-0.4539899,0.5838635259676113,1.0
Dmel_CG12736,-0.54788405,-0.29559076,0.5837715097771481,1.0
Dmel_CG30493,-0.5487861,-0.2831989,0.5831522337065915,1.0
Dmel_CG5180,-0.5490062,-0.27865645,0.5830011726069956,1.0
Dmel_CG17829,-0.5492379,-0.30595982,0.5828421806428711,1.0
Dmel_CG1309,-0.5503836,-0.1918555,0.5820562628734058,1.0
Dmel_CG1751,-0.55092776,-0.12693936,0.5816832114802355,1.0
Dmel_CG14514,-0.5513139,-0.27823013,0.581418516079474,1.0
Dmel_CG17052,-0.5526222,-1.4729671,0.5805221470567344,1.0
Dmel_CG9401,-0.5530385,-0.1570747,0.5802370745380352,1.0
Dmel_CG14749,-0.5531798,-0.17854957,0.5801403023135638,1.0
Dmel_CG9215,-0.5532068,-0.30582082,0.5801217948264363,1.0
Dmel_CG14230,-0.5534439,-0.31951246,0.5799594695862352,1.0
Dmel_CG34116,-0.55638874,-0.3388257,0.5779451354642003,1.0
Dmel_CG6659,-0.55660766,-0.17852549,0.5777954994598448,1.0
Dmel_CG5904,-0.55940115,-0.16925944,0.5758879889676036,1.0
Dmel_CG14671,-0.55985254,-0.18552439,0.5755800183466406,1.0
Dmel_CG10624,-0.55994445,-0.19485055,0.5755173272746702,1.0
Dmel_CG1750,-0.5617926,-0.31923267,0.5742573424467178,1.0
Dmel_CG2811,-0.5634148,-0.15206884,0.5731524449272912,1.0
Dmel_CG5439,-0.56423306,-0.22113055,0.5725955133733516,1.0
Dmel_CG30392,-0.56433696,-0.16886246,0.5725248311487579,1.0
Dmel_CG17721,-0.56635344,-0.29268965,0.5711535241665171,1.0
Dmel_CG13951,-0.5677749,-0.30177873,0.5701878269734717,1.0
Dmel_CG6014,-0.5699563,-0.063247725,0.5687073476395554,1.0
Dmel_CG3415,-0.5716021,-0.30697697,0.5675915878966522,1.0
Dmel_CG3642,-0.5729069,-0.32747585,0.5667077364719645,1.0
Dmel_CG9606,-0.5730772,-0.6341537,0.5665924319701288,1.0
Dmel_CG14770,-0.5749597,-2.6744196,0.5653185575811803,1.0
Dmel_CG9335,-0.5752555,-0.33363512,0.565118521184507,1.0
Dmel_CG6254,-0.57719666,-0.17560965,0.563806594820252,1.0
Dmel_CG2211,-0.5771986,-0.35548773,0.5638052906710398,1.0
Dmel_CG9902,-0.5783339,-0.2749814,0.5630387027226644,1.0
Dmel_CR32172,-0.58091766,0.0014766845,0.5612959399385984,1.0
Dmel_CG3469,-0.581159,-0.24080779,0.5611332834730289,1.0
Dmel_CG2091,-0.58158183,-0.27987048,0.5608483643449738,1.0
Dmel_CG9793,-0.5822573,-0.32733825,0.5603934196711116,1.0
Dmel_CG1972,-0.5856245,-0.41400263,0.5581278709576236,1.0
Dmel_CG13472,-0.5868907,-0.22208396,0.5572771056779016,1.0
Dmel_CG11406,-0.58749235,-0.7131587,0.556873090354665,1.0
Dmel_CG17035,-0.587502,-0.21293697,0.5568666086023192,1.0
Dmel_CG6812,-0.58972895,-0.08982068,0.5553723811387928,1.0
Dmel_CG14502,-0.5901418,-0.4197387,0.5550956189585661,1.0
Dmel_CG8770,-0.59222853,-0.95049465,0.5536975654729159,1.0
Dmel_CG4977,-0.59245867,-0.0037398092,0.5535434816548538,1.0
Dmel_CG5027,-0.5928688,-0.16080233,0.5532689749776888,1.0
Dmel_CG11604,-0.59421337,-0.36740392,0.5523694128634553,1.0
Dmel_CG18347,-0.59437823,-0.100926675,0.5522591483890895,1.0
Dmel_CG10721,-0.59510267,-0.17615378,0.5517748358023362,1.0
Dmel_CG3678,-0.5958827,-0.18524183,0.5512535812362043,1.0
Dmel_CG8441,-0.5972489,-0.26832142,0.550341195396628,1.0
Dmel_CG34387,-0.59873295,0.055494506,0.5493509988122757,1.0
Dmel_CG8207,-0.60026944,-0.30716792,0.5483266868065019,1.0
Dmel_CG18124,-0.60397923,-0.27254653,0.5458574569146458,1.0
Dmel_CG8388,-0.60700047,-0.36919132,0.5438505830032477,1.0
Dmel_CG6550,-0.60877836,-0.37853327,0.5426713642238622,1.0
Dmel_CG13284,-0.61090064,-0.39813057,0.541265348661612,1.0
Dmel_CG10184,-0.6147927,-1.0943376,0.5386916226388367,1.0
Dmel_CG12393,-0.61528504,-0.16791853,0.5383664824070622,1.0
Dmel_CG6007,-0.6173599,-0.32939947,0.5369973857520349,1.0
Dmel_CG11070,-0.61785454,-0.20936103,0.5366712321298373,1.0
Dmel_CG14040,-0.61836153,-0.3689758,0.5363370344656997,1.0
Dmel_CG33506,-0.61870754,-0.23296997,0.536109035874495,1.0
Dmel_CG1994,-0.6190188,-0.74212897,0.5359039806225013,1.0
Dmel_CG6249,-0.61909527,-0.22356825,0.5358536132915219,1.0
Dmel_CG4076,-0.6196127,-0.3255381,0.5355128061497447,1.0
Dmel_CR43242,-0.6199981,-0.31051984,0.535259052110206,1.0
Dmel_CG33331,-0.6227054,-0.28352204,0.5334781274560889,1.0
Dmel_CG10253,-0.6235866,-0.13199227,0.5328991036626888,1.0
Dmel_CG6342,-0.62385345,-0.24100761,0.5327238353492141,1.0
Dmel_CG2911,-0.6240701,-0.34151602,0.5325815622706772,1.0
Dmel_CG7411,-0.62439406,-0.18304013,0.5323688225606034,1.0
Dmel_CG3881,-0.62461996,-0.117534906,0.532220513420967,1.0
Dmel_CG9564,-0.62726283,-0.38896888,0.5304869788899546,1.0
Dmel_CG6607,-0.6275748,-0.18165337,0.5302825078384449,1.0
Dmel_CG4936,-0.6279641,-0.24901149,0.5300274812662519,1.0
Dmel_CG16989,-0.62886924,-0.27015415,0.5294346843151505,1.0
Dmel_CG1785,-0.629277,-0.324677,0.5291677324096369,1.0
Dmel_CG12316,-0.63031304,-0.17391236,0.5284897905865003,1.0
Dmel_CG10324,-0.6324485,-0.24483474,0.5270938640142637,1.0
Dmel_CG2260,-0.6325825,-0.4752625,0.5270063342935454,1.0
Dmel_CG10428,-0.6327153,-0.19555566,0.526919568636987,1.0
Dmel_CG1983,-0.6339842,-0.19548291,0.5260911224915124,1.0
Dmel_CG16941,-0.64014184,-0.24563418,0.5220803897215514,1.0
Dmel_CG6184,-0.6403025,-0.12293956,0.5219759683264593,1.0
Dmel_CG8916,-0.6408311,-0.21748202,0.521632407408934,1.0
Dmel_CG4065,-0.6413405,-0.27774474,0.5213015044411337,1.0
Dmel_CG2711,-0.641532,-0.33939254,0.5211770988352504,1.0
Dmel_CG15218,-0.6423136,-0.16987295,0.5206696021801689,1.0
Dmel_CG2158,-0.6443718,-0.387424,0.5193343799122893,1.0
Dmel_CG5382,-0.64517343,-0.23384659,0.5188147982944147,1.0
Dmel_CG15449,-0.6454576,-0.82579595,0.5186306565927871,1.0
Dmel_CG1291,-0.645843,-0.26037276,0.5183810184028139,1.0
Dmel_CG14999,-0.6463396,-0.31897974,0.5180594319429986,1.0
Dmel_CG33756,-0.6465211,-0.4365341,0.5179419260931637,1.0
Dmel_CG4015,-0.64845806,-1.368778,0.5166887228571702,1.0
Dmel_CG7861,-0.6488303,-0.17548983,0.5164480561108409,1.0
Dmel_CG9578,-0.6490504,-0.25605997,0.5163057805011351,1.0
Dmel_CG3260,-0.64934045,-0.24808465,0.5161183571755031,1.0
Dmel_CG5543,-0.64934736,-0.39415726,0.5161138654382694,1.0
Dmel_CG31365,-0.65125304,-0.2824467,0.5148831459679761,1.0
Dmel_CG2453,-0.65166545,-0.47869873,0.5146170026466774,1.0
Dmel_CG8315,-0.6521779,-0.20124578,0.5142864167174204,1.0
Dmel_CG5585,-0.652254,-0.26092666,0.5142373489450242,1.0
Dmel_CG15186,-0.65294826,-1.1271299,0.5137896246515116,1.0
Dmel_CG9590,-0.6553587,-0.18978848,0.5122368651625424,1.0
Dmel_CG11847,-0.65537953,-0.14284448,0.5122234428120187,1.0
Dmel_CG14864,-0.65687627,-0.3657009,0.5112604956306821,1.0
Dmel_CG8050,-0.6572574,-0.19996434,0.5110154380573806,1.0
Dmel_CG30410,-0.6606023,-0.29245436,0.5088674262665266,1.0
Dmel_CG9272,-0.6607868,-0.4726535,0.5087490292374288,1.0
Dmel_CG4209,-0.66128075,0.04661113,0.5084323015087686,1.0
Dmel_CG14314,-0.6636123,-0.272226,0.5069384666541641,1.0
Dmel_CG11238,-0.664409,-0.25902387,0.5064285980943288,1.0
Dmel_CG2227,-0.6647206,-0.33669624,0.5062292221856229,1.0
Dmel_CG11403,-0.66501176,-1.0407273,0.5060429776737778,1.0
Dmel_CG12235,-0.6665525,-0.2468075,0.5050580136963831,1.0
Dmel_CG14015,-0.668815,-0.15431567,0.5036135045614516,1.0
Dmel_CG10728,-0.672229,-0.30057663,0.5014379330478989,1.0
Dmel_CG6174,-0.676462,-0.11384988,0.4987473579780608,1.0
Dmel_CG3428,-0.6769937,-0.20149934,0.4984099227017693,1.0
Dmel_CG43066,-0.678877,-0.0047807335,0.4972157859503673,1.0
Dmel_CG17333,-0.67900676,-0.8910128,0.4971335722757222,1.0
Dmel_CG5786,-0.68018067,-0.29451516,0.49639006356344273,1.0
Dmel_CG30491,-0.6805267,-0.19851018,0.4961710373578666,1.0
Dmel_CG10913,-0.68175155,-0.3995278,0.4953960599814713,1.0
Dmel_CG9735,-0.68205273,-0.30486566,0.49520559084333915,1.0
Dmel_CG3358,-0.68307066,-0.2232541,0.4945621924200877,1.0
Dmel_CG4698,-0.68407387,-0.18088998,0.49392850666219734,1.0
Dmel_CG9655,-0.68623286,-0.2317188,0.4925662644707828,1.0
Dmel_CG10959,-0.6896256,-0.5850218,0.49042963944258,1.0
Dmel_CG17922,-0.6913104,-0.19740348,0.48937047714117254,1.0
Dmel_CG2031,-0.6917866,-0.29771683,0.48907137731857286,1.0
Dmel_CG9267,-0.6958219,-0.17792235,0.4865403860927392,1.0
Dmel_CG3922,-0.6964077,0.042076733,0.48617355789335437,1.0
Dmel_CR43459,-0.69759893,-0.09553757,0.48542803068611295,1.0
Dmel_CG6133,-0.6978789,-0.38033518,0.48525291560352235,1.0
Dmel_CG8366,-0.69809014,-0.27673957,0.48512081693529385,1.0
Dmel_CG4586,-0.6988281,-3.3816159,0.48465946973935525,1.0
Dmel_CG9203,-0.7034048,-0.7354023,0.4818035167425293,1.0
Dmel_CG15601,-0.7070389,-0.3336792,0.4795423033954793,1.0
Dmel_CG11784,-0.7078541,-0.29037434,0.479035882413418,1.0
Dmel_CG7601,-0.7104598,-0.3135017,0.47741902279103765,1.0
Dmel_CG7698,-0.71422946,-0.5385114,0.47508528524505467,1.0
Dmel_CG3183,-0.7176222,-0.23401481,0.4729902383764336,1.0
Dmel_CG7747,-0.718071,-0.26964715,0.47271353734930976,1.0
Dmel_CG11788,-0.71823084,-0.32277846,0.47261497521455376,1.0
Dmel_CG5266,-0.7224816,-0.14908694,0.4699984245413049,1.0
Dmel_CG5192,-0.72260827,-0.9071655,0.46992058344315557,1.0
Dmel_CG14904,-0.72268474,-0.075414434,0.46987359744798607,1.0
Dmel_CG14100,-0.72298867,-0.29784086,0.46968686565105777,1.0
Dmel_CG5823,-0.72309095,-0.15126556,0.4696239982298196,1.0
Dmel_CG3594,-0.7232547,-0.29834098,0.46952342003146186,1.0
Dmel_CG5800,-0.7249017,-0.6604055,0.46851237036634463,1.0
Dmel_CG8132,-0.725423,-0.18156746,0.46819259421615955,1.0
Dmel_CG13760,-0.72694016,-0.14133993,0.46726261532943736,1.0
Dmel_CG6388,-0.7271313,-0.43413487,0.46714552346174454,1.0
Dmel_CG9657,-0.7276113,-0.30699807,0.4668515645154254,1.0
Dmel_CG2076,-0.72851413,-0.19374342,0.46629892550327723,1.0
Dmel_CG1240,-0.72906363,-0.11327025,0.4659627452389795,1.0
Dmel_CG32763,-0.7295853,-2.4018872,0.4656436994035633,1.0
Dmel_CG12196,-0.73067427,-0.22245732,0.4649781326642042,1.0
Dmel_CG4084,-0.7333264,-0.34919572,0.46335938613596184,1.0
Dmel_CG4817,-0.734403,-0.29729003,0.4627031684331703,1.0
Dmel_CG5112,-0.7366805,-0.29976138,0.4613166527314225,1.0
Dmel_CG11583,-0.7452234,-0.22347541,0.456136663171555,1.0
Dmel_CG8024,-0.750423,-0.63759273,0.45299998294879196,1.0
Dmel_CG33548,-0.75052416,-1.3662397,0.45293907091601004,1.0
Dmel_CG10200,-0.7539262,-0.9586608,0.4508935399378218,1.0
Dmel_CR45474,-0.75478655,-2.9895334,0.45037706624395657,1.0
Dmel_CG30010,-0.7554917,-0.24679016,0.44995403034106285,1.0
Dmel_CG8003,-0.7577109,-0.37501332,0.44862407325265774,1.0
Dmel_CG4567,-0.75927055,-0.21997969,0.4476907143443448,1.0
Dmel_CG8039,-0.76056886,-0.18743537,0.44691464347498355,1.0
Dmel_CG9293,-0.76384264,-0.19948088,0.44496101748643635,1.0
Dmel_CG31212,-0.7639562,-0.2667005,0.44489335714933165,1.0
Dmel_CG7429,-0.7672192,-0.3840115,0.44295120727165793,1.0
Dmel_CG10320,-0.77056986,0.032186612,0.4409619371446678,1.0
Dmel_CG10888,-0.77390933,-1.2868705,0.43898441930667353,1.0
Dmel_CG7584,-0.77425957,-0.7264951,0.4387773133303543,1.0
Dmel_CG42316,-0.7760397,-0.16853435,0.4377255260874907,1.0
Dmel_CG9298,-0.7762637,-0.25372902,0.43759329991369633,1.0
Dmel_CG3955,-0.7769592,-0.04467882,0.43718286136761186,1.0
Dmel_CG10233,-0.7811076,-0.95504117,0.43473919598885846,1.0
Dmel_CG12056,-0.78163123,-0.21713106,0.4344313138946573,1.0
Dmel_CG3752,-0.7844981,-0.19422203,0.4327479160656016,1.0
Dmel_CG7818,-0.7856214,-0.40996334,0.43208932896364405,1.0
Dmel_CG1091,-0.78718996,-0.23013675,0.4311706788732077,1.0
Dmel_CG9915,-0.78830284,-0.19052103,0.4305195815704781,1.0
Dmel_CG15432,-0.78888017,-0.1711687,0.4301820582046857,1.0
Dmel_CG43320,-0.7890477,-0.44508708,0.43008410361353544,1.0
Dmel_CG13570,-0.7903445,-0.29978272,0.42932663478522104,1.0
Dmel_CG12021,-0.7905028,-0.2505486,0.4292342036435419,1.0
Dmel_CG34404,-0.7935839,-0.10166095,0.4274377075462741,1.0
Dmel_CG14210,-0.7957282,-0.31812972,0.4261900215148341,1.0
Dmel_CG17131,-0.7978135,-0.2027133,0.42497875255085305,1.0
Dmel_CG4866,-0.7993241,-0.310115,0.4241025130202657,1.0
Dmel_CG9667,-0.7998589,-0.31646648,0.4237925435951273,1.0
Dmel_CG5179,-0.8029825,-0.2989991,0.42198483708463175,1.0
Dmel_CG9328,-0.8043781,0.0061631743,0.42117865392355924,1.0
Dmel_CG32554,-0.80468935,-0.7432412,0.4209989810127207,1.0
Dmel_CG16738,-0.8050388,-0.7918883,0.4207972927200375,1.0
Dmel_CG4858,-0.80733836,-0.3023966,0.41947157676681346,1.0
Dmel_CG10703,-0.80736154,-0.20938195,0.41945823193550125,1.0
Dmel_CG3817,-0.809283,-0.25030866,0.41835236963541744,1.0
Dmel_CG5734,-0.8103407,-0.14381397,0.417744389588373,1.0
Dmel_CG8281,-0.81122845,-0.34078377,0.41723447908435485,1.0
Dmel_CG1347,-0.81142116,-0.049411263,0.41712385103660354,1.0
Dmel_CG1888,-0.813038,-0.26525232,0.4161962768071915,1.0
Dmel_CG9662,-0.81313145,-0.18904157,0.41614270216382054,1.0
Dmel_CG2681,-0.81424123,-1.4783936,0.41550675921794167,1.0
Dmel_CG8891,-0.81433237,-0.20740876,0.41545456395032143,1.0
Dmel_CG13117,-0.81606776,-0.9548406,0.4144613815149373,1.0
Dmel_CG5125,-0.81652576,-0.690414,0.414199507659488,1.0
Dmel_CG12746,-0.81742007,-0.26817626,0.4136884072853896,1.0
Dmel_CG8159,-0.8193628,-0.510561,0.4125794413678665,1.0
Dmel_CG13077,-0.8196451,-2.0298285,0.4124184562982519,1.0
Dmel_CG10691,-0.82040817,-0.18808399,0.4119834765047946,1.0
Dmel_CG30373,-0.8214612,-0.16863832,0.41138362505312553,1.0
Dmel_CG5451,-0.82197595,-0.4087034,0.4110905970554307,1.0
Dmel_CG30443,-0.82347035,-0.4273316,0.4102405730326406,1.0
Dmel_CG10234,-0.8242782,-0.27123165,0.40978151210092195,1.0
Dmel_CG13176,-0.82664263,-0.44918168,0.40843965949369043,1.0
Dmel_CG7999,-0.8279389,-0.26802358,0.40770508640224,1.0
Dmel_CG15237,-0.8281065,-0.18678728,0.40761017676492484,1.0
Dmel_CG1575,-0.82830966,-0.806285,0.40749516568895383,1.0
Dmel_CG6673,-0.82831,-0.24863581,0.40749494705514444,1.0
Dmel_CG1969,-0.8293306,-0.26813596,0.40691734227183884,1.0
Dmel_CG4852,-0.8315248,-0.32629532,0.40567724517923376,1.0
Dmel_CG8928,-0.8323677,-0.17507242,0.4052014061603513,1.0
Dmel_CG31118,-0.8326558,-0.126985,0.4050388734610565,1.0
Dmel_CG4584,-0.8337911,-0.3460134,0.4043987086151942,1.0
Dmel_CG7486,-0.83518976,-1.2568446,0.4036108757165503,1.0
Dmel_CG33526,-0.83866787,-0.00397709,0.4016557225718731,1.0
Dmel_CG5345,-0.8441412,-0.3734666,0.39859050154860587,1.0
Dmel_CG10830,-0.8454897,-0.036335614,0.3978375018178052,1.0
Dmel_CG5339,-0.84681803,-0.24264343,0.39709655407709965,1.0
Dmel_CG8632,-0.8471447,-0.17502765,0.39691446023565147,1.0
Dmel_CG4933,-0.8498895,-0.41473553,0.3953865182685682,1.0
Dmel_CG18803,-0.8503811,-0.29094878,0.3951132488691014,1.0
Dmel_CG2079,-0.85207516,-1.9562701,0.3941723856687782,1.0
Dmel_CG7351,-0.8544037,-0.39973345,0.3928813693573373,1.0
Dmel_CG3689,-0.85567176,-0.12468911,0.39217934771500906,1.0
Dmel_CG9437,-0.8595256,-0.31315923,0.39005059400703634,1.0
Dmel_CG6148,-0.8611448,-0.14907111,0.3891583185115237,1.0
Dmel_CG5118,-0.8618306,-0.3930833,0.38878075833881476,1.0
Dmel_CG43738,-0.8629531,0.055708513,0.38816324011972536,1.0
Dmel_CG12030,-0.86645633,-0.25770348,0.38623996980630804,1.0
Dmel_CG11061,-0.86661,-0.23256366,0.38615572695811107,1.0
Dmel_CG10103,-0.8667521,-0.17786416,0.38607784405614287,1.0
Dmel_CG4633,-0.8671035,-0.45027122,0.3858852943728147,1.0
Dmel_CG15897,-0.86721706,-0.20094147,0.38582309855081387,1.0
Dmel_CG31713,-0.8688945,-0.2724884,0.38490483728279046,1.0
Dmel_CG7911,-0.870667,-0.21976528,0.38393602821602624,1.0
Dmel_CG14802,-0.8708222,-0.29358703,0.3838512494108791,1.0
Dmel_CG9904,-0.8713466,-1.5523818,0.3835649420739732,1.0
Dmel_CG4166,-0.87258846,-0.17072903,0.38288743399856295,1.0
Dmel_CG8735,-0.8733515,-0.24014886,0.38247151808177426,1.0
Dmel_CG17136,-0.8752622,-0.082442105,0.3814312601186055,1.0
Dmel_CG8553,-0.8754464,-0.32044193,0.38133106840776376,1.0
Dmel_CG17611,-0.8762608,-0.42298934,0.38088827604405573,1.0
Dmel_CG9415,-0.8770651,-0.08649729,0.3804512525350586,1.0
Dmel_CG5684,-0.8781738,-0.14891733,0.37984940795874467,1.0
Dmel_CG10654,-0.87868196,-0.16552763,0.3795737320680217,1.0
Dmel_CG31426,-0.8787816,-0.35279107,0.37951970061510776,1.0
Dmel_CG14687,-0.8799702,-0.27562922,0.37887545770110254,1.0
Dmel_CG32796,-0.8802112,-2.4016206,0.3787449330497311,1.0
Dmel_CG10795,-0.8828895,-0.32086086,0.37729596558342127,1.0
Dmel_CG6159,-0.8833715,-0.22845912,0.3770356149380266,1.0
Dmel_CG7288,-0.88348883,-0.35135385,0.37697221297441696,1.0
Dmel_CG9790,-0.8874786,-0.21926676,0.37482129101519923,1.0
Dmel_CG13054,-0.8882239,-0.46543524,0.3744203449509371,1.0
Dmel_CG4202,-0.888383,-0.26842812,0.3743347887560573,1.0
Dmel_CG3495,-0.89042187,-0.5157596,0.37323941101107516,1.0
Dmel_CR45822,-0.8915031,-0.2597197,0.3726593349942965,1.0
Dmel_CG16747,-0.89168304,0.093953036,0.37256284801452155,1.0
Dmel_CG4938,-0.8930377,-0.42086446,0.37183700092338834,1.0
Dmel_CG1707,-0.8931226,-0.24146505,0.37179150953647366,1.0
Dmel_CG6196,-0.89443827,-0.30372146,0.37108745402499776,1.0
Dmel_CG10979,-0.89684093,-0.21100612,0.36980381663432016,1.0
Dmel_CG1827,-0.8973448,-0.3727924,0.36953493747869126,1.0
Dmel_CG5788,-0.89757305,-0.1362153,0.36941320920785925,1.0
Dmel_CG15525,-0.89775187,-0.33293593,0.36931786251450305,1.0
Dmel_CG13902,-0.8984014,-0.42930323,0.3689716130253212,1.0
Dmel_CG9703,-0.899176,-1.187498,0.3685589303477489,1.0
Dmel_CG8243,-0.9003163,-0.2407655,0.36795194973687506,1.0
Dmel_CG12018,-0.9003943,-0.573192,0.36791045197895134,1.0
Dmel_CG3571,-0.902064,-0.19975409,0.36702285242744725,1.0
Dmel_CG30077,-0.9049961,-0.18813632,0.36546744900866,0.999294163009322
Dmel_CG6937,-0.90701336,-0.4333972,0.36439972146476673,0.9967894962049333
Dmel_CG46338,-0.9091681,-0.15292509,0.3632613873721374,0.9949182766688741
Dmel_CG14814,-0.9099949,-1.2835855,0.3628252093076376,0.9943453754977405
Dmel_CG1572,-0.9102833,-0.78733677,0.3626731029312419,0.9941358459781915
Dmel_CG8717,-0.91052353,-0.25250822,0.3625464798989235,0.9939960968812339
Dmel_CG16912,-0.9116133,-0.31757134,0.36197234186011706,0.9930435374496447
Dmel_CG3402,-0.9122415,-0.2039157,0.36164158655061573,0.9927579045042075
Dmel_CG16865,-0.91321504,-0.30927527,0.3611294629505347,0.991623862034269
Dmel_CG3403,-0.91424257,-0.117892876,0.360589393018099,0.9909044779696443
Dmel_CG11115,-0.91465807,-0.3037235,0.36037115472174097,0.9907191096649369
Dmel_CG5484,-0.9157837,-0.27674073,0.3597803402931389,0.9899232520502801
Dmel_CG13565,-0.9161884,-0.49166983,0.35956807960978143,0.9895464155292436
Dmel_CG7700,-0.9173569,-0.23536807,0.35895563876500103,0.9884819884767138
Dmel_CG7830,-0.92140114,-0.2043122,0.35684104429196983,0.9843090182705239
Dmel_CG11180,-0.92193556,-0.31253865,0.35656219027537506,0.98374632425125
Dmel_CG5808,-0.9240428,-0.39473185,0.35546403013206274,0.9815408321003228
Dmel_CG6323,-0.9240505,-0.01440545,0.35546000928461174,0.9815408321003228
Dmel_CG32100,-0.9250831,-0.35961968,0.35492268038221964,0.9808704401477915
Dmel_CG5383,-0.9256067,-0.35609594,0.35465039399842113,0.9805303655655905
Dmel_CG12124,-0.9256828,-0.26986784,0.3546108471443875,0.9805303655655905
Dmel_CG4206,-0.9266965,-1.7272427,0.3540841561184884,0.9799431343878275
Dmel_CG1935,-0.92818546,-0.25559634,0.3533113688517565,0.978378805550557
Dmel_CG4886,-0.93001044,-0.26368672,0.3523656791837567,0.9766794748267764
Dmel_CG9318,-0.930619,-0.12783499,0.35205067243721844,0.9762181655407232
Dmel_CG18643,-0.93150795,-0.27961165,0.35159087524052846,0.9751489429159529
Dmel_CG13867,-0.93211114,-0.27856517,0.3512791009931192,0.9744899020794975
Dmel_CG5292,-0.93333447,-0.26919794,0.35064730826487955,0.9733904079475101
Dmel_CG1101,-0.937318,-0.09733231,0.3485949901375459,0.9687674240428726
Dmel_CG17660,-0.9375011,-0.2537875,0.34850087390596374,0.9687674240428726
Dmel_CG8078,-0.9397871,-0.32365608,0.347326774257138,0.966381778639223
Dmel_CG6404,-0.94130933,-0.31970757,0.34654636416643514,0.9648232566760857
Dmel_CG8506,-0.9428265,-0.31873968,0.3457696396390654,0.9632730198212758
Dmel_CG6179,-0.942857,-0.30763197,0.3457540335045515,0.9632730198212758
Dmel_CG8009,-0.94311345,-0.19264475,0.34562288069812674,0.9632725928428597
Dmel_CG11143,-0.9449071,-0.1725951,0.3447062905150282,0.9609217996728863
Dmel_CG2224,-0.9465,-0.28849226,0.34389361232787075,0.9592668137551581
Dmel_CG1597,-0.9468522,-0.23522711,0.343714101828113,0.9591732877730375
Dmel_CG1078,-0.94689006,-0.21246168,0.3436948158837114,0.9591732877730375
Dmel_CG4618,-0.948403,-0.25719553,0.34292433783237053,0.9573759769397028
Dmel_CG16903,-0.94958156,-0.22839218,0.34232492487861543,0.9559056178984032
Dmel_CG3074,-0.95005107,-1.3718425,0.342086289188411,0.9556033979131541
Dmel_CG10038,-0.95284766,-0.34132344,0.34066727702546096,0.9530995715119401
Dmel_CG3760,-0.95923,-0.24213374,0.3374428921503211,0.9460928196602025
Dmel_CG6693,-0.9630896,-0.23804292,0.33550255378805904,0.9424623897667559
Dmel_CG1675,-0.9641581,-0.31418088,0.33496666586402024,0.9412680793702206
Dmel_CG17484,-0.9642828,0.015033659,0.3349041460641592,0.9412680793702206
Dmel_CG5057,-0.9673153,-0.21958433,0.3333864351611999,0.938926520457207
Dmel_CR45951,-0.9678849,-0.4102011,0.33310186500061145,0.9383261753425585
Dmel_CG13807,-0.97129774,-0.28392923,0.331400044656892,0.9343334020245049
Dmel_CG32444,-0.9715665,-0.41896665,0.3312662640717581,0.9341566472461316
Dmel_CG8843,-0.9718974,-0.3882617,0.33110158509824494,0.9340931579596472
Dmel_CG5434,-0.97312695,-0.2813133,0.3304902195161361,0.9327688949015346
Dmel_CG7811,-0.9748202,-0.7509138,0.3296494444453393,0.9310025402537473
Dmel_CG1115,-0.97504073,-0.27423167,0.3295400635727127,0.9310025402537473
Dmel_CG12357,-0.9756663,-0.1740124,0.3292298640422968,0.9304106759956607
Dmel_CG7993,-0.97697765,-0.24565923,0.32858020818130174,0.9291742017883551
Dmel_CG17002,-0.98131496,-0.29193035,0.3264374484347541,0.9249061038984698
Dmel_CG7785,-0.9817088,-0.20127027,0.32624331094080394,0.9245553912169733
Dmel_CG32211,-0.98423815,-0.25230962,0.3249984321944952,0.9220148877114751
Dmel_CG6182,-0.9873343,-0.3078225,0.32347876208303084,0.9185814638633673
Dmel_CG4951,-0.9893933,-0.39372867,0.3224707436996753,0.9166316337783763
Dmel_CG8043,-0.9900714,-0.332499,0.3221392196887479,0.9158873833686362
Dmel_CG31278,-0.9901803,-0.53478074,0.3220860002347363,0.9158873833686362
Dmel_CG3924,-0.99148667,-0.19971095,0.3214480028327138,0.9145157404686496
Dmel_CG3289,-0.9923756,-0.20185207,0.321014342559538,0.9138755363030521
Dmel_CG3616,-0.99298686,-0.54112583,0.320716352364512,0.913225045811929
Dmel_CG11964,-0.9971249,-0.37427726,0.31870388528963556,0.9084789059850543
Dmel_CG42540,-0.9972535,0.053853717,0.31864148057203046,0.9084789059850543
Dmel_CG10947,-0.9976825,-0.21760434,0.31843333532982265,0.9081016622328992
Dmel_CG8194,-0.9981015,-0.19613609,0.31823014714306563,0.9077192019984861
Dmel_CG31098,-0.99832934,-0.26520178,0.3181196933718071,0.9076011486319837
Dmel_CG14980,-0.9983552,-0.35203582,0.31810715190469707,0.9076011486319837
Dmel_CG2863,-1.0036478,-0.41407996,0.3155483907515506,0.9018315360735377
Dmel_CG7011,-1.0047306,-0.28815728,0.31502658479437196,0.9005360780471703
Dmel_CG7875,-1.0056226,-1.0479429,0.3145971352226439,0.8996998811666514
Dmel_CG8833,-1.006157,-0.25235036,0.31434002175876563,0.8991602581480059
Dmel_CG3033,-1.0064552,-0.26142368,0.31419666303001403,0.8989458630257815
Dmel_CG13431,-1.008001,-0.22976737,0.31345400423830116,0.8974072047266919
Dmel_CG12106,-1.0106937,-0.26991898,0.312163095883491,0.8942958890353074
Dmel_CG5495,-1.0109218,-0.26982117,0.3120538455998366,0.8941778423522576
Dmel_CG6054,-1.0146525,-0.39309397,0.310271518608603,0.8902084998807278
Dmel_CG44153,-1.0179131,-0.09106236,0.30871922699288756,0.8863621066011658
Dmel_CG8983,-1.0212492,-0.16929667,0.30713641101762423,0.8829751864324218
Dmel_CG18817,-1.0213863,-0.64207655,0.3070714839625399,0.8829751864324218
Dmel_CG12108,-1.0268677,-0.94690645,0.3044827644343864,0.8770732151320192
Dmel_CG42641,-1.0275524,-0.20463736,0.3041604461165551,0.8763368608677156
Dmel_CG7404,-1.0329006,-0.21440284,0.30165041902710177,0.8713977042064508
Dmel_CG3420,-1.034083,-0.20386685,0.30109736125566366,0.8701826312427262
Dmel_CG5638,-1.0341316,-0.20072937,0.3010746176404362,0.8701826312427262
Dmel_CG10091,-1.0361651,-0.18690506,0.3001251022123488,0.8684182815565541
Dmel_CG14270,-1.0412369,-0.26565188,0.2977656110290474,0.8634020067371385
Dmel_CG11802,-1.0419277,-0.1775991,0.2974451833005495,0.8626632429380977
Dmel_CG1362,-1.0439175,-0.38406643,0.29652351807979405,0.8605599715297203
Dmel_CG17592,-1.0465751,-0.14218147,0.2952955867551601,0.8577540463195311
Dmel_CG11840,-1.0482788,-0.18189512,0.29451016306658917,0.8571778633129675
Dmel_CG5885,-1.0493183,-0.20059352,0.29403162201864885,0.8561643130837724
Dmel_CR45874,-1.0574311,-0.3838134,0.29031489440003566,0.846843069325387
Dmel_CG11134,-1.0585227,-0.5000082,0.28981719049525134,0.8459546202350284
Dmel_CG1637,-1.0586019,-0.19878213,0.28978112183234506,0.8459546202350284
Dmel_CG10628,-1.059675,-0.2961891,0.28929246970899014,0.8447982987657421
Dmel_CG17221,-1.0600364,-0.33590358,0.2891280109365987,0.8445057105396407
Dmel_CG42359,-1.0612597,-0.44012207,0.28857184868779084,0.8432560959764864
Dmel_CG11577,-1.0620093,-0.22990718,0.2882314504746415,0.8424487301350676
Dmel_CG1943,-1.0621692,-0.11679673,0.2881588812659185,0.8424239952648352
Dmel_CG4934,-1.0650094,-0.6814485,0.28687169215691655,0.8397818905399956
Dmel_CG10604,-1.0658674,-0.73141617,0.2864835875001336,0.8391618751044407
Dmel_CG9730,-1.0668737,-0.17503355,0.2860288636944579,0.8382482822945744
Dmel_CG9257,-1.0675468,-0.20829755,0.28572499802654916,0.8375445458547586
Dmel_CR45520,-1.0679866,-0.37450662,0.2855265485313657,0.8371495703370542
Dmel_CG14023,-1.0703734,-0.03606987,0.28445124962651813,0.8347418203086366
Dmel_CG4491,-1.0723398,-0.14787273,0.28356746354128637,0.8328922750102915
Dmel_CG15881,-1.0727726,-0.25359556,0.28337314873023123,0.8325076117737465
Dmel_CG42817,-1.0729738,-0.098218985,0.28328286898653077,0.8324284842021468
Dmel_CG18870,-1.0742095,-0.29349455,0.2827287950621101,0.8313580433902862
Dmel_CG5121,-1.07431,-0.2696769,0.28268380884238986,0.8313580433902862
Dmel_CG32626,-1.0757174,-0.09303249,0.2820536474279842,0.8297441192861296
Dmel_CG1847,-1.0766771,-0.22562152,0.2816245777870069,0.8286673929017147
Dmel_CG11562,-1.0777996,-0.2549771,0.28112320632803645,0.827562736191023
Dmel_CG42250,-1.0783572,-0.17248048,0.28087438443408985,0.8270155245010922
Dmel_CG12179,-1.0792905,-0.59241533,0.28045823539403947,0.8261604284494671
Dmel_CG5463,-1.0805097,-0.34740898,0.2799153072639886,0.8253011112308895
Dmel_CG12034,-1.0815947,-0.26490992,0.2794326559782824,0.8242479309114722
Dmel_CG33051,-1.085822,-0.36991155,0.27755777488293054,0.8198216947036615
Dmel_CG10543,-1.0887266,-0.026947055,0.2762744670533275,0.8167655279072612
Dmel_CG4840,-1.0899643,-0.15700597,0.2757289019193424,0.815703174273318
Dmel_CG9611,-1.0908262,-0.27184272,0.27534939833392413,0.8147638918050207
Dmel_CG1418,-1.092095,-0.33044595,0.27479133372011,0.8135698577765221
Dmel_CG13014,-1.0923735,-0.791501,0.2746689889727454,0.8134832508656406
Dmel_CG9741,-1.0959597,-0.25089565,0.273096425635008,0.8091905590235942
Dmel_CG17259,-1.0980542,-0.29815418,0.2721808359580046,0.8070235481327026
Dmel_CG1963,-1.0991473,-0.09495338,0.27170378896524516,0.8058143770277088
Dmel_CG4337,-1.1016779,-0.34346387,0.2706017516228024,0.803247711333916
Dmel_CG17593,-1.106636,-0.21632138,0.26845130454594734,0.7974047452618206
Dmel_CG43388,-1.1068516,0.048859436,0.2683581174209524,0.7974047452618206
Dmel_CG3002,-1.1079301,-0.36865345,0.2678920147623205,0.7962834123482592
Dmel_CG8439,-1.1156057,-0.29227132,0.26459096180855846,0.7882543253516815
Dmel_CG3362,-1.1172217,-0.34746084,0.2638995305295325,0.7867295214810769
Dmel_CG11752,-1.1176947,-0.022782445,0.2636973762454853,0.7863052464810353
Dmel_CG2199,-1.1197684,-0.28364134,0.2628124586088819,0.7842833959930777
Dmel_CG17802,-1.1212428,-0.22742243,0.2621845421239165,0.7830379700114516
Dmel_CG32076,-1.123618,-0.3956499,0.26117511669438653,0.7806254700460348
Dmel_CG16928,-1.1273007,-0.29849344,0.2596153422080587,0.776777142977254
Dmel_CG5333,-1.1302857,-0.18528819,0.2583558439865925,0.7737133422579335
Dmel_CG10938,-1.1322737,-0.18541299,0.2575194010715105,0.7717360204060933
Dmel_CG10575,-1.1345574,-0.46918824,0.25656082020162396,0.7690387176709719
Dmel_CG1319,-1.1366005,-0.22538052,0.25570532168988924,0.7669992313003502
Dmel_CG18041,-1.1390182,-0.32490066,0.25469554780198145,0.7643192951965834
Dmel_CG8712,-1.1427157,-0.5172915,0.2531566621669177,0.7601947538515822
Dmel_CG10908,-1.1429211,-0.17912583,0.25307134991354674,0.7601947538515822
Dmel_CG1865,-1.1436814,-0.29791,0.25275577259379534,0.7597440018919327
Dmel_CG2855,-1.1437463,-0.3259127,0.25272885944964396,0.7597440018919327
Dmel_CG14750,-1.1457326,-0.18885936,0.25190577106747714,0.7580246708490307
Dmel_CG33695,-1.149244,-0.32048815,0.2504553820172184,0.7540055383936466
Dmel_CG4756,-1.1498437,-0.23292956,0.2502082531740929,0.7536068427597421
Dmel_CG10655,-1.1509211,-0.3657003,0.24976470846299859,0.7529612374196523
Dmel_CG5516,-1.152361,-0.262596,0.24917274294694836,0.7518665935857287
Dmel_CG7592,-1.1541219,-5.9054036,0.2484501930118419,0.7498585177695486
Dmel_CG15896,-1.1562771,-0.989289,0.24756785788928193,0.7473671538072717
Dmel_CG8892,-1.1568679,-0.34047392,0.24732635422529736,0.7468096555318549
Dmel_CG4686,-1.1604981,-0.14872004,0.2458460691708092,0.7431937416548433
Dmel_CG18102,-1.1626424,0.06280038,0.24497461569640366,0.7410707699968786
Dmel_CG9581,-1.1644164,-0.29345703,0.24425530195336675,0.7392351273535681
Dmel_CG8520,-1.1690847,-0.27564314,0.24236953534736305,0.7342042563392573
Dmel_CG13408,-1.1743448,-0.2620836,0.2402569332835668,0.7289809190208615
Dmel_CG6584,-1.1755103,-0.07188151,0.23979064044926668,0.7279022421214629
Dmel_CG4258,-1.1762111,-0.36097312,0.2395105232401623,0.7275561224916719
Dmel_CG11447,-1.1777052,-0.38072404,0.2389141732640685,0.7262482421612594
Dmel_CG6546,-1.1800942,-0.2591679,0.23796271582983364,0.72402594320904
Dmel_CG4842,-1.1817563,-1.4051557,0.23730241244168304,0.7221841134544134
Dmel_CG13071,-1.1825186,-1.5367433,0.23700000226110474,0.7217652444294733
Dmel_CG2685,-1.1828549,-0.32433942,0.23686665462095857,0.7215263579911954
Dmel_CG6755,-1.1838597,-0.20013815,0.23646861165010247,0.7208151300612379
Dmel_CG9104,-1.185068,-0.41325375,0.23599057709045035,0.7196918481191943
Dmel_CG17785,-1.1861265,-0.31725422,0.23557238147342874,0.7187500963413808
Dmel_CG12276,-1.187459,-0.26159418,0.23504660697701318,0.7174790853158955
Dmel_CG5844,-1.1893257,-0.19546986,0.23431152432331692,0.7154014268431013
Dmel_CG3210,-1.1894736,-0.16976283,0.2342533531016916,0.7154014268431013
Dmel_CG5851,-1.1958324,-0.28441256,0.23176196499149837,0.7089348188904284
Dmel_CG10209,-1.1960679,-0.35137695,0.23167003732194247,0.7088186171007325
Dmel_CG6995,-1.1976508,-0.05416824,0.2310529850733405,0.7072600225596942
Dmel_CG31472,-1.1980528,-0.2712383,0.23089646189067825,0.7069455744886773
Dmel_CG8070,-1.1982304,-0.30464935,0.23082732099706094,0.7068985842979207
Dmel_CG8149,-1.1985765,-0.20524594,0.23069268880445282,0.7066509612072994
Dmel_CG32604,-1.2029986,-0.25584984,0.22897683480702236,0.7020496001397762
Dmel_CG14788,-1.2074094,-0.5173548,0.22727454399352043,0.6978071922006663
Dmel_CG12703,-1.2094301,-0.31818536,0.22649765884166095,0.696072435649735
Dmel_CG5258,-1.2098885,-0.32154647,0.22632170210142488,0.6958028076836508
Dmel_CG1528,-1.210068,-0.2708842,0.22625279871753634,0.6958028076836508
Dmel_CG3083,-1.2105182,-0.54818714,0.22608008745946406,0.6954397072342737
Dmel_CG33107,-1.2134924,-0.2754741,0.22494160833875132,0.6924239107939871
Dmel_CG3460,-1.2156924,-0.51658416,0.22410213955039393,0.6901631628384642
Dmel_CG5037,-1.2163075,-0.230352,0.22386780777647508,0.6896031087648052
Dmel_CG7940,-1.2212622,-0.31082496,0.22198674321825895,0.6849325645999392
Dmel_CG7176,-1.2214696,-0.2223545,0.22190826490941296,0.6848512233852972
Dmel_CG12173,-1.2229134,-0.24244867,0.22136239046743433,0.6838089264533509
Dmel_CG11780,-1.2278423,-0.5249484,0.21950616469004225,0.6787130612216107
Dmel_CG14340,-1.227918,-0.4385848,0.2194777484349193,0.6787130612216107
Dmel_CG7049,-1.2288232,-0.3713095,0.21913811783346704,0.6778940693148753
Dmel_CG10508,-1.2353495,-0.10692046,0.21670043762504576,0.6711431654090799
Dmel_CG12170,-1.236208,-0.3322787,0.21638126570724625,0.6704706938596848
Dmel_CG11811,-1.2374568,-0.31435218,0.2159175417622482,0.6693494730591422
Dmel_CG8435,-1.2376089,-0.52331394,0.2158610949602645,0.66933238529326
Dmel_CG1891,-1.2399336,-0.30902115,0.21499995498828728,0.666976961402522
Dmel_CG10682,-1.2403502,-0.19119051,0.21484586981823217,0.6666563341868688
Dmel_CG5375,-1.2417443,-0.0973218,0.21433092720279934,0.6653727177821842
Dmel_CG10866,-1.245963,-0.3443457,0.21277797194712122,0.6611764789210499
Dmel_CG2950,-1.2477729,-0.17644033,0.21211422581963524,0.6594258437416198
Dmel_CG11454,-1.2478505,-0.20749651,0.21208579484006373,0.6594258437416198
Dmel_CG14789,-1.2630924,-0.65415,0.20655595422201434,0.6441271462817965
Dmel_CG7182,-1.2632991,-0.5446917,0.20648172732875492,0.6440485114709633
Dmel_CG2245,-1.2637625,-0.34775063,0.20631530754610705,0.6436822071375576
Dmel_CG33517,-1.2652758,0.044829693,0.20577248682259797,0.6424462459814113
Dmel_CG7033,-1.2671957,-0.25836277,0.2050853093526923,0.640452958698605
Dmel_CG12975,-1.2676896,-0.22367768,0.20490880953116075,0.6403124665144728
Dmel_CG4297,-1.2740952,-0.15978588,0.20262969184723212,0.6338387956592424
Dmel_CG6335,-1.2745115,-0.24162047,0.2024822210989916,0.6338387956592424
Dmel_CG9429,-1.2753985,-0.088932276,0.20216825164153063,0.6331489501480824
Dmel_CG8258,-1.2760183,-0.27889204,0.20194908010064028,0.6326133162342108
Dmel_CG7842,-1.2763221,-0.39062625,0.20184167425180433,0.6324276207303197
Dmel_CG4400,-1.2768153,-0.2737218,0.20166748426138892,0.6320325329546653
Dmel_CG6459,-1.2779686,-0.21436618,0.20126046875721904,0.6310579384248665
Dmel_CG12220,-1.2780885,-0.4052762,0.20121826178763913,0.6310579384248665
Dmel_CG4820,-1.2789735,-0.43155688,0.20090640284691885,0.6305495676645236
Dmel_CG3925,-1.2857393,-0.24958281,0.1985340695084452,0.6250446112626925
Dmel_CG5515,-1.2864267,-0.210895,0.19829420948635257,0.624588736064276
Dmel_CG5068,-1.2883791,-0.17159423,0.19761405527505804,0.6226768890527673
Dmel_CG17180,-1.2999358,-0.26081473,0.19362295066028712,0.6118923186543139
Dmel_CG3781,-1.3006182,-0.38996503,0.1933891731534555,0.6116055975979897
Dmel_CG4217,-1.306982,-0.3001719,0.19121881355445713,0.6056414627426179
Dmel_CG18661,-1.308076,-0.3495058,0.1908475296539217,0.6047698910435414
Dmel_CG4896,-1.3112069,-0.1570767,0.18978785423501277,0.6023874956678645
Dmel_CG6066,-1.3141927,-0.31728938,0.18878136431715564,0.6000909309365609
Dmel_CG17726,-1.3149338,-0.5403843,0.18853217502321495,0.5994438209484799
Dmel_CG11124,-1.3172075,-0.22969915,0.18776911058599255,0.5971621205736999
Dmel_CG3058,-1.3199754,-0.25857794,0.18684324219265402,0.59450533793067
Dmel_CG11110,-1.3206538,-0.30622277,0.1866168114082024,0.5939286797566452
Dmel_CG14881,-1.3248764,-0.39550236,0.18521213503649359,0.590172809533114
Dmel_CG5374,-1.3292129,-0.3347872,0.18377772006627768,0.5860283958725928
Dmel_CG8657,-1.3302327,-0.18909402,0.18344158165465507,0.5852153463338756
Dmel_CG8173,-1.33204,-0.6056084,0.18284704464076595,0.5834927214420749
Dmel_CG12437,-1.3320408,-0.1876985,0.1828467908708027,0.5834927214420749
Dmel_CG8609,-1.3368654,-0.33171168,0.18126657998626872,0.5798500797467276
Dmel_CG5824,-1.3378748,-0.35750476,0.18093725367744407,0.5789375336195015
Dmel_CG8972,-1.3430516,-0.3624198,0.179255269747996,0.5741493547324992
Dmel_CG30291,-1.3432767,-0.33170462,0.17918238832679967,0.5741493547324992
Dmel_CG12877,-1.3438579,-0.27269056,0.17899434861343655,0.5736987158851633
Dmel_CG13636,-1.3469648,-0.20001417,0.1779915436426931,0.5709023370780156
Dmel_CG3021,-1.3506758,-0.38869062,0.1767992986779604,0.5677711593174677
Dmel_CG1345,-1.3509527,-0.29292622,0.1767105846709962,0.5676249799954928
Dmel_CG3573,-1.3528043,-0.19082327,0.17611815457010938,0.5663625669800059
Dmel_CG1583,-1.3593848,-0.30839065,0.17402469279320032,0.5607794232455727
Dmel_CG10904,-1.3606633,-0.38942707,0.17362010675502748,0.5597502018812109
Dmel_CG11127,-1.361743,-0.3516781,0.17327899858733797,0.5589333737783444
Dmel_CG5519,-1.3627316,-0.4142062,0.17296712158823646,0.5581927664025087
Dmel_CG10117,-1.3628197,-0.046194732,0.17293936540883537,0.5581927664025087
Dmel_CR45979,-1.3630853,-0.41873947,0.17285563010546534,0.5581070848196364
Dmel_CG3104,-1.3635263,-0.1742041,0.17271670616488544,0.5579189201884471
Dmel_CG4946,-1.3639839,-0.24593718,0.1725726395731647,0.557741528930388
Dmel_CG5124,-1.3652837,-0.3672685,0.1721639077309166,0.5568313835815838
Dmel_CG10755,-1.3695441,-0.7347259,0.17082925305167795,0.5533318250806262
Dmel_CG5237,-1.3703612,-0.032443523,0.1705741699984914,0.5526418066938302
Dmel_CG42340,-1.3704562,-0.07313084,0.1705445333108676,0.5526418066938302
Dmel_CG4291,-1.3735385,-0.38137835,0.16958499927202408,0.549979386829632
Dmel_CG12379,-1.3782843,-0.3478959,0.1681155140193218,0.5454829554883722
Dmel_CG13625,-1.3783438,-0.2826349,0.16809716145544595,0.5454829554883722
Dmel_CG1333,-1.3785006,-0.33859083,0.16804878463368822,0.5454829554883722
Dmel_CG1851,-1.3801464,-0.14255655,0.16754157783566492,0.5441581498612142
Dmel_CG11414,-1.3805194,-0.37190762,0.16742677732631406,0.5439197233238796
Dmel_CG4338,-1.3859326,-0.31402424,0.16576750719128808,0.5391957455447318
Dmel_CG10701,-1.3887469,-0.10947963,0.16490975040616673,0.5368043175842053
Dmel_CG18345,-1.3889962,-0.8772299,0.1648338813469984,0.536690296030948
Dmel_CG9471,-1.3890295,-0.30667567,0.16482378311422152,0.536690296030948
Dmel_CG13919,-1.3942271,-0.37730965,0.16324902727512247,0.5320574075948374
Dmel_CG7550,-1.3946369,-0.4502652,0.1631253793271611,0.5317863085433451
Dmel_CG3019,-1.4110924,-0.09511298,0.15821735886882082,0.5177127273145354
Dmel_CG1406,-1.4167168,-0.49132162,0.15656574796396683,0.513715479149685
Dmel_CG7706,-1.4212078,-0.3582565,0.15525636842931836,0.5101835302649844
Dmel_CG16983,-1.421309,-0.015711956,0.1552269668499765,0.5101835302649844
Dmel_CG18262,-1.4232374,-0.564431,0.15466734925272071,0.5086295386711719
Dmel_CG9249,-1.4243487,-0.3555996,0.15434554317398452,0.5078662391423916
Dmel_CG1057,-1.4250523,-0.23132074,0.1541420778014753,0.5074100812598163
Dmel_CG3782,-1.4261559,-0.1804332,0.1538233315386486,0.5064909996693985
Dmel_CG6072,-1.4262753,-0.106428064,0.15378889950544497,0.5064909996693985
Dmel_CG10153,-1.4273561,-0.22430985,0.15347727231796746,0.5058552384074267
Dmel_CG14786,-1.4280528,-0.5674874,0.15327667825335342,0.5053735939776581
Dmel_CG31109,-1.4282632,-0.27439946,0.15321611673142269,0.5053735939776581
Dmel_CG4775,-1.435416,-0.26660785,0.1511686061544013,0.49951513362597616
Dmel_CG6632,-1.4378831,-0.30856085,0.15046723028328599,0.497556586097801
Dmel_CG9115,-1.4393103,-0.31781927,0.15006262263388231,0.49634354997026114
Dmel_CG7995,-1.4409939,-0.6916932,0.14958639311416277,0.4951422649655448
Dmel_CG2999,-1.4447478,0.034150504,0.1485287504619943,0.49201318624176127
Dmel_CG6758,-1.4468685,-0.35450885,0.14793375193941455,0.49041307624516817
Dmel_CG7694,-1.4486518,-0.32568264,0.14743485280190066,0.48900590627707635
Dmel_CG3186,-1.4487556,-0.037645012,0.1474058314542768,0.48900590627707635
Dmel_CG8134,-1.4547693,-0.25917903,0.14573315544517276,0.48433975612165286
Dmel_CG17029,-1.4591359,-0.2634406,0.14452771202537817,0.48069821911553906
Dmel_CG7050,-1.4642242,0.04087047,0.14313268840773904,0.47666159613940673
Dmel_CG32250,-1.4658033,-0.2073646,0.14270190098409344,0.4759506804142061
Dmel_CG3337,-1.4697698,-0.282289,0.14162410801278527,0.4729561380930143
Dmel_CG6439,-1.4709673,-0.076362275,0.1412999666592487,0.47235381884232697
Dmel_CG2921,-1.4741021,-0.27517754,0.1404541083000989,0.4699366065875359
Dmel_CG8531,-1.4747326,-0.32837316,0.14028442863296725,0.4695562090335768
Dmel_CG12391,-1.4749949,-0.20407824,0.14021392240153524,0.46943978452957313
Dmel_CG4036,-1.4775385,-0.45758158,0.13953135348404444,0.4676310931226289
Dmel_CG4025,-1.4780968,-0.44027087,0.13938185661748922,0.4672492290332719
Dmel_CG8722,-1.4789518,-0.40203735,0.13915319789540095,0.4666017283856759
Dmel_CG2662,-1.4790901,-0.5331188,0.13911625131552385,0.4665969011070186
Dmel_CG8280,-1.4811695,-0.051831808,0.13856141547796616,0.46521092508838874
Dmel_CG7360,-1.4826875,-0.4761907,0.13815746803498616,0.4642105056118008
Dmel_CG2238,-1.4831069,-0.017470198,0.13804603140601307,0.46395470555151347
Dmel_CG13148,-1.4855666,-0.31199047,0.13739378733790883,0.46199891489443706
Dmel_CG2017,-1.4856261,-0.13501073,0.1373780482725427,0.46199891489443706
Dmel_CG10343,-1.4878334,-0.30708066,0.13679484623178959,0.4602204491377232
Dmel_CG3057,-1.4899765,-0.39968333,0.136230410786245,0.45882519951474227
Dmel_CG16788,-1.495358,-0.23975718,0.1348210437549387,0.455328536618774
Dmel_CG10023,-1.500354,-0.13081114,0.13352271840315186,0.4515024251984019
Dmel_CG9862,-1.5040252,-0.5460146,0.1325748752342458,0.44866506192460054
Dmel_CG1660,-1.5057374,-0.22287418,0.13213459333944622,0.44729023469182444
Dmel_CG1529,-1.5077388,-1.3268888,0.13162137511060304,0.44566773778109625
Dmel_CG3967,-1.5090973,-0.125799,0.13127390558503654,0.4446057714672591
Dmel_CG7625,-1.5094422,-0.13163644,0.1311858180972231,0.4444219736054676
Dmel_CG9577,-1.5152241,-0.6893636,0.12971566558085845,0.439781620587735
Dmel_CG9746,-1.5182569,-0.36886123,0.1289496370814102,0.4378623206425869
Dmel_CG3431,-1.5227387,-0.29856965,0.12782410255339288,0.43471442330593574
Dmel_CG13072,-1.5237639,-0.25692362,0.12756770112370427,0.434067105247695
Dmel_CG12338,-1.5247575,-0.45126995,0.12731960057953706,0.4334473759626157
Dmel_CG1550,-1.5273702,-0.4433043,0.12666898312049096,0.43156782659745185
Dmel_CG11980,-1.5303289,-0.33942884,0.12593533474040297,0.42946022612718165
Dmel_CG13343,-1.5309969,-0.56910056,0.12577014351683347,0.42917306049200427
Dmel_CG3560,-1.5336325,0.028976645,0.12512009607124733,0.4272877293327082
Dmel_CG7528,-1.5361742,-0.2739222,0.12449567698506571,0.42581928455511414
Dmel_CG2016,-1.5365537,-0.13302767,0.12440263102212337,0.42561181313765245
Dmel_CG6512,-1.5368993,-0.25747,0.12431796189463407,0.42543290032744435
Dmel_CG4299,-1.537448,-0.22030917,0.12418362427385421,0.4250838777240735
Dmel_CG6743,-1.5397307,-0.524819,0.12362602890715149,0.42328547312894155
Dmel_CG8190,-1.5461392,-0.32044694,0.12207094190599238,0.4182879393967786
Dmel_CG6549,-1.5485342,-0.41590852,0.1214937391991897,0.416418682007447
Dmel_CG10415,-1.5490806,-0.33933273,0.1213623486463304,0.41607686500428587
Dmel_CG14762,-1.5536352,-0.02398675,0.12027143806606841,0.41283303290106454
Dmel_CG3075,-1.5555078,-0.3304191,0.1198251907933498,0.41145096216760113
Dmel_CG15274,-1.5563183,0.019006701,0.11963242513682798,0.4110297779055389
Dmel_CG11208,-1.5584939,-0.48402178,0.1191162170725144,0.40955159826005016
Dmel_CG6844,-1.5606683,-0.16785946,0.11860202980227284,0.4081040255647204
Dmel_CG10763,-1.5641773,-0.08142749,0.11777593474312778,0.40558007297155196
Dmel_CG6627,-1.5655594,-0.27165833,0.11745181147057521,0.4048883144110254
Dmel_CG18292,-1.5701538,-0.26355964,0.11637932903602705,0.4016125952895041
Dmel_CG3189,-1.5726812,-0.43816245,0.11579265339263545,0.3999030902056826
Dmel_CG3350,-1.5743475,-0.32866195,0.11540714204567928,0.39867645994276324
Dmel_CG12207,-1.5754222,-0.25228265,0.1151590387180832,0.39803203671683224
Dmel_CG7903,-1.5764822,-0.24882951,0.11491473421773334,0.3973932953566404
Dmel_CG8151,-1.5780654,-0.3907335,0.11455059447247211,0.3965514652167429
Dmel_CG1420,-1.5885533,-0.37053564,0.11216127280388781,0.3889974362406677
Dmel_CG6877,-1.5925949,-0.20323528,0.11125111606741091,0.38686184605500046
Dmel_CG8778,-1.5943869,-0.3469173,0.11084939006598704,0.3858733337369896
Dmel_CG17078,-1.6003759,-0.3205866,0.10951523166313677,0.3821401113343814
Dmel_CG6637,-1.6008358,-0.35038307,0.10941330325715845,0.38188584810154563
Dmel_CG4061,-1.605282,-0.38017172,0.10843177287479484,0.37876180950230703
Dmel_CG13410,-1.6066022,-0.2542542,0.10814165999743149,0.37794934947506575
Dmel_CG1810,-1.6080464,-0.3255935,0.10782501323161761,0.3770432407867714
Dmel_CG16936,-1.6115786,-0.2600171,0.10705367616168411,0.374645102114698
Dmel_CG6186,-1.6137159,-0.3007446,0.10658905466099139,0.3734168934417723
Dmel_CG11139,-1.6148254,-0.2702043,0.1063485188914932,0.37277297592774394
Dmel_CG9128,-1.6250967,-0.24654096,0.10414195737189967,0.36572139546342425
Dmel_CG18067,-1.631069,-1.4406863,0.10287576887026129,0.3619519354013664
Dmel_CG3504,-1.6348208,-1.446293,0.1020866103001294,0.3594641334281888
Dmel_CG9154,-1.6436781,-0.44486368,0.10024271750558726,0.35382475174346556
Dmel_CG11779,-1.6437279,-0.26513228,0.10023242285708808,0.35382475174346556
Dmel_CG1740,-1.6515355,-0.1357192,0.09862926794506768,0.3485979585976693
Dmel_CG11750,-1.654514,-0.2750123,0.09802312899456898,0.34660701845377395
Dmel_CG9006,-1.6592367,-0.3591814,0.0970681183269109,0.34363473678177153
Dmel_CG18616,-1.6622957,-0.319277,0.09645348920855124,0.3417350503342065
Dmel_CG17141,-1.6661419,-0.49326846,0.09568516417341047,0.33937887784150794
Dmel_CG7393,-1.6759691,-0.2883942,0.09374424435975652,0.33319270111134475
Dmel_CG17347,-1.6882539,-0.2357133,0.09136251095514077,0.32580590406010984
Dmel_CG31344,-1.6918606,-0.2584351,0.09067256903262982,0.3238728539434054
Dmel_CG4167,-1.6925247,-0.21873009,0.090545971476965,0.32355170055262256
Dmel_CG6353,-1.6930306,-0.35471535,0.09044964666977466,0.32334026302706986
Dmel_CG30296,-1.6939292,-0.15742083,0.09027874476664545,0.3229050040768884
Dmel_CG1071,-1.6956283,-0.4814222,0.08995630570684217,0.3219269644045787
Dmel_CG44314,-1.6956819,-1.231567,0.0899461346879237,0.3219269644045787
Dmel_CG4643,-1.702289,-0.23368579,0.08870120103386822,0.31795485073269564
Dmel_CG11956,-1.7064286,-0.39601144,0.08792830863038566,0.3157873472839295
Dmel_CG8511,-1.7081316,-1.4757373,0.0876119365129925,0.31490931556817137
Dmel_CG15077,-1.7150981,-0.4939966,0.08632723079800671,0.3108868566502072
Dmel_CG8057,-1.7195991,-0.073093824,0.08550532458311431,0.3082648752665858
Dmel_CG2206,-1.721908,-0.3331344,0.08508618495100059,0.30683796828789756
Dmel_CG17904,-1.7284722,-0.32934317,0.08390359238484131,0.30307232202561835
Dmel_CG1523,-1.7286476,-0.484002,0.08387219172005436,0.30304219724862097
Dmel_CG31648,-1.7289345,-0.37392607,0.08382082305307352,0.3029398888175025
Dmel_CG5893,-1.730232,-0.25939894,0.08358884126242809,0.3021845840521506
Dmel_CG9125,-1.7307371,-0.5302643,0.08349867477815943,0.3019416855420454
Dmel_CG8977,-1.7346314,-0.304421,0.08280611127842591,0.29984985073292775
Dmel_CG5188,-1.7352605,-0.6945286,0.0826946815145113,0.29969410087760423
Dmel_CG2147,-1.7377133,-0.4050215,0.08226134106104058,0.29845286661599507
Dmel_CG12273,-1.7402442,-0.4202806,0.08181615185845756,0.2972480098346671
Dmel_CG16953,-1.7465585,-0.21168806,0.08071393777596904,0.2935681860819289
Dmel_CG10333,-1.7493759,-0.22076671,0.08022605314814289,0.29246406806572306
Dmel_CG7038,-1.7524687,-0.19825882,0.07969325157904632,0.2908217214663281
Dmel_CG17282,-1.7555946,-0.32790652,0.07915765525203619,0.2889474299075021
Dmel_CG11695,-1.7562364,-0.4209834,0.07904805398463087,0.2887880115129369
Dmel_CG11255,-1.7568624,-0.2869087,0.07894127541423672,0.2885583588924853
Dmel_CG10802,-1.7579861,-0.4020115,0.07874988218606,0.2879388430180897
Dmel_CG4900,-1.7583734,-0.319868,0.07868400156127996,0.2877780307589145
Dmel_CG11556,-1.7703441,-0.3837107,0.07666982505780742,0.2808804491454272
Dmel_CG6363,-1.7713219,-0.3254835,0.07650718629166825,0.2805192341123919
Dmel_CG8801,-1.7716954,-0.13841811,0.07644514695421945,0.28036999054574313
Dmel_CG11999,-1.7758253,-0.31136987,0.07576172537668617,0.278096322115931
Dmel_CG6180,-1.7766416,-0.21531904,0.07562723048772796,0.27775780766887453
Dmel_CG8291,-1.7767173,-0.47412273,0.07561477063970082,0.27775780766887453
Dmel_CG6251,-1.7823073,-0.33329588,0.07469914296164164,0.27488698898317915
Dmel_CG44009,-1.7879065,-0.22334078,0.07379109693307573,0.27192619315691197
Dmel_CG9643,-1.7886548,-0.43760702,0.0736704184904176,0.27172291988312386
Dmel_CG15561,-1.793973,-0.5049853,0.07281748276059981,0.2689416922307594
Dmel_CG9998,-1.7949913,-0.22568882,0.07265509195956572,0.2686439401915175
Dmel_CG10315,-1.7953508,-0.39885923,0.07259783029708772,0.26850776468731485
Dmel_CG31390,-1.801939,-0.24487515,0.07155500980078987,0.26479988279137695
Dmel_CG3907,-1.8058009,-0.15139054,0.07094944598630425,0.262854995688194
Dmel_CG14222,-1.807588,-0.39201406,0.07067064464240612,0.26189592251716265
Dmel_CG12855,-1.8078077,-0.3090837,0.070636428888933,0.2618429653115567
Dmel_CG7337,-1.808029,-0.020981686,0.07060198633485446,0.2618429653115567
Dmel_CG12396,-1.8124883,-0.2798469,0.06991077698115972,0.25959240472150885
Dmel_CG32576,-1.8134699,-0.41944402,0.06975937303137365,0.2591766810871589
Dmel_CG4108,-1.8141241,-0.13853702,0.06965862630825144,0.2589488000895989
Dmel_CG14321,-1.8161495,-0.1929297,0.06934744936015999,0.2579379654802894
Dmel_CG11184,-1.8179948,-0.51415694,0.06906491425041426,0.25710539324778864
Dmel_CG17108,-1.819156,-1.9441662,0.0688876251958333,0.25659078307779065
Dmel_CG13892,-1.8194152,-0.4200179,0.06884811492673129,0.2565163249935288
Dmel_CR44961,-1.8235539,-3.6726255,0.06821953070357618,0.25460745611351737
Dmel_CG9232,-1.8239312,-0.41767067,0.06816246749059296,0.25453906942139304
Dmel_CG31961,-1.8277276,-0.24857257,0.06759045410149876,0.252474746261454
Dmel_CG7424,-1.8277835,0.04967007,0.06758204697158642,0.252474746261454
Dmel_CG8939,-1.8408166,-0.8069358,0.065648434634896,0.24613012254983405
Dmel_CG8237,-1.8414634,-0.45280603,0.06555367327743017,0.24584498303045374
Dmel_CG3500,-1.8422709,-0.34913382,0.06543553545003354,0.24554208205279576
Dmel_CG31229,-1.8481262,-0.24859022,0.06458409487824406,0.24248559737000144
Dmel_CG9147,-1.8526539,-0.32781044,0.06393199310277346,0.24038063558327497
Dmel_CG5065,-1.8526789,-0.03395038,0.06392839325173084,0.24038063558327497
Dmel_CG5644,-1.8583457,-0.37183136,0.06311993224711732,0.23780362088858045
Dmel_CG10673,-1.8590181,-0.46612668,0.06302458196016664,0.23758061719407622
Dmel_CG5353,-1.8592544,-0.22209094,0.06299109252165552,0.23755056720810025
Dmel_CG33002,-1.8600761,-0.1665528,0.06287476006824094,0.23728811661595467
Dmel_CG11456,-1.8651482,-0.4084393,0.06216062805673613,0.23499793247801196
Dmel_CG3706,-1.8678629,-5.118132,0.06178118188357221,0.23369790188025977
Dmel_CG1234,-1.871146,-0.38591075,0.061324847465373734,0.23217223294222883
Dmel_CG4660,-1.8721677,-0.29002368,0.061183397472038326,0.23177025833959516
Dmel_CG4185,-1.8730567,-0.28906375,0.06106055695174707,0.23137162021421806
Dmel_CG14483,-1.878688,-0.15772659,0.06028710921954899,0.2288481788887562
Dmel_CG11274,-1.8796228,-0.196315,0.06015949458856113,0.22848436947638204
Dmel_CG1163,-1.8819027,-0.17620367,0.059849224520431246,0.22756905654600318
Dmel_CG13631,-1.8826194,-0.23766996,0.05975196166869601,0.22726498647998095
Dmel_CG2926,-1.8872483,-0.113651834,0.059126941435662606,0.22508318001333788
Dmel_CG3436,-1.8893216,-0.27414814,0.058848758477331314,0.22408911479299068
Dmel_CG13887,-1.8897718,-0.16692455,0.0587884885874811,0.2239245010226345
Dmel_CG3542,-1.8927537,-0.31625822,0.05839063510109065,0.22266724778393274
Dmel_CG8111,-1.8943763,-0.39948002,0.058175080654940814,0.22197408097751956
Dmel_CG5203,-1.8977567,-0.20828883,0.057728140495128526,0.22046076554678407
Dmel_CG7066,-1.9005439,-0.42429772,0.05736177202146162,0.21918902184763805
Dmel_CG4764,-1.9068464,-0.27546522,0.05654048214630283,0.2166176314532261
Dmel_CG17336,-1.9111401,-0.1449472,0.05598658630768173,0.2147459809308948
Dmel_CG9874,-1.9174374,-0.59447277,0.055182379633122586,0.2119087231907843
Dmel_CG42803,-1.9224524,-0.029206239,0.05454885164491329,0.2096596839619203
Dmel_CG7917,-1.9235646,-0.19986835,0.05440918529216757,0.20930652925186594
Dmel_CG1119,-1.9256703,-0.3263261,0.05414555779349723,0.2084144039145715
Dmel_CG42336,-1.926336,-0.30542016,0.05406243242019524,0.20826341376622498
Dmel_CG12795,-1.9318557,-0.39598483,0.05337731877282095,0.2058794675649076
Dmel_CG43324,-1.9328384,-0.05309264,0.05325610024274471,0.20547222938635004
Dmel_CG8256,-1.9333466,-0.21513848,0.05319350931992453,0.20529101497008173
Dmel_CG6105,-1.9362949,0.041016135,0.05283158866516412,0.2041940901908593
Dmel_CG11886,-1.9366317,-0.32256097,0.05279038464131576,0.20415492777266936
Dmel_CG1250,-1.9385037,-0.23488821,0.0525617948333074,0.20339062011321923
Dmel_CG4457,-1.939471,-0.34700504,0.052444005279657986,0.2029946018792299
Dmel_CG32858,-1.9414142,-0.24697547,0.05220805856815685,0.20226005237150624
Dmel_CG2046,-1.9474962,-0.37409875,0.05147528368641691,0.19971423374436775
Dmel_CG7354,-1.9475286,-0.21300484,0.05147139875174596,0.19971423374436775
Dmel_CG7280,-1.9508268,-0.7114155,0.051077663218003194,0.19840720435937925
Dmel_CG7129,-1.9545126,-0.20531966,0.050640631176717944,0.19700075023482846
Dmel_CG12000,-1.9701228,-0.375363,0.048824291179046075,0.19038575975781738
Dmel_CG1542,-1.9749919,-0.42350516,0.04826906852343354,0.1884443937808794
Dmel_CG9779,-1.9802347,-0.11632098,0.04767716115445544,0.18641046555510235
Dmel_CG12141,-1.9821644,-0.4301192,0.047460851874766945,0.1856199566923549
Dmel_CG7359,-1.9829988,-0.28942135,0.047367562786962,0.1853102538206215
Dmel_CG1703,-1.9867043,-0.2298536,0.04695516971634868,0.18391591214382652
Dmel_CG14543,-1.9874241,-0.40653014,0.046875414716026714,0.18376784748905345
Dmel_CG5525,-1.9878875,-0.3415865,0.04682413062731587,0.1836215758202202
Dmel_CG12093,-1.9894379,-0.46514457,0.046652885721769025,0.1830592927052155
Dmel_CG2701,-1.995231,-0.42820886,0.046017688113538686,0.18067476531222346
Dmel_CG3918,-2.0035245,-0.32482725,0.0451210231360263,0.177419319279031
Dmel_CG1507,-2.0068586,0.021267746,0.044764727928022816,0.17612373943178078
Dmel_CG11654,-2.0116591,-0.5905106,0.04425587302465297,0.17435972591308807
Dmel_CG42575,-2.0123858,-0.034218356,0.0441792678609976,0.17413310106819718
Dmel_CG4390,-2.017264,-0.40645114,0.04366798477584586,0.17232462100281995
Dmel_CG7762,-2.0190217,-0.28525642,0.04348497056074789,0.17165394957608535
Dmel_CG14463,-2.025852,-0.4302646,0.04277995915600038,0.16917587820313001
Dmel_CG5826,-2.0259237,-0.19449449,0.042772597187112724,0.16917587820313001
Dmel_CG10263,-2.0266266,-0.5282603,0.04270061721966848,0.16901470207339261
Dmel_CG17370,-2.0334437,-0.20283489,0.04200771154726401,0.16652287705659016
Dmel_CG3184,-2.0391512,-0.48864833,0.0414349483334771,0.1644508172909159
Dmel_CG11979,-2.0396662,-0.47062916,0.041383579331281006,0.1642965607227685
Dmel_CG5045,-2.0417514,-0.27949682,0.04117618955183345,0.1635226071020379
Dmel_CG6489,-2.043258,-0.55062383,0.04102691796525651,0.16297905954698785
Dmel_CG2004,-2.0483177,-0.6927418,0.04052888431606715,0.1612649552761343
Dmel_CG4904,-2.0500615,-0.34562138,0.04035842700730193,0.16066346237593296
Dmel_CG18426,-2.0538223,-0.18484995,0.03999289481551704,0.15949821874680103
Dmel_CG12013,-2.060681,-0.20939474,0.03933346723577998,0.15705897689011997
Dmel_CG12806,-2.0622597,-0.1318212,0.03918301092386012,0.15650575882992274
Dmel_CG9319,-2.066327,-0.5265507,0.03879760061034877,0.1552520975906985
Dmel_CG10371,-2.0692005,-0.4645246,0.03852727435889552,0.1544028399970253
Dmel_CG12373,-2.0724337,-0.30771965,0.03822500496543774,0.15328495277717952
Dmel_CG11593,-2.0748353,-0.29604316,0.03800180309007073,0.15243641465403523
Dmel_CG6876,-2.078165,-0.3023001,0.03769415552030886,0.15138719367126488
Dmel_CG8188,-2.0792193,-0.106745586,0.03759719848469256,0.15104395759319625
Dmel_CG7506,-2.086434,-0.3432471,0.03693934329912552,0.14867378569488776
Dmel_CG4919,-2.0920944,-0.29403722,0.03643006560098217,0.1468489239455542
Dmel_CG9797,-2.0967407,-0.2960965,0.03601653681329526,0.14540501083364454
Dmel_CG14039,-2.100867,-0.1124157,0.035652631109912916,0.1441129576792881
Dmel_CG6990,-2.1032076,-0.3843926,0.03544762458014844,0.14341663627085302
Dmel_CG33980,-2.106375,-0.39755252,0.03517180327945731,0.14256405518055168
Dmel_CG2028,-2.1109886,0.006198084,0.034773288568225494,0.1412100695534769
Dmel_CG10687,-2.1201587,-0.33617482,0.03399266794414934,0.13825368290128953
Dmel_CG1910,-2.1228232,-0.18004604,0.033768676586406504,0.13742774203219815
Dmel_CG4097,-2.1263657,-0.30507717,0.033472821033344924,0.13630813176299525
Dmel_CG6950,-2.1282818,-0.45003423,0.03331372578628465,0.13574439397133847
Dmel_CG6297,-2.1292021,-0.11500166,0.03323755057623164,0.13551804285518462
Dmel_CG8808,-2.1347294,-0.23549229,0.03278311757524862,0.13383129793611126
Dmel_CG2246,-2.1372004,-0.2083134,0.03258169272638254,0.13309170783879173
Dmel_CG15602,-2.1388865,-0.4569611,0.03244487088056857,0.132615256062691
Dmel_CG11246,-2.1433823,-0.4284917,0.03208240630536663,0.131297072955099
Dmel_CG11191,-2.1436238,-0.20832604,0.03206304763282412,0.13125872552739618
Dmel_CG5231,-2.153678,-0.32310984,0.03126542919659862,0.12843357457721238
Dmel_CG9556,-2.1713898,-0.30332965,0.029901719081247148,0.1233715825578238
Dmel_CG5405,-2.172688,-0.022760158,0.029803803415276768,0.12300621252517337
Dmel_CG4265,-2.1729178,-0.32098705,0.029786503239699863,0.12297343357615327
Dmel_CG11678,-2.1814506,-0.43450928,0.029150098725317625,0.12045957463817576
Dmel_CG8372,-2.182462,-0.26504883,0.029075451542206535,0.12018889862099279
Dmel_CG8161,-2.1920135,-0.43837944,0.028378527883118454,0.11764108356847307
Dmel_CG3069,-2.1993575,-0.20390503,0.027852515953560444,0.11553343186418491
Dmel_CG14884,-2.2038083,-0.37619972,0.027537831057488693,0.1143002646640742
Dmel_CG12118,-2.2107158,-0.3735739,0.027055523610355747,0.11244042876776877
Dmel_CG9821,-2.2156045,-0.0030305532,0.026718599010956332,0.11114565039663728
Dmel_CG8427,-2.2166831,-0.3917886,0.02664475782489619,0.11087357903006993
Dmel_CG1276,-2.2178874,-0.44328475,0.026562506250606847,0.11063042344425629
Dmel_CG5651,-2.2185168,-0.1324272,0.0265196086269596,0.11049276378150795
Dmel_CG6422,-2.2191563,-0.2038336,0.026476088046934843,0.11034642341413599
Dmel_CG9164,-2.2192652,-0.2628553,0.026468683085214485,0.11034642341413599
Dmel_CG3825,-2.22227,-0.18450986,0.026265068526831817,0.10953642193306788
Dmel_CG6370,-2.228977,-0.6208838,0.025815431227838612,0.10779808762790823
Dmel_CG5094,-2.2359364,-0.24813844,0.025355941479555163,0.10594671764160077
Dmel_CG7488,-2.238413,-0.5352923,0.025194126183665812,0.10530407512072278
Dmel_CG1064,-2.2413418,-0.32620823,0.025003947598299093,0.10457570827156218
Dmel_CG8340,-2.249074,-0.439304,0.024507782294347448,0.10272943130144173
Dmel_CG6259,-2.2516375,-0.25185052,0.024345196121752188,0.10217828880100463
Dmel_CG8044,-2.2546587,-0.31661278,0.024154762007348993,0.1014762556069607
Dmel_CG4743,-2.2591307,-0.38859802,0.023875254481577814,0.10036619294383047
Dmel_CG7885,-2.2629464,-0.40864125,0.02363899860682006,0.09946848565232866
Dmel_CG5343,-2.265633,-0.3986696,0.02347385158904699,0.09880521580130253
Dmel_CG3385,-2.26619,-0.25184268,0.02343975149252618,0.09869329521412577
Dmel_CG6987,-2.2704728,-0.08009357,0.023178908101978812,0.09765759261561512
Dmel_CG9881,-2.2705774,-0.3217171,0.023172566267663296,0.09765759261561512
Dmel_CG7883,-2.2743511,-0.452598,0.02294489027577508,0.09673365515366067
Dmel_CG5889,-2.2761412,-0.11929405,0.02283755827460331,0.0964048677438362
Dmel_CG6358,-2.2798629,-0.41896698,0.022615815939934072,0.09553019519983082
Dmel_CG2040,-2.2826371,-0.020595158,0.022451752432989608,0.09489819193371388
Dmel_CG12238,-2.284255,-0.14349271,0.02235654243787829,0.09452616607984511
Dmel_CG1688,-2.2928877,-0.15401228,0.021854476952607078,0.09255226607612298
Dmel_CG12279,-2.2929876,-0.24328105,0.021848718100506644,0.09255226607612298
Dmel_CG5862,-2.2976527,-0.34233484,0.021581560889619926,0.09151445358196046
Dmel_CG1599,-2.3028214,-0.33830574,0.021288892282442483,0.09036089582802864
Dmel_CG3625,-2.3034327,-0.107663,0.021254508964272417,0.09025534791361939
Dmel_CG7772,-2.3044891,-0.43187597,0.02119519611683884,0.09008906222358118
Dmel_CG7748,-2.3220627,-0.4964054,0.020229557163454242,0.08622660093576133
Dmel_CG13746,-2.3312585,-0.2601152,0.019739725876598762,0.08419335856682388
Dmel_CG3680,-2.3355784,-0.25330612,0.01951321759793921,0.08336254631161222
Dmel_CG6932,-2.340514,-0.42300606,0.01925721672447991,0.08232240890578742
Dmel_CG7933,-2.350079,-0.30729604,0.01876942460502223,0.08039407064361054
Dmel_CG4878,-2.3546588,-0.21342711,0.018539718119142224,0.07946198167111805
Dmel_CG31051,-2.3555374,-0.265449,0.018495937838605717,0.07930020200232227
Dmel_CG16986,-2.3565223,-0.24129574,0.01844695382312213,0.07911599875641251
Dmel_CG12608,-2.3638964,-0.43712208,0.018083867074594577,0.0776601624925645
Dmel_CG1359,-2.3644416,-0.34444073,0.018057269864228547,0.07762204229173285
Dmel_CG10483,-2.3708558,-0.303708,0.017746957490448786,0.0764128098730114
Dmel_CG2931,-2.3770173,-0.38865823,0.017453274204942755,0.07532133869528826
Dmel_CG3710,-2.3784866,-0.2529636,0.01738387251143094,0.07507113659964311
Dmel_CG7789,-2.3805578,-0.34732357,0.017286446357602465,0.07477326911957011
Dmel_CG12107,-2.3817341,-0.34113672,0.01723133541571812,0.07460854452460774
Dmel_CG7407,-2.3839526,-0.14891425,0.017127811095469625,0.07423369578019998
Dmel_CG6746,-2.3917804,-0.46887976,0.016766876375026878,0.07276536408329862
Dmel_CG3024,-2.3989158,-0.434132,0.016443702090025474,0.0715518838294784
Dmel_CG2915,-2.4030101,-0.4102096,0.01626074057687182,0.07082611598298727
Dmel_CG9951,-2.403719,-0.5259346,0.016229241581474096,0.07073580882990085
Dmel_CG13698,-2.4059687,-0.36412784,0.016129643650055397,0.07037172881984662
Dmel_CG6523,-2.4097233,-0.27449077,0.01596462103484466,0.06979078011273908
Dmel_CG4521,-2.4104323,-0.7802011,0.015933626880655218,0.06967846616928128
Dmel_CG34410,-2.412938,-0.07594591,0.015824507366855013,0.06927043681140631
Dmel_CG5079,-2.413942,-0.26778108,0.015780970332864065,0.0691028760893591
Dmel_CG7773,-2.4165618,-0.46941563,0.01566786786975892,0.06868253311289253
Dmel_CG1745,-2.4301143,-0.25100893,0.015094063958618556,0.0663991140832611
Dmel_CG2263,-2.431114,-0.46502835,0.015052477433406394,0.06631062888112417
Dmel_CG8055,-2.4362946,-0.15633136,0.01483859169071507,0.06541225542022366
Dmel_CG30415,-2.4411597,0.026713338,0.014640174097214305,0.06460259496692182
Dmel_CG5315,-2.4416287,-0.1687323,0.01462117930793124,0.06454044920575223
Dmel_CG10373,-2.4502711,-0.18152188,0.014274867583668782,0.06311777756291773
Dmel_CG14716,-2.465663,-0.2728624,0.013675997976851331,0.06055131044939466
Dmel_CG6057,-2.4689932,-0.25956702,0.01354938379889014,0.060132540527259484
Dmel_CG3034,-2.47076,-0.29302472,0.013482622235685915,0.059856465810523174
Dmel_CG14509,-2.478698,-0.027412483,0.01318629295654529,0.05863995794990242
Dmel_CG8208,-2.479297,-0.29200736,0.01316416962545257,0.058561392365630405
Dmel_CG1591,-2.4846992,-0.22837716,0.012966095993457747,0.05781726075671132
Dmel_CG9186,-2.4900343,-0.4299931,0.012773077938863927,0.05701461181882162
Dmel_CG13398,-2.490883,-0.39301807,0.012742606107953207,0.056917262700412335
Dmel_CG14647,-2.5041726,-0.27110142,0.012273815907574223,0.05495407660696179
Dmel_CG5522,-2.5050175,-0.22077951,0.012244534967664224,0.05484166121679467
Dmel_CG30118,-2.5208955,-0.14080313,0.011705665341567487,0.052607437843207365
Dmel_CG10045,-2.5390625,-0.23281787,0.011114999557689659,0.05010710435252137
Dmel_CG13213,-2.542123,-0.27417246,0.011018137128470004,0.049767937653131956
Dmel_CG12002,-2.544604,-0.28183,0.010940169347465839,0.049454683658427444
Dmel_CG10009,-2.544915,-0.36140272,0.010930435265974335,0.04942768404341664
Dmel_CG4602,-2.5540452,-0.328038,0.010647943064228704,0.04823323674837277
Dmel_CG1764,-2.556935,-0.2749543,0.010559888993104132,0.04785086250289013
Dmel_CG8235,-2.5590336,-0.47282845,0.010496360957180921,0.0476286876168213
Dmel_CG10007,-2.560793,-0.28219008,0.010443359747229805,0.047404556282675946
Dmel_CG9987,-2.5629854,-0.45123926,0.010377639376724552,0.04712251522098733
Dmel_CG6843,-2.5652156,-0.3588784,0.010311174038591157,0.04685309060896487
Dmel_CG6554,-2.56758,-0.5326431,0.010241117566280862,0.04659921258258199
Dmel_CG31478,-2.5687199,-0.40660095,0.010207493802190904,0.04649451509691185
Dmel_CG3548,-2.5691996,-0.3180219,0.010193376615357352,0.04644631140860297
Dmel_CG7269,-2.5708535,-0.25308007,0.010144827145910078,0.04625717332560872
Dmel_CG10922,-2.5714874,-0.3071684,0.010126269102309921,0.046188581143163716
Dmel_CG2124,-2.5745156,-1.1977876,0.010038054333634706,0.04583393745597417
Dmel_CG10600,-2.596567,-0.22503945,0.00941605335741059,0.04317388596292134
Dmel_CG4300,-2.5982168,-0.23336138,0.009370934180777148,0.04301203145986465
Dmel_CG6144,-2.6052728,-0.3049749,0.009180111352439808,0.04222465638166311
Dmel_CG7113,-2.613109,-0.50206345,0.008972265058426817,0.041297560466825506
Dmel_CG14721,-2.6179717,-0.322215,0.008845417175004509,0.04077082676139398
Dmel_CG7925,-2.6203573,-0.17312877,0.008783769735835573,0.040515099367713324
Dmel_CG7955,-2.628005,-0.3854498,0.008588724353791495,0.039685100820384685
Dmel_CG12352,-2.6290889,-0.30843312,0.00856139575528598,0.03957274063320896
Dmel_CG6094,-2.6318781,-0.38271543,0.008491430609589633,0.039276976290256026
Dmel_CG12363,-2.632457,-0.18491861,0.008476974863389934,0.03922391784500251
Dmel_CG31345,-2.6334293,-0.23800589,0.008452741821349275,0.03912556543654485
Dmel_CG15771,-2.6366892,-0.1773984,0.008371948047878287,0.038778910573552546
Dmel_CG5219,-2.6375828,-0.43079084,0.008349922977673839,0.038704175608328714
Dmel_CG4647,-2.6393328,-0.277507,0.008306936698486828,0.038518509228939804
Dmel_CG3257,-2.639665,-0.14664447,0.008298801935215375,0.03850796477071513
Dmel_CG5861,-2.642848,-0.2192726,0.008221191980835136,0.038174799936450364
Dmel_CG11722,-2.6442065,-0.32134363,0.008188267330514804,0.038035355599255936
Dmel_CG7380,-2.6495078,-0.28430316,0.00806091403206097,0.03749680399834096
Dmel_CG13645,-2.6538203,-0.37517238,0.007958620838418381,0.03706032474757475
Dmel_CG3318,-2.660208,-0.19974406,0.007809240203438263,0.03642926003314952
Dmel_CG3944,-2.6639264,-0.13679305,0.00772344793477617,0.03604184279506167
Dmel_CG5569,-2.6660516,-0.31746894,0.007674788785422683,0.035840227231428386
Dmel_CG6115,-2.673328,-0.057035692,0.007510277390086249,0.035109411306696335
Dmel_CG40042,-2.6808326,-0.19338003,0.007343925399870994,0.034356185005234866
Dmel_CG10470,-2.7067566,-0.28871003,0.006794403883842225,0.03192179529409034
Dmel_CG2101,-2.7078621,-0.37418315,0.006771812808095902,0.031838422937813325
Dmel_CG11586,-2.708046,-0.35367662,0.0067680633863949876,0.03183218359363512
Dmel_CG43955,-2.7154598,-0.041143026,0.00661838070562084,0.031161641294361685
Dmel_CG3894,-2.7188838,-0.39951044,0.006550260419273561,0.03088517121265657
Dmel_CG31388,-2.72097,-0.42450887,0.006509069567979009,0.030708675381210093
Dmel_CG2843,-2.7213583,-0.35817412,0.0065014244910254065,0.030698964871205485
Dmel_CG13220,-2.7232485,-0.2799924,0.006464340179231549,0.030545808808084066
Dmel_CG4561,-2.724207,-0.41098768,0.006445609453889304,0.030490192164708187
Dmel_CG42283,-2.7253523,-0.25252295,0.006423290209100247,0.030395555145043697
Dmel_CG8542,-2.727653,-0.2062938,0.006378666083798556,0.03020614450709795
Dmel_CG4603,-2.736028,-0.3834175,0.0062185741002897315,0.029499260607655228
Dmel_CG3862,-2.7387345,-0.5959583,0.006167615385283402,0.02928057578685303
Dmel_CG4208,-2.7412539,-0.8520495,0.006120521073706591,0.029088523482668466
Dmel_CG34159,-2.744606,-0.19665739,0.006058358421343975,0.028813929791849865
Dmel_CG12876,-2.7448242,-0.35587776,0.006054332367091837,0.02880520696450175
Dmel_CG5085,-2.745778,-0.47345877,0.0060367600250852745,0.028732004161407317
Dmel_CG12770,-2.745973,-0.24604535,0.00603317296169293,0.028725335467248838
Dmel_CG7823,-2.7475667,-0.07820844,0.006003930377106097,0.028606834331236848
Dmel_CG14981,-2.7510984,-0.15246035,0.005939579398642141,0.028341326389817133
Dmel_CG16787,-2.7522717,-0.4144391,0.005918342048321843,0.028250248041045166
Dmel_CG1907,-2.752701,-0.40062535,0.005910585660509134,0.028223476077307602
Dmel_CG3556,-2.7640586,-0.070577055,0.005708729445224531,0.02728934654044946
Dmel_CG14812,-2.7645564,-0.25053948,0.005700026897470551,0.027257661375422314
Dmel_CG7943,-2.7661097,-0.28320664,0.005672942930646942,0.0271479035147966
Dmel_CG10648,-2.773232,-0.9369092,0.00555025284906975,0.026628650123996195
Dmel_CG4190,-2.7733178,-0.3718545,0.005548790795407378,0.026628650123996195
Dmel_CG9018,-2.7735727,-0.4002532,0.005544446201695077,0.026628650123996195
Dmel_CG5919,-2.7744713,-0.38618562,0.005529152698516551,0.026570850633747374
Dmel_CG5268,-2.7791615,-0.339755,0.005449943028089911,0.026223984376466322
Dmel_CG3351,-2.7839,-0.377343,0.005370959814049999,0.025875773619934483
Dmel_CG7598,-2.786614,-0.5399936,0.005326190495395245,0.02569437198971693
Dmel_CG42273,-2.790271,-0.054979324,0.005266392069305399,0.02542456215383624
Dmel_CG11151,-2.7919703,-0.20344453,0.005238818025239029,0.025310039584436058
Dmel_CG42668,-2.794815,-0.06715587,0.00519294218791986,0.02511610353016374
Dmel_CG43078,-2.8048477,-0.23798867,0.005034036127642061,0.0244284596578081
Dmel_CG8042,-2.8055902,-0.33104044,0.005022451179506846,0.024390255339948062
Dmel_CG8187,-2.8081264,-0.27791098,0.004983064369198326,0.024225841241448467
Dmel_CG6770,-2.81203,0.024019498,0.00492298856642449,0.023960367685697863
Dmel_CG3633,-2.8299234,-0.40981758,0.004655914673640793,0.022744748968889835
Dmel_CG5930,-2.8305366,-0.30778787,0.004646998906639451,0.022709636531107857
Dmel_CG14757,-2.8314397,-0.22467726,0.00463389483064942,0.022654022310105666
Dmel_CG6443,-2.8353355,-0.41119772,0.004577760074000356,0.022404597814688523
Dmel_CG1939,-2.8402886,-0.3928958,0.004507273805063814,0.022076065997891754
Dmel_CG1866,-2.8413837,-0.17111036,0.004491822912845363,0.022008592430164398
Dmel_CG5436,-2.8564963,-0.5437283,0.004283450330066321,0.021018977142420285
Dmel_CG1265,-2.8607621,-0.34514076,0.004226240215980004,0.020745992782291084
Dmel_CG5805,-2.8613086,-0.36031392,0.004218962516123582,0.02071838544558674
Dmel_CG1796,-2.8648562,-0.613447,0.0041719873162061015,0.02051799600384146
Dmel_CG15929,-2.8654141,-0.36706498,0.004164642046252453,0.020489539921304187
Dmel_CG3803,-2.8737535,-0.5058637,0.004056253739337673,0.019993709823194435
Dmel_CG5190,-2.8895473,-0.5016253,0.003857970146087971,0.01908076239734363
Dmel_CG31140,-2.8916788,0.016767664,0.0038318944373374065,0.018958932530516136
Dmel_CG10610,-2.8920672,-0.56754875,0.0038271595212041806,0.018942637765779338
Dmel_CG8223,-2.893104,-0.31358257,0.003814548113077378,0.018887331105482224
Dmel_CG3605,-2.8955998,-0.25085798,0.0037843461893550473,0.01874485234614198
Dmel_CG4784,-2.902021,-2.1895022,0.0037076388902232862,0.01844136360954739
Dmel_CG8010,-2.9123218,-0.8667707,0.003587527280853467,0.017877776260028594
Dmel_CG14683,-2.9177775,-0.49543926,0.0035253582230204807,0.017581302621902137
Dmel_CG5676,-2.92004,-0.10561766,0.003499864983904977,0.01747405993673834
Dmel_CG30152,-2.933511,-0.3290591,0.0033515180568489886,0.016790811584084086
Dmel_CG1430,-2.934297,-0.7827926,0.003343039523041754,0.016754722491339316
Dmel_CG14194,-2.941875,-0.5846922,0.0032623149269291993,0.01637512622413163
Dmel_CG32038,-2.942932,-0.22101556,0.0032511983177864745,0.016325562512048933
Dmel_CG7368,-2.96878,-0.40276998,0.0029898453960462176,0.01505347063197063
Dmel_CG2258,-2.9718325,-0.119926624,0.0029602805642025896,0.014916045588261592
Dmel_CG3140,-2.982925,-0.10249737,0.002855080606176227,0.014402539057874012
Dmel_CG9849,-2.9907198,-0.48852444,0.0027832074877222612,0.014050760505631284
Dmel_CG5821,-2.9919345,-0.26183772,0.002772156057639315,0.014005729624543729
Dmel_CG6155,-2.9946563,-0.3849543,0.002747542822015921,0.013886715470812007
Dmel_CG2604,-3.0049481,-0.41209745,0.0026562620816627564,0.0134305271316392
Dmel_CG11278,-3.0079303,-0.317148,0.0026303343174188137,0.013314800949615034
Dmel_CG42256,-3.0249817,0.023105033,0.0024864811869792745,0.01263040173099909
Dmel_CG7184,-3.0349226,-0.2377474,0.002405974663948435,0.012245125119653904
Dmel_CG8268,-3.0352716,-0.2436615,0.0024031914293603167,0.012235698788540845
Dmel_CG5961,-3.0481858,-0.4989689,0.00230227529049851,0.011738819394088844
Dmel_CG11739,-3.0576994,-0.27718243,0.0022304312144645,0.011391409478926542
Dmel_CG5174,-3.0588741,-0.2034894,0.0022217043747916484,0.011360084509391848
Dmel_CG31289,-3.0679362,-0.4524697,0.0021554272244092075,0.01105129502768685
Dmel_CG11963,-3.0694215,-0.103922285,0.0021447368227621166,0.011000775405119819
Dmel_CG1548,-3.0694993,-0.18799455,0.0021441796038992947,0.011000775405119819
Dmel_CG5711,-3.0729554,-1.0617645,0.0021195022476302424,0.010896861907710883
Dmel_CR45600,-3.0735233,-0.26765868,0.002115471348809295,0.010880394909864166
Dmel_CG2790,-3.0830262,-0.34790766,0.002049070947207123,0.010559545614607374
Dmel_CG8264,-3.0833113,-0.29279697,0.0020471095232564027,0.010553576400593326
Dmel_CG14777,-3.0856748,-0.24351697,0.00203090767002632,0.010486505969279322
Dmel_CG13880,-3.0917838,-0.30366233,0.0019895767632839836,0.010297372290789614
Dmel_CG11753,-3.0981503,-0.3534619,0.0019473259827792332,0.010090619376854062
Dmel_CG11888,-3.1008205,-0.42467466,0.0019298515789389658,0.010007963535452623
Dmel_CG9646,-3.1017551,-0.13630237,0.001923770261006389,0.009980365179583481
Dmel_CG1622,-3.1160777,-0.4237541,0.0018327403806992452,0.009531820941063527
Dmel_CG4199,-3.1181438,-0.54214257,0.0018199391400057626,0.00948287876241702
Dmel_CG4954,-3.1320033,-0.25826636,0.0017361786952991194,0.00906081184865994
Dmel_CG12859,-3.13263,-0.067242704,0.0017324761551285785,0.009045081110268038
Dmel_CG7558,-3.1376624,-0.36051387,0.0017030085117948509,0.00889476742984743
Dmel_CG43860,-3.153367,-0.15402304,0.0016139874658270587,0.008453331721177114
Dmel_CR45479,-3.1738605,-2.0773802,0.0015042589945890303,0.007910151039573609
Dmel_CG13057,-3.1749935,-2.9169748,0.0014983979948189762,0.007882485208132973
Dmel_CG17246,-3.1778157,-0.14115107,0.0014838907769761638,0.007812423357469459
Dmel_CG8409,-3.1936338,-0.16716965,0.0014049426821681062,0.007426529278508079
Dmel_CG33143,-3.205993,-0.1509725,0.001345972828911296,0.007134904778024744
Dmel_CG13762,-3.2152495,-7.647118,0.00130331202655345,0.006917133821057709
Dmel_CG10230,-3.226865,-0.33242586,0.0012515449091551982,0.0066531357812331954
Dmel_CG12355,-3.2323546,-0.24088928,0.0012277460645164662,0.0065319073011380095
Dmel_CG8947,-3.2324767,-0.41301885,0.0012272218328250135,0.006531762699535643
Dmel_CG1561,-3.2340822,-1.4138384,0.001220343102379112,0.006500416987581642
Dmel_CG8248,-3.2465072,-0.2696127,0.0011683051194345845,0.006238398039207589
Dmel_CG10406,-3.2476478,-0.19033056,0.0011636318853385716,0.006215970164729337
Dmel_CG32848,-3.2527153,-0.04646109,0.001143079372382579,0.006116126234722912
Dmel_CG7967,-3.263169,-0.31622028,0.0011017381520599659,0.005911776666484284
Dmel_CG4001,-3.2641058,-0.15354651,0.0010981016343268766,0.005897079516423983
Dmel_CG6226,-3.2651439,-0.4021186,0.001094085349694829,0.005880317210772903
Dmel_CG14480,-3.2686646,-0.35730484,0.0010805626374611067,0.005812391984804095
Dmel_CG1412,-3.2749548,-0.03878898,0.0010567888566249087,0.005693834507957329
Dmel_CG3527,-3.2915995,-0.68213946,0.0009961933379069932,0.00538059048641011
Dmel_CG43143,-3.2921925,-0.12500742,0.0009940959603410347,0.005371469989655237
Dmel_CG7224,-3.2938435,-0.21282697,0.0009882749006295483,0.005342213274032453
Dmel_CG13551,-3.2958512,-0.16885573,0.0009812398476433646,0.0053063674229964835
Dmel_CG8231,-3.296783,-0.470397,0.000977990465469786,0.005293151856152577
Dmel_CG30483,-3.302915,-0.0122434385,0.0009568535518535714,0.005187298896414102
Dmel_CG5547,-3.3053107,-0.1559129,0.0009487113368640889,0.005145280923537347
Dmel_CG10672,-3.3085568,-0.43450347,0.0009377815553046282,0.005090205459834002
Dmel_CG3455,-3.309392,-0.33154187,0.0009349880775459481,0.00507713980455839
Dmel_CG18174,-3.3195913,-0.42411253,0.00090149357982404,0.004905394257750604
Dmel_CG3860,-3.3243508,-0.28865293,0.0008862459924106178,0.0048284239578225245
Dmel_CG3943,-3.337339,-0.3721368,0.0008458475442336323,0.004617898869453328
Dmel_CG8253,-3.3381891,-0.18317527,0.0008432631817578882,0.004605703022227934
Dmel_CG44533,-3.348832,-0.48283795,0.0008115299294223724,0.004443464501058082
Dmel_CG8705,-3.350623,-0.20266771,0.0008063000179777092,0.00441666883545022
Dmel_CG1489,-3.3560686,-0.31802192,0.0007905897852429424,0.004332418835645332
Dmel_CG11158,-3.3657548,-1.1001508,0.0007633452320440955,0.004190108477147644
Dmel_CG17385,-3.3813252,-0.2923518,0.0007213707222148109,0.00397798265238138
Dmel_CG10075,-3.3937402,-0.3578711,0.0006894505770912971,0.0038083522629494475
Dmel_CG9410,-3.3941233,-0.36078253,0.0006884868736890139,0.0038046282620468174
Dmel_CG2918,-3.399373,-0.25169,0.0006754052054542388,0.0037354797158561247
Dmel_CG15642,-3.4000032,-0.45533904,0.0006738504575601516,0.0037284500474938746
Dmel_CG1841,-3.4031951,-0.35012877,0.0006660267130513386,0.003689821684741838
Dmel_CG33174,-3.4083755,-0.06274067,0.000653508993844418,0.0036235281384428258
Dmel_CG43795,-3.426276,-0.20653465,0.0006119180550618816,0.0033986539144413297
Dmel_CG32744,-3.4371665,-0.09216226,0.0005878342991840542,0.003271804542811375
Dmel_CG1818,-3.4476311,-0.4862576,0.0005655256326376858,0.003155657043945575
Dmel_CG6867,-3.4504092,-0.63815194,0.0005597373974292193,0.003124685275963199
Dmel_CG6617,-3.4579551,-0.25311056,0.0005442921638117178,0.0030449311726904143
Dmel_CG1318,-3.4636998,-0.5698487,0.0005328005802611612,0.0029831838198602126
Dmel_CG10561,-3.466238,-0.4137436,0.0005277956919931299,0.0029589433397959556
Dmel_CG32789,-3.468063,-0.75040287,0.0005242242801134417,0.002940175529223533
Dmel_CG5010,-3.478884,-0.006940929,0.0005035067177331847,0.0028324408295084674
Dmel_CG16935,-3.485637,-0.48958793,0.0004909668361476052,0.002766636017931252
Dmel_CG6851,-3.4863324,-0.27843666,0.0004896920932626426,0.0027606365497916717
Dmel_CG8677,-3.4897542,-0.106354915,0.00048346512894459267,0.002729044355438528
Dmel_CG8580,-3.4931808,-0.15905155,0.0004773031049993959,0.0026965778601879026
Dmel_CG10326,-3.4956033,-0.119862266,0.000472991473437798,0.0026745184821196657
Dmel_CG3776,-3.4976158,-0.35159266,0.00046943676431308016,0.0026555611363918152
Dmel_CG6195,-3.5227468,-0.44219127,0.00042709916768071487,0.0024244104373616735
Dmel_CG1794,-3.5236492,-0.12739125,0.0004256472966648694,0.0024182581606022693
Dmel_CG11190,-3.5441754,-0.38475338,0.00039384327785218305,0.0022433873057024437
Dmel_CG8818,-3.5456326,-0.2397789,0.0003916717930585991,0.002231985703635321
Dmel_CG8885,-3.5532522,-0.42750075,0.00038049940169668196,0.0021702007976111535
Dmel_CG17272,-3.5650392,-0.303645,0.00036380174540096515,0.002078573363614819
Dmel_CG11417,-3.566909,-0.83837503,0.0003612168355311552,0.002065115891373447
Dmel_CG8416,-3.5673647,-0.13660689,0.00036058949844233827,0.002064708757747611
Dmel_CG8273,-3.5697927,-0.37171426,0.0003572636805173395,0.0020501318889425144
Dmel_CG1927,-3.5731037,-0.31867066,0.00035277497110050744,0.0020261433108530458
Dmel_CG4729,-3.5841053,-0.28810358,0.00033823568310286745,0.0019468922959504078
Dmel_CG2109,-3.590638,-0.46293235,0.0003298697350244476,0.0019012360473492393
Dmel_CG18660,-3.5978956,0.02200092,0.0003208023199697977,0.0018497864355959243
Dmel_CG3466,-3.6095073,-2.6682932,0.00030677916210074415,0.0017743771871328693
Dmel_CG7378,-3.6221955,-0.17631258,0.0002921131558657758,0.0016925304150053615
Dmel_CG9531,-3.632572,-0.37149325,0.0002806103314215537,0.001630915685630534
Dmel_CG13928,-3.6391025,-0.002470011,0.00027358982237240886,0.0015915200778201968
Dmel_CG3129,-3.6484277,-0.28287488,0.00026385000975300926,0.0015410013236285753
Dmel_CG5500,-3.6547346,-0.34566668,0.00025744826127525536,0.0015062901163927563
Dmel_CG9022,-3.6566017,-0.5991554,0.0002555811818982399,0.0014960322099442187
Dmel_CG4320,-3.6621633,-0.24956341,0.00025009430430191734,0.0014645674032225918
Dmel_CG9291,-3.6724362,-0.14488046,0.00024024912711721508,0.0014094257943961265
Dmel_CG5972,-3.6735587,-0.28405756,0.00023919563149228746,0.0014038721721483472
Dmel_CG4237,-3.6752748,-0.40749785,0.00023759350181259427,0.0013950921391060328
Dmel_CG4173,-3.6762154,-0.28280783,0.00023671956454003064,0.0013905819390346637
Dmel_CG12117,-3.6962824,-0.65030825,0.00021877958112223852,0.0012880745858097386
Dmel_CG12767,-3.7090082,-0.39366105,0.00020807272306170769,0.001226686251123329
Dmel_CG4542,-3.722327,-1.3338801,0.00019739513402446818,0.001167402995596551
Dmel_CG10638,-3.7296,-0.35694575,0.0001917840879496256,0.0011362645174689044
Dmel_CG11505,-3.7296863,-0.091386214,0.00019171826464138176,0.0011362645174689044
Dmel_CG3226,-3.7371342,-0.54325366,0.00018612964686364364,0.0011052551691979851
Dmel_CG5242,-3.7627099,-0.37400153,0.00016808211553207683,0.0010035288869636627
Dmel_CG3652,-3.7687502,-0.38374698,0.00016406700419886416,0.000980893768051535
Dmel_CG8709,-3.7748294,-0.20206837,0.00016011720814993914,0.0009581512897533472
Dmel_CG13608,-3.7799954,-0.34105125,0.00015683127399393666,0.0009389156134643834
Dmel_CG2038,-3.7903335,-0.31528205,0.0001504451480645365,0.0009015046469293543
Dmel_CG8680,-3.8048232,-0.116173215,0.0001419055183828918,0.0008530560004892868
Dmel_CG4463,-3.8154578,-0.34634095,0.0001359306352866696,0.0008186363328607357
Dmel_CG45263,-3.819734,-0.08423758,0.00013359557561073933,0.0008053116784865714
Dmel_CG2937,-3.8230293,-0.43735224,0.00013182214667623152,0.000795351161373902
Dmel_CG17982,-3.8232787,-0.97011065,0.00013168879454032972,0.000794911552160989
Dmel_CG6064,-3.8427088,-0.10494885,0.00012168379824898183,0.0007379080723534242
Dmel_CG2297,-3.8599977,-0.20046738,0.00011338806811017286,0.0006901494224343592
Dmel_CG7332,-3.876183,-0.2121092,0.00010610787456875298,0.0006473368522321183
Dmel_CG15016,-3.8770812,-0.3304843,0.00010571706740703177,0.0006452521982330721
Dmel_CG2859,-3.9203587,-0.36324626,8.841724465690531e-05,0.0005416741314854977
Dmel_CG31005,-3.9472084,-0.40064397,7.906770172300253e-05,0.00048643664248219866
Dmel_CG16784,-3.9482083,-0.69562507,7.87383014149566e-05,0.00048463701119154314
Dmel_CG3061,-3.9556224,-0.23452131,7.633564920801831e-05,0.0004700687751839591
Dmel_CG5546,-3.959638,-0.3050594,7.506344901832978e-05,0.00046266828496710683
Dmel_CG6009,-3.9616442,-0.38434342,7.443543509095999e-05,0.00045922819367619965
Dmel_CG10849,-3.9628494,-0.45966947,7.406053596568057e-05,0.000457344691318143
Dmel_CG17051,-3.971874,-0.25767735,7.130940160441505e-05,0.00044139276800924076
Dmel_CG8929,-3.9965663,-0.20878102,6.426786216525453e-05,0.0003997977232332067
Dmel_CG2862,-4.009162,-0.27967894,6.0934606419913664e-05,0.00038003875793264614
Dmel_CG4170,-4.04488,-0.03567935,5.2349899146203425e-05,0.0003278980098571302
Dmel_CG13061,-4.0544825,-2.112487,5.024537816260752e-05,0.00031546799542992143
Dmel_CG4326,-4.0694046,-0.36820418,4.713338700046252e-05,0.0002969222620196922
Dmel_CG11624,-4.0718894,-0.19963418,4.663333172204196e-05,0.00029405403654479527
Dmel_CG1519,-4.072489,-0.3613686,4.65134644473397e-05,0.0002934389996651421
Dmel_CG15697,-4.092383,0.06462749,4.269627381294754e-05,0.00027026576790748733
Dmel_CG3702,-4.113114,-0.44909793,3.903573683263705e-05,0.00024817059396114343
Dmel_CG12261,-4.115823,-0.4980165,3.8580102611819113e-05,0.0002455114423350678
Dmel_CG6719,-4.119163,-0.37533623,3.802514272542589e-05,0.00024221444525197365
Dmel_CG7597,-4.123153,-0.25246364,3.737207539319316e-05,0.00023840118579706375
Dmel_CG16901,-4.140239,-0.0032664638,3.469445472820626e-05,0.0002221831528184008
Dmel_CG2358,-4.151857,-0.30386487,3.297883457179892e-05,0.0002116088208535203
Dmel_CG9953,-4.1572533,-0.42597094,3.220970728270578e-05,0.000207179521978481
Dmel_CG6315,-4.158666,-0.20739508,3.20111496462332e-05,0.0002060031917243636
Dmel_CG7048,-4.159903,-0.28703147,3.183829218330351e-05,0.000204991179608423
Dmel_CG5108,-4.166934,-0.38693464,3.0872382636411195e-05,0.0001992603046292139
Dmel_CG5532,-4.184262,-0.24236868,2.8609409454109097e-05,0.00018510893630548872
Dmel_CG1789,-4.186515,-0.4554182,2.8327052891087325e-05,0.00018346269198707665
Dmel_CG5545,-4.202267,-0.32770982,2.6425499541652488e-05,0.0001715699058680115
Dmel_CG13849,-4.2035675,-0.5160578,2.62740481348025e-05,0.00017075532469804135
Dmel_CG9353,-4.209495,-0.38929874,2.5594187041530084e-05,0.0001664192043111068
Dmel_CG5818,-4.211609,-0.35015407,2.5355813184611933e-05,0.00016503256119811068
Dmel_CG3422,-4.215336,-0.45079723,2.4940680389866797e-05,0.0001624915622227266
Dmel_CG8251,-4.2309074,-0.23725875,2.3275038932204465e-05,0.0001518655842145476
Dmel_CG33547,-4.233572,-9.541802e-05,2.3000854229896932e-05,0.00015022575816852664
Dmel_CG8674,-4.236744,-0.41124576,2.2678462287503466e-05,0.00014841517575701346
Dmel_CG5989,-4.2455854,-0.60319483,2.1802361307334937e-05,0.00014296648200583253
Dmel_CG4207,-4.277753,-0.40680698,1.8878959385690284e-05,0.000124355090369602
Dmel_CG6364,-4.2823634,-0.44492653,1.84918670928366e-05,0.00012200274512482741
Dmel_CG6783,-4.282964,-0.26255894,1.844198230344746e-05,0.00012178195449728798
Dmel_CG4612,-4.2877617,-0.045671545,1.8048246283380273e-05,0.00011924183228250387
Dmel_CG4800,-4.2948093,-0.0698587,1.7484368430208143e-05,0.00011574916148179607
Dmel_CG31126,-4.297094,-0.3970313,1.7305210581991736e-05,0.00011466996467207681
Dmel_CG9775,-4.2975345,-0.14936253,1.727085880468106e-05,0.00011450875658542573
Dmel_CG14413,-4.298536,-0.33406028,1.719300357124042e-05,0.00011410770703518705
Dmel_CG11940,-4.3085194,-0.14463112,1.6435093573581546e-05,0.00010918784866048285
Dmel_CG7433,-4.33685,-0.1422236,1.44539059403306e-05,9.64156233309058e-05
Dmel_CG5168,-4.3482447,-0.4579822,1.3723158759756822e-05,9.186756457563138e-05
Dmel_CG3957,-4.3766003,-0.3588731,1.2054479131503836e-05,8.106853135470415e-05
Dmel_CG4789,-4.413262,-0.39089552,1.0182459265320554e-05,6.893750500029747e-05
Dmel_CG6781,-4.4147625,-2.1150837,1.0112084736323743e-05,6.849634305156201e-05
Dmel_CG5183,-4.424331,-0.28722736,9.674149261649331e-06,6.569922245340251e-05
Dmel_CG6750,-4.4316444,-0.43810648,9.35170564454823e-06,6.354227708118319e-05
Dmel_CG32190,-4.4326057,-0.20999244,9.310100785169163e-06,6.329230957987996e-05
Dmel_CG8314,-4.455616,-0.4491169,8.365266779396097e-06,5.704617060095699e-05
Dmel_CG8493,-4.474746,-0.30619425,7.650204313721064e-06,5.241466886684488e-05
Dmel_CG34125,-4.486453,-0.27928418,7.241864597492162e-06,4.982478674117513e-05
Dmel_CG1161,-4.4874086,-0.29186586,7.209477336446164e-06,4.9627942209659e-05
Dmel_CG9035,-4.5309634,-0.31729454,5.8715249432674e-06,4.063070525512212e-05
Dmel_CG8392,-4.562049,-0.36956167,5.0656801872927836e-06,3.520259298847936e-05
Dmel_CG14938,-4.5629544,-0.07153202,5.043881473237024e-06,3.5069654200956474e-05
Dmel_CG15871,-4.567666,-0.54742515,4.931848647626962e-06,3.430885287372467e-05
Dmel_CG32052,-4.5725017,-0.24256298,4.819357380479427e-06,3.354405473351703e-05
Dmel_CG8849,-4.5726643,-0.3395349,4.8156094847882685e-06,3.3535730916588576e-05
Dmel_CG5165,-4.577298,-0.5454102,4.710195093545836e-06,3.2836431683971266e-05
Dmel_CG1320,-4.5836926,-0.25008154,4.568355557105449e-06,3.18983848968771e-05
Dmel_CG34113,-4.665478,-0.08250877,3.078999767991804e-06,2.1800181008179038e-05
Dmel_CG8338,-4.679287,-0.3851006,2.8787450457151833e-06,2.0448426294996337e-05
Dmel_CG8331,-4.687993,-0.32268634,2.758973715073286e-06,1.960826045958791e-05
Dmel_CG32428,-4.688613,-0.36302614,2.7506322913541973e-06,1.955955570383415e-05
Dmel_CG2152,-4.709909,-0.39772645,2.4782755548437377e-06,1.7632387150082053e-05
Dmel_CG30424,-4.712552,-0.72510993,2.4463348789272778e-06,1.74145648125587e-05
Dmel_CG4293,-4.718406,-0.9711284,2.3769949509642737e-06,1.6930130433941204e-05
Dmel_CG1249,-4.7334037,-0.34666914,2.2078573949865184e-06,1.575106081841359e-05
Dmel_CG12403,-4.7361693,-0.081515215,2.177956258234671e-06,1.5554632168185767e-05
Dmel_CG5184,-4.747697,-0.410475,2.057461265318873e-06,1.4718072121695869e-05
Dmel_CG3320,-4.751289,-0.13049352,2.021241607281058e-06,1.448262593308636e-05
Dmel_CG17202,-4.776304,-0.35122007,1.7854680193076396e-06,1.284227435233809e-05
Dmel_CG1909,-4.78539,-0.15517718,1.7065581713061225e-06,1.230163517780239e-05
Dmel_CG2522,-4.797504,-0.563161,1.6065512917298097e-06,1.1606206995393858e-05
Dmel_CG3948,-4.7999754,-0.3451928,1.586852542963601e-06,1.148345545783061e-05
Dmel_CG14214,-4.8206415,-0.22220056,1.4309734156106243e-06,1.0389183234552052e-05
Dmel_CG4008,-4.833256,-0.41921607,1.343181565543409e-06,9.767985031990004e-06
Dmel_CG8617,-4.8529215,-0.46345675,1.216559813398905e-06,8.891441884246393e-06
Dmel_CG33179,-4.86506,-0.17127566,1.1442205094840024e-06,8.372049952744585e-06
Dmel_CG1100,-4.8785577,-0.37205106,1.068643916137176e-06,7.83652327118227e-06
Dmel_CG1577,-4.8854237,-0.38854754,1.0320674554497423e-06,7.580994092825636e-06
Dmel_CG7636,-4.890744,-0.42862928,1.0045535269933554e-06,7.383018958735841e-06
Dmel_CR45009,-4.902038,-0.50928795,9.484736385443241e-07,6.990404982675807e-06
Dmel_CG3566,-4.9057617,-0.37051508,9.306553236258911e-07,6.870641352678559e-06
Dmel_CG5738,-4.908796,-0.100977324,9.163725996477557e-07,6.769000748719032e-06
Dmel_CG5580,-4.909252,-0.0022365847,9.142425377190555e-07,6.75706478524528e-06
Dmel_CG3329,-4.911973,-0.40067077,9.016436289196376e-07,6.671452098892431e-06
Dmel_CG9327,-4.913511,-0.41823444,8.945975501621471e-07,6.626779259684766e-06
Dmel_CG2239,-4.9144177,-0.03362574,8.904676862031142e-07,6.599907424926747e-06
Dmel_CG11137,-4.9189553,-0.27923542,8.700733442108944e-07,6.459680122189471e-06
Dmel_CG8396,-5.0079103,-0.32593215,5.502416813303753e-07,4.138938714574964e-06
Dmel_CG1307,-5.0089493,-0.43256244,5.472805822986558e-07,4.119022985101166e-06
Dmel_CG9949,-5.0103016,-0.19784527,5.43448662925499e-07,4.092526578512311e-06
Dmel_CG4247,-5.0202346,-0.35264653,5.160845909263667e-07,3.890916585980141e-06
Dmel_CG13623,-5.0229034,-0.3464011,5.089611502418354e-07,3.839413590888611e-06
Dmel_CG13349,-5.045392,-0.41353709,4.5259245266429645e-07,3.424016937513828e-06
Dmel_CG32580,-5.047264,-2.4796178,4.481816419787904e-07,3.394556171321778e-06
Dmel_CG17331,-5.048807,-0.35925353,4.445772016072456e-07,3.3691978121804e-06
Dmel_CG10281,-5.049116,-0.46577227,4.438589591815908e-07,3.3656956622073193e-06
Dmel_CG7277,-5.093031,-0.53225976,3.523837697729642e-07,2.6922529759223967e-06
Dmel_CG5864,-5.105415,-0.18783285,3.3006976887901977e-07,2.5305990856704777e-06
Dmel_CG9131,-5.108294,-1.0930843,3.250807002731471e-07,2.4938035506651637e-06
Dmel_CG14407,-5.117111,-0.28972027,3.1025043557462186e-07,2.382817635234428e-06
Dmel_CG7172,-5.117862,-0.3704359,3.0901846468709416e-07,2.3747436517269617e-06
Dmel_CG2970,-5.1247516,-0.45620513,2.9793050586097733e-07,2.2922159118964307e-06
Dmel_CG2890,-5.1413994,-0.33074576,2.726997265234666e-07,2.100555161925483e-06
Dmel_CG8206,-5.143963,-0.49671236,2.6900304382709857e-07,2.0732956005465703e-06
Dmel_CG17369,-5.163195,-0.07664504,2.4276989585763096e-07,1.8799288164202286e-06
Dmel_CG1646,-5.19132,-0.24026254,2.08808516273307e-07,1.6217214611983024e-06
Dmel_CG9205,-5.1964493,-0.4178167,2.0313109403715258e-07,1.5794945010309005e-06
Dmel_CG7619,-5.1994553,-0.403717,1.9987327916984968e-07,1.5569263554066358e-06
Dmel_CG5289,-5.2142267,-0.5157642,1.8458572968830316e-07,1.4395495987145353e-06
Dmel_CG8029,-5.2390738,-0.20744213,1.6138456904983204e-07,1.2638585350916823e-06
Dmel_CG6605,-5.2420015,-0.11871398,1.588440428074429e-07,1.2454472354013171e-06
Dmel_CG18815,-5.2474875,-0.116899356,1.5418738855502205e-07,1.210519708678352e-06
Dmel_CG4882,-5.2496037,-0.541213,1.524267155355111e-07,1.1979901129498512e-06
Dmel_CG14977,-5.2677517,-0.42308176,1.3810488365610198e-07,1.0899917574323339e-06
Dmel_CG17921,-5.278276,-0.084712386,1.3040484453008063e-07,1.0316978097349726e-06
Dmel_CG10340,-5.285005,-0.36769956,1.2570113303484302e-07,9.956832966913032e-07
Dmel_CG4230,-5.286427,-0.17223325,1.2472848925574892e-07,9.885748355306372e-07
Dmel_CG30116,-5.2954946,-0.12628713,1.1869483209255712e-07,9.41889365053317e-07
Dmel_CG5320,-5.2975965,-0.16643856,1.1733706529066242e-07,9.322408554924999e-07
Dmel_CG11000,-5.32881,-0.06433295,9.885819215716628e-08,7.897237101138736e-07
Dmel_CG12345,-5.354437,-0.17995533,8.582318788802429e-08,6.910554608066956e-07
Dmel_CG13533,-5.358012,-0.54030955,8.414261613431227e-08,6.779387606505196e-07
Dmel_CG1721,-5.4043646,-0.08739475,6.503854921721847e-08,5.272495837529105e-07
Dmel_CG6669,-5.4046946,-0.12795065,6.491886779155377e-08,5.26604223240005e-07
Dmel_CG2934,-5.408114,-0.1595879,6.369184126441439e-08,5.172895463879292e-07
Dmel_CG8635,-5.422324,-0.51880056,5.882905414508192e-08,4.795735735238967e-07
Dmel_CG10851,-5.4512095,-0.08592987,5.002842936375462e-08,4.0960971356330184e-07
Dmel_CG1728,-5.4590535,-0.22114338,4.7867893952563754e-08,3.924092292143732e-07
Dmel_CG31884,-5.467842,-0.20218006,4.555471259383133e-08,3.746148173939534e-07
Dmel_CG11785,-5.499229,-0.38480705,3.8145575908431894e-08,3.1586075174083396e-07
Dmel_CG16757,-5.5193553,-0.047398902,3.40245724410629e-08,2.828063924402325e-07
Dmel_CG14162,-5.5584016,-0.20808199,2.7225625825965674e-08,2.2788022227962734e-07
Dmel_CG13348,-5.6086287,-0.5239905,2.0393587261983834e-08,1.7190001937763282e-07
Dmel_CG1793,-5.63909,-0.082383074,1.7095130686796562e-08,1.4456056136112846e-07
Dmel_CG7494,-5.644841,-0.49652213,1.6533372985063497e-08,1.4017100283659316e-07
Dmel_CG9677,-5.660736,-0.42060518,1.5072501234138113e-08,1.2786813345242668e-07
Dmel_CG9361,-5.6805367,-0.41722497,1.3427279355307163e-08,1.1420574628355433e-07
Dmel_CG40127,-5.683351,-0.047367256,1.3208085980818892e-08,1.1241415665410691e-07
Dmel_CG12230,-5.6916137,-0.5103262,1.2584419318908669e-08,1.0731463612574875e-07
Dmel_CG2082,-5.708887,-0.1735125,1.137173906302053e-08,9.722577945813454e-08
Dmel_CG2803,-5.723905,-0.25773096,1.0410304280027069e-08,8.941294676067693e-08
Dmel_CG8386,-5.7801633,-0.49570766,7.46281115628065e-09,6.460395349452175e-08
Dmel_CG4422,-5.787761,-0.21623282,7.133064503127281e-09,6.187168358785188e-08
Dmel_CG3056,-5.8255043,-0.25623015,5.6940449214087054e-09,4.9684889981561624e-08
Dmel_CG2182,-5.8320646,-0.36225024,5.474574116921515e-09,4.7801580379046925e-08
Dmel_CG5641,-5.850609,-0.54415977,4.897768741262209e-09,4.293103786876437e-08
Dmel_CG9042,-5.851195,-0.1869567,4.880547095882899e-09,4.2842531320639393e-08
Dmel_CG33104,-5.8611884,-0.5548393,4.595664501818713e-09,4.039573726983258e-08
Dmel_CG6233,-5.8964553,-0.41662854,3.7139300269211582e-09,3.2865154534525885e-08
Dmel_CR45312,-5.9058776,-0.30621278,3.5077432480368948e-09,3.110341027156062e-08
Dmel_CG2889,-5.915614,-0.85572284,3.3063957054288632e-09,2.9337843325483247e-08
Dmel_CG12954,-5.9211965,-0.38343114,3.1960795043167548e-09,2.83973500785845e-08
Dmel_CG14791,-5.928767,-0.42828667,3.05217217584134e-09,2.713707345245673e-08
Dmel_CG1200,-5.9723783,-0.1427863,2.338198604276468e-09,2.1002233669717747e-08
Dmel_CG3887,-5.981849,-0.386652,2.2061833304605573e-09,1.9857161058617935e-08
Dmel_CG5442,-6.013396,-0.30407357,1.8167668886891873e-09,1.6487661384160642e-08
Dmel_CG13344,-6.0403705,-0.3815371,1.5376058418360882e-09,1.4051236695109899e-08
Dmel_CG5352,-6.0408835,-0.4381172,1.5327263354853625e-09,1.4016393023391198e-08
Dmel_CG8481,-6.0442863,-0.33136696,1.5007283516393968e-09,1.3733336538226542e-08
Dmel_CG4921,-6.0925603,-0.24941286,1.1111899569450803e-09,1.0239934939842427e-08
Dmel_CG12162,-6.116044,-0.5094557,9.592669392106161e-10,8.864786813056757e-09
Dmel_CG4768,-6.1205926,-0.36591285,9.32278831079088e-10,8.645784134940224e-09
Dmel_CG2286,-6.1332407,-0.26466727,8.610661378172745e-10,8.029107699801028e-09
Dmel_CG3198,-6.2083673,-0.20218669,5.353790567677046e-10,5.032486541476685e-09
Dmel_CG1444,-6.2289557,-0.23650332,4.695539170433717e-10,4.426404608225931e-09
Dmel_CG11077,-6.279999,-0.4872216,3.385760567750099e-10,3.2124389617909065e-09
Dmel_CG8636,-6.293028,-0.31619108,3.11332440646e-10,2.9625051430333716e-09
Dmel_CG8108,-6.3303685,-0.18795203,2.4457616963906186e-10,2.335737968914907e-09
Dmel_CG42342,-6.347171,-0.1736732,2.1931087249451354e-10,2.0974993998911224e-09
Dmel_CG7070,-6.3500075,-0.09603613,2.153047027364062e-10,2.0621859319672842e-09
Dmel_CG9245,-6.3993363,-0.20945899,1.560538322349778e-10,1.503448247360589e-09
Dmel_CG1598,-6.4114275,-0.43596157,1.441632818432726e-10,1.3909322222484916e-09
Dmel_CG3620,-6.435577,-0.09936904,1.2300525053842288e-10,1.1902886578243116e-09
Dmel_CG10077,-6.4415636,-0.047269218,1.182487045687255e-10,1.1467942632749978e-09
Dmel_CG10161,-6.44896,-0.47873822,1.1262039530465743e-10,1.0930167021406967e-09
Dmel_CG18317,-6.4492636,-0.4094509,1.1239510403627556e-10,1.0916364095644473e-09
Dmel_CG14813,-6.4567385,-0.5168786,1.0698349149089821e-10,1.042157199171159e-09
Dmel_CG6999,-6.477045,-1.0566945,9.353614065932443e-11,9.172824062717779e-10
Dmel_CG42361,-6.4919934,-0.2954468,8.470801896474525e-11,8.331946685746387e-10
Dmel_CG11981,-6.510759,-0.5385701,7.477207963758567e-11,7.38226820824578e-10
Dmel_CG13778,-6.577064,-0.05424549,4.7982836270251914e-11,4.800829330528953e-10
Dmel_CR42862,-6.59378,-0.014380362,4.287673991659139e-11,4.297812656322864e-10
Dmel_CG3269,-6.613467,-0.14762455,3.754212921905485e-11,3.7798737266692043e-10
Dmel_CG11711,-6.7429185,-0.15454057,1.5523619605350147e-11,1.5875166166062745e-10
Dmel_CG8418,-6.751065,-0.07642706,1.46763911857517e-11,1.502044054298778e-10
Dmel_CG9378,-6.7992845,-0.4931227,1.0514004914839217e-11,1.0853459433299462e-10
Dmel_CG6056,-6.830944,-0.21073343,8.435759588875531e-12,8.763187095447695e-11
Dmel_CG13772,-6.8790298,-0.12448478,6.0261620743557525e-12,6.30994388996884e-11
Dmel_CG3265,-6.9109015,-0.21639709,4.815840096367995e-12,5.0668498563948616e-11
Dmel_CG32706,-6.93326,-1.2487581,4.112511768439832e-12,4.3512493678798574e-11
Dmel_CG2922,-6.945867,-0.14726484,3.761423831961232e-12,3.982987153569907e-11
Dmel_CG5946,-6.9512296,-0.27129316,3.6211552105761754e-12,3.84064573221804e-11
Dmel_CG1354,-6.9617343,-0.590846,3.361088927500097e-12,3.573468413938412e-11
Dmel_CG5497,-6.9635816,-0.4557616,3.317286331512026e-12,3.529753820437209e-11
Dmel_CG6302,-6.9816694,-0.46064448,2.9169334320778276e-12,3.113844210473983e-11
Dmel_CG5012,-6.9832325,-0.3581558,2.884639583589527e-12,3.081873883573169e-11
Dmel_CG17642,-6.991421,-0.46797848,2.7211556998337856e-12,2.91432005309827e-11
Dmel_CG8397,-7.0081716,-0.48031384,2.414529560506521e-12,2.590149628948261e-11
Dmel_CG15735,-7.026811,-0.36266652,2.113071857425631e-12,2.2779226643503048e-11
Dmel_CG2957,-7.038217,-0.5084088,1.94715405371191e-12,2.105971310273927e-11
Dmel_CG7414,-7.040038,-0.43407923,1.921873825771306e-12,2.0820563845392193e-11
Dmel_CG8360,-7.110788,-0.51798,1.1538247025509031e-12,1.25620633108711e-11
Dmel_CG7770,-7.1814175,-0.31563786,6.899237250897673e-13,7.62513681362879e-12
Dmel_CG2151,-7.187826,-0.47709748,6.583107846808849e-13,7.288005072865634e-12
Dmel_CG7188,-7.2016344,-0.28122395,5.949499343557287e-13,6.603240783250533e-12
Dmel_CG4634,-7.2041655,-0.42000565,5.840045482994108e-13,6.487239027221097e-12
Dmel_CG11099,-7.218811,-0.34647983,5.244405950848789e-13,5.830519340110317e-12
Dmel_CG12264,-7.240254,-0.65687156,4.4784571380153285e-13,5.004371194783965e-12
Dmel_CG6050,-7.2999306,-0.5771917,2.879162239976569e-13,3.2757637225568913e-12
Dmel_CG42593,-7.36932,-0.1732192,1.7150069242254016e-13,1.9665712034246074e-12
Dmel_CG4365,-7.382185,-0.4855799,1.5571259208219493e-13,1.7917856151945042e-12
Dmel_CG6412,-7.3844566,-0.4343206,1.5307708061029252e-13,1.7630025559157351e-12
Dmel_CG13369,-7.3865585,-0.74648154,1.5067774716478234e-13,1.7368914697301795e-12
Dmel_CG9075,-7.4261336,-0.026211377,1.1181799223074626e-13,1.2912128610757791e-12
Dmel_CG14818,-7.4465337,-0.25233585,9.58247407251836e-14,1.111414755401269e-12
Dmel_CG11958,-7.454501,-0.34924322,9.020833372854166e-14,1.0471976267904293e-12
Dmel_CG11699,-7.5831575,-0.40402448,3.37244485868423e-14,3.988955705487801e-13
Dmel_CG4535,-7.5936975,-0.45596114,3.109039226450804e-14,3.6873541944756335e-13
Dmel_CG4742,-7.6620946,-0.5242536,1.8292468481949437e-14,2.189265285257719e-13
Dmel_CG12237,-7.705858,-0.541517,1.2996709079634368e-14,1.564008736405451e-13
Dmel_CG5021,-7.707444,-0.43918753,1.2836228275792968e-14,1.5461125185352465e-13
Dmel_CG12664,-7.716642,-0.19126852,1.1943437496067628e-14,1.4398964416130707e-13
Dmel_CG7220,-7.7988787,-0.3474942,6.2459611630257344e-15,7.613930950215322e-14
Dmel_CG43479,-7.8777294,-0.15029919,3.333840350219266e-15,4.1330184945501296e-14
Dmel_CG4759,-7.9176054,-0.06214983,2.4212804688847653e-15,3.0216568510555273e-14
Dmel_CG7843,-7.968808,-0.38438538,1.6021197190232168e-15,2.0089174835576424e-14
Dmel_CG12085,-7.9695764,-0.14080136,1.592189418868453e-15,2.000283093054526e-14
Dmel_CG8289,-7.9720874,-0.5898783,1.5601645408223456e-15,1.9638048113933376e-14
Dmel_CG5214,-8.006116,-0.37617174,1.1838834962618443e-15,1.4973448531642826e-14
Dmel_CG42313,-8.008465,-0.21250695,1.1614930950833707e-15,1.470441306598321e-14
Dmel_CG6878,-8.025034,-0.37586948,1.0149766887695347e-15,1.2861917711784432e-14
Dmel_CG6049,-8.04226,-0.33165446,8.819666494584877e-16,1.1219674482607926e-14
Dmel_CG1600,-8.116451,-0.19070037,4.80014714881783e-16,6.172087444482887e-15
Dmel_CG32031,-8.141481,-0.04229811,3.9047154830290966e-16,5.050380527803677e-15
Dmel_CG17704,-8.151652,-0.13193698,3.5898375533455614e-16,4.652273697092113e-15
Dmel_CG11024,-8.160501,-0.42915326,3.336384896799509e-16,4.32807837402195e-15
Dmel_CG4147,-8.174886,-0.35842645,2.9614627156905324e-16,3.8531268858306225e-15
Dmel_CG45049,-8.194524,-0.16993272,2.5158661880871904e-16,3.286381468951667e-15
Dmel_CG17146,-8.195967,-0.31665766,2.4858705905709157e-16,3.250430391113672e-15
Dmel_CR18854,-8.207687,-0.34833553,2.2548878967622157e-16,2.9601879971380896e-15
Dmel_CG30185,-8.262302,-0.41869932,1.4288876485396562e-16,1.8833513128846157e-15
Dmel_CG9339,-8.298599,-0.15267025,1.0534599511068697e-16,1.3955158485378402e-15
Dmel_CG8472,-8.309969,-0.028731532,9.572685204186906e-17,1.2732252658726733e-15
Dmel_CG13585,-8.322911,-0.2885267,8.582870741452799e-17,1.143889497093623e-15
Dmel_CR31400,-8.323567,-0.027193213,8.535475444066414e-17,1.1387277442687996e-15
Dmel_CG42813,-8.325702,-0.5065536,8.383045359918516e-17,1.119528445880988e-15
Dmel_CG4466,-8.381638,-0.7646438,5.219630415180024e-17,7.034991106244175e-16
Dmel_CG1341,-8.388861,-0.5544458,4.908743383920473e-17,6.629578294768646e-16
Dmel_CG5362,-8.389939,-0.39444366,4.863935584532862e-17,6.575820732134397e-16
Dmel_CG18314,-8.4061,-0.09496511,4.2386910509102243e-17,5.7364200926891095e-16
Dmel_CG32425,-8.416163,-0.31878865,3.890146851780693e-17,5.281035101162199e-16
Dmel_CG7726,-8.427979,-0.2374655,3.5168517371167054e-17,4.78415617778992e-16
Dmel_CG10990,-8.523732,-0.12066907,1.5449210544803726e-17,2.1147716225965186e-16
Dmel_CG42674,-8.528712,-0.37795237,1.4798605008065372e-17,2.0278322987800922e-16
Dmel_CG6329,-8.5559435,-0.049887065,1.1690877219409722e-17,1.6103754459147083e-16
Dmel_CG3662,-8.561768,-0.07486578,1.1114965258630963e-17,1.534262168736024e-16
Dmel_CG17358,-8.591503,-0.35975403,8.583888139629715e-18,1.1923982456963434e-16
Dmel_CG5028,-8.607303,-0.2810249,7.480003359155327e-18,1.0423618678967141e-16
Dmel_CG1524,-8.631307,-0.095336474,6.0654954262303354e-18,8.47042246504706e-17
Dmel_CG12101,-8.668255,-0.20094466,4.387922552492676e-18,6.167025696503342e-17
Dmel_CG4364,-8.673833,-0.46909395,4.1781348455934994e-18,5.891080472740791e-17
Dmel_CG3703,-8.755465,-0.6212457,2.0326405537622567e-18,2.909687311218934e-17
Dmel_CG8905,-8.757403,-0.38243145,1.9980043736495915e-18,2.8663510342935896e-17
Dmel_CG5504,-8.783776,-0.60066557,1.580756234751429e-18,2.280210502839575e-17
Dmel_CG14048,-8.791784,-0.68501246,1.4720280383437517e-18,2.1280440541116878e-17
Dmel_CG7382,-8.812574,-0.44360122,1.2230375482581539e-18,1.7759045769790495e-17
Dmel_CG15012,-8.868794,-0.36474663,7.394188500525188e-19,1.0784354171520699e-17
Dmel_CG5163,-8.892809,-0.41676834,5.958305564759918e-19,8.738626498494429e-18
Dmel_CG4046,-8.9284935,-0.09926267,4.3184964388731395e-19,6.397898726407207e-18
Dmel_CG9954,-8.933541,-0.32046002,4.12586965526633e-19,6.11941909027707e-18
Dmel_CG5548,-9.037264,-0.2785452,1.6064217099441864e-19,2.4348313368369727e-18
Dmel_CG9324,-9.055387,-0.39829493,1.3608443263520571e-19,2.0721732668125588e-18
Dmel_CG4032,-9.100931,-0.15700278,8.956061302815033e-20,1.3685069951196784e-18
Dmel_CG15811,-9.120757,-0.3119869,7.460102997373903e-20,1.145247821127225e-18
Dmel_CG12038,-9.161542,-0.43933737,5.116112084754291e-20,7.900214912544786e-19
Dmel_CG3082,-9.186183,-0.35028434,4.0703001128215973e-20,6.314972111285551e-19
Dmel_CG4685,-9.194235,-0.42939836,3.776720846849478e-20,5.866417097925413e-19
Dmel_CG4027,-9.2549715,-0.11590666,2.142877603332962e-20,3.344365152660149e-19
Dmel_CG3800,-9.3451605,-0.22598936,9.175050487154053e-21,1.4439441730741486e-19
Dmel_CG1814,-9.371462,-0.44299698,7.153447079299275e-21,1.1298491354455743e-19
Dmel_CG5261,-9.402166,-0.46857765,5.3450875401781904e-21,8.483067073125796e-20
Dmel_CG6092,-9.430573,-0.29508987,4.078519248989454e-21,6.504347263467284e-20
Dmel_CG2469,-9.439947,-0.4003436,3.7296712471290216e-21,5.955238135907956e-20
Dmel_CG4094,-9.4431095,-0.47464317,3.618776876402826e-21,5.785200356789481e-20
Dmel_CG14817,-9.461887,-0.49908206,3.024341304805908e-21,4.846691352006638e-20
Dmel_CG34127,-9.493899,-0.15862639,2.2254932692866753e-21,3.6016264841990396e-20
Dmel_CG15442,-9.523093,-0.090947725,1.6809930238615599e-21,2.7237890661608826e-20
Dmel_CG9828,-9.540795,-0.37450323,1.41741473643585e-21,2.2995366730251242e-20
Dmel_CG7939,-9.554202,-0.036863904,1.245400540495524e-21,2.0254713493380793e-20
Dmel_CG8174,-9.585005,-0.3459545,9.245375306757219e-22,1.514881258180756e-20
Dmel_CG6593,-9.6556015,-0.22806948,4.654179046646652e-22,7.664231435085671e-21
Dmel_CG16982,-9.73634,-0.43775737,2.1101887031966246e-22,3.523505685985622e-21
Dmel_CG5784,-9.738334,-0.2698844,2.0691867234141743e-22,3.4594380066648425e-21
Dmel_CG9172,-9.738439,-0.23043154,2.0670651717252062e-22,3.4594380066648425e-21
Dmel_CG11876,-9.77391,-0.3993238,1.457177743764228e-22,2.4486921650646702e-21
Dmel_CG4183,-9.80045,-0.72485954,1.1208505442291171e-22,1.8907698333395158e-21
Dmel_CG6767,-9.822791,-0.33297518,8.982119301795792e-23,1.5230197386438516e-21
Dmel_CG2249,-9.8273945,-0.1189577,8.580980784653779e-23,1.4568820218492934e-21
Dmel_CG9637,-9.840157,-0.3187362,7.559288480427288e-23,1.285079041672639e-21
Dmel_CG33182,-9.88879,-0.42818806,4.6561998794571595e-23,7.977460575742703e-22
Dmel_CG1989,-9.890781,-0.5555813,4.564511685025791e-23,7.830580685760303e-22
Dmel_CG42276,-9.897142,-0.16800067,4.283404902995711e-23,7.367568564171026e-22
Dmel_CG10840,-9.900283,-0.3599004,4.1509839550294246e-23,7.149158604592617e-22
Dmel_CG17680,-9.964527,-0.35635823,2.1790889255048338e-23,3.7827486882508617e-22
Dmel_CG3719,-10.062616,-0.51835895,8.082106575436832e-24,1.4255968121854416e-22
Dmel_CG8597,-10.065532,-0.4626988,7.846211109281147e-24,1.3877127885203709e-22
Dmel_CG31196,-10.075269,-0.039942775,7.106654463480351e-24,1.26030426861802e-22
Dmel_CG15004,-10.137461,-0.32213673,3.767668064450629e-24,6.75456016847827e-23
Dmel_CG43444,-10.143028,-0.13394874,3.558933014556407e-24,6.397802837795588e-23
Dmel_CG2947,-10.244641,-0.9011406,1.2508811813678242e-24,2.2641638573491152e-23
Dmel_CG30423,-10.245586,-0.3745144,1.238712932625291e-24,2.245231261741924e-23
Dmel_CG3109,-10.259783,-0.7386892,1.0694710626380847e-24,1.9465262097128905e-23
Dmel_CG1715,-10.360132,-0.45403713,3.7644073039408993e-25,6.938019127782238e-24
Dmel_CG6341,-10.435759,-0.36375853,1.7024798526960053e-25,3.19148184654468e-24
Dmel_CG17734,-10.446144,-0.40336412,1.526047332055692e-25,2.8730355287312106e-24
Dmel_CG8993,-10.447339,-0.35716647,1.5069369336733382e-25,2.841127438364611e-24
Dmel_CG15441,-10.456896,-0.46273965,1.3624691221258044e-25,2.5724434962435626e-24
Dmel_CG4035,-10.4835005,-0.2420137,1.0286417706734548e-25,1.9477494968904712e-24
Dmel_CG2968,-10.503118,-0.24917129,8.3573696044672e-26,1.5870548261893568e-24
Dmel_CG5325,-10.583667,-0.49511972,3.547964454538937e-26,6.786579461003809e-25
Dmel_CG14437,-10.601796,-0.4855092,2.9231155204669894e-26,5.599513273244418e-25
Dmel_CG32676,-10.605338,-0.3467879,2.814447144551199e-26,5.399218967379169e-25
Dmel_CG7990,-10.611669,-0.38005036,2.630086444310907e-26,5.075178555754718e-25
Dmel_CG12775,-10.6356125,-0.048397444,2.0348822077618005e-26,3.9440098956043985e-25
Dmel_CG5962,-10.686462,-1.0935882,1.1777840986586401e-26,2.289535627288933e-25
Dmel_CG11303,-10.866881,-0.10705433,1.6577008467925602e-27,3.3055913243855894e-26
Dmel_CG4111,-10.892083,-0.15274413,1.257307097258951e-27,2.5109836725045407e-26
Dmel_CG15628,-10.903394,-0.21006668,1.110364462279868e-27,2.2276792975297323e-26
Dmel_CG3028,-10.927816,-0.39116365,8.486590109869046e-28,1.7157273943659866e-26
Dmel_CG10944,-10.958504,-0.07922929,6.049138788410048e-28,1.226724271890377e-26
Dmel_CG17489,-10.973273,-0.18042737,5.13781694569968e-28,1.0435247679047837e-26
Dmel_CG1864,-10.978522,-0.31954223,4.84787708040095e-28,9.861602587236668e-27
Dmel_CG9124,-11.0693035,-0.5146799,1.7676889945945652e-28,3.6581419020420755e-27
Dmel_CG42260,-11.174957,-0.17136519,5.407626427909594e-29,1.1279622045898408e-27
Dmel_CG15772,-11.192541,-0.45499057,4.4353941379892275e-29,9.295935305792095e-28
Dmel_CG7622,-11.196924,-0.040001117,4.2213600644772173e-29,8.875662817167219e-28
Dmel_CG5269,-11.23741,-0.35002404,2.671043827868263e-29,5.679641900002726e-28
Dmel_CG5472,-11.293656,-0.33371013,1.4104386781857988e-29,3.0285252728822844e-28
Dmel_CG4494,-11.372339,-0.24918371,5.742777382024999e-30,1.2412144338353703e-28
Dmel_CG12323,-11.382365,-0.54406345,5.1192304516135246e-30,1.1119307002422038e-28
Dmel_CG6998,-11.416104,-0.046022974,3.474615256381185e-30,7.572125884594553e-29
Dmel_CG8229,-11.455149,-0.7307636,2.2158375734925536e-30,4.8692845406798744e-29
Dmel_CG6963,-11.582596,-0.18052001,5.049345512208075e-31,1.1284600234001074e-29
Dmel_CG8198,-11.6266775,-0.3088268,3.016086706520252e-31,6.775110326561133e-30
Dmel_CG7430,-11.664784,-0.42179197,1.9289123771084755e-31,4.3478280527585725e-30
Dmel_CG12091,-11.75631,-0.40660903,6.553580004213752e-32,1.502977222257817e-30
Dmel_CG11455,-11.850685,-0.2831999,2.13438838633538e-32,4.964247395545704e-31
Dmel_CG10497,-11.885258,-0.14597096,1.41199325928671e-32,3.289894223455081e-31
Dmel_CG3644,-11.936204,-0.25722867,7.664216818205053e-33,1.7889071617767778e-31
Dmel_CG1088,-11.950342,-0.1856881,6.46586766570477e-33,1.5118855337193305e-31
Dmel_CG11525,-11.980177,-0.13461708,4.513568990494828e-33,1.0591573232873668e-31
Dmel_CG16779,-12.02146,-0.17925273,2.7408521071428314e-33,6.443208862247576e-32
Dmel_CG1633,-12.027646,-0.40048537,2.5430894903322402e-33,5.989021324812897e-32
Dmel_CG4918,-12.075833,-0.14049484,1.4172120688956525e-33,3.3556006842086067e-32
Dmel_CG12822,-12.113639,-0.5289694,8.943677869645146e-34,2.12529603770356e-32
Dmel_CG7920,-12.295704,-0.4398984,9.552086753779737e-35,2.303192147365496e-33
Dmel_CG8261,-12.386188,-0.074276105,3.104539708119271e-35,7.597161322978649e-34
Dmel_CG10537,-12.4516115,-0.09333721,1.370493573977798e-35,3.366290851521915e-34
Dmel_CG32130,-12.512011,-0.45082805,6.417895589770919e-36,1.5852925929545045e-34
Dmel_CG6090,-12.522922,-0.4250227,5.593771912099002e-36,1.3869388056017544e-34
Dmel_CG2210,-12.599654,-0.31267664,2.1207235551753526e-36,5.288126800485637e-35
Dmel_CG15081,-12.645623,-0.6124611,1.182823825150447e-36,2.994891692929099e-35
Dmel_CG1079,-12.701578,-0.31121588,5.7949495426683376e-37,1.470104863710514e-35
Dmel_CG7686,-12.826702,-0.47964436,1.1620587901086008e-37,2.976727984564741e-36
Dmel_CG6582,-12.8372,-0.2775733,1.0147831300573863e-37,2.6096409221299638e-36
Dmel_CG6143,-12.988313,-0.3399657,1.4253410614076154e-38,3.7237389439279274e-37
Dmel_CG1130,-13.099678,-0.10609168,3.306582927147582e-39,8.725262298322566e-38
Dmel_CG8479,-13.100717,-0.3856166,3.261636297662446e-39,8.623976375771066e-38
Dmel_CG9916,-13.107071,-0.1886873,2.9996032916210255e-39,7.947134446611269e-38
Dmel_CG13240,-13.107969,-0.37810335,2.964294829885581e-39,7.869454214045741e-38
Dmel_CG6343,-13.119295,-0.5323621,2.5529930774211038e-39,6.805047064987977e-38
Dmel_CG9350,-13.239959,-0.4724401,5.157727575791364e-40,1.388887255603982e-38
Dmel_CG4899,-13.250201,-2.0881405,4.499968441852956e-40,1.2167507262220103e-38
Dmel_CG5655,-13.357767,-0.32379562,1.0671763367468829e-40,2.909494655848711e-39
Dmel_CG11015,-13.379955,-0.2347908,7.919478440983579e-41,2.1726485635274575e-39
Dmel_CG1065,-13.42049,-0.3510791,4.586694893574782e-41,1.271598261528823e-39
Dmel_CG1458,-13.509161,-0.41099945,1.3808626616258753e-41,3.8444737789037345e-40
Dmel_CG16817,-13.563534,-0.41963586,6.588423809366537e-42,1.8579072377443278e-40
Dmel_CG11267,-13.602234,-0.37239966,3.883888664051458e-42,1.1023365212591838e-40
Dmel_CG8882,-13.792917,-0.51370895,2.811553301082727e-43,8.174031400338079e-42
Dmel_CG31688,-13.802214,-0.42436326,2.4714609177515443e-43,7.201212399151451e-42
Dmel_CG4758,-13.817425,-0.41638595,2.001010739436936e-43,5.856410273260751e-42
Dmel_CG13917,-13.8647995,-0.18274105,1.0351563070924248e-43,3.0431742799779763e-42
Dmel_CG17870,-13.881185,-0.05392711,8.237155042379749e-44,2.4434414088467783e-42
Dmel_CG2512,-13.9692545,-0.52478915,2.4012780081199673e-44,7.187971367814235e-43
Dmel_CG32278,-14.00565,-0.44343242,1.439570979732673e-44,4.328924998779647e-43
Dmel_CG1221,-14.064501,-0.10909977,6.276445872948565e-45,1.909230907787433e-43
Dmel_CG43729,-14.070411,-0.22242506,5.773291612934382e-45,1.760251162078207e-43
Dmel_CG7283,-14.167008,-0.18017873,1.4661540482145613e-45,4.501572511118586e-44
Dmel_CG3192,-14.176355,-0.49673605,1.2834132114599338e-45,3.949726700654565e-44
Dmel_CG9277,-14.2039175,-0.34027636,8.663108212389713e-46,2.678633059270899e-44
Dmel_CG2099,-14.273128,-0.21156,3.218141798169555e-46,1.0045035954809055e-44
Dmel_CG2269,-14.4753685,-0.19892988,1.7339432558885213e-47,5.571087610178743e-46
Dmel_CG1912,-14.477428,-0.4562212,1.6827669698614774e-47,5.419911948762175e-46
Dmel_CG8367,-14.67443,-0.2946116,9.400166325942601e-49,3.08048842117735e-47
Dmel_CG3017,-14.736747,-0.6905962,3.743898212891903e-49,1.2392585998894834e-47
Dmel_CG7603,-14.952673,-0.5031235,1.4962091550564593e-50,5.0937006493774435e-49
Dmel_CG9745,-14.953203,-0.41193914,1.4843334665254896e-50,5.066396385353626e-49
Dmel_CG6625,-14.96222,-0.21923983,1.2962878647775563e-50,4.436072612250486e-49
Dmel_CG11348,-14.975728,-0.14168411,1.0580232161500673e-50,3.630152241103925e-49
Dmel_CG12203,-15.207063,-0.37188354,3.1747236475595985e-52,1.136758677182035e-50
Dmel_CG5642,-15.281699,-0.51747686,1.0126600133855251e-52,3.645853489287448e-51
Dmel_CG8615,-15.323721,-0.19216688,5.308928710985604e-53,1.921890693968645e-51
Dmel_CG4550,-15.409273,-1.3476907,1.4179770112880852e-53,5.1904278287846034e-52
Dmel_CG31136,-15.545149,-0.14244969,1.7162286986931295e-54,6.49941248689522e-53
Dmel_CG11154,-15.644227,-0.17910442,3.6375890846500234e-55,1.3895801791100567e-53
Dmel_CG10992,-15.725633,-0.7033645,1.0093800541813784e-55,3.889813282110702e-54
Dmel_CG6044,-15.753406,-0.3716696,6.508030410073993e-56,2.5302375035142704e-54
Dmel_CG5657,-15.847001,-0.5857015,1.474511886724255e-56,5.7668335426914986e-55
Dmel_CG1242,-16.042276,-0.2280453,6.473750100115381e-58,2.6015764546060003e-56
Dmel_CG4212,-16.047995,-0.4381563,5.904061396223027e-58,2.3799162824468344e-56
Dmel_CG31030,-16.150372,-0.3208305,1.1287945445861813e-58,4.5782373797552496e-57
Dmel_CR31451,-16.478897,-0.08126252,5.202562725143493e-61,2.2053831216487305e-59
Dmel_CG12233,-16.495173,-0.44257474,3.974293012456841e-61,1.690167782417325e-59
Dmel_CG12079,-16.677946,-0.5153857,1.8963028812632695e-62,8.251429192940604e-61
Dmel_CG7712,-16.755667,-0.37977195,5.148001995842116e-63,2.26253826847362e-61
Dmel_CG8309,-16.827208,-0.4018012,1.5420339123283465e-63,6.869107675222645e-62
Dmel_CG33472,-16.83372,-0.15749776,1.3814437944608068e-63,6.174677858166484e-62
Dmel_CG12740,-16.937927,-0.17917748,2.3630481129024684e-64,1.0707867328155634e-62
Dmel_CG5703,-17.063448,-0.61934525,2.776668893659603e-65,1.2713660603338273e-63
Dmel_CG5825,-17.142477,-0.4852731,7.153625150776198e-66,3.32175929704417e-64
Dmel_CG4769,-17.235271,-0.38286856,1.443719972151238e-66,6.78936531237589e-65
Dmel_CG7892,-17.75111,-0.23113288,1.689792926489861e-70,8.347958213159122e-69
Dmel_CG7977,-17.812471,-0.25189885,5.655625414724588e-71,2.8045499462224835e-69
Dmel_CG3446,-17.86021,-0.40731817,2.407333503421664e-71,1.2074339529948125e-69
Dmel_CG3395,-17.894718,-0.19609581,1.2965239536173852e-71,6.552931259417714e-70
Dmel_CG42392,-17.983477,-0.3179629,2.6250715927890326e-72,1.3370568139860727e-70
Dmel_CG5277,-18.081139,-0.39971516,4.4871814975927576e-73,2.3033614085885323e-71
Dmel_CG3321,-18.123,-0.275854,2.0983841492297314e-73,1.0942407184534882e-71
Dmel_CG16944,-18.144115,-0.15660536,1.4291588312958687e-73,7.48230127572072e-72
Dmel_CG6463,-18.398926,-0.45409638,1.3399325028449766e-75,7.246112353862485e-74
Dmel_CG6022,-18.446308,-0.67120624,5.583199033659093e-76,3.0317693595584357e-74
Dmel_CG8048,-18.67972,-0.34817892,7.239739102494506e-78,3.980644834555661e-76
Dmel_CG12055,-18.735651,-0.4843876,2.5352537820516663e-78,1.3998222668042417e-76
Dmel_CG2852,-18.794825,-0.4210819,8.325493578941856e-79,4.655545154079784e-77
Dmel_CG1830,-18.827196,-0.57728297,4.5207946762858925e-79,2.5387932838065347e-77
Dmel_CG6666,-18.950964,-0.43890914,4.335711981602616e-80,2.4880170807965055e-78
Dmel_CG6008,-18.993565,-0.6004447,1.927855738881283e-80,1.111138257221006e-78
Dmel_CG3621,-19.228086,-0.5432095,2.154335655826449e-82,1.281001124579881e-80
Dmel_CG3694,-19.420305,-0.15971978,5.198039340651083e-84,3.1623812488655496e-82
Dmel_CG9160,-19.638988,-0.48728204,7.181528677610252e-86,4.430632317017667e-84
Dmel_CG3195,-19.685219,-0.27340043,2.8868397342401664e-86,1.7894321201721711e-84
Dmel_CG2033,-19.701,-0.28170252,2.1140138402666985e-86,1.3228693273783184e-84
Dmel_CG8210,-19.800001,-0.41395852,2.9769108185391167e-87,1.8990089838069192e-85
Dmel_CG7998,-19.819601,-0.494005,2.0169883296814776e-87,1.2929387141631364e-85
Dmel_CG17654,-20.22437,-0.2925396,5.974939153881683e-91,4.005952827610164e-89
Dmel_CG42670,-20.234463,-0.15948716,4.8690340053828077e-91,3.2981430858111074e-89
Dmel_CG2168,-20.487808,-0.3016208,2.7656294191955354e-93,1.9331455424281132e-91
Dmel_CG6764,-20.65699,-0.42198402,8.446861320570776e-95,6.000011060195706e-93
Dmel_CG6141,-20.690897,-0.25654978,4.1835542302703905e-95,2.987830768477348e-93
Dmel_CG1475,-20.7233,-0.29888156,2.1353168925762124e-95,1.5333442232428419e-93
Dmel_CG11001,-20.735994,-0.42230397,1.6403113974434728e-95,1.184358905154103e-93
Dmel_CG3127,-20.737812,-0.5476343,1.579497608731589e-95,1.146750169963636e-93
Dmel_CG15693,-20.944002,-0.31615987,2.128107882060315e-97,1.5623165183326592e-95
Dmel_CG1873,-20.973505,-0.30855787,1.1450838091300976e-97,8.501438607784527e-96
Dmel_CG8857,-21.018608,-0.25108936,4.4324031298969264e-98,3.3094437232940633e-96
Dmel_CG17420,-21.255568,-0.21298145,2.9279862393415256e-100,2.263333363010999e-98
Dmel_CG3683,-21.31763,-0.5960142,7.790265199782451e-101,6.057507395878176e-99
Dmel_CG8759,-21.692507,-0.38724247,2.4146139785735734e-104,1.9466529013764004e-102
Dmel_CG11793,-22.2268,-0.43678057,1.8914186889281204e-109,1.5831294898856327e-107
Dmel_CG3379,-22.27675,-0.20178382,6.210313563609631e-110,5.231392983294498e-108
Dmel_CG4651,-22.311186,-0.29917485,2.877620477435455e-110,2.4555071879207342e-108
Dmel_CG14235,-22.411306,-0.25894678,3.0535386332113443e-111,2.639904682830939e-109
Dmel_CG1469,-22.808805,-0.3107584,3.749536552857532e-115,3.284843989406722e-113
Dmel_CG10305,-22.808987,-0.21752329,3.7339843212651903e-115,3.284843989406722e-113
Dmel_CG5271,-22.910982,-0.2945159,3.6111901015847156e-116,3.2282074234642684e-114
Dmel_CG32490,-22.921791,-0.17496076,2.81752457792377e-116,2.5359651012668676e-114
Dmel_CG9282,-22.96804,-0.2505032,9.730157932762615e-117,8.879444819057883e-115
Dmel_CG10219,-23.097061,-0.61874074,4.9558699253891515e-118,4.6517919063956315e-116
Dmel_CG9140,-23.662722,-0.6260363,8.73084825509865e-124,8.498672364463064e-122
Dmel_CG9762,-23.681736,-0.5454546,5.5621730688343655e-124,5.45466539533973e-122
Dmel_CG2171,-23.76781,-0.49153286,7.190926999528667e-125,7.158785734909561e-123
Dmel_CG8495,-23.857267,-0.25400376,8.51196318359352e-126,8.538603679053622e-124
Dmel_CG42541,-23.892578,-0.4960263,3.658181892496191e-126,3.697859096099419e-124
Dmel_CG6846,-24.060444,-0.31157365,6.490527324739053e-128,6.663439029249679e-126
Dmel_CG9769,-24.074944,-0.6397912,4.575612325542383e-128,4.7344977614135795e-126
Dmel_CG8186,-24.27561,-0.48597044,3.548407675160313e-130,3.7604536499420707e-128
Dmel_CG6779,-24.316904,-0.31556416,1.2989019688575188e-130,1.3877130709558257e-128
Dmel_CG1168,-24.422327,-0.32006574,9.907195196584396e-132,1.084920433985963e-129
Dmel_CG17521,-24.803408,-0.36308748,8.237372629467121e-136,9.412809889028473e-134
Dmel_CG17248,-25.367844,-0.18593541,5.711644553145391e-142,6.949696395637369e-140
Dmel_CG5903,-25.482204,-0.57846105,3.104924805791137e-143,3.813253913355265e-141
Dmel_CG3612,-25.796919,-0.3834239,9.601781071066277e-147,1.2016857624274472e-144
Dmel_CG1263,-25.926058,-0.37152216,3.386637695315763e-148,4.363118230798475e-146
Dmel_CG1913,-26.02464,-0.39776784,2.606298966470409e-149,3.391027199840361e-147
Dmel_CG10186,-26.099545,-0.3370399,3.689482263622406e-150,4.8483486426262036e-148
Dmel_CG6647,-26.15098,-0.3861636,9.605385943734372e-151,1.2749937039051858e-148
Dmel_CG4412,-26.826862,-0.40254876,1.5707906176568152e-158,2.1959318624072562e-156
Dmel_CG3203,-27.077816,-0.3727494,1.7973206162157027e-161,2.539633356740919e-159
Dmel_CG8844,-27.132553,-0.6194009,4.068239644791796e-162,5.874806282660329e-160
Dmel_CG3214,-27.326426,-0.6505764,2.0590232149448267e-164,3.006402674176663e-162
Dmel_CG3283,-27.41585,-0.70648307,1.7751319739635676e-165,2.6507965079380957e-163
Dmel_CG7971,-27.585394,-0.32361865,1.6658621555317216e-167,2.516217768487627e-165
Dmel_CG2960,-28.440512,-0.39107418,6.38496745619654e-178,9.988673493080802e-176
Dmel_CG6020,-28.505865,-0.6739538,9.908841733890093e-179,1.5688203521090327e-176
Dmel_CG7111,-28.632647,-0.4589184,2.6367369011790124e-180,4.225531660779683e-178
Dmel_CG3314,-28.682732,-0.37384614,6.2655238582193e-181,1.0164845558130843e-178
Dmel_CG7808,-28.929392,-0.30702972,5.098487131765968e-184,8.374902424817074e-182
Dmel_CG9354,-28.930534,-0.4433713,4.932565995631965e-184,8.204917689696159e-182
Dmel_CG6684,-28.958668,-0.29633442,2.1827187328436573e-184,3.677321393371603e-182
Dmel_CG12143,-29.36369,-0.58106107,1.5979545468650222e-189,2.7271065844614616e-187
Dmel_CG6510,-29.545467,-0.3963624,7.509513600825413e-192,1.2984541872164044e-189
Dmel_CG5502,-29.801804,-0.4691282,3.701953449710093e-195,6.486316037685377e-193
Dmel_CG6213,-30.269222,-0.40237907,2.9144553703194625e-201,5.175521354238927e-199
Dmel_CG7490,-30.666733,-0.488469,1.5812695013869826e-206,2.8860364607953246e-204
Dmel_CG31363,-30.769201,-0.6145256,6.769708088169856e-208,1.2529680843188744e-205
Dmel_CG6253,-31.099558,-0.33310676,2.44184654826087e-212,4.7188684545141305e-210
Dmel_CG11271,-31.334589,-0.42937583,1.5777682835662675e-215,3.1897620022068184e-213
Dmel_CG4087,-32.018204,-0.43047988,6.08571947405359e-225,1.3788351656644522e-222
Dmel_CG3661,-32.05467,-0.35967076,1.8899286783788833e-225,4.357114519750334e-223
Dmel_CG1746,-32.17589,-0.29044527,3.83774799796738e-227,9.169426625688971e-225
Dmel_CG9603,-32.461613,-0.47186583,3.714416572739512e-231,9.03910151525369e-229
Dmel_CG3731,-32.482525,-0.6655611,1.8823408166870244e-231,4.667139749449847e-229
Dmel_CG6058,-32.56704,-0.46599528,1.2016417533357915e-232,3.036687361651084e-230
Dmel_CG4863,-32.92727,-0.55802876,8.950223827759147e-238,2.4003039045016932e-235
Dmel_CG2746,-32.97259,-0.40988043,2.00762942102366e-238,5.49630379618165e-236
Dmel_CG9306,-33.32142,-0.6823048,1.8904741320963262e-243,5.2856852276335794e-241
Dmel_CG8332,-34.33359,-0.37746274,2.4754111585273854e-258,7.228750674268527e-256
Dmel_CG4897,-34.581486,-0.4169225,4.7957747538852263e-262,1.432301728200131e-259
Dmel_CG6030,-34.90741,-0.6150399,5.7391114423147495e-267,1.885441586586453e-264
Dmel_CG1883,-35.073048,-0.46261284,1.7368587842902196e-269,6.006331916936256e-267
Dmel_CG7610,-35.22871,-0.7027629,7.269192393529912e-272,2.5817420876588263e-269
Dmel_CG14792,-35.365383,-0.48165303,5.817404058453121e-274,2.1235140758925684e-271
Dmel_CG4307,-35.589565,-0.64407915,2.0317239422159796e-277,7.852613036664761e-275
Dmel_CG8900,-36.506645,-0.37355903,8.699826145905154e-292,3.8108138461113212e-289
Dmel_CG11522,-36.653706,-0.47059533,3.994559051043919e-294,1.810086223785108e-291
Dmel_CG4692,-36.655487,-0.45317048,3.741836412065007e-294,1.7561240103909376e-291
Dmel_CG17280,-36.97333,-0.5025657,3.072790807966347e-299,1.4955386669439173e-296
Dmel_CG5920,-37.09305,-0.43458253,3.6368483790634767e-301,1.8381470980489673e-298
Dmel_CG9836,-38.780018,-0.5755363,0.0,0.0
Dmel_CG8189,-39.390636,-0.619793,0.0,0.0
Dmel_CG14206,-40.025852,-0.5507568,0.0,0.0
Dmel_CG9091,-40.323734,-0.42475906,0.0,0.0
Dmel_CG4169,-40.35889,-0.7695162,0.0,0.0
Dmel_CG14724,-44.23591,-0.675396,0.0,0.0
Dmel_CG7361,-45.411625,-0.7929601,0.0,0.0
Dmel_CG10664,-46.63463,-0.59064233,0.0,0.0
Dmel_CG11276,-47.9672,-0.5827237,0.0,0.0
Dmel_CR32665,-141.73848,-9.090916,0.0,0.0
Dmel_CR32777,-174.51584,-7.563075,0.0,0.0
