names,scores,logfoldchanges,pvals,pvals_adj
Dmel_CG12223,52.52903,1.1443479,0.0,0.0
Dmel_CG3997,51.22498,1.052495,0.0,0.0
Dmel_CG14482,51.02695,1.2202955,0.0,0.0
Dmel_CG3001,48.85371,1.0340302,0.0,0.0
Dmel_CR34335,45.351326,0.38517496,0.0,0.0
Dmel_CG9748,45.29425,1.0895495,0.0,0.0
Dmel_CG1659,44.069622,1.1753818,0.0,0.0
Dmel_CG30425,43.85336,0.6707705,0.0,0.0
Dmel_CG9659,42.969418,1.0875704,0.0,0.0
Dmel_CG3399,41.926174,1.279568,0.0,0.0
Dmel_CG15304,41.682728,0.9176606,0.0,0.0
Dmel_CG14975,41.58917,1.0531483,0.0,0.0
Dmel_CG14617,41.254517,1.2379405,0.0,0.0
Dmel_CG43770,41.212734,1.0230923,0.0,0.0
Dmel_CG7761,40.343628,1.3356781,0.0,0.0
Dmel_CG11347,39.97223,0.95461285,0.0,0.0
Dmel_CG9034,39.678062,1.0376006,0.0,0.0
Dmel_CG34200,39.480442,1.3043634,0.0,0.0
Dmel_CG14307,38.700806,1.3127718,0.0,0.0
Dmel_CG17124,37.73277,1.047076,0.0,0.0
Dmel_CG31641,37.28548,0.7410779,2.8213145586361414e-304,1.3241033791084834e-301
Dmel_CG9032,36.49882,0.9464428,1.157745476124032e-291,4.907720419918034e-289
Dmel_CG5036,36.186424,0.8172133,9.954361866542027e-287,4.0878209152571494e-284
Dmel_CG8764,35.821457,1.0557901,5.118677104301277e-281,1.921843880789231e-278
Dmel_CG6146,35.8015,1.0323904,1.0467137291035907e-280,3.820795865041746e-278
Dmel_CG4268,35.614887,0.87798077,8.242130822534147e-278,2.9272930037546276e-275
Dmel_CG3779,35.55065,1.0522014,8.118136934825788e-277,2.8073799331722545e-274
Dmel_CG14821,34.07067,0.9998963,2.006015949898702e-254,6.13047804595787e-252
Dmel_CG3421,34.027832,0.9460858,8.637647479944145e-254,2.5797119439533186e-251
Dmel_CG5907,33.74137,1.1234725,1.4308457597355316e-249,4.178387584152138e-247
Dmel_CG1554,32.424217,1.256719,1.2510723435504943e-230,3.223596405215107e-228
Dmel_CG8226,32.10842,0.9331419,3.3634560739785047e-226,8.499841590029141e-224
Dmel_CG14028,31.787668,0.64782673,9.583935625880835e-222,2.332268482587038e-219
Dmel_CG6575,31.688646,0.9136374,2.2273642326289613e-220,5.321780614723123e-218
Dmel_CG8532,31.562895,0.8819562,1.1931830038322205e-218,2.7999317595284303e-216
Dmel_CG11129,31.419792,5.4225454,1.0859652423243004e-216,2.460460215410971e-214
Dmel_CG1691,31.259905,1.3845755,1.637640709056839e-214,3.5867060929526536e-212
Dmel_CG15532,31.194578,0.8262752,1.2620432401319364e-213,2.718772166979308e-211
Dmel_CG10071,30.335854,0.60274553,3.8612000730415647e-202,7.573138829826747e-200
Dmel_CG8649,30.333336,0.80652535,4.167933044539542e-202,8.054530608572664e-200
Dmel_CG5014,30.28652,0.7258484,1.7252744208402875e-201,3.285772632501771e-199
Dmel_CG8384,30.279678,0.9360274,2.1228801892495037e-201,3.985252652418247e-199
Dmel_CG8442,30.199535,1.0372002,2.4020243678916333e-200,4.384028085897772e-198
Dmel_CG9086,30.182472,1.1602998,4.023008742919781e-200,7.241966834343677e-198
Dmel_CG4013,30.121761,0.77430505,2.514407376313335e-199,4.465111801639667e-197
Dmel_CG16711,29.778847,0.8204253,7.341322304611349e-195,1.286297552065303e-192
Dmel_CG15431,29.697704,0.96237576,8.220826377896839e-194,1.4214457819992416e-191
Dmel_CG7134,29.67057,0.9415477,1.8413454747803457e-193,3.142483231699808e-191
Dmel_CG9854,29.61513,0.9464814,9.542308628792713e-193,1.5872845277337349e-190
Dmel_CG2096,29.558956,0.7721509,5.038352197516017e-192,8.276123278444747e-190
Dmel_CG31690,29.534351,1.0350407,1.0432056769153608e-191,1.6924402222647848e-189
Dmel_CG34439,29.42775,0.8137197,2.4255572103154587e-190,3.8871033293604195e-188
Dmel_CG9412,29.416319,0.7725255,3.396501655196854e-190,5.313503363207364e-188
Dmel_CG8602,29.34097,1.0223289,3.11556375847947e-189,4.816661570609261e-187
Dmel_CG11206,29.06279,0.7200381,1.060674785797427e-185,1.6021065931222975e-183
Dmel_CG6702,29.058426,0.74349993,1.2043094035714297e-185,1.7983897582195635e-183
Dmel_CG1696,28.983583,0.90051216,1.0596048068728344e-184,1.564524355855721e-182
Dmel_CG11266,28.918415,0.7778167,7.006595900542462e-184,1.023040852544761e-181
Dmel_CG17931,28.852324,1.385754,4.737994164793415e-183,6.841975969181348e-181
Dmel_CG42594,28.76672,1.034519,5.596644454376011e-182,7.994076605973386e-180
Dmel_CG31012,28.69709,0.7553461,4.148000650248553e-181,5.861169520958735e-179
Dmel_CG10695,28.457994,1.1513687,3.880439156959227e-178,5.36766852227381e-176
Dmel_CG13364,28.456915,1.0574468,4.0017766225261034e-178,5.477848603814118e-176
Dmel_CG34250,28.30048,1.2541558,3.4091348518227424e-176,4.618499081216769e-174
Dmel_CG9470,28.277845,0.92185473,6.472747618744961e-176,8.67942616917628e-174
Dmel_CG17998,28.07509,0.78671765,1.9737703348255956e-173,2.5937315969943154e-171
Dmel_CG6027,28.065603,0.8252492,2.5768985116139924e-173,3.352774588229651e-171
Dmel_CG15015,28.014671,0.8593818,1.076735777816347e-172,1.3871945937533936e-170
Dmel_CG10579,28.012753,0.754737,1.136303896686389e-172,1.4497251947918291e-170
Dmel_CG3665,27.987156,0.9470608,2.3288610135958908e-172,2.9426502480445773e-170
Dmel_CG2252,27.948687,0.6816911,6.839000683847895e-172,8.559172189185257e-170
Dmel_CG5659,27.634178,0.8207777,4.3241734926730215e-168,5.360751308227941e-166
Dmel_CG34418,27.047459,0.6445175,4.091688492694018e-161,4.978599859490008e-159
Dmel_CG2986,27.040905,0.6610034,4.8863510522516885e-161,5.890966897031141e-159
Dmel_CG11486,27.012009,0.72227865,1.0680919094444738e-160,1.2759814347281663e-158
Dmel_CG4999,26.81545,0.8011012,2.1341767818712843e-158,2.526596134285635e-156
Dmel_CG1770,26.767235,0.74987817,7.780869374430427e-158,9.129321825838414e-156
Dmel_CG17342,26.751978,0.6304546,1.1710471754396083e-157,1.3618345957922028e-155
Dmel_CG11614,26.711779,0.90956014,3.4350102618645566e-157,3.959602618522995e-155
Dmel_CG10804,26.561821,0.7816897,1.8754404079406676e-155,2.106424136816095e-153
Dmel_CG1021,26.541218,0.9888013,3.243605132472786e-155,3.6122216140529555e-153
Dmel_CG7580,26.532495,0.67976457,4.089602631560295e-155,4.5160897631372976e-153
Dmel_CG1921,26.499825,0.8012477,9.737323425478222e-155,1.0663180594517444e-152
Dmel_CG1975,26.470167,0.7375074,2.138226614018863e-154,2.3221847880018084e-152
Dmel_CG41128,26.336767,0.74322665,7.276549111932643e-153,7.837797695074334e-151
Dmel_CG32982,26.162693,1.1079879,7.0676923722186e-151,7.550938655554847e-149
Dmel_CG7181,25.77063,0.65043,1.8931075743190824e-146,1.990186130730165e-144
Dmel_CG10084,25.711473,0.9541513,8.699507501845654e-146,9.001592762342814e-144
Dmel_CG4654,25.70751,0.9837949,9.634267495330072e-146,9.89093040282285e-144
Dmel_CG42613,25.41796,0.6558859,1.5967343943509223e-142,1.589597475467081e-140
Dmel_CG15154,25.382523,0.874121,3.9332100300204055e-142,3.8861889477066277e-140
Dmel_CG5758,25.271791,0.81408465,6.525562069136999e-141,6.399433667949947e-139
Dmel_CG12004,25.0708,0.7868825,1.0357752623707652e-138,1.0082313128010537e-136
Dmel_CG1232,25.01371,0.8468809,4.336535877794353e-138,4.190177791918793e-136
Dmel_CG10320,24.840982,0.6638517,3.236390877950702e-136,3.1043366808138816e-134
Dmel_CG44774,24.701366,0.7503575,1.0339092726996022e-134,9.845363588801068e-133
Dmel_CG13387,24.65785,0.8571433,3.0315908786544043e-134,2.866052930676081e-132
Dmel_CG8671,24.645641,0.7147527,4.098188422270169e-134,3.8467352897894494e-132
Dmel_CG42524,24.625694,1.1162465,6.704487819672536e-134,6.248487548816794e-132
Dmel_CG4609,24.598957,0.64714015,1.2960737123080088e-133,1.1994158206647567e-131
Dmel_CG33473,24.470766,0.79222786,3.0255822900385e-132,2.761053949541384e-130
Dmel_CG3869,24.457413,0.75731975,4.196813816888175e-132,3.777419888200514e-130
Dmel_CG16752,24.348759,0.9685102,5.975450006040533e-131,5.305634360093152e-129
Dmel_CG18023,24.251713,1.1459186,6.342580690330958e-130,5.593815627626786e-128
Dmel_CG44242,24.146828,0.6771764,8.061978156386924e-129,6.969898352176353e-127
Dmel_CG10897,24.12717,0.7089891,1.2967505201792243e-128,1.1137646134428226e-126
Dmel_CG7503,24.093493,0.6834799,2.9249400119674277e-128,2.4958854998223353e-126
Dmel_CG33303,23.925083,1.0002462,1.679440558485409e-126,1.423840540584307e-124
Dmel_CG5405,23.915085,0.65579736,2.1341106081963242e-126,1.7977145834812755e-124
Dmel_CG1506,23.789255,0.6864662,4.3147215070790134e-125,3.5660223474544226e-123
Dmel_CG32149,23.756605,0.7019405,9.389315197564912e-125,7.663664037962765e-123
Dmel_CG13778,23.626326,0.5874022,2.06764059681097e-123,1.6772138939933925e-121
Dmel_CG7630,23.607662,0.5860985,3.2154020530777436e-123,2.592245299355499e-121
Dmel_CG7337,23.531956,0.662073,1.9212492366806123e-122,1.5301294678315106e-120
Dmel_CG11665,23.466564,0.8152199,8.956689756073902e-122,7.090353017142599e-120
Dmel_CG5099,23.408611,0.65589994,3.492273829201444e-121,2.748022179014142e-119
Dmel_CG32486,23.294264,0.637441,5.068276009574244e-120,3.9409594699298897e-118
Dmel_CG4838,23.202576,0.7351062,4.288550187524415e-119,3.315049294956373e-117
Dmel_CG7250,23.068321,0.70724386,9.633200286118405e-118,7.402917249115904e-116
Dmel_CG8912,22.980686,0.73162425,7.272880494557466e-117,5.524446391848536e-115
Dmel_CG32057,22.93268,0.8901769,2.193964252109646e-116,1.656947369940969e-114
Dmel_CG31163,22.870142,0.7265892,9.213473512376086e-116,6.879219058303077e-114
Dmel_CG5053,22.86779,0.75811195,9.723337927696563e-116,7.218891734907374e-114
Dmel_CG5685,22.646448,0.812922,1.5121809402216463e-113,1.1163803222164414e-111
Dmel_CG13739,22.478859,0.7410561,6.683487088069792e-112,4.906575632643862e-110
Dmel_CG33543,22.385258,0.6926978,5.478833391502579e-111,3.9777541214218445e-109
Dmel_CG41623,22.16434,0.59769756,7.587699530778516e-109,5.4190195398891566e-107
Dmel_CG42337,22.065523,0.7286773,6.778010995126146e-108,4.788701208975951e-106
Dmel_CG14478,21.963356,0.67285264,6.455176458129044e-107,4.536228547394319e-105
Dmel_CG43222,21.805323,0.8926433,2.065477984735519e-105,1.4437471381600774e-103
Dmel_CG13751,21.764744,1.1784714,5.008859553165955e-105,3.482614994082212e-103
Dmel_CG43743,21.748173,0.6541557,7.18866192149106e-105,4.971905595279685e-103
Dmel_CG18397,21.73753,0.86618865,9.064915234913484e-105,6.236756602198853e-103
Dmel_CG5102,21.50166,0.68157876,1.5021772879966765e-102,1.0281308198731421e-100
Dmel_CG3744,21.324776,0.9117493,6.687289946649462e-101,4.506547548149773e-99
Dmel_CG32717,21.161243,0.5907648,2.1740973383287847e-99,1.4502443209633787e-97
Dmel_CG18582,21.157093,0.71913886,2.374140991405557e-99,1.575686200407092e-97
Dmel_CG15669,21.149313,0.5438591,2.7999032010798233e-99,1.8489210032859277e-97
Dmel_CG1677,21.086466,0.6228798,1.0588081085738991e-98,6.956898677384804e-97
Dmel_CG11064,21.019018,1.3033433,4.3943198001389557e-98,2.8729232086381104e-96
Dmel_CG42389,21.01235,0.60519505,5.0570143925053073e-98,3.2898131748471406e-96
Dmel_CR46282,20.926716,1.1351709,3.058630082706479e-97,1.979973296396347e-95
Dmel_CG4898,20.799915,0.6158466,4.335726109752624e-96,2.765814408167924e-94
Dmel_CG6622,20.706095,0.5906022,3.052186155731719e-95,1.9008899655199295e-93
Dmel_CG1705,20.623112,0.7554452,1.7024516174400665e-94,1.0552790898481092e-92
Dmel_CG4080,20.576736,0.8073967,4.4355248841135456e-94,2.723702453370846e-92
Dmel_CG42238,20.362137,0.7090368,3.6243407108323625e-92,2.204975059307781e-90
Dmel_CG44422,20.26285,0.6475017,2.736523036046669e-91,1.6571727749626392e-89
Dmel_CG17947,20.188038,0.64287037,1.247185079827804e-90,7.518008777072098e-89
Dmel_CG8434,20.165451,0.9450424,1.9694461786637135e-90,1.1817576362474822e-88
Dmel_CG13316,19.977774,0.5942351,8.597176493553233e-89,5.135249831899229e-87
Dmel_CG6700,19.962597,0.56763625,1.164993798713465e-88,6.92723235696545e-87
Dmel_CG2985,19.817884,7.663466,2.0870111379058014e-87,1.2353789803252314e-85
Dmel_CG33197,19.731167,0.58204395,1.1645004524003097e-86,6.831562698657352e-85
Dmel_CG33181,19.700163,0.57249653,2.1492761006673358e-86,1.2497184618968788e-84
Dmel_CG1511,19.62848,0.5851701,8.831712032567216e-86,5.11266642378704e-84
Dmel_CG6966,19.489222,0.66744983,1.35528518316632e-84,7.811316926310795e-83
Dmel_CG42678,19.482086,0.7359685,1.5580108725389275e-84,8.940533133639322e-83
Dmel_CG34412,19.420452,0.550088,5.183149204233753e-84,2.9485611988240586e-82
Dmel_CG9774,19.355093,1.206954,1.8466240961011473e-83,1.0459692778821197e-81
Dmel_CG32230,19.298515,0.5490784,5.5275599968694816e-83,3.1174963913674617e-81
Dmel_CG7180,19.235138,0.7468444,1.8804379700814213e-82,1.0515249091421258e-80
Dmel_CG10777,19.161205,0.5605605,7.804472828219918e-82,4.3457024337134715e-80
Dmel_CG9277,19.101793,0.554515,2.4395874280137975e-81,1.3526843203176924e-79
Dmel_CG45049,19.08555,0.53846747,3.3295304016331335e-81,1.838376428901723e-79
Dmel_CG4128,19.043217,0.5237361,7.478892236388657e-81,4.09500511993264e-79
Dmel_CG9764,19.01337,0.8173906,1.3218213653868067e-80,7.207491519729472e-79
Dmel_CG43365,18.925392,0.68761784,7.046307235475532e-80,3.794898499237048e-78
Dmel_CG4453,18.888704,0.6599936,1.412706436134443e-79,7.577296031527639e-78
Dmel_CR40469,18.795742,1.039715,8.182684536793691e-79,4.3710836381303215e-77
Dmel_CG15138,18.778927,0.6700439,1.1232714499328717e-78,5.951979888535431e-77
Dmel_CG44011,18.759493,0.7945216,1.6193500875596054e-78,8.546136345630833e-77
Dmel_CG43737,18.738333,0.5565843,2.410633073511786e-78,1.2671251687607352e-76
Dmel_CG7646,18.717974,0.5236404,3.5334285461414156e-78,1.8499117340575434e-76
Dmel_CG7583,18.46233,0.527704,4.1504343260956164e-76,2.147277853512697e-74
Dmel_CG18467,18.375864,1.179003,2.050175797495353e-75,1.0565239276426054e-73
Dmel_CG31650,18.333254,0.7109656,4.492186344424847e-75,2.305930498128395e-73
Dmel_CG12484,18.332022,0.7355738,4.59500732889027e-75,2.3495327357566942e-73
Dmel_CG32498,18.327534,0.5201237,4.990270299341674e-75,2.5417496900639124e-73
Dmel_CG11768,18.285837,1.2650315,1.0730445296716195e-74,5.4443545036350394e-73
Dmel_CG6391,18.278234,0.53564864,1.2335707652223635e-74,6.234751317610415e-73
Dmel_CG3712,18.201141,1.1003443,5.054401114591971e-74,2.544823181871766e-72
Dmel_CG4257,18.155313,0.7152306,1.1656137040121431e-73,5.846309039856325e-72
Dmel_CG17776,18.150476,1.0299584,1.2729386067036304e-73,6.360336969845022e-72
Dmel_CG6703,18.14824,0.51264006,1.3258220799768736e-73,6.599480285218218e-72
Dmel_CG4153,18.119421,0.7359255,2.2393697171917364e-73,1.1104738661742116e-71
Dmel_CG31665,18.093672,0.54996204,3.574598487225471e-73,1.765932282730448e-71
Dmel_CG31324,18.045544,0.5964717,8.551998515596865e-73,4.209056647695071e-71
Dmel_CG11138,18.011532,0.5154556,1.581881402591261e-72,7.756531160989462e-71
Dmel_CG43759,17.949333,0.84478515,4.856971964369794e-72,2.3551833425750357e-70
Dmel_CG14442,17.92882,0.5718109,7.025515568310985e-72,3.3942022089402446e-70
Dmel_CG3961,17.863768,1.0483236,2.2586694170404466e-71,1.0793154476119457e-69
Dmel_CG43736,17.85245,0.5181765,2.766363078051003e-71,1.3171296090097185e-69
Dmel_CG13954,17.8091,0.5922101,6.006797840799684e-71,2.8496509179042833e-69
Dmel_CG16720,17.80413,0.6501137,6.5644471832637316e-71,3.1030000156571477e-69
Dmel_CG2297,17.801235,0.68160164,6.912821383025073e-71,3.255963648542383e-69
Dmel_CG1210,17.794746,0.6839553,7.76190292607043e-71,3.6428273696961257e-69
Dmel_CG32626,17.661324,0.71184564,8.326418834920079e-70,3.880052124456907e-68
Dmel_CG9113,17.657978,0.58882314,8.83469547874663e-70,4.087913143880615e-68
Dmel_CG43690,17.646078,0.5749805,1.0907279093280306e-69,5.0292124408700526e-68
Dmel_CG12175,17.571161,0.80531365,4.0970476194614945e-69,1.8824931037532694e-67
Dmel_CG4974,17.548328,0.5628604,6.125662277170579e-69,2.8047849471881036e-67
Dmel_CG1490,17.535643,0.5112078,7.657950150005841e-69,3.49420565698704e-67
Dmel_CG6492,17.520494,0.8093866,9.995342252426846e-69,4.544940918309383e-67
Dmel_CG7028,17.472458,0.8282577,2.3226593292788838e-68,1.0524850429673728e-66
Dmel_CG6606,17.470732,0.90779996,2.3940763876844253e-68,1.0811188251051902e-66
Dmel_CG8815,17.394743,0.51467264,9.04306842141296e-68,4.0696904837598534e-66
Dmel_CG32575,17.288603,0.62145036,5.732481132865596e-67,2.562263080509755e-65
Dmel_CG2161,17.284166,0.6952189,6.191073462390768e-67,2.7578608938737995e-65
Dmel_CG13702,17.219042,0.9504534,1.9112480968102447e-66,8.485037581143049e-65
Dmel_CG2368,17.176676,0.5029758,3.970135161057978e-66,1.756617715537471e-64
Dmel_CG43227,17.171383,0.52589273,4.3493010327191565e-66,1.9179249956698803e-64
Dmel_CG9108,17.116047,0.50211704,1.1267094273165715e-65,4.9518690917615604e-64
Dmel_CG8865,17.095455,0.8034714,1.6043913089822958e-65,7.02776873044545e-64
Dmel_CG2924,17.062992,0.52430737,2.7984963140859437e-65,1.221762128352272e-63
Dmel_CG1695,17.024376,0.5171541,5.416732137669231e-65,2.3569959278513694e-63
Dmel_CG30372,17.020947,0.83573544,5.7434623941814495e-65,2.4909187895029184e-63
Dmel_CG33996,16.943258,0.53653646,2.15832406272359e-64,9.329781746135096e-63
Dmel_CG44436,16.92059,0.50099367,3.172445559158552e-64,1.3668559702590994e-62
Dmel_CG43162,16.848269,0.5611933,1.0803001553433252e-63,4.639289000446613e-62
Dmel_CG43140,16.788832,0.65001273,2.9458463586211933e-63,1.2609565797602964e-61
Dmel_CG10145,16.724333,0.5853173,8.714762335096556e-63,3.7182042806981764e-61
Dmel_CG31352,16.702553,0.84255534,1.2557501623605979e-62,5.3403925189581285e-61
Dmel_CG1817,16.63691,0.6701845,3.765573712646532e-62,1.5911062430189092e-60
Dmel_CG12664,16.618858,0.49409577,5.089238472312606e-62,2.1435154732262806e-60
Dmel_CG18812,16.61131,0.486904,5.77202124833116e-62,2.4233268761763506e-60
Dmel_CG2248,16.58846,0.5860668,8.445722845560306e-62,3.5345619080735025e-60
Dmel_CG4612,16.515932,0.48767194,2.817761678365937e-61,1.1680822149970593e-59
Dmel_CG6896,16.482714,0.58969784,4.8841815938952967e-61,2.0183342869615754e-59
Dmel_CG14080,16.427221,0.49437007,1.221293779254619e-60,5.015319235370296e-59
Dmel_CG1725,16.410538,0.49953586,1.6077719097478758e-60,6.561407039129453e-59
Dmel_CG32066,16.3989,0.6856388,1.9473435995322372e-60,7.922613697044312e-59
Dmel_CG17383,16.346085,0.6432895,4.638474995158291e-60,1.881302466400466e-58
Dmel_CG12676,16.332642,0.60840935,5.782625772493015e-60,2.338138008502483e-58
Dmel_CG18319,16.32744,0.47996405,6.297094021917049e-60,2.5383470104911637e-58
Dmel_CG9038,16.313148,0.5182222,7.958231490860084e-60,3.1981382269538946e-58
Dmel_CG17117,16.293089,0.49856877,1.1050356142995869e-59,4.42721738033868e-58
Dmel_CG13253,16.279766,0.5503981,1.3739177896243092e-59,5.4877366788611086e-58
Dmel_CG9461,16.274456,0.6313015,1.4984538532370543e-59,5.967024874360039e-58
Dmel_CG2865,16.260605,0.55118644,1.878716985139823e-59,7.458676707469008e-58
Dmel_CG34186,16.164738,1.0793123,8.941869916066667e-59,3.5393106194889175e-57
Dmel_CG33485,16.160198,0.49039298,9.62503055123735e-59,3.79622576953689e-57
Dmel_CG9239,16.160048,0.55693257,9.648728460736026e-59,3.79622576953689e-57
Dmel_CG18212,16.116848,0.5271486,1.9426668888092532e-58,7.597793329119761e-57
Dmel_CG9705,16.05159,0.9951301,5.571861643976769e-58,2.1726953668693983e-56
Dmel_CG31635,15.960939,0.50278,2.3910477231341987e-57,9.296082286895415e-56
Dmel_CG12991,15.953182,0.58051217,2.707417627184233e-57,1.049503688461003e-55
Dmel_CG30040,15.936714,0.49450007,3.524004251540128e-57,1.3620276432202593e-55
Dmel_CG18009,15.921394,0.4758775,4.5023259039678983e-57,1.7350458857490368e-55
Dmel_CG12690,15.915866,0.5184766,4.918216960747807e-57,1.8897745345376295e-55
Dmel_CG18402,15.905626,0.65549225,5.792095628868157e-57,2.2190649754797802e-55
Dmel_CG2849,15.811714,0.7633476,2.5833975262689846e-56,9.868728747878117e-55
Dmel_CG9932,15.77811,0.51541585,4.401781879869021e-56,1.6766323386480815e-54
Dmel_CR43651,15.727724,0.7130195,9.765834092162302e-56,3.709041208240024e-54
Dmel_CG9579,15.718984,0.7402539,1.1210772537589116e-55,4.2455550984570197e-54
Dmel_CG6770,15.652091,0.49418637,3.214823353917206e-55,1.213965336029483e-53
Dmel_CG45002,15.609613,0.52055454,6.2615112588344754e-55,2.3576653138207404e-53
Dmel_CG3920,15.568577,0.46344575,1.1902660750354874e-54,4.456206977789555e-53
Dmel_CG8593,15.526764,0.70281243,2.2862974110183258e-54,8.535293829031767e-53
Dmel_CG8276,15.489039,0.52993923,4.1139386880871865e-54,1.5314806883896238e-52
Dmel_CG8860,15.465292,0.73520523,5.950261778067405e-54,2.208824576993892e-52
Dmel_CG5658,15.439501,0.6391693,8.878536421620096e-54,3.2865590737044982e-52
Dmel_CG9012,15.426555,0.5160058,1.0851088712655446e-53,4.005453841938349e-52
Dmel_CG11111,15.274875,0.45384547,1.1244335470687098e-52,4.127424927941317e-51
Dmel_CG11280,15.25789,0.64364624,1.4588967602013228e-52,5.3402123470210534e-51
Dmel_CG17023,15.256044,0.5116896,1.5007426940089493e-52,5.478127706103223e-51
Dmel_CG30463,15.182479,0.54082733,4.61984413155024e-52,1.6770544677541908e-50
Dmel_CG11752,15.154886,0.45835084,7.033738088273289e-52,2.546290694710724e-50
Dmel_CG42258,15.153334,0.48797148,7.201865093126236e-52,2.599992010680546e-50
Dmel_CG12084,15.144829,0.66689456,8.196834141879555e-52,2.9510848618750475e-50
Dmel_CG6340,15.140559,0.54089737,8.746714146933866e-52,3.14045274876661e-50
Dmel_CG43122,15.116912,0.4595093,1.2528113163995778e-51,4.485883789865628e-50
Dmel_CG3578,15.115543,0.6542686,1.2791142466464615e-51,4.567619650864443e-50
Dmel_CG42732,15.109077,0.47467262,1.411008441999216e-51,5.024949034230813e-50
Dmel_CG7331,15.106601,0.9628348,1.4650389517370813e-51,5.203264017507293e-50
Dmel_CG3870,15.105007,1.1853634,1.5009051628823334e-51,5.316278907125807e-50
Dmel_CG18508,15.080815,0.93265814,2.1657776957222155e-51,7.650667929969257e-50
Dmel_CG8962,15.063083,0.874645,2.8326593935163283e-51,9.952935050855099e-50
Dmel_CG11062,14.983202,0.51347387,9.455035433005903e-51,3.304484591093898e-49
Dmel_CG6376,14.981294,0.548389,9.730502947308849e-51,3.3917384411295913e-49
Dmel_CG3576,14.963345,0.5348376,1.2745608805417096e-50,4.430953579682171e-49
Dmel_CG9423,14.955891,0.5595303,1.4256159795838806e-50,4.943013083828965e-49
Dmel_CG7147,14.876693,0.47092676,4.67021839830139e-50,1.61503526242312e-48
Dmel_CG8287,14.846972,0.7674757,7.278206914691369e-50,2.510312783883446e-48
Dmel_CG1836,14.793212,0.5315638,1.6203412837451557e-49,5.574058850705522e-48
Dmel_CG6977,14.733207,0.9654603,3.945302623709317e-49,1.353661143033006e-47
Dmel_CG8583,14.72947,0.7281865,4.169615853407985e-49,1.4268990085842273e-47
Dmel_CG32369,14.721508,0.4943208,4.6907952341315884e-49,1.6010841603044988e-47
Dmel_CG5744,14.692752,0.468316,7.173970576376915e-49,2.442309516688317e-47
Dmel_CG4629,14.689619,0.7006694,7.513455457664951e-49,2.5512743712965147e-47
Dmel_CG30115,14.685484,1.2014451,7.986244736059532e-49,2.7048258267154205e-47
Dmel_CG1977,14.676723,0.43892983,9.087792408604705e-49,3.0699917748451013e-47
Dmel_CG42328,14.658695,0.56950027,1.1852917026776327e-48,3.993825196124813e-47
Dmel_CG34117,14.614358,0.7261562,2.27488547113475e-48,7.645593344292008e-47
Dmel_CG11516,14.567302,0.48669872,4.534490223705175e-48,1.5162273798908321e-46
Dmel_CG46301,14.566524,0.6503809,4.586449273073921e-48,1.5297088806463046e-46
Dmel_CG8443,14.56058,0.67702633,5.0031179970767084e-48,1.6644550278375954e-46
Dmel_CG5548,14.548319,0.44434944,5.985614866796297e-48,1.9862869940548014e-46
Dmel_CG8279,14.495966,0.44547132,1.2848199707551464e-47,4.242165637108889e-46
Dmel_CG3985,14.4431305,0.45563814,2.7697196284413205e-47,9.122026475525662e-46
Dmel_CR32865,14.415249,1.0150892,4.149379434018918e-47,1.3631748785610651e-45
Dmel_CG42318,14.406592,0.5410388,4.703520727098858e-47,1.5413707200699774e-45
Dmel_CG2204,14.385186,0.45059648,6.410493489394121e-47,2.095529724978312e-45
Dmel_CG3726,14.372344,0.5267517,7.717474706636525e-47,2.510280572275014e-45
Dmel_CG1412,14.371712,0.43685853,7.788258078574553e-47,2.527049368161684e-45
Dmel_CG34114,14.324144,0.44284773,1.5462019081717392e-46,4.992294662232144e-45
Dmel_CG14998,14.321245,0.4435352,1.6120949139909958e-46,5.192289035479332e-45
Dmel_CG34397,14.309553,0.71808916,1.9073542677675868e-46,6.128249983553511e-45
Dmel_CG31605,14.271204,0.45517612,3.308158772997682e-46,1.0603052301454278e-44
Dmel_CG8369,14.169188,0.6102294,1.4213594977271297e-45,4.533515815444712e-44
Dmel_CG42346,14.136841,0.69627196,2.2516942534310353e-45,7.147225648390636e-44
Dmel_CG8529,14.131271,0.4748342,2.4370541473236318e-45,7.71694663854936e-44
Dmel_CG6123,14.125683,0.58386767,2.6382944619604176e-45,8.334093154957176e-44
Dmel_CG32683,14.106187,0.73841965,3.47888257502582e-45,1.0963068565566979e-43
Dmel_CG43860,14.104686,0.49185085,3.553701251918203e-45,1.11720545816883e-43
Dmel_CG14334,14.077561,0.45679492,5.2179152501059964e-45,1.6325862928962596e-43
Dmel_CG5870,14.073742,0.42064247,5.507633309334061e-45,1.7191403638470046e-43
Dmel_CG12424,14.034295,0.553932,9.614746508813827e-45,2.994013835837026e-43
Dmel_CG34147,14.025742,1.091896,1.0847238416705613e-44,3.369824114277269e-43
Dmel_CG10443,14.0103445,0.4358967,1.3474979010728393e-44,4.176290074999571e-43
Dmel_CG1056,14.004887,0.6811098,1.4551152034173064e-44,4.499216208966311e-43
Dmel_CG8668,13.992624,0.60790515,1.729126705998337e-44,5.321417808787856e-43
Dmel_CG46339,13.990414,0.6124606,1.78370259200387e-44,5.47655041157076e-43
Dmel_CG10011,13.966118,0.42925546,2.5093772031711224e-44,7.686649376893174e-43
Dmel_CG5481,13.915825,1.108433,5.077073485040865e-44,1.5515772713237675e-42
Dmel_CG32666,13.87857,0.53970665,8.543173329332622e-44,2.6047758867925752e-42
Dmel_CG42330,13.870914,0.45231453,9.505701155435233e-44,2.8915374741568145e-42
Dmel_CG17716,13.865357,0.43480334,1.0271388491776735e-43,3.117235939271087e-42
Dmel_CG11354,13.85395,0.74023515,1.204055000666768e-43,3.645734277364515e-42
Dmel_CG9940,13.829514,0.6114325,1.6916158213717926e-43,5.1102352893440753e-42
Dmel_CG43921,13.817433,0.41278753,2.0007806163573692e-43,6.030334421915639e-42
Dmel_CG1956,13.801673,0.41572842,2.4900725489854422e-43,7.470786156670707e-42
Dmel_CG43867,13.794883,0.4273801,2.7359595027729015e-43,8.189804971740022e-42
Dmel_CG7425,13.792283,0.42470405,2.8363945654402984e-43,8.471150223738854e-42
Dmel_CG5643,13.777083,0.43612787,3.501351639746187e-43,1.0433392720613297e-41
Dmel_CG32699,13.733304,0.85039335,6.414039656398246e-43,1.9069433286137865e-41
Dmel_CG7945,13.70155,0.48089066,9.938019722656523e-43,2.947980071680121e-41
Dmel_CG31151,13.682587,0.5107973,1.2901929747761369e-42,3.818564387732706e-41
Dmel_CG34391,13.664631,0.61261505,1.6513794254267312e-42,4.86564507388625e-41
Dmel_CG15609,13.652398,0.56618005,1.9534314832173396e-42,5.742738953234689e-41
Dmel_CG5216,13.611913,0.41873926,3.402229001977674e-42,9.957392275053141e-41
Dmel_CG11622,13.572559,0.5111208,5.825168456327648e-42,1.7010786374355918e-40
Dmel_CG45477,13.5454,0.47046772,8.435366025160289e-42,2.4578524376193204e-40
Dmel_CG7085,13.506913,0.53746337,1.4236748293826012e-41,4.120817386105014e-40
Dmel_CG8544,13.48416,0.41103682,1.9386021427019764e-41,5.586660253782165e-40
Dmel_CG30415,13.451516,0.4426344,3.0162362645749025e-41,8.673164278507395e-40
Dmel_CG1449,13.383063,0.6821346,7.595168170675713e-41,2.1792162648657107e-39
Dmel_CG31814,13.37714,0.7050021,8.225198237450325e-41,2.3548437916848525e-39
Dmel_CG4122,13.334895,0.39579257,1.4505928014067035e-40,4.143965218105541e-39
Dmel_CG10798,13.328729,0.7522962,1.5755911351437245e-40,4.491289177206873e-39
Dmel_CG34383,13.319462,0.4177445,1.7838766875559894e-40,5.074009426660878e-39
Dmel_CG11172,13.313747,0.40310034,1.9257603398347427e-40,5.4657487312674627e-39
Dmel_CG1527,13.296578,0.42948338,2.4230448173235442e-40,6.862334470786356e-39
Dmel_CG8108,13.275193,0.39926383,3.2243638012543877e-40,9.112121443501917e-39
Dmel_CG42611,13.272617,0.6325745,3.337164909073905e-40,9.410661817626649e-39
Dmel_CG12203,13.268518,0.39803162,3.52481738426508e-40,9.918549303346341e-39
Dmel_CG10811,13.23232,0.39611328,5.709714136123606e-40,1.603234048350434e-38
Dmel_CG33174,13.218037,0.40877238,6.904259176694953e-40,1.9345174806172364e-38
Dmel_CG4620,13.204605,0.48409012,8.253177934599329e-40,2.3075534306078675e-38
Dmel_CG18389,13.196734,0.44743064,9.162174962139363e-40,2.556266267037651e-38
Dmel_CG9528,13.186857,0.6037313,1.0444954768698854e-39,2.907990479141348e-38
Dmel_CG9533,13.170338,0.44925183,1.300146706797052e-39,3.612098916283311e-38
Dmel_CG11387,13.157321,0.450527,1.5446648191603226e-39,4.282371389997004e-38
Dmel_CG17800,13.140941,0.5290127,1.9182638821734037e-39,5.306927510661199e-38
Dmel_CG11000,13.1362505,0.41950318,2.0409108049206578e-39,5.634371615013102e-38
Dmel_CG12071,13.135793,0.47911903,2.0532964970258954e-39,5.656681188137798e-38
Dmel_CG11122,13.098884,0.4024999,3.3413645935418974e-39,9.185956511241438e-38
Dmel_CG32711,13.048497,0.61474353,6.481343183479878e-39,1.7781071142820267e-37
Dmel_CG7439,13.045867,0.598037,6.708960960856104e-39,1.8367178330543764e-37
Dmel_CG5445,13.045065,0.79261845,6.779923889128208e-39,1.8522864828905153e-37
Dmel_CG1607,13.005768,0.64940023,1.1345325264014018e-38,3.0931311056931163e-37
Dmel_CG6513,13.000699,0.4725381,1.212303028778273e-38,3.2983176192909494e-37
Dmel_CG15113,12.998184,0.7712059,1.2528340171090373e-38,3.4015478964524504e-37
Dmel_CG43901,12.989303,0.40745643,1.4070301180418117e-38,3.812326346636587e-37
Dmel_CG7847,12.956205,0.5514029,2.1670518574978396e-38,5.859512028678829e-37
Dmel_CG33960,12.955683,0.50006634,2.1818564862653486e-38,5.887428354417442e-37
Dmel_CG14446,12.908129,0.3939501,4.0502195704711065e-38,1.0906544134336232e-36
Dmel_CG33131,12.872706,0.5379273,6.41151463630151e-38,1.7229798330396346e-36
Dmel_CG11144,12.8558855,0.44673857,7.97077258485059e-38,2.1376310721943183e-36
Dmel_CG4260,12.837309,0.3954972,1.0133556654063836e-37,2.7121195110194067e-36
Dmel_CG6438,12.8348675,0.39404032,1.0458217369065643e-37,2.7933218383514558e-36
Dmel_CG3254,12.814202,0.62705755,1.3653537301880055e-37,3.6393739083976836e-36
Dmel_CG3653,12.7750025,0.40310386,2.2613952760445457e-37,6.003433398485127e-36
Dmel_CG3166,12.769568,0.46135965,2.4249627141115136e-37,6.424684481076493e-36
Dmel_CG13628,12.768947,0.7588109,2.4444048901075415e-37,6.463163915674688e-36
Dmel_CG4502,12.76873,0.43744066,2.4512099442728974e-37,6.468142545720912e-36
Dmel_CG10686,12.743904,0.38095993,3.370928700910432e-37,8.877229270273345e-36
Dmel_CG5634,12.668389,0.47357297,8.851265975258497e-37,2.3262897236174381e-35
Dmel_CG12284,12.649633,0.39657956,1.1239779503732154e-36,2.948142564042799e-35
Dmel_CG15201,12.646957,0.6008593,1.1629244641642918e-36,3.044221191948796e-35
Dmel_CG17075,12.581178,0.60909706,2.680059277452441e-36,6.973991874257926e-35
Dmel_CG8524,12.579548,0.5507961,2.735896828920457e-36,7.105221389099549e-35
Dmel_CG42342,12.537862,0.40168896,4.633268255775642e-36,1.1985389399438526e-34
Dmel_CG44424,12.508379,0.41345987,6.718160624786688e-36,1.7344469306546534e-34
Dmel_CG43902,12.505306,0.42841873,6.98298703917368e-36,1.7992829937604182e-34
Dmel_CG9171,12.503959,0.60689026,7.102452421057145e-36,1.826483899512954e-34
Dmel_CG7010,12.495803,0.40421006,7.869733555496537e-36,2.019847043999609e-34
Dmel_CG8403,12.491409,0.40069053,8.316771455553193e-36,2.1304228790920955e-34
Dmel_CG9007,12.482111,0.38450748,9.34755036875484e-36,2.389808548556563e-34
Dmel_CG32698,12.475219,0.7906663,1.0192589058948238e-35,2.600792482012404e-34
Dmel_CG12072,12.474232,0.54330796,1.0319684947405082e-35,2.628119765384693e-34
Dmel_CG3365,12.439648,0.45627484,1.5920460173532636e-35,4.046629925346081e-34
Dmel_CG33130,12.418182,0.51609135,2.0823827115491088e-35,5.28273961630634e-34
Dmel_CG34113,12.342016,0.40706164,5.37919689404642e-35,1.359385122782e-33
Dmel_CG10037,12.331127,0.60558933,6.157939781640716e-35,1.553195521507498e-33
Dmel_CG31660,12.298357,0.38113198,9.243501715194601e-35,2.3269895792983192e-33
Dmel_CG11621,12.253069,0.8554041,1.617561389623066e-34,4.064316294653291e-33
Dmel_CG4840,12.245992,0.6800315,1.7650537098346517e-34,4.418013485892792e-33
Dmel_CG9917,12.241877,0.6529869,1.8568942424593865e-34,4.639058410676578e-33
Dmel_CG9901,12.230406,0.8912002,2.138672153538835e-34,5.332882498985547e-33
Dmel_CG11711,12.180307,0.3693698,3.957859728444366e-34,9.850423237024131e-33
Dmel_CG32448,12.173126,0.7674251,4.322047594691202e-34,1.0736489119439904e-32
Dmel_CG8183,12.162709,0.36975172,4.910248508515092e-34,1.2174636915169213e-32
Dmel_CG11579,12.161578,0.36756638,4.978753550619604e-34,1.2321243014819626e-32
Dmel_CG13365,12.157324,0.49394402,5.244885989820932e-34,1.2955459923352792e-32
Dmel_CG34378,12.12921,0.42137587,7.395892331972574e-34,1.8234412970816434e-32
Dmel_CG33513,12.122101,0.45298406,8.066480565504246e-34,1.9850490844811105e-32
Dmel_CG8669,12.110471,0.50629425,9.295877647774022e-34,2.2833108069046432e-32
Dmel_CG14351,12.10657,0.6297023,9.74852938234888e-34,2.390026578609079e-32
Dmel_CG10132,12.104699,0.5097349,9.973437108706169e-34,2.4406133528027518e-32
Dmel_CG2049,12.065492,0.6710197,1.6069924972203675e-33,3.925183718582314e-32
Dmel_CG42724,12.062888,0.40539706,1.65863127414957e-33,4.0437984366603895e-32
Dmel_CG4871,12.028324,0.9130045,2.52227461076352e-33,6.092869606625628e-32
Dmel_CG1765,11.992414,0.36794293,3.8938881453418543e-33,9.37171870291892e-32
Dmel_CG1429,11.964579,0.38428244,5.447323540851533e-33,1.3086522605179158e-31
Dmel_CG2979,11.879788,5.254228,1.5074926601157677e-32,3.608371775333571e-31
Dmel_CG45050,11.856918,0.3681527,1.981343147027023e-32,4.733969144560383e-31
Dmel_CG5212,11.842859,0.5042372,2.3432467436690777e-32,5.5884946385762885e-31
Dmel_CG6235,11.834379,0.41174626,2.592545483337933e-32,6.171855108069526e-31
Dmel_CG7224,11.8166895,0.51918834,3.2004831572610063e-32,7.605343430301426e-31
Dmel_CG32854,11.809554,0.623015,3.4840327560299195e-32,8.259289821515262e-31
Dmel_CG3560,11.809453,0.39145258,3.4882473563206536e-32,8.259289821515262e-31
Dmel_CG2105,11.801293,0.37341684,3.843590795295796e-32,9.067976057626939e-31
Dmel_CG32521,11.773497,0.5610642,5.34619958384665e-32,1.256787276052394e-30
Dmel_CG31000,11.738392,0.40803748,8.101249040431477e-32,1.901044886434108e-30
Dmel_CG5472,11.728527,0.36149633,9.102936624790889e-32,2.132293942716169e-30
Dmel_CG42338,11.7190695,0.3891102,1.017843885859882e-31,2.379979804997279e-30
Dmel_CG11985,11.684894,0.7324365,1.5226977887327934e-31,3.554133506525335e-30
Dmel_CG32697,11.672838,0.35420048,1.754691380916778e-31,4.088368694437479e-30
Dmel_CG33955,11.659197,0.38351467,2.059769359031166e-31,4.790695424252841e-30
Dmel_CG43102,11.651849,0.4714878,2.245348873733407e-31,5.213097093591996e-30
Dmel_CG42674,11.593127,0.4005157,4.465270457828848e-31,1.0348874618400159e-29
Dmel_CG42341,11.58895,0.3639723,4.688442787020126e-31,1.0846976525392866e-29
Dmel_CG1864,11.577604,0.39384156,5.352114628046726e-31,1.2360656999501234e-29
Dmel_CG17841,11.575142,0.36595803,5.508026165008321e-31,1.2698416111293744e-29
Dmel_CG32381,11.552496,0.42489707,7.170717996403835e-31,1.6473847061318672e-29
Dmel_CR45758,11.531894,0.526581,9.111744673918501e-31,2.0896585821983076e-29
Dmel_CG12673,11.492861,0.38296038,1.4328624818910032e-30,3.280356424134089e-29
Dmel_CG1963,11.45191,0.46552807,2.300209083448295e-30,5.247751313471188e-29
Dmel_CG8582,11.432948,0.48555228,2.862226844891649e-30,6.50735691500366e-29
Dmel_CG5935,11.4316435,0.3513458,2.905582251379673e-30,6.594517506974143e-29
Dmel_CG40129,11.424891,0.36899605,3.140477662194647e-30,7.115347751534458e-29
Dmel_CG9474,11.404085,0.6139391,3.989490827716954e-30,9.023390527887865e-29
Dmel_CG12214,11.385785,0.38689226,4.922306430391822e-30,1.1114094295838304e-28
Dmel_CG33976,11.376347,0.3729029,5.48494005516627e-30,1.236322423069296e-28
Dmel_CR43334,11.372218,1.1799744,5.750702012345085e-30,1.294006423702513e-28
Dmel_CG1552,11.351477,0.91802317,7.292025856374421e-30,1.635230576426899e-28
Dmel_CG14296,11.311051,0.36791968,1.1569462156278704e-29,2.5900221839124097e-28
Dmel_CG8103,11.30663,0.46018082,1.2167381825060354e-29,2.7192442952911244e-28
Dmel_CG31094,11.292926,0.41046572,1.422222096994725e-29,3.173076498575158e-28
Dmel_CG11033,11.254449,0.62168556,2.2019911966532042e-29,4.896170273302836e-28
Dmel_CG9949,11.24353,0.36021715,2.4921399874998305e-29,5.531961414820148e-28
Dmel_CG32600,11.218828,0.36292905,3.296101430800803e-29,7.304227470852167e-28
Dmel_CG9686,11.204252,0.69767576,3.886233379102294e-29,8.597473541209301e-28
Dmel_CG10521,11.194655,0.40759584,4.330847492902644e-29,9.564986034324983e-28
Dmel_CG10545,11.184555,0.3810124,4.8533267079674776e-29,1.0700933937818897e-27
Dmel_CG31361,11.170035,0.4900317,5.715802105656671e-29,1.2581466577962195e-27
Dmel_CG4360,11.168235,0.6795702,5.83282677071736e-29,1.2817588059196794e-27
Dmel_CG43128,11.164206,0.34846437,6.103417556177052e-29,1.338981804769994e-27
Dmel_CG5830,11.146995,0.6240741,7.406584230798205e-29,1.62216538961532e-27
Dmel_CG4209,11.14338,0.38051796,7.713539574811689e-29,1.6865827546189752e-27
Dmel_CG5629,11.129687,0.43893862,8.995070207258902e-29,1.9635252091958347e-27
Dmel_CG40049,11.099919,0.36649224,1.2555701608320668e-28,2.7316966032275146e-27
Dmel_CG33170,11.0515785,0.35142916,2.153934003089906e-28,4.66307194968772e-27
Dmel_CG7927,11.049197,0.666974,2.2118503465417547e-28,4.780579836168618e-27
Dmel_CG8878,11.0377245,0.5796626,2.513161141840674e-28,5.4228982865235306e-27
Dmel_CG6379,11.035753,0.92401063,2.5688936906693447e-28,5.5340708178829276e-27
Dmel_CG5010,11.033497,0.38370264,2.634203250330662e-28,5.665477072437844e-27
Dmel_CG42698,11.0321865,0.47025713,2.6728688206914584e-28,5.739243328873604e-27
Dmel_CG10990,11.024066,0.37807667,2.925389222681471e-28,6.27121366643674e-27
Dmel_CG4463,11.016356,0.72949404,3.1869948143790444e-28,6.820895579113196e-27
Dmel_CG7065,10.973607,0.6729342,5.118873978044368e-28,1.0937743568370902e-26
Dmel_CG32795,10.946135,0.7328392,6.93443797070667e-28,1.4793092430690965e-26
Dmel_CG7185,10.901734,0.4590964,1.1308041634036836e-27,2.4084112660109897e-26
Dmel_CG2052,10.901168,0.429718,1.1378788593500928e-27,2.4195576198575355e-26
Dmel_CG5490,10.897024,0.46581417,1.190882412533168e-27,2.5281721782065204e-26
Dmel_CG13388,10.883866,0.5992382,1.3760070750739336e-27,2.911772781569495e-26
Dmel_CG2984,10.861082,0.42137828,1.7664338444231977e-27,3.7319464870683667e-26
Dmel_CG9575,10.849329,0.3489144,2.0089465668217744e-27,4.237490663660503e-26
Dmel_CG5151,10.814617,0.35887465,2.935165920944618e-27,6.161504052257704e-26
Dmel_CG32138,10.807483,0.34961715,3.1725527176759594e-27,6.649204986121177e-26
Dmel_CG45784,10.803388,1.0198426,3.3173524582756946e-27,6.941612843025622e-26
Dmel_CG3981,10.788308,0.33109993,3.909179012867027e-27,8.154051017156445e-26
Dmel_CG32700,10.767146,0.35830852,4.920150786431056e-27,1.024654540166252e-25
Dmel_CG5059,10.755708,0.48636624,5.570453284252137e-27,1.1582488387398314e-25
Dmel_CG32677,10.731666,0.33532456,7.228116187612912e-27,1.5005477854884877e-25
Dmel_CG42817,10.699606,0.4130383,1.022119516113458e-26,2.1185603408906862e-25
Dmel_CG2257,10.665121,0.38871244,1.4820632040399833e-26,3.0670539471321917e-25
Dmel_CG31221,10.658723,0.40098336,1.5876283933305415e-26,3.2752001125206666e-25
Dmel_CG9842,10.654235,0.32692343,1.6660927351266357e-26,3.4316809768493916e-25
Dmel_CG1404,10.653471,0.3462749,1.6798147816608598e-26,3.454529897622122e-25
Dmel_CG3971,10.6524105,0.3713818,1.6990718115113638e-26,3.4886722929798175e-25
Dmel_CG7626,10.649815,0.46157375,1.7471299329484932e-26,3.5817526441304447e-25
Dmel_CG1634,10.646424,0.3706789,1.8119147230883398e-26,3.7087805881781735e-25
Dmel_CG33774,10.593164,1.2807902,3.2056720960424414e-26,6.551436549625774e-25
Dmel_CG4356,10.568967,0.3340484,4.1504227420791933e-26,8.469053610817186e-25
Dmel_CG31619,10.554755,0.36523262,4.82897063268171e-26,9.838372571173698e-25
Dmel_CG14616,10.545503,0.37749687,5.32871833513703e-26,1.0839734929107695e-24
Dmel_CG42271,10.522141,0.6923937,6.830344157750515e-26,1.387288293307566e-24
Dmel_CG12358,10.487737,0.3698641,9.835644393784758e-26,1.994601897819838e-24
Dmel_CG43443,10.47685,0.33724383,1.1035881161280695e-25,2.23455337966702e-24
Dmel_CG42783,10.476279,0.31988412,1.1102644849991207e-25,2.2446131688266838e-24
Dmel_CG14994,10.464407,0.42369652,1.2586270383651665e-25,2.5406479126200698e-24
Dmel_CG13995,10.455354,0.37782085,1.3848097693008798e-25,2.7910713463777393e-24
Dmel_CG32156,10.443619,0.34369725,1.5672015335170415e-25,3.1538430860562698e-24
Dmel_CG14476,10.440198,0.4263252,1.6247157746796366e-25,3.2645856261567435e-24
Dmel_CG10360,10.4256,0.4650962,1.8946055880552993e-25,3.8010705393335404e-24
Dmel_CG17510,10.422797,0.34008914,1.9512831122300762e-25,3.90881271003284e-24
Dmel_CG10946,10.419431,0.32352155,2.021597689029416e-25,4.043503079381363e-24
Dmel_CG11247,10.4047575,0.42505127,2.3585483818233387e-25,4.710286365583662e-24
Dmel_CG9056,10.401058,0.37951103,2.451944873679629e-25,4.889378996210016e-24
Dmel_CG34355,10.399616,0.3697844,2.4893312687461054e-25,4.956409424635238e-24
Dmel_CG8411,10.382198,0.8789991,2.988137367566317e-25,5.940561746927227e-24
Dmel_CG3832,10.367119,0.5025591,3.499165959422602e-25,6.946003001929367e-24
Dmel_CG11799,10.364424,0.45156926,3.5992298974421867e-25,7.133858232622591e-24
Dmel_CG18076,10.358676,0.3141341,3.822152105022726e-25,7.564292290979465e-24
Dmel_CG5065,10.32497,0.31766242,5.433563459537048e-25,1.0737211642372383e-23
Dmel_CG2262,10.311672,0.34303778,6.24056896943974e-25,1.2313410935046191e-23
Dmel_CG12073,10.3007,0.69909364,6.995014942146013e-25,1.378133303669277e-23
Dmel_CG30428,10.299994,0.45341796,7.046509657309614e-25,1.386200350399785e-23
Dmel_CG4001,10.292779,0.342736,7.59524502900772e-25,1.4919150213182427e-23
Dmel_CG31646,10.290128,0.52767545,7.80724304719008e-25,1.5312683713899232e-23
Dmel_CG14989,10.286452,0.33944634,8.111023665201356e-25,1.586115505720402e-23
Dmel_CG44086,10.285168,0.34647113,8.219859003600169e-25,1.6050099133181254e-23
Dmel_CG4857,10.283861,0.33253092,8.332131899315198e-25,1.624518476096454e-23
Dmel_CG34422,10.268366,0.7689729,9.784762669731557e-25,1.9049120924880353e-23
Dmel_CG12019,10.258121,0.62921995,1.088033369829735e-24,2.1150660522089564e-23
Dmel_CG2679,10.256533,0.41782513,1.1060754672006683e-24,2.146962734783454e-23
Dmel_CG10967,10.246318,0.31316188,1.2293843605531229e-24,2.3827934929245705e-23
Dmel_CG5020,10.235747,0.3115396,1.3713179406839117e-24,2.653974824525373e-23
Dmel_CG3886,10.231229,0.7255855,1.43684337626912e-24,2.776699824640074e-23
Dmel_CG17046,10.228304,0.3107823,1.4808952808046695e-24,2.8576277364249874e-23
Dmel_CG10596,10.22054,0.65733165,1.6044495558724258e-24,3.0915061017184085e-23
Dmel_CG32813,10.217859,0.7301006,1.6494260288913728e-24,3.173514999364792e-23
Dmel_CG15224,10.213055,0.3112911,1.7332142557596753e-24,3.329849201014312e-23
Dmel_CG6593,10.172269,0.31754544,2.6369376375809383e-24,5.058685765759286e-23
Dmel_CG10002,10.127566,0.6141168,4.1689637700770135e-24,7.986057274428869e-23
Dmel_CG6222,10.124987,0.86197966,4.280368080986649e-24,8.187527940647097e-23
Dmel_CG5166,10.115075,0.30756316,4.736556575112281e-24,9.04696074906257e-23
Dmel_CG1578,10.108074,0.3650776,5.0874689692528084e-24,9.703110264869543e-23
Dmel_CG17836,10.107321,0.367578,5.126694734411309e-24,9.763752971724494e-23
Dmel_CG4466,10.084024,0.7625351,6.500767334266488e-24,1.2362747256092028e-22
Dmel_CG31712,10.078714,0.32704794,6.861797947343633e-24,1.303047497486166e-22
Dmel_CG11940,10.070736,0.31209958,7.441912668776575e-24,1.4111713474804182e-22
Dmel_CG6024,10.067849,0.3155291,7.663553675819085e-24,1.4511060353593458e-22
Dmel_CG30172,10.047581,0.3284031,9.415010339284522e-24,1.7801820268854373e-22
Dmel_CG9425,10.042214,0.31077683,9.941658650438071e-24,1.8770594299627399e-22
Dmel_CG10082,10.042043,0.32094896,9.95902636506868e-24,1.8776408244385585e-22
Dmel_CG40411,10.035084,0.30735135,1.0686906740674164e-23,2.0119862676103036e-22
Dmel_CG7776,10.023452,0.3122741,1.2022866774214255e-23,2.2602645533612233e-22
Dmel_CG11537,10.010799,0.3564958,1.3664401073103014e-23,2.5651984928806673e-22
Dmel_CG8585,10.0085125,0.3130293,1.3983951387431902e-23,2.621442299318725e-22
Dmel_CG14217,10.001469,0.37282887,1.5015313449964096e-23,2.810772564757524e-22
Dmel_CG6964,9.997223,0.31542212,1.5673027207674386e-23,2.9297190687915945e-22
Dmel_CR43344,9.990658,0.87329316,1.674665846532857e-23,3.1259636206375394e-22
Dmel_CG9704,9.9880495,0.43866748,1.7193066171629482e-23,3.204738759735929e-22
Dmel_CG9884,9.984991,0.4690867,1.7731625146203525e-23,3.3004431451311686e-22
Dmel_CG5753,9.98366,0.34610513,1.7971387388116897e-23,3.340339486099634e-22
Dmel_CG7467,9.979584,0.31056693,1.8725137594362758e-23,3.475523066772896e-22
Dmel_CG42265,9.97353,0.32602844,1.9902620301315853e-23,3.6888622479491063e-22
Dmel_CG4385,9.971981,0.37575057,2.0215658067215134e-23,3.741605107905269e-22
Dmel_CG2207,9.95592,0.31541494,2.3761436192080584e-23,4.391688227849943e-22
Dmel_CG3558,9.953762,0.5387759,2.428259847342391e-23,4.481708237911005e-22
Dmel_CG9650,9.918821,0.37372676,3.4480323915365116e-23,6.354921971554179e-22
Dmel_CG32435,9.89525,0.40678257,4.365166616632357e-23,8.033985225373361e-22
Dmel_CG2637,9.8918085,0.32006207,4.517918327382809e-23,8.303491572047202e-22
Dmel_CG40228,9.85532,0.3400878,6.500955895729295e-23,1.1931433160024952e-21
Dmel_CG3861,9.854352,0.30872515,6.563877645146416e-23,1.203011382634157e-21
Dmel_CG2302,9.8470745,0.32365787,7.056823929611168e-23,1.2915560342481943e-21
Dmel_CG32701,9.836413,0.3741171,7.845796754318901e-23,1.431966877062565e-21
Dmel_CG30419,9.821312,0.5333172,9.114920991362164e-23,1.661292326594871e-21
Dmel_CG17321,9.813812,0.3671202,9.818745201286998e-23,1.787093222854743e-21
Dmel_CG18024,9.811901,0.34653112,1.0006503546770036e-22,1.8187477608313286e-21
Dmel_CG12384,9.799701,0.32214224,1.1291952083250435e-22,2.049551689585552e-21
Dmel_CG34380,9.793524,0.34751746,1.2003753915160692e-22,2.1757424855051952e-21
Dmel_CG3450,9.7785845,1.0352339,1.3914255069235098e-22,2.5185568300939176e-21
Dmel_CG11958,9.759636,0.3559927,1.6775711674677888e-22,3.0323194926677047e-21
Dmel_CG11727,9.759458,0.30769357,1.6805088982808008e-22,3.033457064877473e-21
Dmel_CG9261,9.75504,0.44328395,1.755305225692249e-22,3.1641242758329004e-21
Dmel_CG11491,9.748493,0.5217952,1.8722628112756006e-22,3.37032953465379e-21
Dmel_CG2239,9.745493,0.39426085,1.9284129308882357e-22,3.4666585943642006e-21
Dmel_CG1648,9.74436,0.39324597,1.950039002668713e-22,3.5007462478237104e-21
Dmel_CG15765,9.743056,0.34811226,1.975221711010195e-22,3.5411171220170494e-21
Dmel_CG34341,9.731228,0.48977703,2.2189721923663497e-22,3.972685773826458e-21
Dmel_CG32758,9.707096,0.40989274,2.8123615908101743e-22,5.0213646283745244e-21
Dmel_CG7958,9.706619,0.35994753,2.8255325668266284e-22,5.038035747716245e-21
Dmel_CG6889,9.706423,0.33266604,2.830985206509477e-22,5.040918238311793e-21
Dmel_CG7088,9.695088,0.74753124,3.16364885865914e-22,5.618041844816183e-21
Dmel_CG17686,9.694019,0.3561473,3.196938445147737e-22,5.6694963708078826e-21
Dmel_CG8949,9.6881,0.33527723,3.3877155613193155e-22,5.999726440875624e-21
Dmel_CG32217,9.653159,0.29326385,4.766442561997987e-22,8.430124052115148e-21
Dmel_CG1848,9.651227,0.46351808,4.857085426266888e-22,8.578892417550156e-21
Dmel_CG5784,9.638913,0.29515693,5.476448520125365e-22,9.659867114492271e-21
Dmel_CG32744,9.633536,0.29623717,5.770877048548199e-22,1.0162110401177126e-20
Dmel_CG3664,9.633433,0.2911759,5.776650536244816e-22,1.0162110401177126e-20
Dmel_CG42739,9.631721,0.3081532,5.8737548790495035e-22,1.0319119367057423e-20
Dmel_CG3446,9.620705,0.29740396,6.538174272280754e-22,1.1471047812021548e-20
Dmel_CG17149,9.590343,0.82131904,8.77923936177122e-22,1.5361915373240427e-20
Dmel_CG1998,9.582002,0.5472328,9.518198536953286e-22,1.6632798799747756e-20
Dmel_CG11455,9.564644,0.30121797,1.1258878106270832e-21,1.9622402810942308e-20
Dmel_CG7431,9.5641775,0.6646589,1.130968462412535e-21,1.9684843131871683e-20
Dmel_CG4422,9.5525465,0.30002055,1.2654679674186488e-21,2.1996712380751935e-20
Dmel_CG45110,9.540731,0.29360324,1.4182802781842458e-21,2.4620371381267073e-20
Dmel_CG7187,9.534574,0.34919694,1.5050306295444352e-21,2.6091830478685255e-20
Dmel_CG9003,9.498447,0.32699493,2.130438257141976e-21,3.6885492934259164e-20
Dmel_CG34401,9.488519,0.34820217,2.3434153469274104e-21,4.0519501413122495e-20
Dmel_CG42273,9.463829,0.29274565,2.9686863456143413e-21,5.1263478669800344e-20
Dmel_CG6490,9.446711,0.42008215,3.496471465362289e-21,6.029807286919401e-20
Dmel_CG33991,9.425738,0.5340747,4.27089262816919e-21,7.355674970743292e-20
Dmel_CG4577,9.398953,0.32980075,5.510824036814824e-21,9.466371067684132e-20
Dmel_CG43689,9.386038,0.86153185,6.229977380074376e-21,1.0687745790020545e-19
Dmel_CG3682,9.385666,0.28961933,6.252025190892015e-21,1.071158579315671e-19
Dmel_CG2682,9.382951,0.3417637,6.415150116295502e-21,1.0976756208104062e-19
Dmel_CG9473,9.377245,0.77619684,6.7718930282652516e-21,1.1572099646870438e-19
Dmel_CG15312,9.368807,0.34207362,7.335680314410304e-21,1.2519243508008547e-19
Dmel_CG34370,9.357887,0.36763892,8.13470651302866e-21,1.3864873967277512e-19
Dmel_CG9088,9.339633,0.31307235,9.666843253688074e-21,1.645492062133614e-19
Dmel_CG32183,9.33627,0.41069973,9.97871937483178e-21,1.6963822937214026e-19
Dmel_CG7576,9.326156,0.30602816,1.0978041373570486e-20,1.8638558357892732e-19
Dmel_CG10652,9.324643,0.2881853,1.1135773189782398e-20,1.888196070799103e-19
Dmel_CG11412,9.319836,0.668894,1.165202471758477e-20,1.9731862991466684e-19
Dmel_CG42668,9.300945,0.291886,1.392021384929999e-20,2.351227894519938e-19
Dmel_CG7378,9.280795,0.32018277,1.6821880607310455e-20,2.8376936208044503e-19
Dmel_CG5557,9.263722,0.92618483,1.974270372211148e-20,3.3261393540034227e-19
Dmel_CG2852,9.259416,0.29404572,2.0555421470431305e-20,3.458627318091393e-19
Dmel_CG17228,9.243608,0.4161552,2.3832164781058003e-20,4.0048398642951817e-19
Dmel_CG34368,9.232084,0.5546419,2.65416694323822e-20,4.454458212144758e-19
Dmel_CG10508,9.2281685,0.36101517,2.75298832747727e-20,4.614415766757501e-19
Dmel_CG3198,9.219237,0.28827503,2.992213218102111e-20,5.00900304446877e-19
Dmel_CG10986,9.19243,0.4208237,3.840659684015579e-20,6.421133448810269e-19
Dmel_CG31522,9.178605,0.49854603,4.367118493782483e-20,7.292033561219265e-19
Dmel_CG1088,9.158209,0.33230484,5.276578290284541e-20,8.799430877237203e-19
Dmel_CG13624,9.109789,0.2870475,8.254220383989182e-20,1.3712858415423748e-18
Dmel_CG4192,9.090617,0.35916832,9.847813195575025e-20,1.6339660757961036e-18
Dmel_CG3530,9.078396,0.3053504,1.101864776174301e-19,1.8259274935317135e-18
Dmel_CG8280,9.075788,0.27475697,1.1285873594337545e-19,1.8678547217026407e-18
Dmel_CG10701,9.046824,0.3204608,1.4718621367093694e-19,2.4329233130185942e-18
Dmel_CG42795,9.028238,0.2867134,1.744568874003495e-19,2.8764591685420237e-18
Dmel_CG42322,9.02563,0.3012772,1.7866472585156093e-19,2.942146820069376e-18
Dmel_CG46385,8.996745,0.28862134,2.325078132942797e-19,3.819231468125162e-18
Dmel_CG14535,8.977382,0.6073265,2.772871567926272e-19,4.543429585301639e-18
Dmel_CG5803,8.946495,0.34638762,3.6694768772568685e-19,6.005055497388856e-18
Dmel_CG8233,8.946335,0.5583539,3.6748123284396284e-19,6.006307065674771e-18
Dmel_CG9151,8.938217,0.5487082,3.954994765506266e-19,6.4562218898779924e-18
Dmel_CG4894,8.925474,0.27659586,4.437931782301343e-19,7.235590763178901e-18
Dmel_CG15862,8.846299,0.28310803,9.046984332441776e-19,1.4695478505885955e-17
Dmel_CG5848,8.821763,0.42489448,1.126716569927573e-18,1.825669845304345e-17
Dmel_CG3136,8.821003,0.2782911,1.1343884741721622e-18,1.8358373077704906e-17
Dmel_CG16817,8.818517,0.26944184,1.1598553580887055e-18,1.8747428364875373e-17
Dmel_CG8910,8.816889,0.43430918,1.1768359845794113e-18,1.899852785424821e-17
Dmel_CG9739,8.808792,0.28945625,1.2650163636737875e-18,2.0397030717837106e-17
Dmel_CG3307,8.797968,0.5453045,1.393162666254155e-18,2.2435723771134622e-17
Dmel_CG12859,8.776717,0.2731316,1.6831612274091313e-18,2.7072731565952745e-17
Dmel_CG5738,8.772605,0.27685338,1.745790448626285e-18,2.804576074009537e-17
Dmel_CG10868,8.769676,0.58869445,1.791802640651065e-18,2.874979059926208e-17
Dmel_CG43658,8.738504,0.36077905,2.362172040253213e-18,3.7809138588267324e-17
Dmel_CG13551,8.731573,0.30022728,2.511556474422623e-18,4.015129395424293e-17
Dmel_CG8580,8.730188,0.28099233,2.5424861672378263e-18,4.0596367829492443e-17
Dmel_CG12055,8.721905,0.27786717,2.7356070366197298e-18,4.362695639347072e-17
Dmel_CG12994,8.718331,0.83412826,2.8233208979978186e-18,4.4971224146168894e-17
Dmel_CG12594,8.716208,0.41800717,2.8767416984909677e-18,4.576666181582301e-17
Dmel_CG7850,8.695623,0.37570524,3.4493002429147253e-18,5.4809255734150427e-17
Dmel_CG31045,8.686828,0.33236665,3.7269979422240165e-18,5.915033811445145e-17
Dmel_CG33087,8.676908,0.5082864,4.066745385358657e-18,6.446453692279627e-17
Dmel_CG9429,8.675915,0.3051851,4.102385021903285e-18,6.495113442509767e-17
Dmel_CG1737,8.6660795,0.38782188,4.472548701551072e-18,7.072654932260245e-17
Dmel_CG11148,8.661435,0.2730475,4.65862349300154e-18,7.358049437684283e-17
Dmel_CG9977,8.659185,0.45173007,4.751486265704587e-18,7.495712006917645e-17
Dmel_CG42242,8.632577,0.28856236,5.998482929143159e-18,9.451566447466457e-17
Dmel_CG31760,8.608635,0.3511639,7.393547060675428e-18,1.1635760709501293e-16
Dmel_CG4678,8.597739,0.28267384,8.130198325555068e-18,1.277977705695205e-16
Dmel_CG34407,8.557025,0.27161866,1.1581743364238733e-17,1.8183475453938014e-16
Dmel_CG12851,8.556129,0.36697382,1.1672043852888548e-17,1.8303380461910314e-16
Dmel_CG17454,8.553573,0.2840907,1.1933572138021818e-17,1.8691188494129287e-16
Dmel_CG6117,8.549695,0.5148221,1.234141973747998e-17,1.9306975805979098e-16
Dmel_CG32597,8.526528,0.5257191,1.5080515943364493e-17,2.3563978598305924e-16
Dmel_CG3845,8.52622,0.27142185,1.5120768814833627e-17,2.359881508262811e-16
Dmel_CG1101,8.523195,0.33227676,1.552105235380493e-17,2.41947982184283e-16
Dmel_CG17336,8.5146055,0.33286107,1.6715770565684914e-17,2.602629632744851e-16
Dmel_CG3523,8.493739,0.39387113,2.0009253382698748e-17,3.11173489588218e-16
Dmel_CG42450,8.485157,0.35219342,2.1542686708719098e-17,3.346246407083661e-16
Dmel_CG3613,8.462038,0.35607213,2.627449957991556e-17,4.076425017469544e-16
Dmel_CG42543,8.458053,0.2707014,2.718803533095996e-17,4.213183635426236e-16
Dmel_CG2512,8.4530325,0.28585413,2.838331785242279e-17,4.393229445214227e-16
Dmel_CG6064,8.449025,0.26076034,2.937448013854492e-17,4.541294629419044e-16
Dmel_CG46146,8.445849,0.8536914,3.018420280802816e-17,4.660994231495865e-16
Dmel_CG14995,8.442665,0.44620696,3.1018287612704407e-17,4.784170393410195e-16
Dmel_CG11848,8.44209,0.38053715,3.1171350192107494e-17,4.802142003217873e-16
Dmel_CG8909,8.428042,0.26672366,3.514970749436877e-17,5.40869210987705e-16
Dmel_CG8639,8.411628,0.26284495,4.043609978949457e-17,6.214863009751441e-16
Dmel_CG16983,8.384738,0.26085463,5.0838948615323474e-17,7.804610090583712e-16
Dmel_CG9102,8.380103,0.59594506,5.288147386190131e-17,8.108698343281739e-16
Dmel_CG17378,8.375958,0.40441006,5.47763986776832e-17,8.389471503769638e-16
Dmel_CG2969,8.360096,0.29456773,6.266724420575769e-17,9.575700652416998e-16
Dmel_CG8817,8.350091,0.25750837,6.821030650452326e-17,1.041058812747898e-15
Dmel_CG43286,8.339907,0.48437306,7.434915416621245e-17,1.1334364673993015e-15
Dmel_CG8318,8.336618,0.30674228,7.644525563877872e-17,1.164040677113779e-15
Dmel_CG9565,8.332184,0.39490142,7.936427516684659e-17,1.2070902082957534e-15
Dmel_CG34356,8.330364,0.37489378,8.059409814639238e-17,1.224378085250569e-15
Dmel_CG15274,8.329307,0.305295,8.131729561582216e-17,1.233938316036396e-15
Dmel_CG1954,8.294996,0.30914605,1.0858888671357936e-16,1.6439706915934864e-15
Dmel_CG8110,8.263512,0.3250141,1.4144851700864236e-16,2.1388645491101805e-15
Dmel_CG9005,8.263381,0.25310138,1.4160354293629533e-16,2.1388645491101805e-15
Dmel_CG30021,8.251243,0.337787,1.5675628788778808e-16,2.365022249292105e-15
Dmel_CG2621,8.232066,0.34745812,1.8401169820651817e-16,2.7730478510686414e-15
Dmel_CG8678,8.225008,0.5845962,1.9517708203764602e-16,2.937940475437235e-15
Dmel_CG4758,8.222008,0.25103608,2.001236624908939e-16,3.0089531450718955e-15
Dmel_CG18001,8.207079,0.35141838,2.266352458420781e-16,3.403672874983712e-15
Dmel_CG5370,8.193747,0.93779856,2.532189105271643e-16,3.798572720590715e-15
Dmel_CG1812,8.182085,0.72136635,2.7897399350819386e-16,4.175395499648264e-15
Dmel_CG8177,8.170359,0.2559371,3.074743926429366e-16,4.5967246800009445e-15
Dmel_CG32513,8.167963,0.33924112,3.1363980733417586e-16,4.683568986566369e-15
Dmel_CG4167,8.160508,0.5774937,3.3361824095569084e-16,4.976251196820356e-15
Dmel_CG30361,8.157845,0.4398923,3.4105602967737343e-16,5.08142549432014e-15
Dmel_CG2246,8.147649,0.3963338,3.710681298786677e-16,5.522317434581621e-15
Dmel_CG17367,8.140404,0.5084078,3.939628297078956e-16,5.8564089877731405e-15
Dmel_CR44024,8.135154,0.37875065,4.11415031417547e-16,6.1020371646252656e-15
Dmel_CG31190,8.128816,0.34004775,4.335034018507422e-16,6.4223993277571625e-15
Dmel_CG10706,8.120358,0.31426367,4.648091438589869e-16,6.878442521904219e-15
Dmel_CG2530,8.119158,0.27186182,4.694290274011827e-16,6.9389953307974605e-15
Dmel_CG2082,8.087772,0.265335,6.0765819623985e-16,8.972175681784122e-15
Dmel_CG42333,8.084888,0.52780086,6.222087743365646e-16,9.176706513531757e-15
Dmel_CG40472,8.083768,1.3692435,6.279560341305771e-16,9.251087718060443e-15
Dmel_CG12537,8.080629,0.2446657,6.443333467092549e-16,9.481729573467323e-15
Dmel_CG32767,8.079119,0.3394194,6.523664310486004e-16,9.589202763321765e-15
Dmel_CG12345,8.05851,0.2736489,7.723012275309302e-16,1.1326797356008876e-14
Dmel_CG14865,8.043063,0.42307264,8.762012749439839e-16,1.2836299837278585e-14
Dmel_CG10964,8.025425,0.90987843,1.0117522173468223e-15,1.480560789326792e-14
Dmel_CG10712,8.0248375,0.3753614,1.0166009155468128e-15,1.486001405027883e-14
Dmel_CG2674,8.022095,0.26351762,1.0395665350262997e-15,1.5178826485311783e-14
Dmel_CG5146,8.020891,0.3605321,1.0498103298143141e-15,1.531138462163141e-14
Dmel_CG32190,7.997219,0.28245118,1.2726065053736771e-15,1.8519736530581938e-14
Dmel_CG7037,7.9953175,0.31166473,1.2924041910576253e-15,1.8787039241911783e-14
Dmel_CG13363,7.9911475,0.3133272,1.3368841394070132e-15,1.9412148592207248e-14
Dmel_CG1453,7.9888296,0.34933636,1.3622606690238072e-15,1.9758794096734932e-14
Dmel_CG32529,7.9866548,0.24513856,1.3864979751542015e-15,2.0088169670894558e-14
Dmel_CG1347,7.981561,0.24586609,1.4449369448976995e-15,2.0911802194824526e-14
Dmel_CG42324,7.9783583,0.3896536,1.482926715374806e-15,2.1437997763190676e-14
Dmel_CG9669,7.968774,0.7971067,1.6025620987488571e-15,2.314205334028432e-14
Dmel_CG32531,7.9611354,0.42853153,1.7046804652017045e-15,2.4562725869753943e-14
Dmel_CG13779,7.9479465,0.48752132,1.896285211360541e-15,2.729362975080927e-14
Dmel_CG12099,7.945809,0.49333704,1.9292757937064835e-15,2.773808884583906e-14
Dmel_CG6051,7.942527,0.39093113,1.9810376623289276e-15,2.8451164940616873e-14
Dmel_CG1871,7.941605,0.32123327,1.99581573890563e-15,2.8632112035981314e-14
Dmel_CG14981,7.932466,0.2843623,2.1483680940518904e-15,3.0787028488479705e-14
Dmel_CG4881,7.9289103,0.8305677,2.210774713476608e-15,3.1646830620692925e-14
Dmel_CG32103,7.926092,0.33099645,2.261497578320207e-15,3.2337692792933444e-14
Dmel_CG4816,7.908725,0.40226263,2.600388351383893e-15,3.710282662924618e-14
Dmel_CG7154,7.8986726,0.4774666,2.8188958002711647e-15,4.0176908580654423e-14
Dmel_CG42551,7.897408,0.2440721,2.8476308393036878e-15,4.054248847160321e-14
Dmel_CG2040,7.8873796,0.3023179,3.0859810970760183e-15,4.3888395667398226e-14
Dmel_CG3905,7.878706,0.37399724,3.3078886824730336e-15,4.699347586635474e-14
Dmel_CG17778,7.8610053,0.29030606,3.810627979175814e-15,5.407717308245072e-14
Dmel_CG1709,7.8597536,0.23975736,3.848900010772636e-15,5.4561375449367e-14
Dmel_CG10564,7.8442097,0.9539943,4.35689226019279e-15,6.169603576637225e-14
Dmel_CG14213,7.8337617,0.43869585,4.734863273510492e-15,6.697614453950632e-14
Dmel_CG40002,7.827104,0.5186315,4.99235386478374e-15,7.054249692163778e-14
Dmel_CG32130,7.8183002,0.24398851,5.3541298495638184e-15,7.549208192394651e-14
Dmel_CG8200,7.816678,0.31663582,5.423551813244293e-15,7.638895431708816e-14
Dmel_CG2146,7.785835,0.42792007,6.925435885664533e-15,9.733385344761243e-14
Dmel_CG12013,7.7827897,0.4586972,7.0942607175870955e-15,9.960008556603847e-14
Dmel_CG6919,7.7526836,0.28319874,8.997058872396789e-15,1.2617966984222648e-13
Dmel_CG42396,7.751255,0.25384,9.098890157243452e-15,1.2747176498543305e-13
Dmel_CG4574,7.7333183,0.26189277,1.0477896670669298e-14,1.4663476054234851e-13
Dmel_CG2013,7.705635,0.2658437,1.3019394889453617e-14,1.8181495031063759e-13
Dmel_CG3082,7.6892786,0.24602662,1.479671857535667e-14,2.064157949031444e-13
Dmel_CG17168,7.6882143,0.5508858,1.492026340632068e-14,2.0791853809380703e-13
Dmel_CG4244,7.684997,0.49585783,1.530006673277359e-14,2.1298535692306966e-13
Dmel_CG17596,7.67143,0.39296797,1.7008932331602473e-14,2.3652315319533134e-13
Dmel_CG2048,7.661141,0.26300517,1.8428828715403042e-14,2.559970804958894e-13
Dmel_CG31475,7.6601377,0.6256671,1.857339066346835e-14,2.577327631559003e-13
Dmel_CG9390,7.6543617,0.27239224,1.942745361171238e-14,2.6929975518092024e-13
Dmel_CG9699,7.6449704,0.24413052,2.0899329533229698e-14,2.89397354474364e-13
Dmel_CG15760,7.640579,0.2686974,2.1624672729827063e-14,2.991261308870078e-13
Dmel_CG32555,7.6389036,0.30055067,2.190793875436233e-14,3.0272578672037364e-13
Dmel_CG7220,7.6258025,0.25386688,2.4252053642128274e-14,3.344136798648559e-13
Dmel_CG15309,7.6164064,0.49787444,2.6083568347840933e-14,3.5929158454819466e-13
Dmel_CG31092,7.6102233,0.4117455,2.7362291887135967e-14,3.765108666898992e-13
Dmel_CG40263,7.6003356,0.24783772,2.9536372544266475e-14,4.0557729530220036e-13
Dmel_CG15891,7.5928645,0.41354704,3.1291018221106855e-14,4.287750473864079e-13
Dmel_CG11059,7.5921373,0.3051159,3.146716839929504e-14,4.307396457657668e-13
Dmel_CG8251,7.588797,0.28259254,3.228888363614725e-14,4.415278042274828e-13
Dmel_CG18743,7.5828114,0.5341896,3.3814650578195284e-14,4.619109389273017e-13
Dmel_CG12199,7.579887,0.3946087,3.458558225262207e-14,4.719513358065489e-13
Dmel_CG32267,7.5750723,0.2708927,3.589279345011598e-14,4.892813264813009e-13
Dmel_CG3953,7.574788,0.40186703,3.597141431313423e-14,4.898449279677688e-13
Dmel_CG1688,7.571255,0.2889282,3.6963439638556265e-14,5.028328781472752e-13
Dmel_CG13784,7.5708547,0.23651436,3.707771567081737e-14,5.038658341574054e-13
Dmel_CG17299,7.5705132,0.27564487,3.7175204501651226e-14,5.046687627646682e-13
Dmel_CG11190,7.569066,0.42628956,3.759176255891921e-14,5.097970606674482e-13
Dmel_CG9262,7.568309,0.23787288,3.781139538714015e-14,5.122469554457822e-13
Dmel_CG32052,7.561573,0.2571197,3.9822408343808096e-14,5.389353944860785e-13
Dmel_CG2822,7.541144,0.28326073,4.658668259002175e-14,6.298308599953455e-13
Dmel_CG1976,7.539322,0.26294184,4.724215089156067e-14,6.380360789989709e-13
Dmel_CG14162,7.522717,0.24423139,5.364944594183047e-14,7.238268676813082e-13
Dmel_CG7832,7.5191636,0.2500538,5.512768069480639e-14,7.430080533440522e-13
Dmel_CG8156,7.517905,0.29887825,5.5660766294182186e-14,7.49424313393287e-13
Dmel_CG11896,7.5155773,0.9027371,5.666036117235063e-14,7.621021557480651e-13
Dmel_CG11949,7.504544,0.32928526,6.16428746072405e-14,8.282709767011733e-13
Dmel_CG1938,7.5038147,0.23241448,6.198697589133772e-14,8.320437693442992e-13
Dmel_CG13743,7.500284,0.3339697,6.367954445009618e-14,8.538907077741978e-13
Dmel_CG9245,7.498714,0.23499778,6.444703916734672e-14,8.63301265747302e-13
Dmel_CG15771,7.4903474,0.28097883,6.869168149808847e-14,9.19223407908738e-13
Dmel_CG1391,7.480529,0.32128775,7.402425031679292e-14,9.89575456167829e-13
Dmel_CG9450,7.479687,0.27666518,7.449980440968725e-14,9.949206603127034e-13
Dmel_CG7921,7.4794054,0.28403935,7.465959243251672e-14,9.960423392443678e-13
Dmel_CG4399,7.4696884,0.23206566,8.038504759310375e-14,1.0713386515425723e-12
Dmel_CG5362,7.468215,0.2775939,8.129007831616695e-14,1.0823028562844477e-12
Dmel_CG7664,7.462514,0.23429796,8.488716786899239e-14,1.12905088356926e-12
Dmel_CG18445,7.455315,0.54152983,8.965327596618231e-14,1.1912373098802848e-12
Dmel_CG2249,7.4518456,0.33904535,9.20434918338266e-14,1.221761137563955e-12
Dmel_CG1822,7.444515,0.2774465,9.730111657396464e-14,1.2902461885958319e-12
Dmel_CG10155,7.4383082,0.27328324,1.0198284060980527e-13,1.3509642222313016e-12
Dmel_CG42684,7.4281454,0.2576951,1.1013080098770485e-13,1.4574308718826076e-12
Dmel_CG2995,7.4223075,0.23160838,1.1509703970278653e-13,1.5216199182437805e-12
Dmel_CG6311,7.409525,0.2644838,1.2675265402487914e-13,1.67402676034265e-12
Dmel_CG34384,7.406916,0.24028401,1.2927033187966731e-13,1.7055636859746064e-12
Dmel_CG1693,7.3975906,0.23024936,1.3867777897665762e-13,1.8278482382469985e-12
Dmel_CG2041,7.3882513,0.22456203,1.4877256631619053e-13,1.9589381703016633e-12
Dmel_CG6014,7.380343,0.2661767,1.5788256251157245e-13,2.0768115655301036e-12
Dmel_CG9291,7.377984,0.23456106,1.6070405765230336e-13,2.1117681507106117e-12
Dmel_CG8253,7.377854,0.2577756,1.6086141989660775e-13,2.1117681507106117e-12
Dmel_CG17697,7.3741307,0.26148838,1.6542055643495432e-13,2.1694526268580186e-12
Dmel_CG12400,7.3706317,0.23697792,1.6982163293988714e-13,2.2249512247886905e-12
Dmel_CG42240,7.359478,0.44029784,1.8463073467463485e-13,2.4165662194814507e-12
Dmel_CG3039,7.344239,0.87502104,2.0693259969958386e-13,2.705772430499733e-12
Dmel_CG7925,7.3392105,0.31908223,2.1485747446766395e-13,2.8066024572361554e-12
Dmel_CG10192,7.315367,0.2289416,2.566781481094482e-13,3.3495606199664934e-12
Dmel_CG15441,7.313615,0.26882416,2.6004983066357887e-13,3.3901932785219145e-12
Dmel_CG11367,7.3132563,0.87783605,2.6074477077357467e-13,3.395884076051085e-12
Dmel_CG13439,7.3123236,0.23561142,2.62562101980777e-13,3.4161669129993968e-12
Dmel_CG3086,7.3086443,0.67784226,2.69850680330846e-13,3.507525015061965e-12
Dmel_CG17090,7.294596,0.27127668,2.995561451554998e-13,3.889789825581445e-12
Dmel_CG4183,7.2940226,0.45067197,3.008345920147998e-13,3.902534426126836e-12
Dmel_CG31062,7.291934,0.25126928,3.055366393033966e-13,3.9596222653707446e-12
Dmel_CG17161,7.2726088,0.27326056,3.52610637018748e-13,4.565178700555042e-12
Dmel_CG17255,7.259889,0.29653823,3.8740715536492577e-13,5.0107455006402455e-12
Dmel_CG32018,7.2581935,0.24195263,3.922942104497094e-13,5.068965800904259e-12
Dmel_CG6356,7.2482066,0.97487,4.2232583102785934e-13,5.4516539740050095e-12
Dmel_CG18265,7.2473245,0.49158815,4.2508504315602795e-13,5.481886704723614e-12
Dmel_CG10446,7.2294645,0.87449586,4.849017207214714e-13,6.247150501961623e-12
Dmel_CG32549,7.223973,0.5096377,5.0490320929904e-13,6.498465302055519e-12
Dmel_CG2140,7.219688,0.2829873,5.210702396889955e-13,6.699984363750578e-12
Dmel_CG8055,7.210194,0.26210186,5.587215501324267e-13,7.177086891779296e-12
Dmel_CG9123,7.200906,0.6602342,5.98138447582792e-13,7.67591537078659e-12
Dmel_CG30118,7.1990695,0.24586944,6.062490990630793e-13,7.772409181256511e-12
Dmel_CG13758,7.1788707,0.50687814,7.02896688750237e-13,9.0026953088371e-12
Dmel_CG7105,7.1732707,0.5726483,7.322682110434122e-13,9.36975322426629e-12
Dmel_CG5723,7.169406,0.23283891,7.532396177794004e-13,9.628717721049709e-12
Dmel_CG7766,7.16727,0.37928307,7.650782365325825e-13,9.77054723641853e-12
Dmel_CG17291,7.167097,0.30985233,7.660483924232133e-13,9.77343876197422e-12
Dmel_CG12532,7.1565113,0.3337708,8.275594739262821e-13,1.0547971917425095e-11
Dmel_CG15899,7.1557245,0.29724315,8.323216684994927e-13,1.059839054820914e-11
Dmel_CG6863,7.1521473,0.42084342,8.543091948306782e-13,1.0867838460087068e-11
Dmel_CG43066,7.1505795,0.23339924,8.641232409596717e-13,1.0982053684188632e-11
Dmel_CG13293,7.139284,0.28616077,9.381809347523565e-13,1.1911725278821948e-11
Dmel_CG8954,7.13699,0.24874406,9.539686803286602e-13,1.2100484969303981e-11
Dmel_CG12283,7.1027327,0.27358586,1.2231371385729778e-12,1.5499754231424784e-11
Dmel_CG11265,7.080844,0.25634167,1.4327931854633731e-12,1.8139051300745845e-11
Dmel_CG1803,7.0806537,0.9186965,1.434761256019064e-12,1.814648475971754e-11
Dmel_CG43744,7.0790405,0.36104757,1.4515583451991994e-12,1.834127712909873e-11
Dmel_CG17691,7.0743637,0.6269373,1.5013623834209993e-12,1.8952356465451826e-11
Dmel_CG9652,7.0708647,0.26488593,1.5397146579923487e-12,1.941784099873076e-11
Dmel_CG16707,7.0548224,0.3017279,1.7282127029592287e-12,2.1753298016846e-11
Dmel_CG31145,7.054527,0.30421558,1.731887773804857e-12,2.1778695919205384e-11
Dmel_CG2902,7.0448737,0.3807172,1.8562953300904677e-12,2.3320819247341144e-11
Dmel_CG3907,7.039707,0.2914239,1.926445482174692e-12,2.4179006763378823e-11
Dmel_CG42671,7.0219264,0.273735,2.188295712345659e-12,2.743930720986098e-11
Dmel_CG33129,7.017758,0.23396276,2.2545704628303674e-12,2.8243384606343047e-11
Dmel_CG6154,7.014064,0.29349247,2.3149365586432844e-12,2.8956222122662183e-11
Dmel_CG5337,7.0136113,0.24987143,2.3224421648640394e-12,2.901065825900983e-11
Dmel_CG11901,7.011185,0.30607966,2.3630743957344385e-12,2.94901810392652e-11
Dmel_CG10776,6.9953585,0.42648488,2.6458120485762747e-12,3.2987301831442906e-11
Dmel_CG1877,6.9941635,0.3129602,2.6684600606669182e-12,3.3238136167984805e-11
Dmel_CG13907,6.992553,0.43964303,2.6992760287533525e-12,3.3590138535840724e-11
Dmel_CG6008,6.9887753,0.21949494,2.7729611583640095e-12,3.4474439528913386e-11
Dmel_CG8636,6.98768,0.25567752,2.794686276253907e-12,3.471169409853742e-11
Dmel_CG1553,6.986807,0.4561092,2.8121325400136855e-12,3.489540482372034e-11
Dmel_CG34449,6.9803853,0.21253593,2.9437178977824365e-12,3.645937501862299e-11
Dmel_CG6930,6.977948,0.23336475,2.995224209715534e-12,3.706237414300549e-11
Dmel_CG34353,6.9737496,0.24105637,3.0860273544855214e-12,3.8150033363400035e-11
Dmel_CG5887,6.969175,0.21391626,3.1880561174807443e-12,3.937429082689329e-11
Dmel_CG42748,6.9688296,0.21871653,3.1958822797693094e-12,3.94338864210784e-11
Dmel_CG34405,6.9609427,0.3308595,3.3800351367952076e-12,4.166701851090603e-11
Dmel_CG33696,6.9558663,0.57712114,3.5040202339409964e-12,4.31549483544692e-11
Dmel_CG43395,6.954866,0.3364878,3.5289799712106934e-12,4.342165337235929e-11
Dmel_CG32592,6.951132,0.21244486,3.6236701857411912e-12,4.4545042011997187e-11
Dmel_CG1163,6.9385343,0.3073259,3.961887696507515e-12,4.865716469140678e-11
Dmel_CG6207,6.931091,0.22341979,4.176073495719464e-12,5.123975892366898e-11
Dmel_CG12340,6.930938,0.21860279,4.180603916398786e-12,5.1247496329660864e-11
Dmel_CG5973,6.92851,0.90358543,4.252950826862708e-12,5.208576590475568e-11
Dmel_CG32685,6.9160213,0.2589945,4.645037547778804e-12,5.6834672640001177e-11
Dmel_CG6582,6.901866,0.23367435,5.132385965216964e-12,6.273924090131733e-11
Dmel_CG4280,6.899937,0.44445527,5.20256010958961e-12,6.353795762092664e-11
Dmel_CG4832,6.897324,0.28754264,5.2991177633453395e-12,6.465710912546063e-11
Dmel_CG43778,6.8946557,0.2187444,5.399542990508448e-12,6.582133064774723e-11
Dmel_CG2221,6.8779497,0.2842251,6.07200257899897e-12,7.395012594126548e-11
Dmel_CG13772,6.8776836,0.26376924,6.083362731255635e-12,7.40198793068799e-11
Dmel_CG2803,6.872766,0.23016454,6.2968843542341475e-12,7.654704653005638e-11
Dmel_CG34126,6.8625298,0.30495214,6.7651620298440256e-12,8.216358062308719e-11
Dmel_CG2258,6.8615966,0.20987174,6.809517738347108e-12,8.26259211446162e-11
Dmel_CR32886,6.8581004,0.46303138,6.9782269422432056e-12,8.459490797787635e-11
Dmel_CG8597,6.8557706,0.24232917,7.092921422230893e-12,8.582696170307197e-11
Dmel_CG43795,6.853764,0.28215742,7.1931579161471e-12,8.69597867305327e-11
Dmel_CG8426,6.853112,0.21915452,7.2260362465887355e-12,8.727696904082957e-11
Dmel_CG31808,6.8481607,0.22358978,7.480537110832605e-12,9.026789547608014e-11
Dmel_CG4380,6.8460226,0.424631,7.59314305981232e-12,9.154265408164559e-11
Dmel_CG42616,6.8296614,0.39640993,8.511520067141997e-12,1.0252051805894865e-10
Dmel_CG10392,6.82924,0.2180054,8.536583442192031e-12,1.0272824451817351e-10
Dmel_CG7998,6.8281846,0.22593738,8.599590514737904e-12,1.0339178312366952e-10
Dmel_CG2177,6.8191767,0.3276301,9.156367750901613e-12,1.0988477499050054e-10
Dmel_CG14938,6.8123264,0.23837517,9.603293864950786e-12,1.1514314295558238e-10
Dmel_CG4444,6.8084455,0.21832262,9.865896166732765e-12,1.1818390294169122e-10
Dmel_CG10639,6.8071904,0.59816664,9.952329979518146e-12,1.1911071790605462e-10
Dmel_CG13586,6.80201,1.5849116,1.0316956128568928e-11,1.2336225703869363e-10
Dmel_CG7926,6.7829485,0.3319193,1.1774748979694383e-11,1.406654330383308e-10
Dmel_CG8186,6.7806253,0.2559213,1.1965666617378376e-11,1.428163714977014e-10
Dmel_CG7717,6.777676,0.9019196,1.2212419751097312e-11,1.4562922681412863e-10
Dmel_CG3114,6.7769885,0.23270424,1.227067970575534e-11,1.4619129828951125e-10
Dmel_CG18102,6.773057,0.29774758,1.2608941643508689e-11,1.5008523744324973e-10
Dmel_CG12218,6.7712173,0.21166897,1.2770313125038295e-11,1.518684930100708e-10
Dmel_CG3297,6.7691917,1.214612,1.2950370915983881e-11,1.538705462992262e-10
Dmel_CG45782,6.767573,1.1355293,1.3096070798464908e-11,1.5546112589216565e-10
Dmel_CG4829,6.754826,0.9675552,1.43006909324185e-11,1.6960774326977572e-10
Dmel_CG6765,6.752671,0.374827,1.4514822291575883e-11,1.7199213682019718e-10
Dmel_CG43347,6.7457924,0.20805219,1.521939264295975e-11,1.8017841326228295e-10
Dmel_CG1837,6.741472,0.35524395,1.567901860351574e-11,1.8545273039495982e-10
Dmel_CG7398,6.735883,0.21099915,1.629373631140099e-11,1.9255034970154714e-10
Dmel_CG12157,6.726374,0.27146694,1.7394310600441412e-11,2.0537164025193225e-10
Dmel_CG2021,6.7159348,0.6505455,1.868646143102285e-11,2.2042979323615018e-10
Dmel_CR45333,6.7039194,1.1219634,2.0290227594991412e-11,2.3913352540428894e-10
Dmel_CG5186,6.6888223,0.4211605,2.2497371457002713e-11,2.649085647997067e-10
Dmel_CG32406,6.676598,0.30019832,2.4455240673940548e-11,2.8770485022045903e-10
Dmel_CG7518,6.674375,0.32228106,2.4828828568743487e-11,2.9183867282813787e-10
Dmel_CG5683,6.65755,0.38877603,2.7842964296265605e-11,3.269744359403274e-10
Dmel_CG3151,6.6517916,0.26666638,2.8954652478246638e-11,3.397259716219992e-10
Dmel_CG2272,6.6502514,0.26426855,2.925931945567845e-11,3.4299439515349733e-10
Dmel_CG42340,6.642054,0.21313061,3.0934125075794017e-11,3.623042224786178e-10
Dmel_CG33639,6.635526,0.43246356,3.233472422235344e-11,3.7837098041491233e-10
Dmel_CG9240,6.630901,0.47263798,3.336447082533979e-11,3.9007340846600546e-10
Dmel_CG5109,6.6225724,0.48292765,3.530015086787656e-11,4.1233714004868074e-10
Dmel_CG30418,6.6144495,0.8667837,3.729368319088388e-11,4.352364927277132e-10
Dmel_CG18250,6.6125216,0.26440015,3.778277633413124e-11,4.4016264521881083e-10
Dmel_CG31247,6.611485,0.31421083,3.804837805125765e-11,4.4286424798191037e-10
Dmel_CG42768,6.602103,0.34257945,4.053653196325428e-11,4.714075809992253e-10
Dmel_CG12848,6.6006145,0.3434603,4.094570795382025e-11,4.757449586393915e-10
Dmel_CG3915,6.5989304,0.38032657,4.1413496274348316e-11,4.807550835169711e-10
Dmel_CG17828,6.5978713,0.41118386,4.171032072374676e-11,4.837734551021678e-10
Dmel_CG8408,6.597731,0.28589162,4.174978836002966e-11,4.838042053255289e-10
Dmel_CG9619,6.5955677,0.30709726,4.236319531954532e-11,4.904799556776608e-10
Dmel_CG34358,6.591161,0.2562413,4.364010554868458e-11,5.048192139218874e-10
Dmel_CG4135,6.5893784,0.3459712,4.4167162345876795e-11,5.10466737367781e-10
Dmel_CG7590,6.583662,0.26693892,4.5899944211172235e-11,5.300273874156541e-10
Dmel_CG44425,6.5815706,0.2556273,4.655041711987175e-11,5.370667527412068e-10
Dmel_CG32180,6.564359,0.36812782,5.2257134353054666e-11,6.023780723977994e-10
Dmel_CG9066,6.5574617,0.2828293,5.473128100282015e-11,6.303451039947936e-10
Dmel_CG7097,6.555239,0.20011872,5.555282679374006e-11,6.39246669786811e-10
Dmel_CG32632,6.552098,0.4634854,5.673440558377628e-11,6.52271936812252e-10
Dmel_CG1444,6.5375032,0.20205562,6.255429317112686e-11,7.185541665749808e-10
Dmel_CG1742,6.534529,0.8150295,6.380984178994726e-11,7.323363589185126e-10
Dmel_CG12239,6.5300655,1.4428537,6.574090504871167e-11,7.538405176658988e-10
Dmel_CG42612,6.528192,0.2631795,6.656821965022965e-11,7.626617039439126e-10
Dmel_CG7430,6.5212846,0.20667139,6.970767667401126e-11,7.979343024156636e-10
Dmel_CG3980,6.513683,0.43403712,7.333026746596462e-11,8.38671057241289e-10
Dmel_CG32069,6.512311,0.71099746,7.400329093366165e-11,8.448976943173309e-10
Dmel_CG6767,6.5022254,0.19734965,7.91403900557665e-11,9.027637723288434e-10
Dmel_CG9413,6.5019565,0.2492168,7.928217091944556e-11,9.035967112336809e-10
Dmel_CG10601,6.4933248,0.71989614,8.39623193307935e-11,9.561081787919907e-10
Dmel_CG17065,6.490615,0.21279798,8.54868708891855e-11,9.726259483591226e-10
Dmel_CG10433,6.4901414,0.6389209,8.575581097776185e-11,9.748417924383808e-10
Dmel_CG10289,6.4880357,0.21698377,8.696282366093344e-11,9.877082676995043e-10
Dmel_CG4220,6.4716187,0.267078,9.695856151185198e-11,1.10028709570574e-09
Dmel_CG6778,6.465208,0.76839,1.0115945467972904e-10,1.1469684158294385e-09
Dmel_CG12531,6.4591613,0.21461263,1.0528501577599513e-10,1.1927158554416828e-09
Dmel_CG8979,6.455538,0.25448084,1.0783534651924222e-10,1.2205549428159879e-09
Dmel_CG3719,6.455323,0.26341397,1.0798830188403079e-10,1.2212343158847232e-09
Dmel_CG32593,6.4445972,0.23812334,1.1590793941163048e-10,1.3096700187517077e-09
Dmel_CG32204,6.444143,0.27796713,1.1625571659271476e-10,1.3124711097464473e-09
Dmel_CG9866,6.443754,0.5085638,1.165538843066048e-10,1.3147078057279774e-09
Dmel_CG44838,6.4410357,0.19917883,1.1866098207800982e-10,1.3373275861810696e-09
Dmel_CG3662,6.432034,0.33862475,1.2590736333842486e-10,1.4177794872581329e-09
Dmel_CG5237,6.4235034,0.19998918,1.3317335145049096e-10,1.4983142220983748e-09
Dmel_CG30423,6.4194026,0.21285175,1.3681036788764162e-10,1.5379170610876806e-09
Dmel_CG5201,6.4182734,0.40989253,1.3782842745295144e-10,1.5480370642386624e-09
Dmel_CG15916,6.405908,0.69909704,1.4947705832437503e-10,1.67704833536352e-09
Dmel_CG10719,6.405813,0.21330099,1.4957009733247434e-10,1.67704833536352e-09
Dmel_CG14226,6.40116,0.4656786,1.5420114148985602e-10,1.727499744516793e-09
Dmel_CG14619,6.3996863,0.19478495,1.5569650289602458e-10,1.7427663922969838e-09
Dmel_CG15097,6.3883963,0.6848652,1.676342797394639e-10,1.8747932511117404e-09
Dmel_CG15922,6.3875146,0.64389896,1.6860361283272935e-10,1.88403067707049e-09
Dmel_CG2968,6.3859653,0.20853457,1.7031964592850528e-10,1.9015891819426406e-09
Dmel_CG8440,6.3815684,0.24520864,1.752834587597017e-10,1.955347989440781e-09
Dmel_CG30173,6.37991,1.0319889,1.7719205931339864e-10,1.9749625542301706e-09
Dmel_CG18624,6.3724413,1.7507976,1.860427708963936e-10,2.071854281652126e-09
Dmel_CG8198,6.3713226,0.20085764,1.874049122779863e-10,2.085256521799338e-09
Dmel_CG7781,6.3582606,0.26865464,2.040508441284268e-10,2.268555112260285e-09
Dmel_CG7546,6.3569565,0.3784883,2.0579051144600538e-10,2.285962054870631e-09
Dmel_CG16717,6.353985,0.5809159,2.0980780828044075e-10,2.328618588355804e-09
Dmel_CG10699,6.3440003,0.4753288,2.2387434908035509e-10,2.482643731025271e-09
Dmel_CG14437,6.330517,0.24333997,2.443417025416326e-10,2.7073307867618836e-09
Dmel_CG7708,6.323993,0.2884929,2.54889079634513e-10,2.8218175193573173e-09
Dmel_CG6058,6.3121743,0.3418502,2.7514242928701075e-10,3.0434736222732396e-09
Dmel_CG31191,6.3067427,0.533824,2.8496919479721247e-10,3.1495207643651547e-09
Dmel_CG6115,6.2983603,0.21092,3.008106795783053e-10,3.3218093616289996e-09
Dmel_CG15792,6.294073,0.20167588,3.0924196884515324e-10,3.4120476176273372e-09
Dmel_CG13594,6.29154,0.3445025,3.1433183607762355e-10,3.4635150666414087e-09
Dmel_CG5651,6.2914896,0.2249704,3.1443371695481326e-10,3.4635150666414087e-09
Dmel_CG14214,6.287764,0.2218741,3.2207113315414387e-10,3.544670653918429e-09
Dmel_CG14895,6.285887,0.35327977,3.2598757167894923e-10,3.584772116680395e-09
Dmel_CG6692,6.284809,0.23325251,3.2825642354904457e-10,3.606703730650497e-09
Dmel_CG5315,6.278686,0.22761582,3.414463392122829e-10,3.745364226701677e-09
Dmel_CG10334,6.2705846,0.28285217,3.596950531797864e-10,3.94224578301549e-09
Dmel_CG2063,6.2700095,0.5276044,3.6102550703986345e-10,3.953530156675704e-09
Dmel_CG9491,6.2692676,0.29896432,3.62750813135646e-10,3.969116099430079e-09
Dmel_CG12701,6.264669,0.33215716,3.7361841881319925e-10,4.084625325810525e-09
Dmel_CG45051,6.264414,0.1921963,3.7423031862546574e-10,4.0879140623917254e-09
Dmel_CG4494,6.2637515,0.22597235,3.758241322956645e-10,4.101914387456252e-09
Dmel_CG6812,6.243633,0.26096123,4.2752311157920265e-10,4.662308057479089e-09
Dmel_CG8188,6.2314296,0.19722654,4.6219709522005693e-10,5.0362620466722784e-09
Dmel_CG3747,6.228131,0.6778315,4.720327194473933e-10,5.139173128631479e-09
Dmel_CG17540,6.227939,0.37392834,4.726113206485798e-10,5.141213050201148e-09
Dmel_CG17680,6.2249312,0.20282531,4.81767683526534e-10,5.236483977851267e-09
Dmel_CG31363,6.2199793,0.25049403,4.972209522562354e-10,5.395524800659942e-09
Dmel_CG16973,6.2074466,0.23010662,5.385245310396601e-10,5.838903351808724e-09
Dmel_CR43264,6.1926446,1.9687803,5.916296152242755e-10,6.409402121733063e-09
Dmel_CG2380,6.1887646,0.1965406,6.063754946463121e-10,6.56374001247709e-09
Dmel_CG14274,6.1885076,0.6678148,6.073652904907454e-10,6.569043030731593e-09
Dmel_CG17370,6.1700087,0.2951151,6.828620730477265e-10,7.379515215394879e-09
Dmel_CG4685,6.166124,0.23303959,6.998421453474739e-10,7.550595756987812e-09
Dmel_CG9375,6.158763,0.18941657,7.331542569926708e-10,7.90351114941812e-09
Dmel_CG5580,6.1569815,0.3169468,7.414445684019605e-10,7.98633038800833e-09
Dmel_CG7139,6.1524215,0.6292386,7.630879729380657e-10,8.212726496624997e-09
Dmel_CG1517,6.14674,0.24815942,7.909153378468257e-10,8.505252417876544e-09
Dmel_CG8201,6.145289,0.19097055,7.981803293253187e-10,8.576359532022905e-09
Dmel_CG8705,6.136688,0.2207822,8.425952586575378e-10,9.046196318642732e-09
Dmel_CG17369,6.132416,0.24882041,8.655443854525865e-10,9.284994913659134e-09
Dmel_CG42344,6.1273413,0.30674475,8.935956941765208e-10,9.578092183665302e-09
Dmel_CG4254,6.1260867,0.20686026,9.006682408205147e-10,9.646032072226883e-09
Dmel_CG10385,6.119999,0.4519868,9.357590637186815e-10,1.0013688808084034e-08
Dmel_CG4147,6.1178727,0.19543684,9.48328923355782e-10,1.0139943353798479e-08
Dmel_CG4006,6.1159973,0.4104403,9.595488285000716e-10,1.0251570044975155e-08
Dmel_CG15209,6.1093106,0.59128433,1.000624046909516e-09,1.0681722664856173e-08
Dmel_CG5604,6.1082826,0.21716207,1.0070903557289723e-09,1.074202464661885e-08
Dmel_CG7379,6.105865,0.51826376,1.0224536780809993e-09,1.0897050919434236e-08
Dmel_CG8732,6.103913,0.24481164,1.03502798561041e-09,1.1013200614499108e-08
Dmel_CG33152,6.094954,0.6817374,1.0946903641963886e-09,1.1629204588443607e-08
Dmel_CG42343,6.090608,0.43867242,1.1248273424595807e-09,1.1939706064023707e-08
Dmel_CG6783,6.083634,0.1920224,1.17488723761921e-09,1.2461011452424567e-08
Dmel_CG6720,6.079615,0.34899634,1.2047128501323784e-09,1.2767041583539989e-08
Dmel_CG8184,6.076832,0.20908709,1.2258007465366124e-09,1.2980054480449335e-08
Dmel_CG12238,6.0691304,0.212116,1.2860465376637543e-09,1.3607035065571172e-08
Dmel_CG9351,6.057041,0.22256897,1.3864809513388911e-09,1.465788107927946e-08
Dmel_CG32067,6.0555654,0.1957007,1.3992541841841371e-09,1.4781028323443525e-08
Dmel_CG5417,6.044216,0.3394791,1.5013800499341466e-09,1.584709657524869e-08
Dmel_CG4551,6.040551,0.18963416,1.5358873001654573e-09,1.619831060310937e-08
Dmel_CG8049,6.0401077,0.3265248,1.5401143727633652e-09,1.6229866056522357e-08
Dmel_CG7644,6.0238338,0.19190846,1.7033346591390003e-09,1.793551342607821e-08
Dmel_CG31211,6.0115323,0.20429766,1.837779967697396e-09,1.933568178984106e-08
Dmel_CG17883,6.011389,0.18847804,1.8394071663432816e-09,1.9337319658333653e-08
Dmel_CG2987,5.997704,0.33461404,2.001270496803094e-09,2.1022138767777344e-08
Dmel_CG1851,5.9956307,0.255019,2.026970928025691e-09,2.1275099812448568e-08
Dmel_CG8174,5.9935784,0.17953822,2.0527288695979157e-09,2.1511092564103835e-08
Dmel_CG4523,5.992803,0.38547373,2.062547595254248e-09,2.15967633061642e-08
Dmel_CG18347,5.9799895,0.27279478,2.2315223338286477e-09,2.334748008665785e-08
Dmel_CG4700,5.978885,0.38561752,2.2466964946423787e-09,2.348754068106245e-08
Dmel_CG1912,5.9769254,0.18529408,2.27388014180709e-09,2.3752829048876765e-08
Dmel_CG34157,5.973834,0.21561342,2.317418395173093e-09,2.4188399627457995e-08
Dmel_CG6016,5.960338,0.2461665,2.5171660443083794e-09,2.6252443641473342e-08
Dmel_CG33507,5.958756,0.3249308,2.541653893846468e-09,2.648681508250312e-08
Dmel_CG34220,5.951073,4.332255,2.663899878411238e-09,2.773875459762447e-08
Dmel_CG44122,5.9494615,0.47164798,2.6902598531276685e-09,2.799105679331013e-08
Dmel_CG31140,5.9491873,0.30919594,2.6947691548206754e-09,2.8015792297071595e-08
Dmel_CG32577,5.940238,0.7842912,2.846084426227785e-09,2.9565529996094325e-08
Dmel_CG34413,5.9294195,0.27591074,3.04007216185547e-09,3.155575693439394e-08
Dmel_CG32062,5.921146,0.28759536,3.1970636421425246e-09,3.315912653622329e-08
Dmel_CG14025,5.919659,0.32290706,3.2260941427019555e-09,3.343383527543091e-08
Dmel_CG33182,5.919082,0.19104648,3.237430880698436e-09,3.352488510895047e-08
Dmel_CG10120,5.9183064,0.25390518,3.2527329399003132e-09,3.365682170333072e-08
Dmel_CG7524,5.915843,0.3278529,3.301797583588856e-09,3.413762552788447e-08
Dmel_CG11876,5.914865,0.19531208,3.3214744441411234e-09,3.431406892331644e-08
Dmel_CG5000,5.908323,0.19834279,3.4560871703873007e-09,3.5676701890070324e-08
Dmel_CG4952,5.8984017,0.5175234,3.6703952705498467e-09,3.7859234105412506e-08
Dmel_CG1906,5.889494,0.19426997,3.873803731513297e-09,3.9926003792797044e-08
Dmel_CG12070,5.8888383,0.25034255,3.889200309719138e-09,4.0053276857381814e-08
Dmel_CG7803,5.880893,0.5027513,4.08058138567961e-09,4.199132340580717e-08
Dmel_CG9887,5.869282,0.2472232,4.376868199968149e-09,4.500502739889002e-08
Dmel_CG43078,5.8674116,0.29351345,4.426505401713796e-09,4.5475076082617357e-08
Dmel_CG3655,5.8672996,0.27665108,4.429502883018813e-09,4.5475076082617357e-08
Dmel_CG4190,5.8637443,0.53059256,4.5254482917879624e-09,4.642382201591383e-08
Dmel_CG44012,5.8586526,0.3368113,4.666377876750775e-09,4.783219319686578e-08
Dmel_CG4353,5.847933,0.20079954,4.977200925804678e-09,5.097848586593863e-08
Dmel_CG9195,5.847171,0.22664726,5.000041989551132e-09,5.117254811891855e-08
Dmel_CG3556,5.8458447,0.18815261,5.0400423102414185e-09,5.154178676955835e-08
Dmel_CG1244,5.829476,1.1170588,5.560179260282667e-09,5.677258403991805e-08
Dmel_CG1516,5.8215327,0.5113721,5.831030374010157e-09,5.949190228638779e-08
Dmel_CG6948,5.8104305,0.183736,6.231240700864571e-09,6.352578281618413e-08
Dmel_CG1800,5.8092194,0.6280659,6.276489088697126e-09,6.393747528261158e-08
Dmel_CG3856,5.8066535,0.2999461,6.373388879393844e-09,6.487428602952324e-08
Dmel_CG14767,5.8038225,0.17909038,6.481996378277217e-09,6.592872632116168e-08
Dmel_CG6033,5.8031154,0.2824484,6.5093973146710365e-09,6.615621818413928e-08
Dmel_CG10772,5.799451,0.20572841,6.6532416790807225e-09,6.75137057179921e-08
Dmel_CG1945,5.796562,0.20640083,6.768812339657254e-09,6.863345907055246e-08
Dmel_CG3320,5.7960434,0.18098816,6.789762914684629e-09,6.879280991663123e-08
Dmel_CG8048,5.789683,0.24854547,7.051938555899882e-09,7.139408672040088e-08
Dmel_CG17698,5.777796,0.17457707,7.5685500250726e-09,7.656529320976062e-08
Dmel_CG16740,5.771771,0.93122643,7.84425854129502e-09,7.929338576242913e-08
Dmel_CG7109,5.7476487,0.23538487,9.049304220003492e-09,9.126393457794773e-08
Dmel_CG6072,5.738546,0.19340287,9.549287618670614e-09,9.623250659275348e-08
Dmel_CG17059,5.730948,0.24710715,9.987099996347406e-09,1.0056741843065231e-07
Dmel_CG42279,5.721734,0.20641413,1.054423872456205e-08,1.0609635610985444e-07
Dmel_CG2269,5.7011814,0.31289172,1.1897983143959057e-08,1.1962616411229224e-07
Dmel_CG18455,5.7005973,0.718754,1.1938847683796036e-08,1.1994525796082853e-07
Dmel_CG32538,5.69884,0.26854342,1.206253690488279e-08,1.2109533801914802e-07
Dmel_CG15236,5.6941733,0.18380842,1.2397121094867909e-08,1.243592124485948e-07
Dmel_CG8250,5.689818,0.30069417,1.271748209540999e-08,1.2747553944758403e-07
Dmel_CG4050,5.6794477,0.7568381,1.3513038839299648e-08,1.3534667941100355e-07
Dmel_CG3231,5.6787376,0.31792697,1.3569252232763393e-08,1.3580620227779418e-07
Dmel_CG14312,5.671989,0.27931878,1.4114925068290754e-08,1.411599926350143e-07
Dmel_CR45102,5.6660295,0.32988715,1.4614439468605465e-08,1.460443719064216e-07
Dmel_CG11299,5.6609397,0.600125,1.5054628346072346e-08,1.5032892940405526e-07
Dmel_CG7603,5.658908,0.1755499,1.5233909389959907e-08,1.5200364714765614e-07
Dmel_CG7935,5.64388,0.46323535,1.6625986357512985e-08,1.6564221889619267e-07
Dmel_CG44247,5.635674,0.1836701,1.7437512025230018e-08,1.7359571630571792e-07
Dmel_CG6912,5.632732,0.2934074,1.773770475524381e-08,1.764505512404685e-07
Dmel_CG1909,5.623444,0.17252627,1.8718748172421096e-08,1.8592824620845474e-07
Dmel_CG4272,5.6135817,0.25920132,1.9818116617184462e-08,1.9669929793536332e-07
Dmel_CG2179,5.6093416,0.18474285,2.0309790857722494e-08,2.0142714087647645e-07
Dmel_CG1728,5.6063046,0.17741027,2.0669200518118952e-08,2.0483707692956345e-07
Dmel_CG31637,5.597362,0.25024533,2.1763791861084494e-08,2.1552222219028738e-07
Dmel_CG11873,5.595999,0.18561052,2.1935527554577015e-08,2.1705931294781367e-07
Dmel_CG31708,5.58651,0.5850065,2.316782577890482e-08,2.2908081155800467e-07
Dmel_CG6766,5.5839195,0.47382185,2.3515770574648135e-08,2.3234642189582792e-07
Dmel_CG12758,5.577729,0.40970105,2.4367859169751032e-08,2.405845509764826e-07
Dmel_CG31345,5.57424,0.29047045,2.4861270183363635e-08,2.4527173534503116e-07
Dmel_CG9384,5.563033,0.26476812,2.651255793793165e-08,2.6136648451789936e-07
Dmel_CG5937,5.556658,0.35119164,2.7498879271140965e-08,2.708866360585183e-07
Dmel_CG44240,5.552825,0.32528335,2.8108952845320996e-08,2.7668895081675144e-07
Dmel_CG8933,5.5497513,0.17680618,2.8607630350666123e-08,2.8138687907043673e-07
Dmel_CG42280,5.548897,0.5000038,2.874775252531735e-08,2.825536394429284e-07
Dmel_CG42797,5.548024,0.3248495,2.8891583107738863e-08,2.837550774430466e-07
Dmel_CG1902,5.5429683,0.31768596,2.973863588199421e-08,2.9185617186354437e-07
Dmel_CG2520,5.5390234,0.19232132,3.041634007721227e-08,2.9828442160794513e-07
Dmel_CG8364,5.537791,0.42254114,3.06310584001843e-08,3.0016609875974784e-07
Dmel_CG30069,5.5338616,0.6576706,3.132562915827823e-08,3.067437352972684e-07
Dmel_CG17332,5.530825,0.16903092,3.187280736680571e-08,3.1186936828532674e-07
Dmel_CG6878,5.52429,0.19843565,3.3082022575556874e-08,3.2346046031651254e-07
Dmel_CG13140,5.517103,0.17353402,3.446328208530052e-08,3.3671523411370563e-07
Dmel_CG1402,5.5155807,0.57054675,3.4763025674941584e-08,3.3939147131828185e-07
Dmel_CG1927,5.5133257,0.34714323,3.5211538267826494e-08,3.435150886247275e-07
Dmel_CG32425,5.5100183,0.16512774,3.587961105183737e-08,3.4977297391112383e-07
Dmel_CG42232,5.507358,0.29352468,3.642587957265541e-08,3.5483505075186415e-07
Dmel_CG9936,5.50385,0.22365215,3.715853231266328e-08,3.6170390601533934e-07
Dmel_CG11793,5.501911,0.25369686,3.756966091319839e-08,3.6543516954873433e-07
Dmel_CG11317,5.5008454,0.26463655,3.779748760582922e-08,3.673792785711552e-07
Dmel_CG6092,5.4949846,0.17219523,3.9074410027205456e-08,3.795098463913576e-07
Dmel_CG33516,5.4901586,0.28402096,4.0157304545647154e-08,3.897393936738178e-07
Dmel_CG10152,5.4670863,0.20192778,4.574927115134074e-08,4.433563216812453e-07
Dmel_CG8409,5.4492497,0.18223473,5.058272055070038e-08,4.898360580374014e-07
Dmel_CG12576,5.444344,0.251213,5.199657029282135e-08,5.028715929259683e-07
Dmel_CG1079,5.444314,0.20073265,5.2005364491773146e-08,5.028715929259683e-07
Dmel_CG42361,5.442758,0.1912937,5.2461837146120537e-08,5.069125014243897e-07
Dmel_CG7188,5.4382973,0.17754781,5.3792203355562995e-08,5.193852639937203e-07
Dmel_CG2009,5.433201,0.20452932,5.5351979921978874e-08,5.3405313374062e-07
Dmel_CG32647,5.4330688,0.16758938,5.5392993444715914e-08,5.340567328371327e-07
Dmel_CG6601,5.4273167,0.30046397,5.720762598625733e-08,5.511476635523517e-07
Dmel_CG9921,5.4178376,0.2975978,6.032415391450453e-08,5.80747037795241e-07
Dmel_CG14657,5.4139113,0.45789006,6.166267301727961e-08,5.931985257101547e-07
Dmel_CG6464,5.409332,0.831922,6.326035232505127e-08,6.081231089272119e-07
Dmel_CG32206,5.4045773,0.1649727,6.496148464295045e-08,6.24019641588459e-07
Dmel_CG14234,5.398706,0.27534735,6.712326479309744e-08,6.443146987918872e-07
Dmel_CG3224,5.394328,0.52095604,6.878040087967407e-08,6.597395970509467e-07
Dmel_CG12154,5.384994,0.5901292,7.244713107863007e-08,6.938977766066164e-07
Dmel_CG11963,5.3815417,0.16377917,7.385065942428718e-08,7.068255757425767e-07
Dmel_CG17494,5.3797517,0.237828,7.458859993045188e-08,7.133688440218837e-07
Dmel_CG3265,5.3792763,0.16189897,7.478592995319889e-08,7.147359312836266e-07
Dmel_CG6844,5.3774657,0.2714031,7.554168315707933e-08,7.214340540459153e-07
Dmel_CR44997,5.3706875,0.61104417,7.843694766580593e-08,7.479970459189809e-07
Dmel_CG9908,5.3660073,0.6981292,8.049863741814188e-08,7.671012286525036e-07
Dmel_CG33947,5.365379,0.44253835,8.077938669221741e-08,7.692187829872673e-07
Dmel_CG7920,5.3520284,0.16576557,8.69738497781517e-08,8.276056190692915e-07
Dmel_CG4405,5.3518147,0.17263651,8.70764178415657e-08,8.279820599537011e-07
Dmel_CG14229,5.3493404,0.42666912,8.827545565381658e-08,8.387764011184408e-07
Dmel_CG33993,5.345081,1.1875029,9.037659381126827e-08,8.581205341574251e-07
Dmel_CG34362,5.3427787,0.29122922,9.153259957017982e-08,8.684692353442117e-07
Dmel_CG4921,5.3383865,0.16965897,9.377738357139194e-08,8.89125972230636e-07
Dmel_CG8498,5.3381834,0.22024733,9.388239231544572e-08,8.894798251025756e-07
Dmel_CG4393,5.333211,0.41188434,9.649105049505358e-08,9.135366675471895e-07
Dmel_CG6412,5.314547,0.21547493,1.0692301899546565e-07,1.0108456062010172e-06
Dmel_CG34354,5.314006,0.17268005,1.0724124128582328e-07,1.0131251989482413e-06
Dmel_CG6669,5.3136697,0.22864524,1.0743934186668175e-07,1.0142675226078053e-06
Dmel_CG7619,5.2801414,0.2677919,1.290844115403335e-07,1.2177302599077692e-06
Dmel_CG6605,5.2760224,0.18863446,1.3201781163862633e-07,1.2445093706909532e-06
Dmel_CG4538,5.275514,0.32767144,1.3238451485491386e-07,1.247071619862669e-06
Dmel_CG11924,5.266434,0.20051897,1.390990042266497e-07,1.3078133468638516e-06
Dmel_CG5422,5.2663918,0.16661744,1.3913119693445434e-07,1.3078133468638516e-06
Dmel_CR45668,5.2656364,1.7294446,1.3970435693199224e-07,1.31226229767213e-06
Dmel_CG8464,5.261121,0.8681705,1.4317999387687325e-07,1.343948785382851e-06
Dmel_CG8920,5.2602715,0.21372671,1.4384268770041353e-07,1.3492053954826084e-06
Dmel_CG17245,5.2566247,0.15851068,1.4672337871392498e-07,1.3752438799427163e-06
Dmel_CG4230,5.251682,0.16300587,1.5071661981022784e-07,1.411665788258164e-06
Dmel_CG1440,5.236666,0.41476223,1.6350294585950857e-07,1.530336333005557e-06
Dmel_CG33988,5.234756,0.24743046,1.6520316587067903e-07,1.5451493257698171e-06
Dmel_CG12749,5.2308793,0.2625872,1.6870578622964743e-07,1.5767871528049764e-06
Dmel_CG1814,5.226715,0.18834725,1.7254790523430857e-07,1.611550833464143e-06
Dmel_CG8057,5.2252088,0.1563297,1.739589419130459e-07,1.6235756077268014e-06
Dmel_CG14064,5.222307,0.16762894,1.7670769129397323e-07,1.6468906179390796e-06
Dmel_CG7510,5.2111087,0.43097088,1.8771523425556491e-07,1.748239470837972e-06
Dmel_CG2791,5.209289,0.2179388,1.8956559797485905e-07,1.7642220417759368e-06
Dmel_CG11798,5.1921515,0.24219492,2.0787773831410492e-07,1.933277678121481e-06
Dmel_CG8146,5.179388,0.26178506,2.2261518965635067e-07,2.068872848142931e-06
Dmel_CG33169,5.175806,0.8623066,2.2692883053257961e-07,2.1074712099142253e-06
Dmel_CG10023,5.170892,0.18417281,2.3297935909385238e-07,2.1621340097827076e-06
Dmel_CG8983,5.165686,0.3234368,2.395582600356413e-07,2.221619686046833e-06
Dmel_CG7115,5.161203,0.24571024,2.453679778248764e-07,2.2722907657482038e-06
Dmel_CG5864,5.158497,0.15839244,2.4894017554267273e-07,2.303748483666382e-06
Dmel_CG7001,5.1451983,0.3539148,2.6723862939703537e-07,2.4713461146421125e-06
Dmel_CG4591,5.131286,0.4583184,2.8776898495541956e-07,2.6593334959909766e-06
Dmel_CG4101,5.1286526,0.19876228,2.918235735085013e-07,2.6949076454499057e-06
Dmel_CG42666,5.12689,1.112377,2.945675613751301e-07,2.7183373062012532e-06
Dmel_CG13868,5.1228733,0.16257158,3.0091491209300855e-07,2.7730174332498074e-06
Dmel_CG32815,5.1207786,0.34737825,3.0427648485306554e-07,2.8020303345859386e-06
Dmel_CG9318,5.1165414,0.19546668,3.1118875350873423e-07,2.863677457883947e-06
Dmel_CG3009,5.111326,0.16542733,3.19904647149753e-07,2.941824330437302e-06
Dmel_CG33950,5.1106424,0.49020043,3.2106504014263247e-07,2.9504305542058276e-06
Dmel_CG4905,5.1076894,0.22872503,3.2612240669966976e-07,2.9948110038017894e-06
Dmel_CG12131,5.1057463,0.20951141,3.294917634629114e-07,3.0236391506048316e-06
Dmel_CG3061,5.0998015,0.18673438,3.400100377419071e-07,3.1179845819723666e-06
Dmel_CG4747,5.0982027,0.24905498,3.4289310445670683e-07,3.14208541399912e-06
Dmel_CG17766,5.0980797,0.16125542,3.4311639670411215e-07,3.14208541399912e-06
Dmel_CG4606,5.094886,0.2751096,3.48951285112507e-07,3.1932930624397312e-06
Dmel_CG3400,5.0941033,0.3163574,3.503952657390934e-07,3.2042757042988357e-06
Dmel_CG7879,5.0935893,0.45190516,3.5134754975395216e-07,3.2107497575220344e-06
Dmel_CG9172,5.0896053,0.18290585,3.5880957450602914e-07,3.274386540683145e-06
Dmel_CG6420,5.088128,0.4530663,3.6161466823925426e-07,3.2976949030756697e-06
Dmel_CG9919,5.087656,0.16496703,3.6251581229264014e-07,3.3036201729109457e-06
Dmel_CG11699,5.08475,0.19401161,3.681105294106803e-07,3.3522802959014204e-06
Dmel_CG17646,5.0790024,0.45302302,3.794222697769877e-07,3.4505107592660175e-06
Dmel_CG2993,5.078362,0.16225715,3.807031114679278e-07,3.4597645835408295e-06
Dmel_CG2059,5.076132,0.518558,3.851960331706878e-07,3.498112359488737e-06
Dmel_CG14904,5.076004,0.17644721,3.85455193405349e-07,3.498112359488737e-06
Dmel_CG34366,5.074104,0.19533111,3.8932659083550676e-07,3.5308079573287747e-06
Dmel_CG1099,5.071327,0.1536911,3.9505077068465363e-07,3.579720880927868e-06
Dmel_CG14224,5.071224,0.29522967,3.952648198939454e-07,3.579720880927868e-06
Dmel_CG3497,5.06824,0.5464157,4.0151069935291643e-07,3.6337824381519796e-06
Dmel_CG17950,5.063183,0.22904594,4.123137740692473e-07,3.72642042987894e-06
Dmel_CG15704,5.0612,0.28313458,4.1662543381151696e-07,3.762800567503192e-06
Dmel_CG31118,5.0579925,0.242853,4.236927541845223e-07,3.824001705177752e-06
Dmel_CG42813,5.057457,0.21114105,4.248847230812331e-07,3.832088391767348e-06
Dmel_CG2872,5.0573277,0.3413951,4.251719713261391e-07,3.832088391767348e-06
Dmel_CG5330,5.056938,0.15875962,4.2604116826202347e-07,3.837290604613605e-06
Dmel_CG13887,5.055669,0.19662334,4.288850783120327e-07,3.860259461711248e-06
Dmel_CG18405,5.0538335,0.25608632,4.3302941012814797e-07,3.894893551330591e-06
Dmel_CG8322,5.0525103,0.1782341,4.360404264743228e-07,3.9192936007517625e-06
Dmel_CG4452,5.0515046,0.42320186,4.383434352087322e-07,3.9373008079821945e-06
Dmel_CG42573,5.0465045,0.16265754,4.499664052388191e-07,4.038940253581504e-06
Dmel_CG11880,5.0455294,0.94306695,4.522674199783633e-07,4.056823321457797e-06
Dmel_CG10373,5.0412517,0.20298624,4.624964373443968e-07,4.145747396413859e-06
Dmel_CG11051,5.04038,1.0903234,4.646080608896675e-07,4.161836760839209e-06
Dmel_CG43427,5.0355597,0.15178274,4.7645488263489586e-07,4.2627142842202705e-06
Dmel_CG9520,5.035534,0.22515184,4.765183230743153e-07,4.2627142842202705e-06
Dmel_CG12787,5.026961,0.6326007,4.98313951380307e-07,4.451627216239711e-06
Dmel_CG6343,5.0244827,0.16737919,5.047906162867114e-07,4.506422206945431e-06
Dmel_CG1793,5.0235615,0.20840502,5.07220110946472e-07,4.5250369843500256e-06
Dmel_CG42593,5.023352,0.17293623,5.077734986554659e-07,4.526900641676714e-06
Dmel_CG44837,5.02202,0.2216306,5.113088081612615e-07,4.555328168167551e-06
Dmel_CG32146,5.0149426,0.63716567,5.304924139448978e-07,4.719838057989101e-06
Dmel_CG32506,5.0075717,0.15339427,5.512101032590208e-07,4.900847068286057e-06
Dmel_CG11638,4.9977503,0.18451749,5.800300551265415e-07,5.150118212444514e-06
Dmel_CG32675,4.9923406,0.23370324,5.965198764396032e-07,5.292955905666999e-06
Dmel_CG2259,4.982125,0.39482576,6.288983257510221e-07,5.572726162302213e-06
Dmel_CG12269,4.974988,0.28250772,6.525171567459396e-07,5.774227580335618e-06
Dmel_CG4665,4.9611893,0.45282838,7.006286535381345e-07,6.19163492679531e-06
Dmel_CG3312,4.959557,0.44667774,7.065417188000246e-07,6.2396940367951095e-06
Dmel_CG6303,4.957565,0.16954465,7.13822116717514e-07,6.295527809251578e-06
Dmel_CG33528,4.952749,0.42633405,7.317235957839086e-07,6.449081000802377e-06
Dmel_CG8677,4.9487133,0.15725017,7.470570192217495e-07,6.579809845571723e-06
Dmel_CG3618,4.946377,0.31355357,7.560745323341002e-07,6.648178760883611e-06
Dmel_CG44835,4.9463096,0.9633524,7.563372077863937e-07,6.648178760883611e-06
Dmel_CG2835,4.9456325,0.15999745,7.589701821964442e-07,6.666863077702856e-06
Dmel_CG7917,4.941536,0.26317754,7.750952487644126e-07,6.803959027396891e-06
Dmel_CG8789,4.9373813,0.29022542,7.917857902171023e-07,6.94583248948127e-06
Dmel_CG3605,4.9301286,0.22986853,8.217554695239089e-07,7.203928368921739e-06
Dmel_CG43947,4.928064,0.1485285,8.304845168991468e-07,7.275598024381126e-06
Dmel_CG42312,4.927251,0.2449124,8.339457700720665e-07,7.301053540650917e-06
Dmel_CG8153,4.9170203,0.2589862,8.787147489693803e-07,7.687876508792694e-06
Dmel_CG3168,4.9131613,0.73862153,8.961948132839299e-07,7.832509095013972e-06
Dmel_CG10833,4.913034,1.0258291,8.967764575755566e-07,7.832509095013972e-06
Dmel_CG10543,4.9129777,0.1582812,8.970341821776143e-07,7.832509095013972e-06
Dmel_CG42275,4.910565,0.14424986,9.081446856493047e-07,7.918997554158934e-06
Dmel_CG6495,4.907588,0.22759183,9.220323640083943e-07,8.03476611103071e-06
Dmel_CG9762,4.905112,0.18036999,9.337406350762163e-07,8.131402044755837e-06
Dmel_CG5657,4.9047456,0.15732503,9.354844457906611e-07,8.141192782870912e-06
Dmel_CG11448,4.8997273,0.15406197,9.596982009156372e-07,8.346389184799728e-06
Dmel_CG5123,4.880721,0.71630955,1.056985410801553e-06,9.186405610676724e-06
Dmel_CG9609,4.8789835,0.35300758,1.0663411306006982e-06,9.261592066902693e-06
Dmel_CG4944,4.8774476,0.2841383,1.0746725324010408e-06,9.327788473105732e-06
Dmel_CG30197,4.8771696,0.5160288,1.0761879017457776e-06,9.334775720687303e-06
Dmel_CG8861,4.87523,0.16785838,1.0868181118395459e-06,9.42076306575427e-06
Dmel_CG6603,4.872264,0.1793453,1.1032666558775509e-06,9.557038315680222e-06
Dmel_CG11076,4.871467,0.200573,1.1077268655992006e-06,9.589353584215478e-06
Dmel_CG4145,4.8695264,1.021993,1.1186606630673439e-06,9.671263008794715e-06
Dmel_CG7392,4.8690295,0.14302456,1.1214771232134537e-06,9.688148619773317e-06
Dmel_CG3186,4.8689218,0.15328497,1.1220882885088645e-06,9.688148619773317e-06
Dmel_CG8268,4.8672533,0.21361396,1.1316004057846295e-06,9.763861413273682e-06
Dmel_CG9042,4.8641324,0.15167707,1.1495996268256391e-06,9.91265662474785e-06
Dmel_CG7888,4.858892,0.7988388,1.1804464684761788e-06,1.0171965273603585e-05
Dmel_CG18471,4.8566236,0.17366567,1.1940409964704783e-06,1.0282367453878476e-05
Dmel_CG3209,4.8527484,0.35767213,1.2176218615661248e-06,1.0478565083720004e-05
Dmel_CG2519,4.852196,0.2004556,1.22101787745992e-06,1.0500913565249221e-05
Dmel_CG11030,4.850181,0.16979836,1.2334878571270833e-06,1.0601219051999347e-05
Dmel_CG6617,4.849139,0.20958845,1.2399845314848246e-06,1.0650089364864106e-05
Dmel_CG2016,4.846902,0.26135528,1.2540454562603677e-06,1.0763821907718807e-05
Dmel_CG33967,4.840672,0.58232224,1.2940070455031453e-06,1.1099573488875217e-05
Dmel_CG8613,4.833607,0.27271554,1.3408109598526977e-06,1.1493540002233725e-05
Dmel_CG18766,4.831787,0.34790155,1.353128045137002e-06,1.1591561695661892e-05
Dmel_CG15267,4.8258066,0.18920967,1.3943792422227612e-06,1.1937158059966973e-05
Dmel_CG4429,4.82247,0.14362723,1.4179118107970083e-06,1.2130715563596021e-05
Dmel_CG44328,4.814629,0.511099,1.4747349269224042e-06,1.2608647803960516e-05
Dmel_CG17579,4.8123827,0.25930342,1.4914127533265594e-06,1.2742948629040518e-05
Dmel_CG6869,4.8108816,0.38467622,1.502661185351462e-06,1.2830715163550073e-05
Dmel_CG1250,4.8093123,0.2675205,1.5145035931417917e-06,1.2923436180179406e-05
Dmel_CG33144,4.807095,0.19210196,1.5313911030137186e-06,1.3059059367101412e-05
Dmel_CG8808,4.803045,0.32247183,1.5627076337047311e-06,1.3317471475041422e-05
Dmel_CG6378,4.8011804,0.7802924,1.5773300003939725e-06,1.3433372349434343e-05
Dmel_CG9065,4.796509,0.16115335,1.614549227722518e-06,1.3741445208226431e-05
Dmel_CG4133,4.7946897,0.23166543,1.6292690238416666e-06,1.3857750318642939e-05
Dmel_CG17348,4.7925434,0.33302286,1.6468000173957518e-06,1.399780014786389e-05
Dmel_CG18317,4.7867074,0.2078583,1.6953990210581023e-06,1.4392958457999403e-05
Dmel_CG8274,4.786698,0.31123278,1.695479772694854e-06,1.4392958457999403e-05
Dmel_CG5823,4.782285,0.26050916,1.7331361851234646e-06,1.4703126280637475e-05
Dmel_CG1520,4.7810583,0.4409121,1.7437456364551117e-06,1.4783588005584918e-05
Dmel_CG34371,4.780743,0.18182535,1.746485435484617e-06,1.4797269572987333e-05
Dmel_CG33956,4.7690907,0.2479406,1.8505958728725892e-06,1.5669252812769778e-05
Dmel_CG13375,4.767911,0.250348,1.8614601001225017e-06,1.5751092836902637e-05
Dmel_CG9256,4.765087,0.23622364,1.8877185244018742e-06,1.5963004587622284e-05
Dmel_CG10253,4.7584004,0.28645667,1.9513331220752842e-06,1.6490333477293447e-05
Dmel_CG2446,4.7582054,0.14326392,1.9532168288995077e-06,1.6495644182884597e-05
Dmel_CG14806,4.7574925,0.18728398,1.9601226663239473e-06,1.654333459098458e-05
Dmel_CG5965,4.7559195,0.23446728,1.9754522073943564e-06,1.666201377238077e-05
Dmel_CG12225,4.7493434,0.2015853,2.0407836748432927e-06,1.720201300263997e-05
Dmel_CG1913,4.7490335,0.30070108,2.043913182283145e-06,1.721734815921975e-05
Dmel_CG42458,4.7478414,0.35786897,2.0559913799958304e-06,1.7307996620451766e-05
Dmel_CG7913,4.7472253,0.14227977,2.0622601176912096e-06,1.734965442162624e-05
Dmel_CG6292,4.745316,0.1356665,2.08181045378184e-06,1.7502924614937402e-05
Dmel_CG8216,4.74415,0.23489897,2.093836226517119e-06,1.7592776120627534e-05
Dmel_CG2862,4.743475,0.20792505,2.100829369505779e-06,1.7640254788929996e-05
Dmel_CG14762,4.7348228,0.1839174,2.1924661186289883e-06,1.8386213953352607e-05
Dmel_CG2358,4.729216,0.22992198,2.2538859494891496e-06,1.8889231672344972e-05
Dmel_CG13968,4.721318,0.17422026,2.3432148627858397e-06,1.9625357878820087e-05
Dmel_CG17592,4.7155733,0.23701587,2.410312586100394e-06,2.017446986875495e-05
Dmel_CG10997,4.7089334,0.34311652,2.49016299411984e-06,2.0829555637001158e-05
Dmel_CG5423,4.704773,0.23931034,2.5414881610478886e-06,2.124535364143149e-05
Dmel_CG10960,4.7026463,0.14904417,2.5681115364757678e-06,2.1454261729706333e-05
Dmel_CG6184,4.7001467,0.26162535,2.5997464845833528e-06,2.1704744951658094e-05
Dmel_CG10370,4.6954756,0.49618277,2.659870714320252e-06,2.219261019484599e-05
Dmel_CG4451,4.695139,0.26316953,2.664257537423395e-06,2.221510678888378e-05
Dmel_CG4699,4.6919594,0.13688082,2.7060059972965336e-06,2.254890603073795e-05
Dmel_CG7607,4.689407,0.90091234,2.739980324472119e-06,2.280309147807987e-05
Dmel_CG4427,4.685668,0.2516214,2.7904818773382783e-06,2.3208685031710324e-05
Dmel_CG10353,4.6853237,0.43893832,2.7951767260150314e-06,2.3233028056017412e-05
Dmel_CG15012,4.6837783,0.15645996,2.8163439440733596e-06,2.339416925984072e-05
Dmel_CG12950,4.681657,0.17464556,2.8456552801253136e-06,2.3607800527857795e-05
Dmel_CG1703,4.6804757,0.2957207,2.862101319042206e-06,2.3729257686772005e-05
Dmel_CG5353,4.6800017,0.23806722,2.8687250610892196e-06,2.375801717221858e-05
Dmel_CG11883,4.679969,0.38297713,2.8691860020021983e-06,2.375801717221858e-05
Dmel_CG30296,4.6781607,0.17777784,2.8945974904554934e-06,2.3953341071836043e-05
Dmel_CG11502,4.667766,0.54752356,3.0449213412067058e-06,2.5181442004277737e-05
Dmel_CG12143,4.663829,0.22003442,3.1037934077602465e-06,2.5652169290174467e-05
Dmel_CG8348,4.662099,0.80055654,3.1300090736373735e-06,2.5836337460219048e-05
Dmel_CG11221,4.659232,0.30098325,3.17391418448719e-06,2.6182301505553147e-05
Dmel_CG7668,4.6553316,0.47475976,3.2345971698214637e-06,2.6666148938910825e-05
Dmel_CG12750,4.6549478,0.26775557,3.240624916279326e-06,2.6699092178574686e-05
Dmel_CG3262,4.654495,0.15303011,3.2477574318086e-06,2.6741090483331335e-05
Dmel_CG31884,4.652635,0.13687283,3.277198453795145e-06,2.696660293132248e-05
Dmel_CG5549,4.6474586,0.24723332,3.3604948116571876e-06,2.7628187748816592e-05
Dmel_CG7013,4.6473784,0.28059873,3.361804444894432e-06,2.7628187748816592e-05
Dmel_CG5273,4.6464915,0.3080261,3.3762833114866673e-06,2.7729836872653934e-05
Dmel_CG2212,4.6434784,0.18699396,3.4259154393128036e-06,2.8119896807001595e-05
Dmel_CG12399,4.6425753,0.24528538,3.4409362792967736e-06,2.82255578316098e-05
Dmel_CG3283,4.6340537,0.1568104,3.585741984723938e-06,2.939503145430896e-05
Dmel_CG31224,4.6277375,0.15739615,3.6968200297314875e-06,3.028672818622287e-05
Dmel_CG42277,4.623253,0.43965167,3.777688245335073e-06,3.091826224665821e-05
Dmel_CG7433,4.6232023,0.13972601,3.778611153499207e-06,3.091826224665821e-05
Dmel_CG7740,4.6194534,0.15985377,3.847522539133712e-06,3.146253496375614e-05
Dmel_CG42376,4.6177263,0.29176727,3.879673514481956e-06,3.1705714958835444e-05
Dmel_CG1539,4.616537,0.19346137,3.901964795086024e-06,3.186806673227187e-05
Dmel_CG3991,4.616235,0.40966868,3.90764675446886e-06,3.188056131999409e-05
Dmel_CG4993,4.6161976,0.28183928,3.9083467229670865e-06,3.188056131999409e-05
Dmel_CG5654,4.6113377,0.13783835,4.000857243540963e-06,3.259470864065207e-05
Dmel_CG32038,4.6085963,0.1974605,4.05396436486162e-06,3.300690564971905e-05
Dmel_CG12391,4.6081896,0.2330587,4.0618985401134594e-06,3.305102706850215e-05
Dmel_CG13425,4.6079216,0.14936495,4.0671385357863576e-06,3.307318533339636e-05
Dmel_CG1161,4.5961776,0.1891169,4.303124301000662e-06,3.4970535831446934e-05
Dmel_CG18330,4.5934596,0.748504,4.35957324707513e-06,3.54073869220113e-05
Dmel_CG17509,4.5918145,0.2911221,4.394089746411693e-06,3.566567841729219e-05
Dmel_CG8963,4.5898104,0.2023936,4.436487517160217e-06,3.598758176728544e-05
Dmel_CG4491,4.587148,0.21572722,4.493422144636787e-06,3.642693423977299e-05
Dmel_CG1081,4.586963,0.20213483,4.497401717499693e-06,3.643671761384924e-05
Dmel_CG8556,4.5867486,1.171165,4.502018282253126e-06,3.645164648619121e-05
Dmel_CG1587,4.5822277,0.16814584,4.600481239513463e-06,3.7225938404215774e-05
Dmel_CG3107,4.5793214,0.22724403,4.6648691432546465e-06,3.77237202532365e-05
Dmel_CG8360,4.5760508,0.23306082,4.73835533731965e-06,3.8294420349149764e-05
Dmel_CG1966,4.567792,0.22814831,4.928884965150077e-06,3.980975865214331e-05
Dmel_CG32278,4.5637965,0.13926372,5.023677972706472e-06,4.055046206347405e-05
Dmel_CG3385,4.561222,0.27457452,5.085672255879e-06,4.1025671647947174e-05
Dmel_CG32177,4.5528255,0.23903556,5.2930198869244944e-06,4.267118610786485e-05
Dmel_CG12085,4.552701,0.19755355,5.296149801531662e-06,4.267118610786485e-05
Dmel_CG31998,4.5485935,0.13378085,5.400564055287058e-06,4.3485791820176e-05
Dmel_CG14408,4.547781,0.13309559,5.4214503917915275e-06,4.362723796603335e-05
Dmel_CG6562,4.5472684,0.17649193,5.434664741193609e-06,4.3706811116294496e-05
Dmel_CG18177,4.5437427,0.4409225,5.526406259496656e-06,4.439028401958775e-05
Dmel_CG4303,4.531977,0.40365723,5.8434117370987254e-06,4.690792525181085e-05
Dmel_CG5325,4.5312295,0.15101664,5.864144658536801e-06,4.704561963237613e-05
Dmel_CG1322,4.524887,0.64041936,6.042774237847401e-06,4.8449113032063875e-05
Dmel_CG4769,4.520794,0.1921536,6.160818940328691e-06,4.936544005784106e-05
Dmel_CG33517,4.517908,0.31352398,6.245356110812755e-06,4.998186641424508e-05
Dmel_CG31137,4.517747,0.183223,6.250109987839326e-06,4.9989467650758726e-05
Dmel_CG33106,4.516982,0.15282692,6.272725117983143e-06,5.013983015536282e-05
Dmel_CG11427,4.51645,0.4477681,6.2884971406913595e-06,5.023534402785724e-05
Dmel_CG7029,4.516319,0.13158058,6.2923882136915766e-06,5.0235889134945936e-05
Dmel_CG6455,4.5106964,0.19765672,6.4615124579465336e-06,5.155478761983934e-05
Dmel_CG2922,4.491055,0.16909248,7.087119999620856e-06,5.651204121056898e-05
Dmel_CG13124,4.4813795,0.7645887,7.4162159142546394e-06,5.9064541411648616e-05
Dmel_CG12163,4.4799747,0.20126562,7.4651917916281805e-06,5.941858590780491e-05
Dmel_CG33554,4.4773397,0.13416271,7.5578908347225035e-06,6.012000209387919e-05
Dmel_CG15319,4.471179,0.162291,7.778956160421636e-06,6.183469200560322e-05
Dmel_CG4247,4.4710717,0.19968827,7.782861317804408e-06,6.183469200560322e-05
Dmel_CG7212,4.468949,0.3070313,7.86048719908362e-06,6.241369322245188e-05
Dmel_CG3573,4.4673676,0.27598503,7.918801854523248e-06,6.28387531221558e-05
Dmel_CG2934,4.465604,0.13961963,7.984330471571376e-06,6.332051099995139e-05
Dmel_CG9776,4.4453955,0.21382682,8.773041585893655e-06,6.953349787709802e-05
Dmel_CG13204,4.444948,0.4002794,8.79130177547877e-06,6.963622461215583e-05
Dmel_CG7749,4.4445124,0.17351514,8.809148406946022e-06,6.973555374438414e-05
Dmel_CG7485,4.4431973,0.2623209,8.86318819317473e-06,7.012110538621862e-05
Dmel_CG3127,4.4387593,0.14878637,9.04790041681317e-06,7.153938590694458e-05
Dmel_CG1249,4.4222054,0.20316644,9.769840172721772e-06,7.720112429930054e-05
Dmel_CG4125,4.4218473,0.59999585,9.786065463567085e-06,7.728286433698021e-05
Dmel_CG5385,4.41603,0.18729462,1.0053015648053544e-05,7.934335052917214e-05
Dmel_CG3445,4.415414,0.385698,1.008170101665121e-05,7.952198863134068e-05
Dmel_CG9035,4.413713,0.21202269,1.0161272176668178e-05,8.005352378512981e-05
Dmel_CG8948,4.413379,0.1434266,1.0176951725069922e-05,8.009767947306461e-05
Dmel_CG4108,4.4133344,0.15121092,1.0179067401264585e-05,8.009767947306461e-05
Dmel_CG9934,4.4129577,0.35584736,1.0196792257124275e-05,8.018913647568529e-05
Dmel_CG12343,4.410016,0.25259578,1.0336291239593015e-05,8.123756171022237e-05
Dmel_CG2926,4.4049673,0.12903988,1.0579991088784624e-05,8.31032055575127e-05
Dmel_CG3654,4.398238,0.12949333,1.0913315638385302e-05,8.567017969176896e-05
Dmel_CG15099,4.397407,0.4127429,1.0955183482817033e-05,8.594750217773053e-05
Dmel_CG6103,4.385342,0.19325624,1.1580363041805112e-05,9.079806129615811e-05
Dmel_CG8745,4.3837676,0.21801095,1.1664413909356261e-05,9.135550107718541e-05
Dmel_CG8893,4.38375,0.20386697,1.1665362667035774e-05,9.135550107718541e-05
Dmel_CG32944,4.3815284,0.33487484,1.178497991836996e-05,9.223729666902896e-05
Dmel_CG7112,4.3796773,0.2533313,1.1885525403957863e-05,9.29688626984585e-05
Dmel_CR44417,4.3769374,0.4726288,1.2035846695516366e-05,9.408867425685934e-05
Dmel_CG41265,4.3715625,0.7443593,1.2336064230967655e-05,9.637825211602019e-05
Dmel_CG3533,4.3711047,0.2131075,1.2361950552208106e-05,9.652310885714006e-05
Dmel_CG16854,4.369133,0.53020877,1.2474084204933609e-05,9.734081979633761e-05
Dmel_CG5289,4.363314,0.2726814,1.2810672299842492e-05,9.984878095624566e-05
Dmel_CG18437,4.361478,0.13200144,1.291869315452695e-05,0.00010063102948644851
Dmel_CG15667,4.3539896,0.29302582,1.3368193143945468e-05,0.00010407075006195935
Dmel_CG6170,4.351244,0.27047333,1.3536724311831518e-05,0.00010532036363633983
Dmel_CG43079,4.348585,0.13496657,1.3701859396078733e-05,0.00010654209131589977
Dmel_CG43367,4.34837,0.2050288,1.3715317650616541e-05,0.00010658367193775989
Dmel_CG6143,4.3477807,0.16189535,1.3752215275427357e-05,0.00010680724641512466
Dmel_CG34159,4.3402605,0.16180596,1.4231381985175781e-05,0.00011046343217199938
Dmel_CG43373,4.3371735,0.44235212,1.443266983444577e-05,0.00011195968966614633
Dmel_CG1910,4.3295245,0.16098562,1.4943172721365148e-05,0.0001157831560916624
Dmel_CG15081,4.3258867,0.16738066,1.5191940598090629e-05,0.00011764130312286914
Dmel_CG10470,4.325593,0.25217715,1.5212217030267534e-05,0.0001177289422819468
Dmel_CG9742,4.3245053,0.21469563,1.528746440862415e-05,0.00011824165379266039
Dmel_CG10161,4.3234706,0.21872927,1.535936559443166e-05,0.00011872789604495674
Dmel_CG11518,4.321177,0.34923425,1.5519925531915205e-05,0.00011984574999107627
Dmel_CG8224,4.321144,0.1418849,1.552221798073296e-05,0.00011984574999107627
Dmel_CG10539,4.3141646,0.21453646,1.6020761416317436e-05,0.00012362232869749114
Dmel_CG5227,4.3136673,0.37629008,1.605685776649664e-05,0.0001238281501816504
Dmel_CG1090,4.3119993,0.13030946,1.617849139486264e-05,0.00012469299438116712
Dmel_CG1560,4.311749,0.31692916,1.6196828883012197e-05,0.00012471044297644073
Dmel_CG11098,4.3117094,0.21960138,1.6199735648792657e-05,0.00012471044297644073
Dmel_CG12541,4.3108683,0.5062537,1.6261465797957045e-05,0.00012511236654037092
Dmel_CG15522,4.3089824,0.40774757,1.6400746076382046e-05,0.0001261101253304485
Dmel_CG11567,4.306325,0.42093235,1.659892488990594e-05,0.0001275593403381602
Dmel_CG1964,4.305997,0.2192878,1.6623541212439763e-05,0.00012767384866900695
Dmel_CG13018,4.2994757,0.45792708,1.7120280695736842e-05,0.00013141215456932118
Dmel_CG8128,4.299028,0.61494505,1.7154896157552973e-05,0.00013160098681051
Dmel_CG10637,4.2980227,0.23058583,1.7232859772358773e-05,0.00013212194298049395
Dmel_CG4407,4.2948976,0.47522357,1.7477401457734957e-05,0.0001339186778752741
Dmel_CG8104,4.2944436,0.18672115,1.751320781231721e-05,0.0001341148390802217
Dmel_CG17437,4.2940063,0.52653426,1.7547739535872858e-05,0.00013430101644781902
Dmel_CG41099,4.2932196,0.14552298,1.761008267098576e-05,0.0001346997068564749
Dmel_CG11444,4.280611,0.30835554,1.8638068110310418e-05,0.00014247984469900477
Dmel_CG14521,4.279979,0.19538783,1.8691092755491826e-05,0.00014280212203483607
Dmel_CG15160,4.2765074,0.38389882,1.8984838428618128e-05,0.00014496209284745544
Dmel_CG34381,4.275071,0.33599126,1.9107639683432982e-05,0.0001458150366318193
Dmel_CG8394,4.27417,0.20683745,1.918506776518779e-05,0.0001463209376101757
Dmel_CG43720,4.2736483,0.24925452,1.923003586365778e-05,0.00014657882905123372
Dmel_CG10108,4.271902,0.14984174,1.9381271464622682e-05,0.0001476459642415111
Dmel_CG17273,4.2612386,0.20435813,2.032968995293949e-05,0.00015478126052814473
Dmel_CG5269,4.259487,0.124459304,2.048963558806567e-05,0.00015590868631312738
Dmel_CG6218,4.2532043,0.20748068,2.1073317057721535e-05,0.00016025721033305479
Dmel_CG17762,4.2490897,0.2693854,2.146410212121792e-05,0.00016304032715313567
Dmel_CG43976,4.2473345,0.12636824,2.1632908117530422e-05,0.0001642276404231469
Dmel_CG9045,4.2470884,0.3043776,2.1656647037580305e-05,0.00016431293228686073
Dmel_CG4265,4.2461934,0.35604286,2.174329514063126e-05,0.00016487515374670247
Dmel_CG8284,4.24462,0.21641463,2.1896441554402022e-05,0.0001658450365800559
Dmel_CG44193,4.242808,0.19104926,2.2074057477464485e-05,0.0001670940030595396
Dmel_CG5650,4.2418337,0.12387562,2.2170097069804312e-05,0.0001677243785804827
Dmel_CG4141,4.2399454,0.34554526,2.235740810201646e-05,0.00016904413110966534
Dmel_CG2076,4.2397866,0.31760412,2.2373252837214345e-05,0.00016906665643118672
Dmel_CG8118,4.239066,0.12702072,2.2445164510981497e-05,0.0001695125901372459
Dmel_CG8321,4.2358446,0.28990746,2.2769416068302768e-05,0.00017186266315540876
Dmel_CG6169,4.229537,0.1215752,2.3417291102209998e-05,0.00017646319701395964
Dmel_CG1676,4.2295184,0.62637216,2.3419208248409223e-05,0.00017646319701395964
Dmel_CG17146,4.219796,0.12731887,2.4452322041100813e-05,0.00018414209968028986
Dmel_CG15537,4.217814,0.49119884,2.4668235328127304e-05,0.00018566167265001197
Dmel_CG7038,4.2114353,0.23986743,2.5375334907149254e-05,0.00019087422782761786
Dmel_CG4212,4.210071,0.13753025,2.552906134146442e-05,0.00019192070657218758
Dmel_CG42799,4.20116,0.12541173,2.65550702576226e-05,0.00019951982747593974
Dmel_CG1470,4.198284,0.1321978,2.6894512710983556e-05,0.00020195473802001995
Dmel_CG14614,4.180939,0.2627228,2.903073361993358e-05,0.00021787142804086075
Dmel_CG31022,4.1791315,0.31259748,2.926244210998763e-05,0.00021935981275946802
Dmel_CG12135,4.1785665,0.2923395,2.9335256462266493e-05,0.00021978027660812086
Dmel_CG34361,4.178215,0.3354121,2.938060125914847e-05,0.00021999457615183479
Dmel_CG8627,4.173831,0.695977,2.9951990421352823e-05,0.00022414527683769787
Dmel_CG10844,4.1711745,0.22361992,3.030335319953206e-05,0.0002266456257228519
Dmel_CG10281,4.158679,0.26313856,3.2009320767458064e-05,0.00023926876234651106
Dmel_CG42402,4.1439815,0.1436862,3.413277110026468e-05,0.0002549964440185208
Dmel_CG14777,4.1401176,0.17782696,3.471276698463532e-05,0.00025918208576425724
Dmel_CG9786,4.1325974,1.2246157,3.586865212016691e-05,0.00026766039608808255
Dmel_CG14435,4.1302633,0.202694,3.6234786191772056e-05,0.0002702391176765474
Dmel_CG5021,4.1231394,0.17830959,3.737431388359558e-05,0.0002785796135815823
Dmel_CG4887,4.121897,0.1619262,3.757651644236147e-05,0.00027992800599153743
Dmel_CG3936,4.121709,1.0050302,3.7607213848543936e-05,0.00027999795874431493
Dmel_CG6148,4.104393,0.25674444,4.053780276244548e-05,0.0003011346897124342
Dmel_CG7395,4.100991,0.30553976,4.1138476799501274e-05,0.00030542413763968713
Dmel_CG3305,4.100811,0.11883829,4.117047991854015e-05,0.00030548914545993
Dmel_CG8256,4.0930214,0.21278794,4.257880805779081e-05,0.0003157607881983234
Dmel_CG6831,4.0894804,0.15982151,4.323406496276144e-05,0.0003204392823889724
Dmel_CG1740,4.0817847,0.1393029,4.4691226435091946e-05,0.00033105265309106157
Dmel_CG12051,4.0800247,0.4002519,4.503094963372121e-05,0.0003333812445840735
Dmel_CR44832,4.0757627,1.0130676,4.586380352734562e-05,0.00033916502090762453
Dmel_CG6450,4.0724354,0.22371852,4.6524132928232065e-05,0.0003438546854948805
Dmel_CG14001,4.067013,0.115518615,4.761967021645742e-05,0.000351753842784973
Dmel_CG12876,4.064666,0.29328486,4.810135127345049e-05,0.0003551122792609061
Dmel_CG10375,4.0631137,0.24837983,4.8422437095820616e-05,0.0003572820021764058
Dmel_CG5344,4.061351,0.22808386,4.878958516670087e-05,0.0003597889667091
Dmel_CG17233,4.0573244,0.25448138,4.9638113295677176e-05,0.000365840968490462
Dmel_CG42679,4.055648,0.34491614,4.999550137633021e-05,0.0003682684325035624
Dmel_CG17678,4.0542893,0.17338096,5.0286945189509044e-05,0.0003702077012522904
Dmel_CG12737,4.052804,0.2279285,5.060735426251786e-05,0.00037235791845674536
Dmel_CG8050,4.050448,0.4891136,5.111971872891561e-05,0.0003759173048778288
Dmel_CG3412,4.047514,0.15393814,5.176448570760839e-05,0.0003804458091072046
Dmel_CG32775,4.0464334,0.52601016,5.2003918677012294e-05,0.00038199189230554416
Dmel_CG8974,4.045331,0.17240612,5.224929871138638e-05,0.0003835799074672226
Dmel_CG14441,4.043444,0.21361291,5.2671742848564465e-05,0.00038646531143103613
Dmel_CG5433,4.0424995,0.2125327,5.2884456345933403e-05,0.00038780950939838776
Dmel_CG8331,4.0412517,0.18995395,5.3166690384637166e-05,0.00038966172802259736
Dmel_CG15112,4.040209,0.15907288,5.3403633730796766e-05,0.00039118012868249736
Dmel_CG4846,4.0357575,0.17880324,5.4426366973970136e-05,0.000398449520002753
Dmel_CG14903,4.0333405,0.2749653,5.498946702741424e-05,0.00040234776514880315
Dmel_CG5249,4.032828,0.11522159,5.510966023860546e-05,0.000403002807565673
Dmel_CG8804,4.031031,0.3025433,5.553263416565e-05,0.00040587004759221735
Dmel_CG9364,4.0302043,0.36673954,5.5728391070964944e-05,0.00040707436746167334
Dmel_CG5436,4.029512,0.41141894,5.589279291805299e-05,0.00040804843985340803
Dmel_CG17839,4.02874,0.11007466,5.607665744773733e-05,0.0004091634400448174
Dmel_CG8896,4.024243,0.47057503,5.715889387334805e-05,0.00041682853739715136
Dmel_CG8604,4.0222826,0.13526258,5.763678961170492e-05,0.0004200804505199192
Dmel_CG14645,4.0164022,8.744655,5.9093373978082136e-05,0.00043021940578724514
Dmel_CG8929,4.011776,0.11879751,6.026364390484583e-05,0.00043825376012926345
Dmel_CG40080,4.009702,0.108519726,6.079534718890822e-05,0.0004417137994004304
Dmel_CG5333,4.0096583,0.26866913,6.080665574274245e-05,0.0004417137994004304
Dmel_CG5071,4.009523,0.3815015,6.0841597159948154e-05,0.0004417234410380545
Dmel_CG6755,4.003103,0.25255138,6.251706548201163e-05,0.0004536370831027691
Dmel_CG4562,4.0016747,0.26277918,6.289576958404604e-05,0.0004561331722427974
Dmel_CG10089,3.9980402,0.18445513,6.386910660576914e-05,0.0004629365305606245
Dmel_CG9941,3.9926214,0.2857635,6.534685224235134e-05,0.0004733864307148506
Dmel_CG1715,3.9878778,0.12965484,6.666700359703789e-05,0.00048268379849513766
Dmel_CG11984,3.9877255,0.26761845,6.670980412988985e-05,0.00048272771810070625
Dmel_CG17508,3.9820783,0.18107392,6.831529117706736e-05,0.0004940733304115807
Dmel_CG4768,3.9813075,0.14023493,6.853721875107739e-05,0.000495405715955945
Dmel_CG1399,3.9777117,0.17960508,6.958165412143219e-05,0.0005026786788398792
Dmel_CG5684,3.9680192,0.20969969,7.24724694331189e-05,0.0005229877654149454
Dmel_CG17143,3.9670541,0.22053412,7.276647438499185e-05,0.0005248212074056959
Dmel_CG2718,3.9532828,0.11518831,7.708623800478851e-05,0.0005553674636079637
Dmel_CG6297,3.9519677,0.112469144,7.751120836202987e-05,0.000558123172101608
Dmel_CG11739,3.9498212,0.23523697,7.820956528807172e-05,0.0005625352476467161
Dmel_CG9696,3.9494624,0.17868352,7.832688257564863e-05,0.0005630708774215529
Dmel_CG34404,3.9487166,0.14511068,7.857131479523097e-05,0.000564519216907671
Dmel_CG17759,3.9372542,0.10924956,8.241927692810465e-05,0.0005918424689137832
Dmel_CG14390,3.930465,0.24972288,8.478170564889298e-05,0.0006084742730377403
Dmel_CG33143,3.9276857,0.112158515,8.576717742934493e-05,0.000615203117469377
Dmel_CG9165,3.9270236,0.15119886,8.600348813128158e-05,0.0006162332810976943
Dmel_CG8414,3.923138,0.7187736,8.740308011581e-05,0.0006259203682843919
Dmel_CG8924,3.9203393,0.35123014,8.842432556691081e-05,0.0006328889228076116
Dmel_CG10418,3.918386,0.45840713,8.914383742017994e-05,0.0006376914357858381
Dmel_CG43154,3.918011,0.24007845,8.928263082982503e-05,0.0006383368072550221
Dmel_CG5730,3.9160314,0.64603937,9.001851774988405e-05,0.0006432481466836468
Dmel_CG7100,3.9158173,0.18574895,9.009851906306756e-05,0.0006434699125042231
Dmel_CG1664,3.9153497,0.17953584,9.027330056379798e-05,0.0006443679753986253
Dmel_CG11143,3.911689,0.22679201,9.165287282764738e-05,0.0006538601530011477
Dmel_CG5485,3.9095213,0.6360153,9.247916601908706e-05,0.0006593970269434743
Dmel_CG42244,3.9072542,0.13452493,9.335092329487337e-05,0.0006652518888383574
Dmel_CG8610,3.9069936,0.23815522,9.345165572188534e-05,0.0006656087847378294
Dmel_CG31284,3.9054036,0.85124254,9.406826729022777e-05,0.0006696376492204135
Dmel_CG3798,3.9050622,0.11038636,9.420118306572312e-05,0.0006702207615953803
Dmel_CG40452,3.9036386,0.22836925,9.475723391577633e-05,0.0006734477073484135
Dmel_CG42855,3.9016395,1.0184679,9.554334710458683e-05,0.0006786676347575002
Dmel_CG5284,3.8996007,0.20851363,9.635140006402892e-05,0.0006840376813837947
Dmel_CG8709,3.8976068,0.11945914,9.714800380511528e-05,0.00068882177767548
Dmel_CG32742,3.8975208,0.52652377,9.718252612513051e-05,0.00068882177767548
Dmel_CG13924,3.8925688,0.18085176,9.918838672323114e-05,0.0007026601562964854
Dmel_CG33298,3.8903472,0.21182446,0.00010010087653448678,0.0007087422513683678
Dmel_CG17100,3.8902042,0.18792528,0.0001001599238142983,0.0007087784377187367
Dmel_CG17765,3.886839,0.13015659,0.00010155807366404838,0.0007178992178694242
Dmel_CG10260,3.8747437,0.11930314,0.00010673698254688091,0.0007541025202411624
Dmel_CG42667,3.869801,0.17174542,0.0001089242471335361,0.0007691421448585695
Dmel_CG40451,3.8622541,0.12510341,0.00011234558007331139,0.0007924494190785748
Dmel_CG8641,3.86152,0.33826,0.00011268380549517614,0.0007944087382039215
Dmel_CG33141,3.8603926,0.15731663,0.00011320500589361501,0.0007976552184707747
Dmel_CG10203,3.8601162,0.16245924,0.00011333307344878099,0.0007981296453324925
Dmel_CG42253,3.8581636,0.14479852,0.00011424215231494094,0.0008039102008015044
Dmel_CG42332,3.8580906,0.118665315,0.00011427625409764935,0.0008039102008015044
Dmel_CG34228,3.8575623,0.44036037,0.00011452353045295677,0.0008052186804078679
Dmel_CG3760,3.8568513,0.38712376,0.00011485695633493449,0.0008071311567900396
Dmel_CG33977,3.855788,0.19820641,0.00011535739240094705,0.0008102145876754918
Dmel_CG31706,3.8546033,0.49555802,0.00011591742889047576,0.0008132786615321633
Dmel_CG14472,3.8521898,0.15574054,0.00011706620389496681,0.0008209002056476835
Dmel_CR45358,3.844627,0.85591364,0.00012073604336972174,0.0008458035979269228
Dmel_CG5320,3.844606,0.12173685,0.00012074633206840477,0.0008458035979269228
Dmel_CG32479,3.8402932,0.22552074,0.00012288742012453658,0.0008603428811169606
Dmel_CG7450,3.840069,0.87129265,0.00012299970294064628,0.0008606704453370781
Dmel_CG42403,3.8341508,0.113725014,0.0001259987876007961,0.0008807181212032243
Dmel_CG5532,3.830093,0.13932505,0.0001280948850382964,0.0008948936120618039
Dmel_CG5994,3.829833,0.28516403,0.00012823028690577996,0.0008953635495371171
Dmel_CG10840,3.82665,0.106910005,0.00012989910378473124,0.0009065343190839901
Dmel_CG8405,3.82452,0.2670369,0.00013102707697212255,0.0009139022348721798
Dmel_CG8116,3.8243942,0.37968132,0.00013109395881090167,0.0009139022348721798
Dmel_CG10060,3.822605,1.1373712,0.00013204924659452398,0.0009200737802219722
Dmel_CG14804,3.8210921,0.26180118,0.0001328619671932549,0.0009252459517151895
Dmel_CG1341,3.8176608,0.17937526,0.00013472298276128862,0.0009377090659248377
Dmel_CG10326,3.8136613,0.11621773,0.00013692310976156993,0.0009525180441380574
Dmel_CG2890,3.810083,0.15816697,0.00013892022025960318,0.0009658997959954738
Dmel_CG6798,3.8099253,0.12120462,0.00013900881344191645,0.0009660046628451741
Dmel_CG3073,3.8087752,0.4610952,0.00013965685772700397,0.000969995120185285
Dmel_CG3125,3.8077111,0.19086562,0.00014025893668865932,0.0009736622752380729
Dmel_CG43073,3.806029,0.22935878,0.00014121574852533753,0.0009797867747473393
Dmel_CG2238,3.8036475,0.16284393,0.0001425809950580437,0.000988737127207257
Dmel_CG3356,3.8029375,0.5014676,0.00014299049175155951,0.000991053824951078
Dmel_CG1962,3.8009536,0.27365693,0.0001441403039863663,0.0009984964336767737
Dmel_CG5229,3.7987547,0.40935874,0.00014542489667607246,0.0010068643662909738
Dmel_CG18619,3.79586,0.130333,0.00014713254163587486,0.0010181509898035976
Dmel_CG6725,3.7932029,0.5985932,0.00014871659257496391,0.0010285709173829477
Dmel_CG6944,3.7929163,0.18878525,0.00014888836915681982,0.0010292172851603205
Dmel_CG1799,3.7917144,0.2131228,0.00014961084836974772,0.0010336678014862537
Dmel_CG3318,3.7908971,0.16142224,0.00015010418086339856,0.001036531287822344
Dmel_CG9148,3.7895894,0.33320013,0.00015089652744810911,0.0010414554974766818
Dmel_CG15855,3.7867942,0.11430956,0.00015260346657181698,0.0010526835455224393
Dmel_CG10803,3.7833853,0.18086293,0.00015470961410984338,0.0010666521715726402
Dmel_CG1599,3.7725081,0.31039217,0.00016161470605419796,0.0011129683755169738
Dmel_CG1598,3.7724898,0.18188582,0.00016162664034435404,0.0011129683755169738
Dmel_CG3522,3.7724051,0.5288892,0.00016168150284315527,0.0011129683755169738
Dmel_CR45919,3.7670434,0.19303139,0.00016519235877660005,0.0011365407260121997
Dmel_CG3441,3.764209,0.16004089,0.0001670770645752827,0.0011489061776995238
Dmel_CG11840,3.7631698,0.28902298,0.00016777316187265365,0.0011530894979960992
Dmel_CG10267,3.7630155,0.3495632,0.00016787683626964456,0.0011531989050807105
Dmel_CG14669,3.759497,0.111024484,0.00017025538874437893,0.001168926887925749
Dmel_CG10697,3.7589636,0.14514711,0.00017061873375385185,0.0011708098069239516
Dmel_CG5395,3.757511,0.20180103,0.00017161186206174738,0.0011770101666771515
Dmel_CG14199,3.7572803,0.259156,0.00017177001217778769,0.00117748029735436
Dmel_CG8863,3.751688,0.110708006,0.00017564793950219525,0.0012034356480700456
Dmel_CG7059,3.7508333,0.63229114,0.00017624779817857871,0.001206916266735124
Dmel_CG33304,3.7468019,0.20855145,0.00017910336711916876,0.0012251233871003885
Dmel_CG17060,3.7466857,0.24355592,0.00017918629860794053,0.0012251233871003885
Dmel_CG14024,3.746475,0.14272767,0.0001793368305153796,0.0012255149712962056
Dmel_CG44245,3.7386599,0.48201627,0.0001850038670114091,0.0012635841041564071
Dmel_CG4977,3.7382407,0.14518556,0.00018531240644515992,0.0012650339392705696
Dmel_CG4528,3.7335904,0.1692436,0.00018876948874266383,0.001287964616597791
Dmel_CG5108,3.7312908,0.20598994,0.00019050111892019673,0.0012991049318787262
Dmel_CG7762,3.7309217,0.24758245,0.00019078044117175612,0.0013003349468039664
Dmel_CG15628,3.7295363,0.19257891,0.0001918325448499386,0.0013068281347190479
Dmel_CG3016,3.7234714,0.23506801,0.0001965021436451587,0.0013379454246844717
Dmel_CG5694,3.7215383,0.2146392,0.00019801289864707636,0.0013475336618960284
Dmel_CG5903,3.7204285,0.15503217,0.00019888502509520344,0.0013527681753499317
Dmel_CG6203,3.7164502,0.1262455,0.00020204140461344258,0.0013735261759054572
Dmel_CG5486,3.7122948,0.16816808,0.0002053885025255203,0.0013955585892905184
Dmel_CG2893,3.70469,0.86260897,0.00021164938948291473,0.0014373563964831951
Dmel_CG32547,3.7042441,0.3769176,0.00021202201766494215,0.001439143251102792
Dmel_CG10007,3.7039416,0.21783318,0.00021227512796130176,0.0014401174272273961
Dmel_CG9027,3.6999705,0.5240209,0.00021562459032755844,0.0014613319966448918
Dmel_CG8552,3.6979008,0.23609702,0.00021738973065984658,0.0014725352838149712
Dmel_CG5675,3.697487,0.14622155,0.00021774420066000139,0.001474176476493085
Dmel_CG13503,3.6945102,0.14185856,0.00022031103741348027,0.0014907864792227314
Dmel_CG4409,3.6929455,0.4149949,0.00022167163215851136,0.0014992212651543993
Dmel_CG10395,3.6925168,0.109076984,0.00022204564505476254,0.0015009783033254293
Dmel_CG14483,3.692355,0.12587582,0.0002221870585327706,0.0015011620237424877
Dmel_CG14321,3.6921027,0.17781593,0.00022240754735748932,0.001501879537422799
Dmel_CG15747,3.6898735,0.26684755,0.00022436559676648128,0.0015143237324644738
Dmel_CG42788,3.6895168,0.11666144,0.00022468036979893542,0.0015156697841518533
Dmel_CG5505,3.6883068,0.21385314,0.00022575125087253032,0.0015215415191113324
Dmel_CG45186,3.6882718,0.25516883,0.00022578235767956002,0.0015215415191113324
Dmel_CG5206,3.685812,0.17334154,0.0002279746159682609,0.001535527641434606
Dmel_CG12443,3.6853802,0.10535403,0.0002283614605382824,0.0015373452627733448
Dmel_CG11140,3.6817615,0.2847757,0.00023162809055640718,0.0015585380122896807
Dmel_CR30055,3.6742837,0.11495459,0.0002385175437378618,0.0016040732048409631
Dmel_CG18028,3.6713638,0.22723442,0.00024125962961406706,0.0016216842929710766
Dmel_CG9285,3.6699612,0.73210377,0.00024258727833287533,0.0016297747569388112
Dmel_CG5352,3.6685731,0.1666186,0.00024390792670482165,0.0016378099462585904
Dmel_CG1513,3.6645985,0.110290356,0.00024772698860141615,0.0016626048811088914
Dmel_CG9242,3.6596823,0.26514548,0.0002525282165403822,0.0016939628859403589
Dmel_CG17912,3.6546686,0.10134853,0.0002575143506687812,0.0017265286133359458
Dmel_CG1751,3.6534443,0.23739742,0.0002587460365174233,0.001733901920385242
Dmel_CG13094,3.6532533,0.25382975,0.000258938572513433,0.0017343077377161176
Dmel_CG14438,3.648106,0.13385537,0.0002641804593706755,0.0017685152402394531
Dmel_CG9119,3.6468105,0.68883765,0.0002655155340280481,0.0017765476744717823
Dmel_CG4510,3.6418977,0.56933594,0.00027063576991200023,0.0018098853192944503
Dmel_CG9553,3.641348,0.13576856,0.00027121438527716356,0.0018128322670026484
Dmel_CG1240,3.6370585,0.14162853,0.0002757692095346084,0.001841404056145472
Dmel_CR44831,3.634943,1.3918802,0.00027804208722104716,0.001855637921874952
Dmel_CG3638,3.6328087,0.09946324,0.00028035291322029364,0.001870110473415167
Dmel_CG18135,3.6314332,0.11320975,0.0002818514716900409,0.0018791528104915407
Dmel_CG43741,3.6306906,0.16921057,0.0002826638806817539,0.001883613618680998
Dmel_CG3424,3.628843,0.26480892,0.0002846941630795145,0.001896181448062798
Dmel_CG7073,3.6269708,0.1082428,0.00028676562594711117,0.0019090106841798318
Dmel_CG3860,3.626579,0.18634167,0.00028720082471253057,0.0019109397658467668
Dmel_CG42313,3.6254911,0.14183182,0.0002884128711621618,0.001918033167986826
Dmel_CG2918,3.6157174,0.1307938,0.0002995168659375761,0.0019908705793048494
Dmel_CG5282,3.610111,0.14080134,0.0003060659869436211,0.0020333736776674037
Dmel_CG14407,3.6063488,0.12928958,0.00031053567660930815,0.0020620259354840417
Dmel_CG14283,3.6030307,0.11939798,0.0003145283342371597,0.002087483252631574
Dmel_CG10679,3.6010728,0.1875369,0.0003169068715098889,0.0021022075711819533
Dmel_CG12076,3.6005409,0.10371574,0.000317556041363864,0.0021054510290426523
Dmel_CG33202,3.5954578,0.10145514,0.00032382167190640667,0.0021459105348069036
Dmel_CG3214,3.5948794,0.15788949,0.00032454192440514604,0.002149599510387109
Dmel_CG10295,3.5892937,0.1254869,0.00033157502742759033,0.002195076793665473
Dmel_CG32810,3.5868027,0.21694922,0.0003347573693367679,0.002215028494690064
Dmel_CG7452,3.5852554,0.23158284,0.000336748652808236,0.002227083063187232
Dmel_CG2050,3.5808413,0.1791304,0.00034248958791879575,0.002263911305251959
Dmel_CG5517,3.5797024,0.2605356,0.00034398591273065516,0.002272659064451252
Dmel_CG31774,3.5762465,0.100329116,0.00034856310942785526,0.002301742623613792
Dmel_CG12237,3.5718906,0.16727293,0.00035441350471794055,0.0023392003342533685
Dmel_CG15894,3.5713434,0.12092708,0.0003551549501458866,0.0023429172690095862
Dmel_CG3204,3.5697913,0.1301221,0.00035726577126912024,0.0023556595585787804
Dmel_CG7269,3.564264,0.18579201,0.00036487840397365695,0.002404647495796302
Dmel_CG9738,3.5639064,0.105013564,0.00036537630429186394,0.0024067218118793907
Dmel_CG11360,3.559962,0.100606784,0.000370908301723391,0.0024419368702139686
Dmel_CG12806,3.5567832,0.0963868,0.0003754236659588336,0.002470426837438674
Dmel_CG4729,3.5523796,0.17151025,0.00038176370664777304,0.002510889323853046
Dmel_CG32276,3.5428822,0.113233715,0.00039577930828573534,0.002601768829506177
Dmel_CG3625,3.5381503,0.10295772,0.000402940627260499,0.0026465177894425154
Dmel_CG32491,3.5381184,0.1091221,0.0004029892775796723,0.0026465177894425154
Dmel_CG4214,3.5292757,0.28010327,0.00041669880435482847,0.002734144452512881
Dmel_CG32045,3.5292442,0.18144919,0.00041674844672272277,0.002734144452512881
Dmel_CG13921,3.5263622,0.21607424,0.000421310506101988,0.002762695289763585
Dmel_CG40410,3.5225008,0.14216067,0.000427495902345752,0.002801857183404253
Dmel_CG5954,3.5206468,0.3073227,0.0004304955131265427,0.0028201104376848938
Dmel_CG4548,3.5203576,0.10133766,0.00043096550593997487,0.0028217826176169455
Dmel_CG10149,3.5186775,0.21592133,0.00043370347229957566,0.002838295482813109
Dmel_CG15735,3.5154905,0.12387715,0.00043894238031724514,0.002871150731582339
Dmel_CG31764,3.5118165,0.43005604,0.0004450551388158096,0.0029067940254366574
Dmel_CG4896,3.5109727,0.15879506,0.00044647001295293844,0.0029145864084523417
Dmel_CG5242,3.5099287,0.20888239,0.00044822689608305306,0.0029246026024962266
Dmel_CG5547,3.5057042,0.09617659,0.0004554009511178153,0.002969937418679509
Dmel_CG6899,3.5038157,0.22393449,0.00045864266750010564,0.0029895948877077818
Dmel_CG30152,3.5015357,0.2263768,0.00046258488143555013,0.003013796691593735
Dmel_CG7407,3.5009825,0.11098011,0.0004635462527954555,0.0030185635817567297
Dmel_CG1559,3.4965417,0.32107353,0.0004713308826656647,0.0030677360718719664
Dmel_CG32333,3.495232,0.15631293,0.0004736494646835846,0.003081300799706428
Dmel_CG31715,3.491965,0.16138233,0.0004794807879024427,0.003117692743110341
Dmel_CG33323,3.4884257,0.516155,0.0004858737943582681,0.003157699075995055
Dmel_CR42549,3.4860547,0.44762993,0.0004902006367179623,0.003184244472125923
Dmel_CG9712,3.4857242,0.29115677,0.000490806550921419,0.0031866051806612485
Dmel_CG34394,3.4850302,0.111575834,0.0004920817007253788,0.003193306483571458
Dmel_CG3159,3.4826365,0.110586174,0.0004965020935550762,0.0032204017825307294
Dmel_CG31705,3.4816654,0.47561443,0.0004983061663208629,0.0032305087970510406
Dmel_CG8176,3.4796283,0.18579794,0.0005021098526882203,0.0032535629063983745
Dmel_CG12370,3.4763694,0.6267696,0.0005082516973053921,0.003291737582203133
Dmel_CG5028,3.470545,0.10494389,0.000519403150053659,0.0033623038398301153
Dmel_CG7852,3.465285,0.22624461,0.0005296698809545431,0.003425389717334474
Dmel_CG1515,3.464514,0.2808999,0.0005311906711197841,0.003433534977464379
Dmel_CG8739,3.462173,0.097234055,0.0005358324928400553,0.0034618361791598656
Dmel_CG4746,3.4564762,0.5356756,0.000547287447705747,0.003534105331843352
Dmel_CG10538,3.4524229,0.26420346,0.0005555762729672303,0.0035841079052834433
Dmel_CG14039,3.452207,0.101290785,0.0005560206284354147,0.003585214464312946
Dmel_CG33207,3.4475126,0.28021964,0.0005657737622370422,0.0036427403280533915
Dmel_CG8396,3.4435334,0.123278566,0.0005741657096518683,0.0036949616016333014
Dmel_CG13408,3.4426014,0.36044747,0.0005761476052574224,0.003705900969499651
Dmel_CG3725,3.4412718,0.16125928,0.0005789864714246877,0.0037223391492132198
Dmel_CG3182,3.439268,0.21700677,0.0005832890419210503,0.0037481668948090565
Dmel_CG5799,3.432286,0.70903903,0.0005985159499226354,0.003844133967709361
Dmel_CG5603,3.4307406,0.2837292,0.0006019356917334296,0.0038623227173188467
Dmel_CG11844,3.4301903,0.12603675,0.0006031581107850472,0.003868277566533092
Dmel_CG17528,3.4289498,0.15154728,0.0006059213551510251,0.003884103672214449
Dmel_CG4347,3.4278097,0.37434897,0.0006084716864391934,0.0038985501860055783
Dmel_CG4911,3.427532,0.09769446,0.0006090943405487195,0.00389908367527356
Dmel_CG3733,3.4275079,0.094625264,0.0006091483741980533,0.00389908367527356
Dmel_CG4527,3.427218,0.117429845,0.0006097995123275868,0.003901351212997477
Dmel_CG5905,3.4255025,0.46688166,0.0006136631514889191,0.0039241593546062705
Dmel_CG8397,3.4222136,0.16233349,0.0006211351075983155,0.003970008000461802
Dmel_CG4634,3.4148624,0.12453877,0.000638142644148792,0.0040767294539422825
Dmel_CG44007,3.410479,0.12629306,0.000648488356062589,0.004138798196706402
Dmel_CG30035,3.4079082,1.0339413,0.0006546293735392062,0.004175416492143653
Dmel_CG9922,3.4078114,0.26889482,0.0006548613796749158,0.004175416492143653
Dmel_CG14812,3.4076245,0.1480001,0.0006553103118081917,0.004176252573943475
Dmel_CG4636,3.4041119,0.11369958,0.0006637955934973619,0.004228278184269915
Dmel_CG4467,3.4033482,0.19097967,0.0006656538000841775,0.004238060361873148
Dmel_CG17360,3.40265,0.10613441,0.0006673567901788071,0.004246715918222061
Dmel_CG12295,3.4025261,0.09074043,0.0006676596215696505,0.004246715918222061
Dmel_CG31663,3.4017327,0.8728379,0.0006696007699631602,0.004257002282576627
Dmel_CG4300,3.4006896,0.13425711,0.0006721608447205857,0.004271211634658228
Dmel_CG4867,3.4003096,0.14483728,0.0006730958581746996,0.004275085873501077
Dmel_CG4615,3.3953445,0.51401347,0.0006854227672206591,0.004351275644466995
Dmel_CG3488,3.3934507,0.34383327,0.0006901797595465346,0.004379358870208117
Dmel_CG8635,3.3920767,0.19786641,0.0006936499216591734,0.004399253677858686
Dmel_CG14509,3.391375,0.18211453,0.0006954283775055762,0.004408405358804041
Dmel_CG6719,3.3866389,0.19235231,0.0007075444697827803,0.00448304815690237
Dmel_CG10045,3.3817887,0.2021718,0.0007201553848293551,0.004560752728695207
Dmel_CG5734,3.380756,0.16990642,0.0007228675804618087,0.004575723928154445
Dmel_CG6988,3.3797846,0.13237238,0.000725426591253475,0.004589711524151139
Dmel_CG4644,3.3751173,0.34633052,0.0007378420299261157,0.004663772061211682
Dmel_CG6070,3.372737,0.89800096,0.0007442503249493282,0.004702016115461116
Dmel_CG5889,3.371327,0.089698054,0.000748070439775342,0.00472387969682257
Dmel_CG8493,3.3700097,0.14848411,0.0007516555866393471,0.004744239223836532
Dmel_CG6706,3.369236,0.10401725,0.0007537684103996052,0.004755290773433131
Dmel_CG1937,3.3679876,0.33831087,0.0007571901683179688,0.004774585413563544
Dmel_CG9121,3.362461,0.16662516,0.0007725101053430718,0.004868851460102306
Dmel_CG14982,3.3620942,0.11662974,0.0007735374298557016,0.004872989149440928
Dmel_CG6323,3.3592114,0.11830665,0.0007816525047834928,0.004921751588576846
Dmel_CG2171,3.357668,0.16637173,0.0007860301109347031,0.004946945252774394
Dmel_CG1967,3.3569899,0.2269168,0.0007879599044636592,0.004956716660869768
Dmel_CG31323,3.3543086,0.28640547,0.0007956355403802493,0.0050026060459984955
Dmel_CG4233,3.3532014,0.2547846,0.0007988253597437219,0.005020260187657699
Dmel_CG4621,3.352833,0.26343837,0.0007998892203449558,0.005024543137931675
Dmel_CG5788,3.3517795,0.14021981,0.0008029397400892209,0.005041295329437388
Dmel_CG7434,3.3510566,0.19370061,0.0008050387905426041,0.005052060528424241
Dmel_CR18854,3.350183,0.084404156,0.0008075817216229246,0.005065599715440025
Dmel_CG7918,3.346547,0.22229476,0.0008182482976926911,0.005130057671746018
Dmel_CG5701,3.344249,0.2255948,0.0008250567102804731,0.005170276695181544
Dmel_CG6190,3.3437355,0.46193075,0.0008265854872143319,0.005177387934930188
Dmel_CG2186,3.3398793,0.14143011,0.0008381481795877505,0.005244812013315538
Dmel_CG14853,3.337893,0.097347714,0.0008441626099449924,0.005279933773101925
Dmel_CG8208,3.3356276,0.2146662,0.0008510709992830347,0.005320610847563444
Dmel_CG4168,3.3297253,0.1680048,0.0008693169895273142,0.00542974052958144
Dmel_CG10440,3.3297136,0.26920813,0.0008693534795098812,0.00542974052958144
Dmel_CG6584,3.3241656,0.09194426,0.0008868352829648229,0.005536295702347143
Dmel_CG34392,3.3219302,0.09295711,0.0008939703280987591,0.005578188072908734
Dmel_CG14764,3.3198197,0.25417432,0.0009007562176458859,0.0056178630546201164
Dmel_CG6811,3.312967,0.20521499,0.0009231183836771166,0.0057546008917936375
Dmel_CG10362,3.3100047,0.2425008,0.0009329442385507858,0.005813096367375949
Dmel_CG4262,3.3088145,0.23690511,0.0009369187096506229,0.005835094200719827
Dmel_CG12591,3.3079584,0.29591915,0.0009397874206514965,0.005850187823202897
Dmel_CG9856,3.307252,0.13483357,0.0009421613922724736,0.005862188852202924
Dmel_CG7851,3.3047714,0.21035708,0.0009505387342829511,0.005911514201236281
Dmel_CG10527,3.302374,0.2709962,0.0009587016833563002,0.005959460180220029
Dmel_CG3948,3.3016465,0.1488602,0.0009611914768232477,0.0059721121498507316
Dmel_CG1844,3.2994847,0.22534707,0.0009686247162168359,0.006015452455484614
Dmel_CG42673,3.2927892,0.22214136,0.0009919882991035718,0.0061576373351535365
Dmel_CG7354,3.2905462,0.15654452,0.0009999312457837411,0.006204011567915082
Dmel_CG10605,3.2901022,0.7236522,0.0010015097382301147,0.006210872803247728
Dmel_CG3940,3.288068,0.36477798,0.0010087741601196253,0.006252972282137734
Dmel_CG31688,3.2821681,0.094757736,0.0010301219970138072,0.0063822881484009615
Dmel_CG33179,3.2810905,0.10022693,0.0010340652905051536,0.006403700274518484
Dmel_CG9368,3.277795,0.1114282,0.0010462127747398482,0.006475874739922912
Dmel_CG4590,3.2761393,0.490379,0.0010523662630638438,0.006510896922279648
Dmel_CG5594,3.2746928,0.12989847,0.0010577692317991062,0.006541244929445673
Dmel_CG9057,3.271274,0.96570504,0.0010706406018807938,0.006617727257439092
Dmel_CG12054,3.2673652,0.14099312,0.0010855350587117166,0.00670663667443849
Dmel_CG17272,3.2600172,0.15409857,0.0011140543528645275,0.006879599742007874
Dmel_CG16953,3.2585232,0.17964695,0.0011199368815275545,0.006912677576399058
Dmel_CG6841,3.253327,0.3876152,0.0011406218129133062,0.007037047532156693
Dmel_CG11781,3.2522655,0.21158597,0.0011448905448764894,0.007060068817560745
Dmel_CG9968,3.249891,0.73002255,0.0011544928005576315,0.00711594272613876
Dmel_CG12204,3.248936,0.51531225,0.0011583752710091304,0.007136525755429434
Dmel_CG1514,3.246245,0.2639285,0.0011693820586292083,0.00720096046506393
Dmel_CG17471,3.2453098,0.087504916,0.0011732290448770802,0.007221265985353494
Dmel_CR46348,3.239781,0.21480098,0.001196215836073822,0.007354903609406827
Dmel_CG3918,3.2396846,0.2894346,0.0011966200378138495,0.007354903609406827
Dmel_CG5175,3.2390113,0.17570199,0.001199448516361974,0.007368841960501497
Dmel_CG4599,3.2347772,0.09535504,0.0012173767539597276,0.007475489684011579
Dmel_CG9143,3.230533,0.45033193,0.0012355966227983915,0.0075838277534767224
Dmel_CR45223,3.2273078,0.35576355,0.0012496101136300459,0.0076662588717144875
Dmel_CG10483,3.2269886,0.24698831,0.0012510046382793532,0.007671232828571619
Dmel_CG9346,3.224421,0.23327781,0.001262276691487885,0.007736743471474952
Dmel_CG7893,3.2235897,0.23705402,0.0012659462777574939,0.007755617732406166
Dmel_CG34191,3.2221954,0.28287897,0.001272123988577291,0.007789832867611455
Dmel_CG8595,3.2199316,0.15394638,0.0012822116587770118,0.007847947558448398
Dmel_CG18361,3.2169285,0.5437562,0.0012957090457835457,0.007926868049646915
Dmel_CG5191,3.2129586,0.30698103,0.0013137518859526966,0.008033510252817304
Dmel_CG32772,3.212595,0.096858114,0.0013154167120387607,0.008039949308326211
Dmel_CG8209,3.2114797,0.30491188,0.001320533566303116,0.008067471685164689
Dmel_CG12155,3.209552,0.38675854,0.001329419666093615,0.008117985052107897
Dmel_CG5079,3.207736,0.22097324,0.0013378418534245428,0.008165619970205255
Dmel_CG7152,3.2045007,0.094600365,0.0013529701335350378,0.008250292586906698
Dmel_CG7113,3.2040508,0.43810672,0.0013550858039497267,0.008259361108396734
Dmel_CG5794,3.2020347,0.13924983,0.0013646055477177562,0.008313528744811793
Dmel_CG5915,3.1984446,0.10148251,0.001381710662306802,0.008413836799524413
Dmel_CG8398,3.196575,0.17898732,0.0013906973995033891,0.008464638502489132
Dmel_CG4645,3.189427,0.30451173,0.0014255518177014566,0.008672766868710574
Dmel_CG9646,3.185631,0.08901033,0.001444386733083628,0.008783288319968514
Dmel_CG16858,3.181984,0.9225405,0.0014626993206207635,0.00889053273463342
Dmel_CG6202,3.1780431,0.17120738,0.00148272656444874,0.009006196396262562
Dmel_CG45019,3.177876,0.16063906,0.0014835817439795792,0.009006196396262562
Dmel_CG31357,3.1778364,0.32502362,0.00148378473464032,0.009006196396262562
Dmel_CG43398,3.173597,0.08519557,0.001505625639682756,0.00913454595155637
Dmel_CG13229,3.1704557,0.5040174,0.0015220003188889395,0.009225371859095735
Dmel_CG9257,3.1675189,0.26233608,0.0015374579139270461,0.009312064638216487
Dmel_CG8386,3.1674693,0.18440117,0.0015377201327851592,0.009312064638216487
Dmel_CG5196,3.167052,0.5294701,0.0015399281491121444,0.009321140399577472
Dmel_CG13893,3.1639357,0.2723975,0.0015565114879098813,0.00941718115222088
Dmel_CG9484,3.1605487,0.16226912,0.0015747231838857821,0.009522980837295473
Dmel_CG10555,3.1558363,0.14434756,0.0016003856393423015,0.009673720187027224
Dmel_CG8338,3.1507201,0.1435992,0.0016286845155809222,0.009835727582375412
Dmel_CG6686,3.143507,0.14838634,0.0016693638849237043,0.010076761971420486
Dmel_CG31158,3.1382806,0.08468395,0.0016994209847021118,0.010245774657849763
Dmel_CG34421,3.138232,0.07587969,0.0016997023631468292,0.010245774657849763
Dmel_CG9344,3.1331537,0.3490396,0.0017293886130177048,0.010419943036985629
Dmel_CG18145,3.1314445,0.29714417,0.0017394874120998062,0.01047598720550117
Dmel_CG11086,3.129672,0.34237888,0.0017500159300235189,0.010534566805514916
Dmel_CG5610,3.1291413,0.14148882,0.00175317912919773,0.010548776069957588
Dmel_CG1467,3.1285326,0.1889286,0.001756815472173955,0.010565817903815992
Dmel_CG14200,3.1280425,0.18614918,0.0017597481994913746,0.010578614405085156
Dmel_CG4049,3.1199017,0.26204568,0.0018091145037266144,0.010870404066516433
Dmel_CG5554,3.1190274,0.14184666,0.001814490397928804,0.010897723180613534
Dmel_CG32732,3.1102183,0.41134593,0.0018694906999789252,0.011217797848595001
Dmel_CG4091,3.1099234,0.18745762,0.0018713590469869718,0.011223883722709172
Dmel_CG4320,3.10872,0.09780279,0.0018789959978661225,0.01125941012674816
Dmel_CG8726,3.1078315,0.08597948,0.0018846549647231663,0.011288172694360587
Dmel_CG8271,3.1071405,0.19471012,0.0018890661956522537,0.011309439123948184
Dmel_CG5588,3.1049056,0.31584194,0.001903398186463268,0.011390052626736705
Dmel_CG6369,3.1045396,0.24693078,0.0019057539436283842,0.01139895884079226
Dmel_CG6877,3.1025398,0.1672543,0.001918677030019535,0.011471034964279668
Dmel_CG2182,3.1016695,0.10811163,0.0019243259282459152,0.011499575726730136
Dmel_CG17943,3.0989423,0.200786,0.0019421281004072697,0.011600684257932696
Dmel_CG3714,3.0967865,0.27547625,0.0019563079410281695,0.011680073899614346
Dmel_CG15645,3.0960083,0.3981146,0.0019614492152715437,0.011705451470428408
Dmel_CG4264,3.086689,0.14101009,0.0020239916870363013,0.0120567881955322
Dmel_CG42701,3.085933,0.7068613,0.0020291461098598776,0.012082015872074605
Dmel_CG10984,3.0851514,0.19940288,0.002034484594352671,0.012108316147820855
Dmel_CG30022,3.0843394,0.5192517,0.0020400472743690645,0.01213592631619913
Dmel_CG9954,3.0826473,0.0823599,0.0020516808345909577,0.012194730743339818
Dmel_CG12921,3.0751038,0.17716171,0.002104292705319887,0.012495485965028754
Dmel_CR45312,3.0743456,0.08590705,0.0021096494333168046,0.01252163649648425
Dmel_CG9779,3.072905,0.080256686,0.002119859419352033,0.012576556491966172
Dmel_CG32139,3.0671268,0.18764676,0.002161271914614796,0.012810678497949046
Dmel_CG9635,3.0669792,0.19831136,0.0021623401095836868,0.012811231460793158
Dmel_CG10226,3.0662808,1.0854901,0.0021673956133700764,0.012835396915410625
Dmel_CG12132,3.0660627,0.32921782,0.0021689778396163806,0.012838980986666151
Dmel_CG42750,3.063042,0.124812745,0.0021909940927594632,0.01296346392298609
Dmel_CR45621,3.0590122,0.61533624,0.002220680884826338,0.013133198698246135
Dmel_CG3525,3.053755,0.11534375,0.0022599659223328655,0.013359519651541245
Dmel_CG5098,3.0527983,0.20570192,0.0022671827782519225,0.013396155075993038
Dmel_CG18214,3.0479536,0.09349048,0.0023040545440278126,0.013607901466548084
Dmel_CG6180,3.0474825,0.17189547,0.0023076689669700927,0.01362312573897304
Dmel_CG8538,3.0460198,0.14166774,0.0023189258283307116,0.013683432559539237
Dmel_CG8632,3.045509,0.21263297,0.002322868019892548,0.013700542481780958
Dmel_CG6282,3.0435178,0.1432546,0.002338296327731572,0.01378535309229277
Dmel_CG11956,3.0423021,0.3667981,0.0023477607449132907,0.01383494347484554
Dmel_CG2277,3.0394013,0.27923557,0.002370488187613141,0.013956355409240272
Dmel_CG34125,3.0377612,0.108426176,0.0023834282989714855,0.014026256729415267
Dmel_CG2086,3.0366118,0.16462882,0.002392534095618382,0.01407354098053767
Dmel_CG14621,3.0346317,0.62584037,0.002408294912439004,0.014159912055642486
Dmel_CG8886,3.034226,0.42959875,0.0024115377362264917,0.014172637473950056
Dmel_CG31762,3.0340686,0.18422076,0.0024127951920704595,0.014173688698702686
Dmel_CG34150,3.0320327,0.16208497,0.0024291284137607123,0.01426326027043321
Dmel_CG7338,3.0249193,0.70682037,0.0024869957705639725,0.014596521402850006
Dmel_CG5520,3.022659,0.27798155,0.002505643460642538,0.014699402105492676
Dmel_CG6214,3.0223448,0.19056453,0.0025082457111403824,0.014708102137481376
Dmel_CG1107,3.019335,0.27075595,0.0025333024539740037,0.01484840657790918
Dmel_CG2151,3.0174067,0.11850967,0.0025494744322808716,0.014936532998039648
Dmel_CG7070,3.0170782,0.19339459,0.002552240555042806,0.01494607537157643
Dmel_CG12767,3.015904,0.1885613,0.002562144123460199,0.014997387940485735
Dmel_CG5663,3.0155847,0.32159805,0.0025648419298725106,0.0150023051906588
Dmel_CG1265,3.0153997,0.21713275,0.002566409106506429,0.0150023051906588
Dmel_CG14073,3.0109417,0.09492576,0.0026043883265732563,0.01521754868808322
Dmel_CG7254,3.0107367,0.117329456,0.002606147804251547,0.015221061464742034
Dmel_CG33531,3.0100467,0.20671365,0.002612075410460642,0.015248904028815326
Dmel_CG6829,3.008844,0.29066914,0.002622438645295696,0.0153026049013458
Dmel_CG5605,3.0043721,0.2127628,0.0026612955533405775,0.015522452226563928
Dmel_CG8430,3.0006368,0.13950644,0.0026941563596888803,0.015707146727006023
Dmel_CG7041,2.9991727,0.22410594,0.002707138543646149,0.015775834856786713
Dmel_CG15019,2.9968147,0.2872005,0.002728163994950781,0.01589131341207811
Dmel_CG9009,2.991851,0.876593,0.0027729142026424254,0.01613767295700802
Dmel_CG8625,2.9906352,0.2263888,0.0027839783859803747,0.016194891531725587
Dmel_CG8248,2.9832828,0.15726995,0.00285174254262586,0.01658174723568426
Dmel_CG43143,2.9825766,0.08236482,0.0028583305692339,0.016612703233216577
Dmel_CG42829,2.9790382,0.1202644,0.0028915464529148172,0.016798325348255354
Dmel_CG34414,2.9788191,0.2805573,0.0028936161206700645,0.016802920654761522
Dmel_CG11790,2.9786015,0.3440974,0.0028956704063713597,0.01680742261931362
Dmel_CG18627,2.976378,0.23157905,0.002916751498094462,0.016922309684971003
Dmel_CG9397,2.9756048,0.13268057,0.002924114620438049,0.01695754202434969
Dmel_CG3705,2.9694517,0.30225116,0.002983316663627618,0.017293235234552503
Dmel_CG5991,2.9647462,0.41559708,0.003029326285109809,0.017552194317737215
Dmel_CG12730,2.9642065,0.33912092,0.0030346454930864583,0.017575265061546563
Dmel_CG1783,2.9601655,0.090343595,0.003074737653801216,0.01779961564255585
Dmel_CG12855,2.9597745,0.27129,0.0030786427200806326,0.017814374277666047
Dmel_CG1782,2.9590435,0.10034663,0.0030859556300920996,0.017848830517183223
Dmel_CG42404,2.9568553,0.10166014,0.003107939521062571,0.017968074459429495
Dmel_CG12414,2.9556663,0.08861663,0.003119944907028388,0.018029549702401077
Dmel_CG1577,2.9534206,0.15361334,0.003142733563779149,0.018153257917196394
Dmel_CG6794,2.9517553,0.43323368,0.003159732436325954,0.01824342879866404
Dmel_CG3078,2.9501631,0.16927074,0.003176061268001362,0.018329653545369303
Dmel_CG43707,2.9499805,0.08860031,0.0031779406363595815,0.018332448596313108
Dmel_CG30404,2.9456813,0.14549626,0.003222442884203526,0.0185810100663969
Dmel_CG40494,2.9448476,0.15830581,0.0032311389543078998,0.018622981139719347
Dmel_CG7734,2.9431782,0.17354053,0.003248613859060574,0.018715490890800088
Dmel_CG4789,2.9415998,0.14355846,0.0032652150052149076,0.018802887985770858
Dmel_CG6987,2.9406457,0.08508783,0.003275289145385022,0.018852638922253428
Dmel_CG14141,2.938456,0.49095002,0.0032985136901357067,0.018978007181293048
Dmel_CG11255,2.9358857,0.22539257,0.003325968138259671,0.0191270191587226
Dmel_CG2818,2.9353356,0.4297741,0.003331870364538466,0.01914477851351114
Dmel_CG13409,2.9338715,0.26218084,0.0033476282860104693,0.019226915780797018
Dmel_CG18598,2.9335945,0.3482495,0.0033506167245641065,0.019235672510920454
Dmel_CG10365,2.9304833,0.59952736,0.0033843523726668425,0.019420862239831867
Dmel_CG8367,2.9302802,0.16645946,0.003386563732975609,0.019425069408569393
Dmel_CG32380,2.9297335,0.3373772,0.0033925289921851245,0.019450795587392985
Dmel_CG10640,2.9292085,0.08406136,0.0033982637103128362,0.019475178114793275
Dmel_CG30388,2.9280174,0.6446899,0.003411309860280079,0.01954142235132542
Dmel_CG16985,2.9257166,0.51615053,0.003436639095074577,0.019677940892538135
Dmel_CG2244,2.9233863,0.1677767,0.0034624663417044186,0.019817190852063484
Dmel_CG3727,2.9201252,0.11901086,0.003498906995217577,0.020017038234285668
Dmel_CR43014,2.9153767,1.1096344,0.0035525952775406796,0.020315341402159303
Dmel_CR44922,2.9128916,0.070761956,0.00358098855453335,0.020453421006933505
Dmel_CG12056,2.912855,0.42549202,0.0035814109837115893,0.020453421006933505
Dmel_CG31072,2.9113688,0.13362497,0.003598488150855319,0.020542021194782687
Dmel_CG8282,2.9099607,0.17858711,0.0036147421359635826,0.020625847333346693
Dmel_CG6259,2.909761,0.14402838,0.0036170531816223424,0.020630076327994445
Dmel_CG8416,2.9086006,0.07866855,0.003630503507038312,0.020697807629496943
Dmel_CG32434,2.906041,0.075408034,0.003660336508545443,0.020858838707196733
Dmel_CG42321,2.9052432,0.0721453,0.0036696781983403216,0.020893951994969743
Dmel_CG4686,2.8928783,0.107416965,0.003817290577989682,0.021715591119204503
Dmel_CG42239,2.8911495,0.6264455,0.003838353719003627,0.021816525182277967
Dmel_CG5378,2.8846166,0.31254098,0.003918906946646389,0.022245860581155796
Dmel_CG7636,2.8846116,0.14702788,0.00391896866641623,0.022245860581155796
Dmel_CG7571,2.8804057,0.9042738,0.003971639350298469,0.022535109111516488
Dmel_CG3954,2.8788822,0.18979362,0.003990874127598455,0.022634474281731248
Dmel_CG10631,2.8769774,0.12760122,0.004015044410837796,0.022761733650914356
Dmel_CG14683,2.8759947,0.34733987,0.0040275634503729955,0.02282285955211364
Dmel_CG4647,2.8746626,0.16163543,0.004044593404429778,0.022909483589487807
Dmel_CG7427,2.8710053,0.13683662,0.004091686552545072,0.023166244285650492
Dmel_CG18428,2.8705697,0.10611178,0.004097329180603669,0.02318820101736125
Dmel_CG8210,2.8700979,0.14955588,0.004103447697719406,0.023212830906470392
Dmel_CG5748,2.86878,0.115792,0.004120584001805733,0.02329973940091615
Dmel_CG4008,2.8672073,0.15105432,0.004141116471066935,0.023405768407006707
Dmel_CG4698,2.8632376,0.24092336,0.004193360669346912,0.02369086524328795
Dmel_CG10249,2.863081,0.083755575,0.004195433178889366,0.023692388226809264
Dmel_CG6407,2.8611197,0.2687288,0.004221474660224547,0.023829208981963394
Dmel_CG7991,2.8608584,0.2846317,0.004224956654658945,0.023838624044170545
Dmel_CG11500,2.857242,0.14394504,0.004273397014604553,0.024101592347175294
Dmel_CG1311,2.857051,0.61136603,0.004275972960659184,0.02410577463578822
Dmel_CG10576,2.8552077,0.16956376,0.004300869715033664,0.02423573281529047
Dmel_CG1838,2.8492367,0.22383532,0.004382426237214419,0.024674148750314776
Dmel_CG1512,2.8464549,0.14892703,0.0044208993061513316,0.02488010183389064
Dmel_CG6713,2.8461251,0.119560845,0.004425480074279405,0.024895219887031535
Dmel_CG7725,2.8410935,0.20670624,0.004495913010824928,0.025280613125909446
Dmel_CG32225,2.840178,0.2201052,0.004508838047352128,0.025342446869227677
Dmel_CG3143,2.837481,1.1009479,0.004547103995211146,0.02553568102609815
Dmel_CG5407,2.8302526,0.06533266,0.004651124443017989,0.02610868274485237
Dmel_CG10600,2.8291278,0.090075225,0.004667505005153168,0.026189446316275736
Dmel_CG6322,2.8267756,0.22448032,0.004701925586948379,0.026371320588172705
Dmel_CG6022,2.8265774,0.07625886,0.004704838569883823,0.026376400873226673
Dmel_CG18208,2.8258097,0.11532909,0.004716126172345838,0.02642840683616062
Dmel_CG17385,2.824558,0.12996691,0.00473458688458015,0.026520548273771424
Dmel_CG2219,2.8220787,0.07382472,0.004771346308646339,0.0267150668265537
Dmel_CG4086,2.821878,0.21907215,0.004774335100714816,0.026720416336666695
Dmel_CG34357,2.8173516,0.11172565,0.0048421472530563335,0.02708840232116359
Dmel_CG42663,2.8147948,0.19431531,0.0048808391491759,0.02727002859664987
Dmel_CG4012,2.8135116,0.21716693,0.004900362670373123,0.027355847855298727
Dmel_CG14186,2.8124285,0.086769804,0.004916896481644235,0.027436491152988067
Dmel_CG11680,2.8116388,0.08507014,0.004928979881524424,0.027492243048859274
Dmel_CG6084,2.8098981,0.24184433,0.00495571903453214,0.027622195845308322
Dmel_CG11303,2.8098485,0.28033143,0.004956482596700177,0.027622195845308322
Dmel_CG7507,2.807489,0.07739942,0.004992940473090761,0.027813578108048197
Dmel_CG12236,2.8071063,0.2004997,0.004998873575351337,0.027834829514276238
Dmel_CG10117,2.8031752,0.0806811,0.00506021762441583,0.028152548603915507
Dmel_CG6668,2.802133,0.16382375,0.0050765917246944885,0.028231693548121148
Dmel_CG5263,2.7993464,0.15500857,0.005120617734856666,0.02846448293305899
Dmel_CG9745,2.7953649,0.09933293,0.005184116414876795,0.028805274337376726
Dmel_CG34100,2.7920043,0.28288394,0.005238265455018902,0.029093848835335327
Dmel_CG9209,2.790464,0.21201532,0.005263256027547536,0.029220298883820103
Dmel_CG12261,2.7901335,0.22721615,0.0052686313176219385,0.029235456192198424
Dmel_CG14919,2.7900226,0.6335573,0.005270435714125109,0.029235456192198424
Dmel_CG10229,2.7878149,0.3955918,0.005306484427941797,0.029423000788009766
Dmel_CG5170,2.7868006,0.1211926,0.005323122995561445,0.029502808639676487
Dmel_CG4593,2.7865207,0.56157887,0.005327720827980687,0.029515842917577657
Dmel_CG13348,2.7858145,0.18598077,0.0053393419452907025,0.029567759166904812
Dmel_CG7018,2.7852564,0.12095374,0.005348543132050837,0.02960623643566978
Dmel_CG3887,2.78173,0.1004025,0.00540700109980691,0.029917221664236885
Dmel_CG5163,2.780403,0.07808681,0.005429151088930378,0.03001666431626294
Dmel_CG14562,2.7803795,0.25606123,0.005429541973956092,0.03001666431626294
Dmel_CG1721,2.7797897,0.14108036,0.0054394113460413005,0.03005858052915422
Dmel_CG2173,2.7727072,0.38331822,0.00555921024863391,0.03070768468991097
Dmel_CG7770,2.7667434,0.077271976,0.00566193005620215,0.03126194238174473
Dmel_CG4297,2.7629352,0.13813165,0.0057284148846141235,0.031615749684466274
Dmel_CG6224,2.75855,0.0867584,0.005805844148884323,0.03201841782684072
Dmel_CG8098,2.7585273,0.8313023,0.00580624683672182,0.03201841782684072
Dmel_CG31721,2.7580264,0.16050215,0.0058151501476697755,0.032054063796362636
Dmel_CG3040,2.757138,0.25658736,0.005830972157545931,0.0321278008898579
Dmel_CG10230,2.7553678,0.18271141,0.005862618404786145,0.03228862885888295
Dmel_CG6990,2.7520828,0.2746276,0.005921756197795822,0.03260066954136359
Dmel_CG5884,2.748358,0.17216347,0.005989456572870949,0.03295956818429528
Dmel_CG1218,2.7450223,0.5171325,0.006050679299598905,0.03328253523483852
Dmel_CG34438,2.7445228,0.6178839,0.006059893516914916,0.03331927226183218
Dmel_CG31794,2.7438283,0.36990136,0.006072729481706497,0.03337588378047055
Dmel_CG34155,2.7426562,0.11969514,0.006094444484447023,0.03348122699419663
Dmel_CG10751,2.7392557,0.07808858,0.006157846564147273,0.0338154039696863
Dmel_CG16952,2.7390552,0.14648908,0.006161602729687338,0.03382189702206404
Dmel_CG15817,2.738537,0.13840929,0.006171321248360165,0.033861099175240474
Dmel_CG5375,2.7331126,0.06958166,0.006273888439299471,0.0344095024961746
Dmel_CG7364,2.7312257,0.209759,0.006309922370444736,0.03459269498123249
Dmel_CG8588,2.7262905,1.0161656,0.0064050599452184975,0.03509962165976492
Dmel_CG43119,2.7258077,0.52359074,0.006414435093628755,0.035136344962640884
Dmel_CG9099,2.7199576,0.16546306,0.006529029664608234,0.035749157842757
Dmel_CG3683,2.719343,0.093982846,0.006541173294345789,0.035800732303622664
Dmel_CG6649,2.7181208,0.5104563,0.006565387973202889,0.03591830281259748
Dmel_CG12079,2.7167568,0.0803936,0.006592504484652337,0.036051644374871565
Dmel_CG9448,2.7162397,0.28179997,0.006602811259558592,0.03609298783771192
Dmel_CG10106,2.7142282,0.1357563,0.006643039723252118,0.0362977900221439
Dmel_CG8167,2.7135565,0.77697235,0.006656519447806083,0.03635632670973389
Dmel_CG1618,2.7096534,0.100983925,0.0067353547614496505,0.03675635254161539
Dmel_CG17029,2.7083464,0.26384884,0.00676193937633005,0.036886112637755576
Dmel_CG1009,2.6983469,0.26008463,0.0069684778668346985,0.037996999024097415
Dmel_CG8790,2.6981602,0.12967388,0.006972386567988836,0.03800254329736263
Dmel_CG8465,2.694537,0.39984637,0.007048652495018073,0.03840229785946621
Dmel_CG10283,2.6934478,0.23055178,0.007071722977616444,0.03851202306210431
Dmel_CG1841,2.6923625,0.1429981,0.007094778345695147,0.03862157507903063
Dmel_CG43225,2.6919162,0.47608274,0.007104278905042831,0.03865727912677758
Dmel_CG9210,2.6916575,0.25666663,0.007109788421589027,0.03867124571527376
Dmel_CG11489,2.689113,0.15517284,0.0071642206785691555,0.03893508020557372
Dmel_CG18591,2.6880827,0.15054265,0.00718635728945029,0.03903923982664997
Dmel_CG14411,2.6872413,0.15509298,0.0072044897017237925,0.039121569905104285
Dmel_CG42278,2.6841843,0.06972204,0.007270703072411297,0.0394648116788752
Dmel_CG4649,2.6833575,0.7940854,0.007288702081613984,0.039546174258666134
Dmel_CG4311,2.6756554,0.33223101,0.0074583311092213484,0.04043313907024659
Dmel_CG5474,2.6731815,0.21564782,0.00751355592521743,0.04071572718073495
Dmel_CG7834,2.6698635,0.32925847,0.0075882075316887135,0.04108637625625109
Dmel_CG3335,2.6684701,0.38177913,0.007619754497726225,0.04124019516252896
Dmel_CG6923,2.6667383,0.4065839,0.007659131546931955,0.04143624852129799
Dmel_CG44154,2.6664066,0.18901376,0.007666689512811211,0.041460068678128445
Dmel_CG6091,2.665419,0.13340054,0.007689241541020111,0.04156492105740242
Dmel_CG7008,2.6649232,0.2241981,0.007700588497239053,0.041609142040385856
Dmel_CG4903,2.6646903,0.07160275,0.007705926748873915,0.041620872752549165
Dmel_CG5930,2.663169,0.16508387,0.007740852965193172,0.041792337229089344
Dmel_CG16974,2.66232,0.09235241,0.007760406578865809,0.04188069932356287
Dmel_CG5149,2.6593115,0.12107118,0.007830053479824193,0.042239217068296274
Dmel_CG9796,2.6583633,0.6388024,0.007852119412307297,0.04234087041326639
Dmel_CG7556,2.652579,0.24187121,0.007987942891405118,0.04305560194255728
Dmel_CG33957,2.6508622,0.23968406,0.00802865785220441,0.04325731563584179
Dmel_CG7523,2.6503634,0.4269226,0.008040519876020592,0.04329376560425142
Dmel_CG42784,2.6498408,0.0801352,0.008052971625705195,0.04333501233963635
Dmel_CG1129,2.6477017,0.29757845,0.008104097514769402,0.04357444576169587
Dmel_CG9539,2.6461034,0.21203335,0.008142493858192715,0.04376299050736625
Dmel_CG11715,2.6431596,0.5271024,0.008213629628590364,0.04412727185171953
Dmel_CG2331,2.64294,0.11282642,0.008218958577558588,0.0441378564232519
Dmel_CG18000,2.6423957,0.22049609,0.008232182558434645,0.04419081331715264
Dmel_CG3350,2.6420808,0.29972515,0.00823983999017238,0.04421385761978573
Dmel_CG3295,2.6314735,0.45142448,0.008501550699274614,0.045599541934354164
Dmel_CG8481,2.626733,0.08317525,0.008620895850649929,0.04622080472190564
Dmel_CG11785,2.6250615,0.094725445,0.008663330935617714,0.046429376763846814
Dmel_CG9170,2.6219938,0.06740017,0.008741700038603565,0.046830281372722965
Dmel_CG7625,2.6184692,0.075694256,0.008832523290836586,0.047297550352438295
Dmel_CG13937,2.6175432,0.11302236,0.00885652997032023,0.04738748385178263
Dmel_CG2200,2.6171904,0.32766452,0.008865688940958611,0.04741545395200205
Dmel_CG9775,2.617064,0.06994735,0.008868973884333083,0.04741545395200205
Dmel_CG5838,2.6163938,0.3191013,0.008886401320910071,0.0474817221587988
Dmel_CG6281,2.6148746,0.63294226,0.00892602112565909,0.04766226883879972
Dmel_CG1483,2.6133106,0.094742894,0.0089669788724863,0.047861522893315384
Dmel_CG3028,2.61139,0.069272704,0.009017496616607857,0.04811162120943721
Dmel_CG12864,2.610655,0.08681717,0.00903689690210934,0.04819556095398491
Dmel_CG1907,2.6075106,0.21076076,0.009120323567936706,0.04860878683224328
Dmel_CG15445,2.6066854,0.6808726,0.00914233219453055,0.04869857615254396
Dmel_CG3059,2.6027734,0.25917846,0.00924730697110412,0.049196504486870726
Dmel_CG1414,2.6026444,0.9153303,0.009250784764253677,0.049196504486870726
Dmel_CG3164,2.5985446,0.55086344,0.009361987143116111,0.04976774799663787
Dmel_CG34133,2.5953505,0.31337148,0.00944944899330717,0.050212377363950476
Dmel_CG7158,2.594524,0.2884836,0.009472203887084432,0.050312947162561246
Dmel_CG2991,2.5914512,0.147719,0.009557208151369342,0.050743948410967486
Dmel_CG1882,2.589431,0.22100884,0.009613470311316479,0.05102205709249186
Dmel_CG42709,2.588895,0.36854887,0.009628443453399927,0.05108089439690289
Dmel_CG9415,2.5871656,0.063890286,0.009676909145806201,0.0513172974515897
Dmel_CG12891,2.5862365,0.5557721,0.009703033132405633,0.051435078012481816
Dmel_CG8422,2.5857198,0.35592252,0.00971759135590915,0.05149147903548474
Dmel_CG4164,2.5853114,0.34415677,0.009729110012928819,0.0515317350584029
Dmel_CG5522,2.5812123,0.0847289,0.009845401987190104,0.052126683123958566
Dmel_CG6721,2.5794244,0.14953394,0.009896513903966413,0.05237619380266719
Dmel_CG30421,2.5771394,0.16903606,0.009962175467825391,0.05270247496887821
Dmel_CG17078,2.5766077,0.2762539,0.009977508950920082,0.05276235216259187
Dmel_CG5087,2.573382,0.26129502,0.010071003443524615,0.053235340406820986
Dmel_CG14103,2.5711703,0.43391296,0.010135548673651273,0.05355498396479749
Dmel_CG2225,2.5667996,0.05478744,0.010264193441718174,0.05419114745585316
Dmel_CG13631,2.5640092,0.13977757,0.01034707993850057,0.054606818261781515
Dmel_CG6364,2.5633557,0.18974388,0.0103665775419068,0.05468775410606073
Dmel_CG10550,2.5630713,1.0929157,0.010375073697349135,0.05471061133903089
Dmel_CG8264,2.5617523,0.14357683,0.010414556598963174,0.05488132224235752
Dmel_CG10406,2.5617108,0.066833876,0.010415799229315856,0.05488132224235752
Dmel_CG6167,2.5604868,0.28026465,0.010452564170117952,0.055052964232272544
Dmel_CG12352,2.5593424,0.14534059,0.010487039939448054,0.055212416604281604
Dmel_CG2945,2.5588193,0.28462058,0.010502833650711802,0.05527342290909242
Dmel_CG34417,2.5584862,0.6998392,0.01051289618140208,0.05530423087261999
Dmel_CG6496,2.5569112,0.8074177,0.010560616863554218,0.055533039697465376
Dmel_CG46280,2.5536158,0.11248899,0.010661081639443624,0.0560165029284001
Dmel_CG13349,2.5526247,0.14173989,0.010691460273595462,0.056153668847049545
Dmel_CG9952,2.55213,0.1233096,0.010706656665894437,0.0562110168783535
Dmel_CG9124,2.5460868,0.06623226,0.010893810599320212,0.05713503828412642
Dmel_CG32372,2.5460262,0.7334184,0.010895700931437548,0.05713503828412642
Dmel_CG32809,2.5457854,0.07783081,0.010903220926580037,0.057151665814195556
Dmel_CG6903,2.5371444,0.2243825,0.01117608131221859,0.058547487757518696
Dmel_CG9399,2.5370712,0.2065696,0.01117842224972334,0.058547487757518696
Dmel_CG5671,2.5365872,0.14887118,0.011193881097608294,0.058605096216601836
Dmel_CG34410,2.532845,0.07710651,0.011314097987183303,0.05921089671428745
Dmel_CG3257,2.5318415,0.06250794,0.011346525309017334,0.059356962215683436
Dmel_CG33558,2.5312133,0.100403234,0.011366873003534582,0.059439744583942675
Dmel_CG17202,2.5304534,0.09396249,0.011391519310216014,0.05954493049146724
Dmel_CG42632,2.5278747,0.33656332,0.011475533055888337,0.0599602305715422
Dmel_CG10654,2.527618,0.12645379,0.011483928691653534,0.05998024918005528
Dmel_CG6750,2.5273602,0.16449505,0.011492352961445369,0.06000040137717663
Dmel_CG4766,2.524416,0.49965036,0.011589072281395487,0.060481333935590985
Dmel_CG33208,2.520965,0.08394132,0.011703348008317712,0.06105347208308974
Dmel_CG6422,2.519701,0.0851148,0.011745458322573272,0.06124883643529181
Dmel_CG4109,2.5175436,0.21120247,0.011817635969196862,0.06160077519683299
Dmel_CG9805,2.5166347,0.084719345,0.011848160349076103,0.06173539855162929
Dmel_CG16932,2.5163665,0.07314068,0.01185717874381441,0.061757901653771374
Dmel_CG18292,2.515751,0.27356786,0.011877907155399608,0.061841354171595184
Dmel_CG6693,2.5140657,0.22240074,0.011934818350780372,0.06211304869212074
Dmel_CG14023,2.512027,0.07481313,0.012003989837131877,0.062448309758412514
Dmel_CG9656,2.510726,0.51038975,0.01204831484997587,0.06265409791987847
Dmel_CG13999,2.509113,0.23750708,0.012103472997705957,0.06291603586347072
Dmel_CG11586,2.5077255,0.15863828,0.012151106879891346,0.06311371363978346
Dmel_CG5813,2.5046241,0.08046136,0.012258160681380262,0.06364460273173371
Dmel_CG7172,2.5043821,0.11484765,0.012266546296595003,0.0636629877107247
Dmel_CG13148,2.4997284,0.33782512,0.012428854236113717,0.06447989479540875
Dmel_CG12156,2.4986856,0.19651575,0.01246548167112891,0.06464439409641082
Dmel_CG5844,2.4984865,0.14576587,0.012472484584440937,0.0646551952363465
Dmel_CG12316,2.4961221,0.21551684,0.01255593910411502,0.06503385689810216
Dmel_CG10277,2.4960501,0.060730543,0.012558484468614566,0.06503385689810216
Dmel_CG6357,2.4959967,0.47168878,0.012560378114860611,0.06503385689810216
Dmel_CG13521,2.4910057,0.09572521,0.012738205553718062,0.06592861724356402
Dmel_CG11399,2.4871008,0.18936217,0.01287889032000685,0.06660428874270366
Dmel_CG11186,2.485783,0.07705721,0.01292666869848593,0.06682508000267648
Dmel_CG1065,2.4829717,0.0946049,0.013029146227979444,0.06726226510440798
Dmel_CG3822,2.482817,0.244631,0.013034808595437958,0.06726226510440798
Dmel_CG14542,2.4827616,0.18563648,0.013036830471115375,0.06726226510440798
Dmel_CG4720,2.4775503,0.44801542,0.013228773094925775,0.06822578777096532
Dmel_CG8475,2.474257,0.28207767,0.013351357282414954,0.06883098707266179
Dmel_CG3707,2.472235,0.12995026,0.013427120866948966,0.06919442953434367
Dmel_CG6963,2.470633,0.20727453,0.013487414652343307,0.069477897274184
Dmel_CG34351,2.4695106,0.10078203,0.013529801370325719,0.06966893409382847
Dmel_CG14946,2.468819,0.5846294,0.013555982151919688,0.06976655172101111
Dmel_CG3508,2.4687293,0.24103796,0.013559376995317127,0.06976655172101111
Dmel_CG6673,2.4667695,0.22249703,0.013633808817454464,0.07012206718989006
Dmel_CG11274,2.459955,0.104509175,0.013895449129739555,0.07138505876134456
Dmel_CG34139,2.4599493,0.05581334,0.013895668542083508,0.07138505876134456
Dmel_CG11376,2.4582317,0.1189423,0.013962305293999364,0.07169935672858369
Dmel_CG10978,2.456918,0.13335569,0.01401346599150469,0.0719339674196731
Dmel_CG7177,2.4561996,0.080558866,0.01404150945343521,0.07204977576243346
Dmel_CG1764,2.4556496,0.13885018,0.014063018027101743,0.07213197497819829
Dmel_CG3776,2.45529,0.15050487,0.014077091173477342,0.07217598716764173
Dmel_CG34390,2.4526107,0.16370417,0.014182373289325685,0.07268119762429975
Dmel_CG17654,2.4525013,0.26878262,0.014186688372751605,0.07268119762429975
Dmel_CG13920,2.4450445,0.066476256,0.014483428408478854,0.07417253808099011
Dmel_CG45058,2.444254,0.07438892,0.014515206891374225,0.0743063240200813
Dmel_CG14945,2.443633,0.8647671,0.01454020861926955,0.07440532767360636
Dmel_CG34387,2.440957,0.2264488,0.014648394902254103,0.07492976154555125
Dmel_CG7036,2.44047,0.047613095,0.014668160806379067,0.07497529518251117
Dmel_CG3752,2.4404566,0.26039812,0.014668707397780704,0.07497529518251117
Dmel_CG18593,2.4401217,0.07749334,0.01468232043512026,0.07501569705984266
Dmel_CG43324,2.4398417,0.09000392,0.014693697147831279,0.07504464602396069
Dmel_CG7769,2.4394486,0.3442968,0.01470969527780795,0.0750971661405106
Dmel_CG2028,2.4354877,0.20957243,0.014871731291769774,0.07589492073986276
Dmel_CG3711,2.434614,0.1474457,0.01490768790135438,0.07604888459305043
Dmel_CG9715,2.4338255,0.10118042,0.01494019764205152,0.07618515219798176
Dmel_CG31122,2.4336133,0.13891578,0.014948956428917571,0.0762002468705996
Dmel_CG34348,2.4325461,0.38166726,0.014993082206918123,0.07639553830209812
Dmel_CG34145,2.4318001,0.561621,0.015023992940397272,0.07652336869370564
Dmel_CG12770,2.4310188,0.109468184,0.015056431603222177,0.07665887938703705
Dmel_CG14104,2.430071,0.7071094,0.015095864289203793,0.07682988095446439
Dmel_CG3129,2.4290092,0.11104566,0.015140149871861996,0.07702543920485423
Dmel_CG12530,2.428655,0.19747269,0.015154947005737947,0.0770708818120752
Dmel_CG10019,2.4271524,0.34622952,0.015217858138304735,0.0773608796113975
Dmel_CR42491,2.4257853,1.3408355,0.015275303713551151,0.07762287938893105
Dmel_CG15432,2.4245167,0.17032099,0.015328782717959361,0.07786452790750056
Dmel_CG5384,2.4240012,0.2891761,0.015350552794073142,0.07794498232879257
Dmel_CG6666,2.423776,0.12654383,0.015360077331572287,0.0779632198587066
Dmel_CG17337,2.4235525,0.23013341,0.015369532131202132,0.07798108947340819
Dmel_CG42699,2.42253,0.25369737,0.015412855831348837,0.07816242748058289
Dmel_CG11198,2.4224284,0.11006932,0.015417168558684333,0.07816242748058289
Dmel_CG8849,2.422045,0.12424731,0.015433437243026689,0.07821473151199912
Dmel_CG8964,2.415229,0.83085835,0.01572532002036871,0.07956224272114253
Dmel_CG12038,2.41513,0.06744947,0.01572960251042754,0.07956224272114253
Dmel_CG7564,2.414761,0.105371565,0.015745533195189003,0.07961217842169245
Dmel_CG3632,2.4112713,0.24281178,0.0158970203693644,0.08034720948992984
Dmel_CG12086,2.408909,0.27011922,0.016000280332655627,0.08083801762838431
Dmel_CG8780,2.4054515,0.56092954,0.016152494291971225,0.08154434402258696
Dmel_CG10809,2.405002,0.15435845,0.016172374354025378,0.08161335306691532
Dmel_CG8336,2.4047375,0.22619413,0.01618408685435768,0.0816411076211571
Dmel_CG33203,2.40421,0.10947029,0.016207455700672512,0.08172761909537125
Dmel_CG5677,2.4000642,0.14434075,0.016392192859997694,0.08262746696326417
Dmel_CG9224,2.3993115,0.7156269,0.01642592890489934,0.08276577137242416
Dmel_CG1818,2.3950546,0.25097448,0.016617890427472515,0.08370091916727342
Dmel_CG5674,2.3943703,0.20183873,0.016648930469184763,0.08382513229714826
Dmel_CG4057,2.3939774,0.1844336,0.016666770957030244,0.08388281775041534
Dmel_CG10975,2.3912177,0.25330427,0.01679259488872255,0.08445139281772027
Dmel_CG17996,2.3901691,0.19770788,0.016840610586367828,0.08462858291550514
Dmel_CG15803,2.390167,0.090333454,0.01684070803774796,0.08462858291550514
Dmel_CG11658,2.388039,0.09060548,0.016938538109475806,0.08508766410421313
Dmel_CG8866,2.3872135,0.23241451,0.01697662856889923,0.08524641804505341
Dmel_CG6144,2.386344,0.15422478,0.017016826543155596,0.08541562933674855
Dmel_CG12559,2.3842132,0.14857791,0.017115685349558006,0.08587904588718662
Dmel_CG6586,2.3828056,0.26474354,0.0171812647171052,0.08617519070514483
Dmel_CG13648,2.3820505,0.64233404,0.01721653797212718,0.08631916272099324
Dmel_CG1135,2.3719823,0.3189425,0.01769294214237389,0.08867389500111948
Dmel_CG31183,2.371587,0.7239251,0.017711879109053467,0.08873496125507876
Dmel_CG10691,2.3712282,0.18311839,0.017729083686096603,0.0887873051520562
Dmel_CG14480,2.3708045,0.1314543,0.017749415147804738,0.0888552626504008
Dmel_CG9311,2.3643165,0.20821345,0.01806337558731268,0.09032375136715218
Dmel_CG8977,2.3629866,0.22016454,0.018128331617636745,0.0906140759936723
Dmel_CG3192,2.3622456,0.059286527,0.018164608822776405,0.09076088385555313
Dmel_CG14431,2.3606431,0.12374824,0.018243276588838644,0.09111930735611122
Dmel_CG10383,2.3601882,0.5275122,0.01826565832048266,0.09119643464645237
Dmel_CG10137,2.3587372,0.1282502,0.018337234987258925,0.0915190296116861
Dmel_CG16788,2.3547764,0.18579689,0.018533858850755407,0.09243014768796083
Dmel_CG7967,2.3496006,0.12317336,0.01879356934290752,0.09358328712965053
Dmel_CG3011,2.3493416,0.7082693,0.018806644279382726,0.093612921392185
Dmel_CG3104,2.34892,0.07969112,0.01882794607845782,0.09368346816244384
Dmel_CG3420,2.3469677,0.166813,0.018926890066310115,0.09414014472421696
Dmel_CG12264,2.3446121,0.14854401,0.019046884950164152,0.09470114079837576
Dmel_CG34389,2.3420331,0.42445314,0.019179008177047086,0.09528595329095492
Dmel_CG8380,2.3374903,0.3482324,0.019413701976606693,0.09641551688382032
Dmel_CG8013,2.336408,0.27592516,0.019469990321872535,0.09665853525490252
Dmel_CG45263,2.335973,0.13129325,0.019492648933460952,0.09673447871397674
Dmel_CG7184,2.3321226,0.07045841,0.01969424337683201,0.0976980189561908
Dmel_CG1216,2.3313699,0.20950717,0.019733861936431833,0.09785761498364179
Dmel_CG4166,2.331202,0.113627,0.019742708693482974,0.09786455486271586
Dmel_CG1106,2.3296075,0.49762562,0.01982690702687297,0.09824486622931286
Dmel_CG6049,2.3256943,0.04982979,0.02003486144583365,0.09923788701835656
Dmel_CG1804,2.3238983,0.049705405,0.020130947651182972,0.09963871302606232
Dmel_CG1344,2.321052,0.20110042,0.020284038827849744,0.10035864240842375
Dmel_CG15671,2.3199422,0.43605882,0.020343999197252164,0.10061742320327087
Dmel_CG2162,2.31846,0.11442591,0.020424334261771655,0.1009767406072014
Dmel_CG33344,2.3178668,0.6076492,0.02045656493562104,0.10106067996434842
Dmel_CG1030,2.3177729,1.2084304,0.020461668179052844,0.10106067996434842
Dmel_CG1683,2.317723,1.5257167,0.020464383942251817,0.10106067996434842
Dmel_CG6312,2.3170996,0.27279735,0.020498309292175134,0.1011901887334611
Dmel_CG15793,2.3154743,0.15286583,0.02058699655463059,0.10158983166518985
Dmel_CG3302,2.3101463,0.7868327,0.020880049054278826,0.10299726900235663
Dmel_CG3812,2.309111,0.120987214,0.02093741576721727,0.10324149365741168
Dmel_CG15828,2.307438,0.6067103,0.021030419240934458,0.10366119251504866
Dmel_CG9790,2.3070858,0.23706467,0.021050034333793564,0.10371897307100908
Dmel_CG7752,2.3064234,0.14989124,0.021086979173923083,0.10386206646346448
Dmel_CG9381,2.3054473,0.11417691,0.02114153134267577,0.10409174348973484
Dmel_CG8266,2.3045692,0.263623,0.021190705573836288,0.10429477975497478
Dmel_CG30122,2.300443,0.054043107,0.021423135316334094,0.10539925915085974
Dmel_CG7954,2.299504,0.18098113,0.021476334554423524,0.10558193504664405
Dmel_CG5183,2.2985535,0.06435903,0.021530313169530937,0.10576816649002095
Dmel_CG5591,2.2983882,0.3582138,0.021539697039851164,0.10577472301968764
Dmel_CG5640,2.297242,0.11819373,0.02160497903217715,0.10605567032567798
Dmel_CG44009,2.2968018,0.13417919,0.021630072670922096,0.10613920275152625
Dmel_CG2747,2.295226,0.057274636,0.021720169565953178,0.10646204709667688
Dmel_CG10687,2.2944143,0.18928592,0.021766712309136068,0.10665039763398847
Dmel_CG1708,2.2940898,0.28148338,0.02178533742277664,0.10670187069426305
Dmel_CG13850,2.2937853,0.36005175,0.02180283650493218,0.10674779229184567
Dmel_CG14991,2.2925987,0.16828126,0.021871118213455436,0.10704222139404763
Dmel_CG11562,2.2924075,0.21251369,0.021882142213729982,0.10705630336210933
Dmel_CG13852,2.2912471,0.16071284,0.02194912484261694,0.10734404523886461
Dmel_CG1548,2.288722,0.055874437,0.02209550446767081,0.10801972626847549
Dmel_CG3027,2.2860157,1.6761682,0.022253339059108933,0.10871045671960984
Dmel_CG7231,2.2847896,0.31051466,0.022325173227491783,0.10898034969631112
Dmel_CG5482,2.2846017,0.09651375,0.02233618814741188,0.10899363106020778
Dmel_CG33522,2.2816155,0.08157634,0.022512045009306356,0.10981098124249994
Dmel_CG9031,2.278243,0.22375189,0.02271210438180959,0.11066361278507965
Dmel_CG33126,2.2772686,0.18782072,0.022770190400121588,0.11090551224907257
Dmel_CG5012,2.276646,0.057544153,0.02280737726969243,0.11104547784402674
Dmel_CG8032,2.2755103,0.21579826,0.02287532946420207,0.11133507573669607
Dmel_CG8877,2.2747667,0.23873791,0.022919934908390584,0.11151087176273998
Dmel_CG10947,2.2743094,0.19114137,0.022947394121329664,0.11160314809340974
Dmel_CG16916,2.273968,0.08016722,0.022967916765789714,0.11166163308148082
Dmel_CG11804,2.2734518,0.53427815,0.022998965168480715,0.11177122828365572
Dmel_CG1228,2.2699833,0.12165246,0.023208599704274926,0.11270665510490643
Dmel_CG6860,2.2682197,0.10333362,0.02331581778584898,0.11318550481117157
Dmel_CG1004,2.2657745,0.1648647,0.023465200301050836,0.11385941908092838
Dmel_CG32147,2.2656639,0.3451078,0.023471970648370366,0.11385941908092838
Dmel_CG3689,2.265186,0.07363247,0.023501263236684215,0.11395944656578129
Dmel_CG8972,2.2645743,0.3799099,0.0235388101324752,0.11409941126922044
Dmel_CG31109,2.2598598,0.20964754,0.023829956936439956,0.11542553044664852
Dmel_CR45347,2.257061,0.25265476,0.024004268058649147,0.11621772265966579
Dmel_CG8066,2.2569501,0.49338213,0.02401119526831996,0.11621772265966579
Dmel_CG3762,2.2566257,0.851841,0.024031477830117953,0.11625770138942602
Dmel_CG7048,2.256535,0.07751999,0.02403714897458873,0.11625770138942602
Dmel_CG31176,2.254968,1.2414659,0.02413533691365081,0.11668964767560165
Dmel_CG13532,2.2504864,0.19878985,0.024418084299511224,0.1179698697720136
Dmel_CG32176,2.2463923,0.26750207,0.02467888941601338,0.11918606608446594
Dmel_CG3359,2.2442594,0.5447869,0.024815717075033165,0.11980284279317076
Dmel_CG6542,2.2435272,0.23736393,0.024862833224069562,0.11998622526533166
Dmel_CG9267,2.2426796,0.18804237,0.0249174771130925,0.12020578808485631
Dmel_CG2677,2.2425246,0.31296048,0.02492749004617815,0.12020996209057874
Dmel_CG12489,2.2413468,0.422682,0.025003615151549658,0.12053283444846444
Dmel_CG13194,2.2410629,0.40945932,0.025022006858451285,0.12057726150601698
Dmel_CG6643,2.2391782,0.2848032,0.02514432654965894,0.12110408387776815
Dmel_CG12107,2.2390945,0.19411455,0.025149763709187225,0.12110408387776815
Dmel_CG6461,2.238057,0.6287828,0.025217352229293902,0.12138506433888321
Dmel_CG5942,2.236637,0.1125931,0.02531006238354446,0.1217421412086961
Dmel_CG30392,2.236434,0.15544653,0.025323363854151102,0.12176155302136833
Dmel_CG31716,2.2357135,0.04911478,0.025370547046414463,0.12194380348827083
Dmel_CG31729,2.2319784,0.0755939,0.025616383446033033,0.12308040031602197
Dmel_CG4596,2.2310402,0.10288917,0.02567846266977815,0.12333358111972026
Dmel_CG10763,2.2295127,0.057425454,0.02577981609589846,0.1237751418765808
Dmel_CG11628,2.2283456,0.10061907,0.02585747995445144,0.12410268227956406
Dmel_CG3035,2.2241619,0.32191283,0.026137556271870276,0.12540110513641742
Dmel_CG9115,2.2236376,0.28740582,0.026172832987935473,0.12552452492498542
Dmel_CG17922,2.2222068,0.2340821,0.02626933844686858,0.12594139968270704
Dmel_CG31922,2.220493,0.4418456,0.02638531061207273,0.12645126431555354
Dmel_CG8874,2.2194872,0.581554,0.026453594379121956,0.12673229447176143
Dmel_CG6910,2.217272,0.8899548,0.02660450140516687,0.12738230597712258
Dmel_CG1489,2.2172112,0.1180351,0.026608662195205957,0.12738230597712258
Dmel_CG2943,2.2162201,0.16267164,0.026676426588279116,0.1276602045872454
Dmel_CG4589,2.2149866,0.11669129,0.026760989113361198,0.12801825916952295
Dmel_CG8014,2.2144046,0.2821257,0.026800959216518882,0.12816281115876077
Dmel_CG5076,2.2114346,0.17743933,0.027005749249004885,0.1290482003204266
Dmel_CG10036,2.2111754,0.65855896,0.0270236911044532,0.1290869955665647
Dmel_CG10197,2.209446,0.3181691,0.027143640471248856,0.12961285589850335
Dmel_CG10645,2.2089517,0.9391758,0.027177992487565396,0.1297297491024689
Dmel_CG6459,2.207821,0.14618732,0.02725676168767992,0.13005849867022581
Dmel_CG8327,2.2048113,0.24216709,0.027467337412088125,0.13101570995725956
Dmel_CG11151,2.2036152,0.06801743,0.02755141634055376,0.13136907189086247
Dmel_CG7057,2.2026517,0.13671686,0.027619298921508908,0.1315514534447726
Dmel_CG9326,2.1990047,0.1915456,0.02787758770641646,0.13273165943841256
Dmel_CG2054,2.1982975,4.762698,0.027927920609434446,0.13287501981483638
Dmel_CG2915,2.19813,0.27201924,0.027939853692480292,0.1328836834501931
Dmel_CG2701,2.1978753,0.26722434,0.027958001406839912,0.1329218872964122
Dmel_CG5504,2.1959147,0.10248283,0.02809804650642334,0.13353939571099788
Dmel_CG5455,2.1942282,0.13754407,0.028219016802338282,0.13405606602297007
Dmel_CG9947,2.1941147,0.19556019,0.02822716191199743,0.13405606602297007
Dmel_CG8269,2.192094,0.18176797,0.028372714322739127,0.13469864122655886
Dmel_CG4051,2.19032,0.31275952,0.028501042234405367,0.13525900902936833
Dmel_CG9279,2.1897388,0.062728725,0.028543192362850234,0.13541014109755053
Dmel_CG34242,2.1879418,0.31196722,0.028673835311299724,0.13598082635358702
Dmel_CG13625,2.1829252,0.20502675,0.02904132444835965,0.13767389775465158
Dmel_CG6494,2.1824884,1.1814764,0.029073505953593308,0.13777675504369624
Dmel_CG1319,2.1791193,0.12956232,0.02932280402264707,0.13882130999556214
Dmel_CG17838,2.1790814,0.20069379,0.02932561879215284,0.13882130999556214
Dmel_CG10685,2.1745234,0.43479416,0.02966585370369213,0.14033080760267036
Dmel_CG2233,2.1742344,1.1825188,0.02968754136492742,0.14035712678996845
Dmel_CG1543,2.1741645,0.19829327,0.029692779276775914,0.14035712678996845
Dmel_CG9559,2.1735692,1.015252,0.02973750668298472,0.14049051305808077
Dmel_CG10922,2.1700697,0.11776826,0.030001562527536278,0.14156213040371785
Dmel_CG7890,2.1689544,0.20503779,0.030086146084838904,0.14191028201754058
Dmel_CG6335,2.1669836,0.2281899,0.030236098658772484,0.14256640562430184
Dmel_CG1657,2.1664555,0.12701775,0.030276390789324138,0.1427051834155339
Dmel_CG4775,2.1654398,0.19843511,0.030354024092842873,0.14301980301328368
Dmel_CG1810,2.1643758,0.20909666,0.030435522067708647,0.14335239981783487
Dmel_CG34132,2.1636372,0.105263986,0.030492198184316966,0.14356788833396963
Dmel_CG32654,2.1519315,0.06597575,0.03140274144028482,0.14780208641360415
Dmel_CG12091,2.1513546,0.0543009,0.031448219427021334,0.1479631405264903
Dmel_CG5521,2.1508272,0.08611964,0.03148983834270858,0.14809925485009742
Dmel_CG42236,2.1505752,0.06509543,0.03150975608699096,0.14809925485009742
Dmel_CG8947,2.15056,0.16787489,0.03151095933040655,0.14809925485009742
Dmel_CG11624,2.149075,0.04833331,0.03162845093078482,0.14859831021860684
Dmel_CG31132,2.1488357,0.18187098,0.03164743270678286,0.14863435067899697
Dmel_CG1146,2.148435,1.6327553,0.03167921252422358,0.1487304507970068
Dmel_CG8029,2.1479867,0.051149726,0.03171481814639097,0.14884443759347277
Dmel_CG17603,2.147773,0.16028361,0.031731789283899546,0.14887091859326096
Dmel_CG2093,2.1471543,0.1743594,0.03178100170626652,0.14904858794505652
Dmel_CG5387,2.1449986,0.04313641,0.03195295376656997,0.14980155741937068
Dmel_CG13366,2.141987,0.13239762,0.03219453015736894,0.1508802855912929
Dmel_CG1900,2.141055,0.2307677,0.03226959512936448,0.15117016896341115
Dmel_CG3191,2.1409335,0.14022604,0.032279392292164345,0.15117016896341115
Dmel_CG7394,2.1392806,0.10484116,0.03241295001165775,0.1517415661215513
Dmel_CG9353,2.1336546,0.11184859,0.03287106314198332,0.15383142476809217
Dmel_CG9281,2.1330252,0.052680347,0.03292265702233656,0.15401802631916153
Dmel_CG5316,2.1328588,0.12882124,0.03293631471228328,0.1540270859907881
Dmel_CG7145,2.1301024,0.06109238,0.033163157180860714,0.15503274582486326
Dmel_CG6341,2.1283517,0.05737162,0.03330793713591064,0.15565419697830785
Dmel_CG15095,2.1281047,1.3208816,0.03332839563723286,0.15566694182819268
Dmel_CG3479,2.128033,0.15046044,0.033334356160454624,0.15566694182819268
Dmel_CG4878,2.1277726,0.06218421,0.03335594499555323,0.15571242386734102
Dmel_CG4070,2.1223407,0.7852005,0.03380913912236716,0.15777198054226807
Dmel_CG9915,2.120442,0.1612405,0.0339687991377304,0.15840453849145322
Dmel_CG5986,2.1181881,0.08458235,0.034159136621792756,0.15917915402375127
Dmel_CG1787,2.1175253,0.614913,0.034215277289862754,0.15938424631906645
Dmel_CG18741,2.1171677,0.06657971,0.03424561580817389,0.15946904228746034
Dmel_CG14084,2.1153429,0.17786266,0.034400730260508064,0.1601346072806718
Dmel_CG4058,2.1143754,0.7028031,0.034483227566723826,0.1604617894668264
Dmel_CG5231,2.1130145,0.1779328,0.03459952911755491,0.16094598659603152
Dmel_CG31248,2.112027,0.34622633,0.034684134576384924,0.1612824531027156
Dmel_CG7289,2.1097991,0.25750574,0.03487566197947215,0.16199320728212793
Dmel_CG9246,2.1096375,0.58336353,0.03488958199558239,0.16199320728212793
Dmel_CG6850,2.1095328,0.32684493,0.03489862033450302,0.16199320728212793
Dmel_CG42665,2.1092317,0.22290386,0.034924586138452875,0.1620523086554959
Dmel_CG10580,2.108434,0.9012646,0.03499346000411449,0.1622614883253594
Dmel_CG31043,2.1072872,0.41634026,0.0350926923364094,0.162664222219667
Dmel_CG9648,2.1053095,0.09432514,0.03526438494936616,0.16340242687574777
Dmel_CG9331,2.104482,0.37764984,0.03533642291548402,0.16367851023347746
Dmel_CG12822,2.102932,0.05173274,0.035471708751586915,0.16424726029055803
Dmel_CG4278,2.1026642,0.33640903,0.03549512551370783,0.16429779653949791
Dmel_CG3939,2.0965931,0.6221527,0.03602961081767991,0.16671306892786325
Dmel_CG5826,2.0960252,0.06986463,0.03607994411510902,0.16688720366654264
Dmel_CG11259,2.0951033,0.12043117,0.03616180455548125,0.1672069928443276
Dmel_CG12118,2.094823,0.20318304,0.03618674315998584,0.16726345123650155
Dmel_CG2957,2.0934224,0.07021388,0.0363114666637391,0.16778093650780435
Dmel_CG8978,2.0925071,0.09359389,0.03639317320253267,0.16809936346378976
Dmel_CG8522,2.0921586,0.11047748,0.036424328623617594,0.1681841540558534
Dmel_CG8507,2.0913224,0.2663791,0.036499175342528174,0.16847055257329213
Dmel_CR45845,2.0908952,3.0883713,0.03653745762519301,0.16858803744826592
Dmel_CG8617,2.0898657,0.13876668,0.03662987571430609,0.16895514101849643
Dmel_CG18505,2.08951,0.14521463,0.03666184068379687,0.1690432450616753
Dmel_CG9946,2.085932,0.09086521,0.03698478886865063,0.17047250456784913
Dmel_CG10578,2.0844615,0.09860151,0.03711822380860146,0.17102755226817384
Dmel_CG2811,2.0837839,0.12626748,0.037179840661993854,0.17125141470005653
Dmel_CG2098,2.082496,0.32285988,0.037297194622656744,0.17164882517228217
Dmel_CG5094,2.0824478,0.09960163,0.037301590210158435,0.17164882517228217
Dmel_CG5680,2.082407,0.046840426,0.037305307411311,0.17164882517228217
Dmel_CG6199,2.0814033,0.43764234,0.037397011857155826,0.1719042500668557
Dmel_CG7807,2.0812995,0.20222408,0.037406503879298024,0.1719042500668557
Dmel_CG9247,2.0812268,0.2255169,0.03741314627434802,0.1719042500668557
Dmel_CG1100,2.0777524,0.07659441,0.03773218472391393,0.17330955590945576
Dmel_CG6308,2.0766525,0.30728936,0.03783364578981309,0.1737148634954346
Dmel_CG42542,2.0739384,0.10677505,0.0380850407274454,0.1747110960569578
Dmel_CG12630,2.0734499,0.45698312,0.038130431149317544,0.17481684373203266
Dmel_CG4925,2.0732746,0.31712317,0.03814673551856703,0.17481684373203266
Dmel_CG11024,2.0730734,0.048489545,0.03816545167403884,0.17481684373203266
Dmel_CG8293,2.0730593,0.07309231,0.03816677000739682,0.17481684373203266
Dmel_CG8073,2.0723987,0.29321757,0.03822828030472201,0.17503757194576722
Dmel_CG4670,2.0705116,0.16102603,0.03840446968459677,0.17578304985206764
Dmel_CR44320,2.0696073,0.1866277,0.03848913808071921,0.17610924913604842
Dmel_CG15547,2.069441,0.36057326,0.038504709363425225,0.17611917359720533
Dmel_CG33526,2.0686767,0.08924638,0.03857642619832613,0.17638580955887395
Dmel_CG6822,2.067982,0.16599444,0.03864172785374754,0.1766229376438596
Dmel_CG7380,2.0676336,0.10761311,0.03867448055409966,0.17671117835932673
Dmel_CG5727,2.0657182,0.25921026,0.03885509256351615,0.17747472067332837
Dmel_CG2316,2.0646589,0.04110058,0.03895529095670843,0.17787056235653423
Dmel_CG3157,2.0636256,0.25289032,0.03905322167545131,0.17825577840816453
Dmel_CG6667,2.063262,1.3164654,0.039087750272413076,0.1783514327533959
Dmel_CG2845,2.062641,0.2673679,0.039146747494137366,0.1785586285388612
Dmel_CG6509,2.0620031,0.15854307,0.03920743889586929,0.17877340545822984
Dmel_CG8390,2.0617473,0.14291976,0.03923179180112912,0.17882239891038426
Dmel_CG3955,2.0601106,0.055098437,0.03938796151498193,0.17934760993360274
Dmel_CG11284,2.0549695,0.22690336,0.03988194225868663,0.18153398102577106
Dmel_CG9418,2.0526755,0.36866978,0.04010406068906844,0.1824818080038256
Dmel_CG1857,2.0511034,0.9990987,0.040256894412208026,0.18311382813112692
Dmel_CG9159,2.048849,0.12710741,0.0404768669384662,0.18405069496137869
Dmel_CG3402,2.0486083,0.19758056,0.04050043138058387,0.18409414347016695
Dmel_CG11967,2.0470877,0.8111646,0.04064946790066484,0.18470769629413442
Dmel_CG18412,2.0468948,0.11504214,0.040668421427131535,0.1847299433024319
Dmel_CG1307,2.045035,0.098820984,0.04085142013302347,0.18549706702420918
Dmel_CG5026,2.0434952,0.54295737,0.04100344172558641,0.1861230492973855
Dmel_CG34340,2.0432696,0.2185092,0.04102575885804302,0.18616004735964894
Dmel_CG14322,2.042743,0.16002183,0.04107789557945475,0.18633228367608384
Dmel_CG7039,2.040272,0.24070404,0.04132323586537072,0.18738048395681042
Dmel_CG9394,2.0399604,0.301754,0.04135427272832243,0.18745185474652395
Dmel_CG2152,2.0398276,0.08958163,0.041367504662120046,0.18745185474652395
Dmel_CG7494,2.0390139,0.104645744,0.04144863293856713,0.1877547347279251
Dmel_CG8009,2.0387912,0.09396508,0.041470872220733014,0.18779074150677205
Dmel_CG10955,2.0376387,0.0992818,0.04158608391223822,0.18824758136091024
Dmel_CG13384,2.0349903,0.103229344,0.041851843011413675,0.1893853543433151
Dmel_CG9422,2.034813,0.19197369,0.04186970160042194,0.18940094620693448
Dmel_CG3957,2.0337996,0.080533594,0.041971808110615676,0.18979749841073662
Dmel_CG3731,2.0312493,0.16457444,0.042229702477383654,0.19089801178372845
Dmel_CG8727,2.0283911,0.39825132,0.04252035124102368,0.19214578255099457
Dmel_CG33481,2.0272534,0.07895471,0.04263650426939067,0.1926044354087531
Dmel_CG7414,2.0187683,0.050507974,0.043511297559655396,0.19641353746863943
Dmel_CG18740,2.018641,0.19434804,0.04352455833716445,0.19641353746863943
Dmel_CG14647,2.017539,0.08598884,0.04363929584107783,0.19686370980006995
Dmel_CG10043,2.0148382,0.26396388,0.043921596031838206,0.19799192740879454
Dmel_CG3208,2.0147142,0.5404671,0.04393459099947073,0.19799192740879454
Dmel_CG9181,2.0133886,0.13219228,0.044073765995553994,0.19855103152128045
Dmel_CG1865,2.0131898,0.3258682,0.044094657549174646,0.19857707157426457
Dmel_CG15743,2.010981,0.22557306,0.04432744867470194,0.19955704112170544
Dmel_CG7985,2.0097635,0.13660124,0.044456232831994485,0.20006827248124642
Dmel_CG9896,2.0094352,0.034593172,0.04449101134569618,0.20015624104546165
Dmel_CG12290,2.009207,0.10885137,0.04451518598192625,0.20019646098168817
Dmel_CG8290,2.0085287,0.10168945,0.044587137225586895,0.20045144381848695
Dmel_CG5081,2.0065644,0.051622946,0.044796067783522735,0.20132186277129693
Dmel_CG7449,2.0063586,0.17876829,0.04481800309462379,0.2013515824500688
Dmel_CG5837,2.0021987,0.24155656,0.04526337492764732,0.20328298356945093
Dmel_CG30285,2.0018983,0.6423227,0.04529567509705265,0.2033585467886467
Dmel_CG15111,1.9992553,0.16145204,0.04558073995259088,0.2045684780454224
Dmel_CG42700,1.9988756,0.15845461,0.04562181664428891,0.20468292677453076
Dmel_CG7471,1.9981785,0.16442154,0.045697307287759524,0.20495164336807095
Dmel_CG8392,1.9968567,0.09639152,0.04584075236960854,0.20552484711328073
Dmel_CG1091,1.9960725,0.22160713,0.04592602994431423,0.2058369575369145
Dmel_CG5687,1.9912952,1.4879112,0.04644844461251523,0.20810740220015775
Dmel_CG7125,1.989497,0.13508801,0.0466463776449144,0.2089229886270689
Dmel_CG42283,1.9888679,0.07885657,0.046715784552332044,0.20916256381676163
Dmel_CG1532,1.9880377,0.2523796,0.0468075221925001,0.20950192409115936
Dmel_CG3548,1.9871165,0.112070076,0.046909495478875636,0.2098868505576795
Dmel_CG14536,1.9791715,0.20566137,0.04779669301190439,0.21378364290995086
Dmel_CG7610,1.9787589,0.16384637,0.04784315411412207,0.21391864178757336
Dmel_CG6851,1.9777552,0.065847024,0.04795633472517261,0.21435176687873922
Dmel_CG13746,1.9771233,0.10213598,0.04802769713295557,0.2145977449929171
Dmel_CG33094,1.9768711,0.06459059,0.048056202995746436,0.21465212901669065
Dmel_CG1939,1.9763964,0.20045327,0.04810989022488969,0.2148189152039672
Dmel_CG14622,1.9758464,0.057545252,0.04817217435545534,0.21502396168649407
Dmel_CG1666,1.97211,0.14168173,0.048597044589586504,0.21684677859142829
Dmel_CG1343,1.9717544,0.9959339,0.048637645062460974,0.21693911744940217
Dmel_CG40478,1.9714952,0.12346741,0.048667264153476726,0.21693911744940217
Dmel_CG7959,1.9694933,0.0632019,0.04889647269748675,0.21788692699819376
Dmel_CG11981,1.9658713,0.11186878,0.049313476070834375,0.21967064035485917
Dmel_CG40045,1.9632747,0.04701632,0.04961425790563047,0.22093560255435105
Dmel_CG42252,1.960059,0.1933545,0.04998888939538339,0.2225284537753161
Dmel_CG32085,1.9598224,0.1139069,0.050016546844894226,0.22257617409033356
Dmel_CG5567,1.9546056,0.23317787,0.05062964454148301,0.225228218997843
Dmel_CG31481,1.9534211,0.8873265,0.050769712797136914,0.22577488861833372
Dmel_CG11405,1.9518787,0.15943976,0.050952614737183606,0.22651160698962441
Dmel_CG1471,1.9490939,0.81283927,0.05128420152425133,0.2278315389554384
Dmel_CG6632,1.9481937,0.20993337,0.051391798333270955,0.22823238320294478
Dmel_CG14637,1.9433345,0.39180437,0.051975757853019555,0.23074778173869256
Dmel_CG15536,1.9422184,0.28783092,0.05211066353845076,0.23126856790232403
Dmel_CG5638,1.9381081,0.10873496,0.052610043565191604,0.23324850961207247
Dmel_CG16928,1.9376061,0.23548009,0.0526712922891394,0.23338635280010256
Dmel_CG31997,1.9375622,0.12009476,0.0526766549277151,0.23338635280010256
Dmel_CG2647,1.9362425,0.43717638,0.05283800657998494,0.23394347859419884
Dmel_CG11107,1.9358486,0.32711527,0.0528862408637681,0.23407817150245086
Dmel_CG4030,1.9342037,0.17615491,0.053088077617936366,0.23487784711466841
Dmel_CG4660,1.9340851,0.17220479,0.05310266218534966,0.23487784711466841
Dmel_CG8520,1.933059,0.20544712,0.053228925738803806,0.2353571040153502
Dmel_CG12288,1.9328656,0.5568544,0.05325275080123311,0.2353832486643136
Dmel_CG4328,1.9326762,0.43018734,0.053276104511506224,0.23540729300124522
Dmel_CG2017,1.9304143,0.048735473,0.05355552597960204,0.23656240904132786
Dmel_CG5525,1.9296156,0.15286261,0.0536544861342634,0.23691989324272691
Dmel_CG7272,1.9271926,0.23320618,0.0539556364480918,0.23808966372208676
Dmel_CG9067,1.926396,0.24465173,0.05405494818200401,0.23844782613619156
Dmel_CG18659,1.9260418,0.17162734,0.0540991553293529,0.23855284488221437
Dmel_CR46349,1.9259111,2.1387513,0.05411547538573631,0.23855284488221437
Dmel_CG10083,1.9257691,0.25998586,0.05413321538990665,0.23855284488221437
Dmel_CG8657,1.9254541,0.08875175,0.05417256153351746,0.2386462055353513
Dmel_CG7611,1.9239733,0.13019049,0.054357928090790514,0.23938255128722458
Dmel_CG6302,1.9215018,0.06847106,0.05466847944281202,0.24066951033768602
Dmel_CG17492,1.9212939,0.097029425,0.05469467083564169,0.2407041759715899
Dmel_CG11377,1.9200634,0.22624172,0.054849891805497895,0.24130647077872375
Dmel_CG12024,1.9164588,0.110746734,0.05530672347346316,0.24323482368299176
Dmel_CG2304,1.9146259,0.13154693,0.05554023573609018,0.24418007286984314
Dmel_CG30389,1.9116927,0.029150797,0.055915609211409846,0.24566600489707013
Dmel_CG8232,1.9112263,0.2550851,0.05597550245473212,0.24584695112220414
Dmel_CG4817,1.9107822,0.43056667,0.05603258029331584,0.24601541518024173
Dmel_CG43758,1.9082029,0.0739874,0.05636499105757612,0.2473922336297955
Dmel_CG3268,1.9052639,0.102424234,0.05674578005340238,0.24895583513747008
Dmel_CG11858,1.9051611,0.26804763,0.05675912655595924,0.24895583513747008
Dmel_CR45706,1.9027226,0.37351447,0.05707675890547636,0.25026549508737567
Dmel_CG6995,1.9012817,0.048727643,0.057265125823545295,0.25100767793435913
Dmel_CG1504,1.8997098,0.29738888,0.05747121482825143,0.2518270203594705
Dmel_CG11661,1.898208,0.07350473,0.05766868491790745,0.25260806283540727
Dmel_CG3811,1.8949834,0.19937105,0.05809459292510363,0.25430414577907623
Dmel_CG7453,1.8930559,0.34586895,0.058350429226657605,0.2552085950061862
Dmel_CG8749,1.892988,0.0378417,0.05835947249019021,0.2552085950061862
Dmel_CG5644,1.8922534,0.23901273,0.05845723281137224,0.25550751376992514
Dmel_CG10333,1.8921821,0.0880702,0.05846671439815576,0.25550751376992514
Dmel_CG10479,1.8910321,0.5874506,0.05862005919206854,0.2560924859850308
Dmel_CG32220,1.8901055,0.44447222,0.058743846814003166,0.2564627544793407
Dmel_CG5169,1.8894049,0.13689852,0.05883758868245068,0.2567866997263648
Dmel_CG1989,1.888229,0.041333772,0.058995210120748064,0.2573891288833832
Dmel_CG4875,1.8845426,0.27296346,0.059491617310197184,0.25946874977540696
Dmel_CG3371,1.8843408,0.3136747,0.05951890312525412,0.25950162772692914
Dmel_CG9000,1.8816938,0.26737267,0.059877595921707084,0.26097893466240557
Dmel_CG5802,1.8808877,0.4287857,0.0599871960087852,0.26136994123058566
Dmel_CG11856,1.8799016,0.113541745,0.06012148482968808,0.2618682241123404
Dmel_CG31961,1.8796997,0.09881683,0.06014901002668886,0.2619013057523918
Dmel_CG1078,1.879394,0.11074359,0.06019070402510879,0.26199603895129336
Dmel_CG32791,1.8788593,0.34091896,0.0602637140852926,0.2622269757598775
Dmel_CG8445,1.8777871,0.38826305,0.06041029377482047,0.26277240706466876
Dmel_CG12217,1.87765,0.21172996,0.06042905518221057,0.26277240706466876
Dmel_CG12151,1.8758742,0.32799584,0.06067256626245433,0.2636616721700502
Dmel_CG31842,1.8758659,0.16749892,0.06067368515655064,0.2636616721700502
Dmel_CG1745,1.8751112,0.06637109,0.060777427334580296,0.264025181026023
Dmel_CG9293,1.8741794,0.22004136,0.060905713411188764,0.2644950363306119
Dmel_CG32444,1.8728082,0.4986457,0.061094868956042804,0.2652288315002836
Dmel_CG31550,1.8723308,0.074697085,0.06116085279225439,0.26542759793362447
Dmel_CG4931,1.8715937,0.19421686,0.06126283244681288,0.2656946802586033
Dmel_CG10338,1.8692082,0.39824402,0.06159384773319966,0.26704214881622457
Dmel_CG5537,1.868361,0.12252135,0.06171176673767145,0.2674651473284105
Dmel_CG13072,1.8667005,0.15885602,0.06194341422841142,0.2683806153562659
Dmel_CG31739,1.8654666,0.13969824,0.06211603434981153,0.2690398178611975
Dmel_CG6395,1.8650986,0.045572314,0.06216759017882339,0.26914160477635907
Dmel_CG8573,1.8650064,0.20137404,0.06218049707792604,0.26914160477635907
Dmel_CG8068,1.8639733,0.11728394,0.06232545458032348,0.2696633129144057
Dmel_CG3022,1.863855,0.08697713,0.06234207021033137,0.2696633129144057
Dmel_CG12404,1.8621981,0.15455543,0.06257517383074626,0.2705825466633224
Dmel_CG32105,1.8608373,0.45360097,0.06276715845378716,0.271323430671453
Dmel_CG4287,1.8601339,0.08189452,0.06286658960008512,0.2716638783080298
Dmel_CG17665,1.8582262,0.07372664,0.0631369009011834,0.2727422796655
Dmel_CG5953,1.8577133,0.47798312,0.0632097364101602,0.2729426941353056
Dmel_CG5682,1.857607,0.18881679,0.06322483532058977,0.2729426941353056
Dmel_CG4797,1.8563993,0.93051004,0.06339666919110039,0.27359462392126443
Dmel_CG3821,1.8560451,0.2302947,0.06344713346877956,0.273722515073287
Dmel_CG7787,1.8554277,0.19014107,0.06353517204560123,0.27401237146414364
Dmel_CG34393,1.8537974,0.16544524,0.06376815394314164,0.27492693929357753
Dmel_CG5027,1.8516574,0.100775965,0.0640750417645079,0.2760688930581634
Dmel_CG7228,1.8503263,0.92172664,0.06426653409983447,0.2768031873503523
Dmel_CG11847,1.849682,0.10633817,0.06435939245901401,0.2771123120261806
Dmel_CG12502,1.8486531,0.07147337,0.0645079198261687,0.27766084979878247
Dmel_CG1064,1.845848,0.16263364,0.06491429258392066,0.27931850649813406
Dmel_CG42555,1.8424958,0.03684587,0.06540265480151108,0.28118197180684185
Dmel_CG5877,1.8417959,0.4486183,0.06550500190078813,0.28149157291636917
Dmel_CG3431,1.8398504,0.18007536,0.06579020627795175,0.28245482329436533
Dmel_CG1212,1.8398271,0.08085092,0.0657936393047753,0.28245482329436533
Dmel_CG43722,1.8369879,0.18435346,0.06621169535798158,0.284063953215552
Dmel_CG4946,1.8360435,0.16489482,0.0663512185001178,0.28456963521868406
Dmel_CG14687,1.8335546,0.27131018,0.06672013219319044,0.2859651849806639
Dmel_CG2185,1.8324666,0.04128584,0.06688194029731816,0.28656523555495855
Dmel_CG7565,1.8285977,0.1430878,0.06745989427640922,0.2889473502888832
Dmel_CG10473,1.8277668,0.059905864,0.06758455959723704,0.2893756202407799
Dmel_CG6621,1.8275617,0.2038066,0.06761535652606072,0.2893756202407799
Dmel_CG40470,1.8264003,0.7314806,0.06778998398333438,0.28998313135579334
Dmel_CG10460,1.8252233,0.23272571,0.06796733302556421,0.2906471601981579
Dmel_CG11267,1.8250282,0.07389661,0.06799677683221841,0.29067847896948024
Dmel_CG42806,1.824503,0.5239174,0.0680760760696373,0.29092283435157845
Dmel_CG13698,1.8241495,0.14317279,0.06812948409863816,0.2910564208518219
Dmel_CG11306,1.8214154,0.087025605,0.06854373164196921,0.29273096441570273
Dmel_CG33199,1.8207432,0.049912713,0.06864590611871121,0.2930720767725744
Dmel_CG6195,1.8204917,0.13928288,0.06868415949589543,0.2931401558738428
Dmel_CG10107,1.8202112,0.06036353,0.06872685153720966,0.29322712858781563
Dmel_CG7266,1.818991,0.12399568,0.06891280493103911,0.29392507938941415
Dmel_CG42676,1.8187189,0.3173404,0.06895431615379723,0.29400670622227426
Dmel_CG18767,1.8165449,0.062351838,0.0692868203634266,0.2953286105727502
Dmel_CG3735,1.8152164,0.53776294,0.06949066486069212,0.2961014354521255
Dmel_CG9507,1.8147166,0.40628985,0.06956747165422152,0.29633262398966775
Dmel_CG14372,1.8132516,0.045815807,0.06979301360777748,0.297197016143812
Dmel_CG7162,1.8025296,0.15363762,0.07146212367287934,0.3042059498494679
Dmel_CG7368,1.8022954,0.10486618,0.07149893108268143,0.3042640716831337
Dmel_CG6523,1.8020521,0.10389105,0.07153720275067747,0.30432838502643333
Dmel_CG5203,1.8016062,0.08391192,0.07160738319202346,0.30452835680465384
Dmel_CG1707,1.7999798,0.29500973,0.07186383333886949,0.30552010155486375
Dmel_CG32443,1.7983222,0.053798992,0.07212597167281172,0.30643627344080787
Dmel_CG11191,1.7980671,0.06748027,0.07216637006676588,0.3065088135253298
Dmel_CG18802,1.7972741,0.28433374,0.07229211627449784,0.30694368334836064
Dmel_CG8787,1.7953445,0.04150449,0.07259883510739236,0.30814641219193895
Dmel_CG42672,1.7935162,0.17143269,0.07289043436198939,0.3092842098646763
Dmel_CG8383,1.792394,0.065343365,0.0730698675077979,0.309945490290501
Dmel_CG12042,1.7879804,0.29586998,0.07377915889123138,0.31285315488534093
Dmel_CG6236,1.7865627,0.23090023,0.07400820435879896,0.3137231656383797
Dmel_CG7058,1.7862775,0.1341128,0.0740543353382961,0.3138174849018217
Dmel_CG5057,1.7850893,0.12159415,0.07424684867650412,0.31453186281687323
Dmel_CG12841,1.7826247,0.3016077,0.07464740959183779,0.3161268480329811
Dmel_CG11734,1.7823336,0.0524062,0.0746948471938207,0.31622583343234467
Dmel_CG1636,1.7821087,0.05473286,0.07473150988697526,0.31627915343792007
Dmel_CG6057,1.7811378,0.052659538,0.07488993440419203,0.31684759433531473
Dmel_CG5045,1.7809427,0.10512311,0.07492181423011185,0.3168625404017198
Dmel_CG43224,1.7807213,0.13152863,0.07495798897212418,0.3168625404017198
Dmel_CG3380,1.7806735,0.605665,0.07496580458937271,0.3168625404017198
Dmel_CG1098,1.7792826,0.12741317,0.07519344360343672,0.31772252166969833
Dmel_CG4557,1.7784775,0.20130625,0.07532546177239748,0.31817804344296857
Dmel_CG3033,1.7772392,0.2204702,0.07552888230938548,0.3188628219535426
Dmel_CG6264,1.7771953,0.33415115,0.07553610568003791,0.3188628219535426
Dmel_CG10254,1.7748035,0.098385036,0.0759303404044059,0.3203853949648023
Dmel_CG18374,1.7747114,0.25735408,0.07594555249336878,0.3203853949648023
Dmel_CG8301,1.7745202,0.09443143,0.07597715477687389,0.3204158507454749
Dmel_CG1743,1.7741745,0.032204688,0.07603430019662487,0.32055397461785284
Dmel_CG6871,1.7738444,0.27706695,0.07608890211200578,0.3206812901391495
Dmel_CG32428,1.7726514,0.05051012,0.07628648561185608,0.32141093537204257
Dmel_CG6254,1.7707324,0.13989203,0.07660521008996318,0.3226503416000661
Dmel_CG7484,1.7682205,0.079700224,0.07702405075462401,0.32423128009989755
Dmel_CG4535,1.7664106,0.041399255,0.07732699345596503,0.32537752833968503
Dmel_CG11596,1.7648691,0.44913623,0.07758576348764526,0.3263618815592658
Dmel_CG6664,1.763962,0.11000164,0.07773836999734397,0.3268991744432311
Dmel_CG4821,1.7629668,0.6385117,0.0779060952589979,0.32749967939810987
Dmel_CG8231,1.7622038,0.11482817,0.07803486414721357,0.32793608882588215
Dmel_CG3329,1.7605203,0.09080665,0.07831961770470452,0.32902015063008644
Dmel_CG6287,1.7603829,0.13274008,0.07834290018427369,0.32902015063008644
Dmel_CG5941,1.7525351,0.11570811,0.07968183643965493,0.33427811254179324
Dmel_CG9339,1.752449,0.1171273,0.07969662328539975,0.33427811254179324
Dmel_CR32162,1.7518785,0.3748733,0.07979471101744395,0.3345827369113692
Dmel_CG34015,1.7505038,0.2488858,0.08003141347148658,0.33546819917984216
Dmel_CG9446,1.7460871,0.3085447,0.08079582402428039,0.3384564627041978
Dmel_CG11990,1.7450706,0.35025233,0.08097259156098854,0.3390888545898504
Dmel_CG5514,1.7448665,0.18317541,0.08100810605432072,0.3391295067409457
Dmel_CG32473,1.7427024,0.3736761,0.0813856100343783,0.34060136989228196
Dmel_CG5479,1.7417613,0.13400629,0.081550216550199,0.34118159684373295
Dmel_CG8114,1.7415329,0.968384,0.08159021632433634,0.34124030322027493
Dmel_CG7176,1.7413394,0.12332524,0.0816240890383147,0.34127335477330367
Dmel_CG8222,1.7395345,0.498041,0.08194078486789927,0.34248303776170125
Dmel_CG5818,1.7392055,0.06917985,0.08199862573332477,0.34248303776170125
Dmel_CG4560,1.7391329,0.10592057,0.08201139378468451,0.34248303776170125
Dmel_CG5686,1.7390373,0.12922704,0.08202821270294174,0.34248303776170125
Dmel_CG6712,1.7389491,0.327833,0.0820437259625474,0.34248303776170125
Dmel_CG9374,1.7385166,0.22103658,0.08211983145137565,0.34261221594597185
Dmel_CG6126,1.7384769,0.6746602,0.08212681532834726,0.34261221594597185
Dmel_CG1896,1.7374891,0.2501164,0.08230088172732518,0.3432294150361092
Dmel_CG6554,1.7373407,0.30265164,0.08232705808196096,0.3432296542687338
Dmel_CG8412,1.7364647,0.22244915,0.08248169232765559,0.34369721914350776
Dmel_CG9098,1.7353406,0.29614708,0.08268050435739582,0.3443754382759235
Dmel_CG5886,1.7349726,0.27477497,0.08274566923816917,0.34453765508833367
Dmel_CG12279,1.7339996,0.0749936,0.08291815843694156,0.3451465061830374
Dmel_CG14721,1.7313442,0.08737257,0.08339039198345757,0.3470022612585864
Dmel_CG5295,1.7298622,0.2583503,0.08365488641707325,0.3479926756589932
Dmel_CG42327,1.7286874,0.4183269,0.08386505525825909,0.3485976401494989
Dmel_CG17569,1.7286772,0.23355478,0.0838668946140878,0.3485976401494989
Dmel_CG31671,1.7286046,0.073954225,0.08387989788849522,0.3485976401494989
Dmel_CG3327,1.7280301,1.1554772,0.08398283989043769,0.3487312760171542
Dmel_CG31472,1.7279809,0.18303968,0.08399166643286607,0.3487312760171542
Dmel_CG33138,1.7250211,0.2449287,0.08452365596209324,0.3507184600561627
Dmel_CG8717,1.7237124,0.28713048,0.08475976797485812,0.3515871562366195
Dmel_CG1775,1.7216843,0.06961127,0.08512671545987914,0.35289819778814024
Dmel_CG12734,1.7216687,0.09025947,0.08512954014065935,0.35289819778814024
Dmel_CG4449,1.7213011,0.12898089,0.08519619891500016,0.35306315040744785
Dmel_CG1309,1.7197218,0.21204875,0.08548302928701468,0.3541401285815447
Dmel_CG15141,1.7181598,0.17097995,0.08576747495725064,0.3552065516587553
Dmel_CG9149,1.717512,0.26458377,0.08588566991344235,0.35558399128309576
Dmel_CG10908,1.7172148,0.08515913,0.08593993239356446,0.3556965831760096
Dmel_CG2720,1.7170657,0.2230877,0.085967171081811,0.3556972906757173
Dmel_CG8121,1.7158568,0.2270052,0.08618824966943585,0.3564997761743961
Dmel_CG31119,1.7130824,0.13019115,0.08669737244793789,0.35849281665775706
Dmel_CG10915,1.7097113,0.07306071,0.08731928042693832,0.3609508222995899
Dmel_CG6192,1.7027528,0.06949534,0.0886143371959352,0.36595883252413086
Dmel_CG7765,1.7023108,0.039118126,0.08869712502862162,0.3660906348611225
Dmel_CG1318,1.7022849,0.19118951,0.08870196951509124,0.3660906348611225
Dmel_CG5895,1.7020767,0.65639716,0.08874099863463977,0.36613672309507106
Dmel_CG9984,1.6987196,0.31641713,0.08937202229445189,0.368624527611862
Dmel_CG2116,1.6968389,0.28422645,0.08972712639483423,0.36985701629689977
Dmel_CG12403,1.696682,0.13516222,0.08975680310590987,0.3698633269409726
Dmel_CG6521,1.6960781,0.09020638,0.08987109533980595,0.37010218234421494
Dmel_CG3217,1.695335,0.10707588,0.09001189250556754,0.3705658770099195
Dmel_CG9881,1.6948823,0.0978209,0.09009774629914008,0.3708031581951142
Dmel_CG6515,1.6934415,0.37693053,0.09037146623309585,0.37181322409803147
Dmel_CG15845,1.6914788,0.06275214,0.0907453745489528,0.3731179496081943
Dmel_CG13865,1.6910826,0.049729474,0.09082103580831084,0.3733122400866477
Dmel_CG10144,1.6906891,0.32914117,0.09089620633287496,0.3734207880123351
Dmel_CG4173,1.6905676,0.046731062,0.09091942390022109,0.3734207880123351
Dmel_CG30493,1.6904981,0.34937188,0.09093269322269784,0.3734207880123351
Dmel_CG13894,1.6897671,0.5809541,0.09107252188481668,0.373878166225672
Dmel_CG9296,1.6888824,0.053157475,0.09124198369011395,0.37445687310174497
Dmel_CG5946,1.687094,0.03659195,0.09158527675571505,0.3756311241719262
Dmel_CG1128,1.6866548,0.07012972,0.09166974577487114,0.3757129875005717
Dmel_CG17163,1.6865443,0.1610948,0.0916910091252061,0.3757129875005717
Dmel_CG4022,1.6860374,0.08716044,0.09178858508289317,0.37599557249822296
Dmel_CG4561,1.6835989,0.14922504,0.09225922135911685,0.37780568023688205
Dmel_CG3797,1.6834009,0.24323775,0.09229751770160419,0.3778447601609909
Dmel_CG13685,1.6831675,0.014767001,0.09234268130688929,0.3779119199793934
Dmel_CG15100,1.6818184,0.22149232,0.09260407345024804,0.37886367659081865
Dmel_CG8571,1.6810391,0.18998817,0.09275531862802162,0.37936434549979214
Dmel_CG31051,1.6806686,0.06994047,0.09282729836092228,0.3795406122466956
Dmel_CG1643,1.6789833,0.26290154,0.09315528274680758,0.3806447669700866
Dmel_CG10315,1.6786377,0.17139852,0.09322267640922526,0.38080173785938115
Dmel_CG7535,1.6774125,0.233877,0.09346183851122394,0.3816600434667476
Dmel_CG7375,1.6760039,0.08559684,0.09373742423635588,0.38266650881949443
Dmel_CG1528,1.6736369,0.1267539,0.09420198938844371,0.3844435846439561
Dmel_CG11999,1.6727511,0.14754175,0.09437631899464063,0.3850354572830092
Dmel_CG5851,1.6720185,0.18505973,0.09452066202468015,0.3855046615972445
Dmel_CG9862,1.671823,0.53582174,0.09455922062832402,0.38554226443586903
Dmel_CG42522,1.6701247,0.1493874,0.09489469419145216,0.38679006711224345
Dmel_CG9674,1.6691408,0.09835638,0.09508948781702004,0.38740922464033023
Dmel_CG11199,1.6690596,0.028357023,0.09510555959894264,0.38740922464033023
Dmel_CG33048,1.6687784,1.1361947,0.09516130131979195,0.3875161638188367
Dmel_CG32418,1.6668137,0.28555834,0.0955514514986447,0.3889843940965583
Dmel_CG1464,1.6661428,0.13195045,0.09568495959746176,0.3894072635708408
Dmel_CG11784,1.6655949,0.26878843,0.09579411843540768,0.38973080816089545
Dmel_CG3340,1.6652904,0.6449929,0.0958548445355599,0.3898571686913626
Dmel_CG5033,1.6646584,0.7555732,0.09598091415090793,0.39024339164849187
Dmel_CG17724,1.6645168,0.10631726,0.09600919908679507,0.39024339164849187
Dmel_CG7324,1.6631199,0.052089985,0.09628844587895602,0.39113646593365103
Dmel_CG1768,1.6617332,0.33867,0.0965662817552701,0.39214385307354893
Dmel_CG1545,1.6604599,0.5690209,0.0968219726646301,0.3929797826819125
Dmel_CG2789,1.6604103,0.09976878,0.09683194097283561,0.3929797826819125
Dmel_CG4756,1.659988,0.14090782,0.0969168472455019,0.39320292980955246
Dmel_CG6689,1.6596226,0.19242793,0.0969904047797281,0.39326431593357836
Dmel_CG12253,1.6596155,0.20854442,0.09699183075418366,0.39326431593357836
Dmel_CG8729,1.6565709,0.4580295,0.09760626827236894,0.3956335506993215
Dmel_CG5874,1.6541978,0.047529507,0.09808733471328941,0.39733836789991867
Dmel_CG4626,1.6535804,0.3969632,0.09821279374878723,0.39772398232752326
Dmel_CG8418,1.6515101,0.2006367,0.0986344456106482,0.3990625768994852
Dmel_CG3943,1.6499039,0.07713005,0.09896259024642977,0.4001438149010257
Dmel_CG43067,1.6483012,0.055341955,0.09929087921325778,0.4013477218521749
Dmel_CG7857,1.6474271,0.2930357,0.09947029862509567,0.4019493217196747
Dmel_CG11063,1.6465033,0.27238747,0.09966017678741493,0.40259280146431586
Dmel_CG5460,1.6460649,0.057409972,0.09975041181021786,0.40283348543272063
Dmel_CG12000,1.6448917,0.15572886,0.09999213639645346,0.4036856111784316
Dmel_CG16986,1.6444008,0.07302544,0.10009343141883703,0.40397044910163926
Dmel_CG3331,1.6435806,0.5380585,0.10026287753728715,0.4045300809694474
Dmel_CG6174,1.641555,0.04980661,0.10068227789267763,0.4060401809793124
Dmel_CG30410,1.6414745,0.36202237,0.10069895364215654,0.4060401809793124
Dmel_CG44128,1.6406627,0.056856688,0.10086745062275196,0.4065948370041667
Dmel_CG6833,1.6395682,0.31856883,0.10109496828147717,0.40726210244846456
Dmel_CG17252,1.638223,0.45475882,0.10137517604677677,0.4081406827299919
Dmel_CG8436,1.6377735,0.29430196,0.10146893770961421,0.4083930506713753
Dmel_CG17331,1.6367213,0.053020496,0.10168872389727532,0.40902709541906795
Dmel_CG10585,1.6353623,0.099061556,0.10197313499393786,0.41004558352366505
Dmel_CG18809,1.6343361,0.111333884,0.10218828939990364,0.4106594223254232
Dmel_CG3051,1.6331387,0.047371253,0.10243984619445202,0.4115444875699462
Dmel_CG33200,1.6327019,0.12983455,0.10253170769612449,0.4116618303803153
Dmel_CG6446,1.6311569,0.13493879,0.10285721344096643,0.41271653185579843
Dmel_CG7221,1.6296027,0.29858315,0.10318548809026602,0.4138095864290019
Dmel_CG1908,1.629569,0.3950845,0.10319260442339541,0.4138095864290019
Dmel_CG1732,1.6287668,0.39804494,0.1033623883765041,0.41436398586200135
Dmel_CG31111,1.6267171,0.659881,0.10379718935606716,0.4159801358121618
Dmel_CG7820,1.6243833,0.048434444,0.10429401604002966,0.41771644766291677
Dmel_CG3269,1.6238286,0.09511617,0.10441237363368434,0.4180630718830731
Dmel_CG4532,1.6233767,0.04603627,0.10450889200557206,0.41832206818313206
Dmel_CG1660,1.6231323,0.110647246,0.10456111405067349,0.41839651916663034
Dmel_CG2790,1.6229918,0.060153857,0.10459117003746904,0.41839651916663034
Dmel_CG2114,1.6225203,0.1495705,0.10469198714565117,0.4186334611298796
Dmel_CG7961,1.6224169,0.16948178,0.10471411511558588,0.4186334611298796
Dmel_CG5586,1.6199203,0.048258398,0.10524942111159262,0.4205176779651683
Dmel_CG5366,1.6194159,0.20712608,0.10535782388485503,0.4206949752874142
Dmel_CG11124,1.6190127,0.113651775,0.10544451842955778,0.4209132492961175
Dmel_CG42336,1.6179802,0.11009486,0.10566684569595834,0.421672644789125
Dmel_CG4365,1.6175871,0.053880077,0.10575160317834177,0.4218827617992074
Dmel_CG10702,1.6166276,1.1236298,0.10595868366742878,0.4225805954700096
Dmel_CG10340,1.6159756,0.05620545,0.10609959623029774,0.42301419722765254
Dmel_CG9327,1.6145825,0.06118075,0.1064011310496454,0.4240877352512557
Dmel_CG42803,1.6122516,0.084038116,0.10690720147285032,0.42584647910115975
Dmel_CG10737,1.6109676,0.10518453,0.10718677286289019,0.4267014184160073
Dmel_CG2019,1.6107488,0.14691165,0.1072344926994757,0.4267621043500333
Dmel_CG3830,1.6105657,0.4015009,0.10727442659028155,0.42679177711864663
Dmel_CG5862,1.6101484,0.13242456,0.10736546115746572,0.4270246746580681
Dmel_CG6354,1.609735,0.024139883,0.10745570598107078,0.42714104450865703
Dmel_CG9320,1.6097167,0.446121,0.10745972857055174,0.42714104450865703
Dmel_CG8967,1.6091553,0.40339383,0.10758239742198493,0.4274993300641983
Dmel_CG8715,1.608398,0.034565397,0.10774804057766742,0.42802811403601193
Dmel_CG4266,1.6080973,0.07353083,0.10781387348016086,0.42816020290202295
Dmel_CG1839,1.6079394,0.33413473,0.10784846983482962,0.4281682000300593
Dmel_CG3539,1.6063195,0.2649766,0.10820370611442781,0.4294487774236472
Dmel_CG4858,1.6053501,0.28257525,0.10841676225920523,0.430164454362384
Dmel_CG42747,1.6031871,0.38158986,0.10889334582306694,0.43192497961392173
Dmel_CG5193,1.6017746,0.16532162,0.10920545828640987,0.43303226534149436
Dmel_CG17051,1.6005473,0.032613613,0.10947721318850248,0.43393965398505197
Dmel_CG11006,1.6004418,0.16222613,0.1095006098385488,0.43393965398505197
Dmel_CG14813,1.6002941,0.05418346,0.10953335608160851,0.43393965398505197
Dmel_CG9388,1.5996735,0.062310003,0.10967102201441058,0.43435409894254656
Dmel_CG5709,1.599037,0.15338764,0.10981236592496937,0.43478285646882275
Dmel_CG6186,1.5970334,0.06250868,0.11025826013942898,0.4362633779318877
Dmel_CG8844,1.5969094,0.10998367,0.1102858946419398,0.4362633779318877
Dmel_CG13255,1.5966898,0.524738,0.11033486061973136,0.4363257307866054
Dmel_CG11888,1.5954576,0.0997994,0.11060994156363424,0.43720957151972645
Dmel_CG7084,1.5953907,0.41756773,0.1106249010960422,0.43720957151972645
Dmel_CG14670,1.593845,0.18254982,0.11097076048188646,0.4384446071835448
Dmel_CG16792,1.5907841,0.3483877,0.11165818219398126,0.44094460409952474
Dmel_CG6094,1.5907288,0.15100619,0.1116706219042096,0.44094460409952474
Dmel_CG5025,1.588535,0.580221,0.11216542639568844,0.4427653554417969
Dmel_CG11590,1.58587,0.44122973,0.11276880121214714,0.44501345847712476
Dmel_CG42274,1.5857071,0.6071367,0.11280577298175341,0.4450257168277459
Dmel_CG14216,1.58394,0.2900287,0.11320736991127046,0.44647600480312283
Dmel_CG12437,1.5828321,0.03302797,0.11345973688294979,0.4473370544190949
Dmel_CG31450,1.5822828,0.042068765,0.11358503576848461,0.4476967471606647
Dmel_CG4798,1.580759,0.25698468,0.113933147010299,0.44893417836951693
Dmel_CG4806,1.5780463,0.091949955,0.11455498002905352,0.4512490984897459
Dmel_CG32112,1.5751019,0.1552883,0.11523293051692753,0.45378361999488903
Dmel_CG10221,1.5748125,0.18053184,0.11529972929701324,0.4539106479005546
Dmel_CG7149,1.5740765,0.47141445,0.11546976599083911,0.4544439038291754
Dmel_CG4063,1.5737616,0.11144822,0.11554257046700155,0.454594286978104
Dmel_CG7404,1.5731609,0.13047607,0.11568156414628857,0.45500491902016704
Dmel_CG3000,1.5709182,0.036146283,0.1162016575237778,0.45691381852781693
Dmel_CG3270,1.5704669,0.46493205,0.11630652213496899,0.4571893530887309
Dmel_CG3187,1.5700356,0.112192474,0.11640684682199195,0.45744688220328833
Dmel_CG5056,1.5689853,0.119088694,0.11665135326726968,0.4582706825964696
Dmel_CG7955,1.5685316,0.116058104,0.11675711465668016,0.45843510711257146
Dmel_CG1371,1.565011,0.18352179,0.11758033812927536,0.4615063391149365
Dmel_CG7381,1.5648289,0.3172755,0.11762303078275993,0.461536054797327
Dmel_CG11753,1.5646536,0.09174891,0.11766415680113691,0.4615596073205195
Dmel_CG18495,1.5644864,1.3799796,0.11770338242268771,0.4615756933502057
Dmel_CG9801,1.5639714,0.18541005,0.11782428177813599,0.4619119590830803
Dmel_CG14489,1.563437,1.3367208,0.11794985736907541,0.4622663512338264
Dmel_CG6608,1.5628802,0.14252655,0.11808078732192141,0.4626415104941471
Dmel_CG7747,1.5594218,0.22660562,0.1188965738717274,0.4656989201932548
Dmel_CG4400,1.5589844,0.1186927,0.11900007265772493,0.4658873312481977
Dmel_CG10904,1.5589188,0.25907362,0.11901558260407882,0.4658873312481977
Dmel_CG31005,1.55845,0.076714516,0.11912662976865107,0.4661831571738665
Dmel_CG13636,1.5582339,0.011484678,0.11917781929885969,0.466244633345137
Dmel_CG4083,1.5572025,0.02281543,0.11942242397175884,0.4670625218490723
Dmel_CG5121,1.5556504,0.13529614,0.11979124807450472,0.46822629117997216
Dmel_CG4924,1.5543683,0.2637878,0.12009660862818224,0.4691036937927364
Dmel_CG1472,1.5541086,0.13117634,0.12015851406334001,0.4691036937927364
Dmel_CG5379,1.5521928,0.43481264,0.12061610333302289,0.4707502862783646
Dmel_CG12276,1.5512563,0.16550209,0.12084027553754562,0.47148517245810184
Dmel_CG31150,1.5501286,1.1167438,0.12111066433647523,0.4723998931569074
Dmel_CG18616,1.549773,0.14138567,0.12119602321280373,0.4725925641066629
Dmel_CG33206,1.5490525,0.20026316,0.12136909569810907,0.47312705030224
Dmel_CG12929,1.548885,0.25098678,0.12140937082534341,0.4731436957342342
Dmel_CG9734,1.5479496,0.06162469,0.12163443953421531,0.4737398251094023
Dmel_CG42610,1.5462966,0.4716826,0.12203296357221977,0.47486975845500146
Dmel_CG5355,1.5459073,0.25796014,0.12212695759327667,0.4750948341424656
Dmel_CG1830,1.5457139,0.045418553,0.12217367629552528,0.47513592192941634
Dmel_CG9743,1.5430292,1.2291795,0.12282370595168815,0.47752257985536506
Dmel_CG1403,1.5424979,0.15218598,0.12295265941588547,0.4778825487678648
Dmel_CG6502,1.5411966,0.17203747,0.12326895613579125,0.4789702402662427
Dmel_CG7210,1.5400614,0.19301884,0.12354539493075553,0.47990246372600015
Dmel_CG6050,1.5389527,0.045921057,0.12381583165646924,0.48072418123954275
Dmel_CR46006,1.5388943,0.017999278,0.12383010071500285,0.48072418123954275
Dmel_CG17158,1.538402,0.15635401,0.12395035767378862,0.4808381357411045
Dmel_CG7053,1.5383247,0.102562085,0.12396922638238049,0.4808381357411045
Dmel_CG8814,1.5376918,0.07025497,0.12412398236472909,0.48129632701531566
Dmel_CG31817,1.5370227,0.60727274,0.12428773549021403,0.4817680572320066
Dmel_CG13707,1.5368953,0.3226344,0.12431896218504943,0.4817680572320066
Dmel_CG13630,1.5320432,0.4619011,0.12551177838968383,0.48624713438055284
Dmel_CG1828,1.5304844,0.21351975,0.12589687475634365,0.48746146649888183
Dmel_CG10465,1.5304741,0.039669834,0.12589941536391486,0.48746146649888183
Dmel_CG14948,1.5302166,0.04846106,0.12596311881913447,0.48756446079594873
Dmel_CG1635,1.5300437,0.092930086,0.12600589395485484,0.48758641120752283
Dmel_CG3881,1.5292157,0.03530563,0.12621098590753124,0.4882362572301643
Dmel_CG15736,1.5286624,0.39177233,0.1263481510790452,0.4886230292318226
Dmel_CG6623,1.5275418,0.32260793,0.12662634966154748,0.4895548281560445
Dmel_CG8470,1.5270034,0.17789719,0.1267601669909982,0.4898306148977144
Dmel_CG5722,1.5269549,0.038384765,0.12677223356419806,0.4898306148977144
Dmel_CG7083,1.5265217,0.12329589,0.12687999157242913,0.49010287162060295
Dmel_CG18811,1.5254166,0.05627232,0.12715521637018645,0.49087843092837713
Dmel_CG11371,1.5254155,0.18095893,0.1271554812327978,0.49087843092837713
Dmel_CG10263,1.5252529,0.2511784,0.12719601027024943,0.49089068163328864
Dmel_CG32346,1.5247678,0.0499553,0.12731703906944852,0.4912135086352387
Dmel_CG6746,1.5245117,0.19557093,0.1273809465815505,0.4913158259548445
Dmel_CG14898,1.5235664,0.1582128,0.12761708132086183,0.49193783092914206
Dmel_CG9773,1.5224928,0.17657763,0.12788565606125205,0.4928285648976285
Dmel_CG43665,1.5209031,0.12799567,0.12828414153140544,0.49421926234658425
Dmel_CG10134,1.5204983,0.01760441,0.12838578152572946,0.4944658719313044
Dmel_CG3895,1.5186356,0.15883401,0.12885423897290763,0.49612468630031614
Dmel_CG7757,1.5184702,0.14013125,0.12889590218638894,0.49613973363542385
Dmel_CG6226,1.5170889,0.10128068,0.1292442478803183,0.4972030623481018
Dmel_CG11139,1.5170747,0.124729276,0.1292478244411472,0.4972030623481018
Dmel_CG13315,1.5152994,0.72148436,0.12969657609381316,0.49878334985332123
Dmel_CG32475,1.5126345,0.086685,0.13037251066857863,0.5012361505839064
Dmel_CG33002,1.5124032,0.04237824,0.13043130298612624,0.5013155169759242
Dmel_CG4618,1.5104378,0.14235292,0.13093173309456435,0.5029447251083514
Dmel_CG6503,1.5099955,0.67107606,0.13104457774730496,0.5031971974860907
Dmel_CG8385,1.5098801,0.068424836,0.13107404360359856,0.5031971974860907
Dmel_CG17259,1.509143,0.18465582,0.13126225809078954,0.503772585739213
Dmel_CG17600,1.5082525,0.1003115,0.1314899143414655,0.5044989676967002
Dmel_CG5821,1.5073879,0.024889166,0.1317112527982432,0.5052006926508212
Dmel_CG4288,1.5050286,0.623697,0.13231671024896505,0.5073749312464692
Dmel_CG5377,1.5042444,0.37493247,0.1325184304002624,0.5080002024182755
Dmel_CG3979,1.5040755,0.9316544,0.13256192160104727,0.5080187260890529
Dmel_CG5720,1.5032141,0.03555932,0.13278383477432157,0.5086417827978984
Dmel_CG10655,1.503144,0.2860956,0.13280191437330413,0.5086417827978984
Dmel_CG9953,1.5018597,0.10912585,0.1331333456128255,0.5097626150052855
Dmel_CG12140,1.5001507,0.56987095,0.13357536274078707,0.5113061001388531
Dmel_CG4016,1.4991604,0.05363803,0.13383202281369486,0.5121393744306244
Dmel_CG6121,1.4989412,0.30580565,0.1338888957412601,0.5122078541298104
Dmel_CG1716,1.4983617,0.08623543,0.1340392993288654,0.5126075885790357
Dmel_CG1474,1.4982381,0.35484245,0.13407140110692836,0.5126075885790357
Dmel_CG17723,1.4968759,0.07628146,0.1344255584742769,0.5137258432004062
Dmel_CG8034,1.4967045,0.5329252,0.13447017861353916,0.5137258432004062
Dmel_CG12926,1.4965122,0.3519585,0.13452025161346912,0.5137258432004062
Dmel_CG17785,1.4959284,0.16055456,0.1346723109747212,0.5141571291455002
Dmel_CG9586,1.4955615,0.13664988,0.13476796968526397,0.5143728985286244
Dmel_CG3803,1.4925257,0.19980696,0.1355613858197191,0.5170819924811392
Dmel_CG1983,1.4923943,0.10862796,0.13559581052355268,0.5170819924811392
Dmel_CG34376,1.4921442,0.31939474,0.13566133817809764,0.5171817943134265
Dmel_CG33162,1.4913905,0.13102902,0.1358589972578036,0.5177851168691407
Dmel_CG11897,1.4908954,0.2910801,0.1359889713456359,0.5181302036686
Dmel_CG13623,1.4904193,0.036402628,0.1361140154711707,0.5183060786168224
Dmel_CG7436,1.4898448,0.34498665,0.136265042565226,0.5185806325947394
Dmel_CG6453,1.4895686,0.35055283,0.13633771569494937,0.5187069837716646
Dmel_CG8776,1.4884688,0.4986179,0.13662730726466132,0.5196583052865165
Dmel_CG14741,1.48806,0.12002702,0.13673505737559538,0.519917647272193
Dmel_CG13701,1.486768,0.21479899,0.1370761059851532,0.5209129869146613
Dmel_CG15016,1.4863738,0.05015108,0.13718028999928192,0.5211581933739704
Dmel_CG4238,1.4850711,0.04697729,0.13752500906319995,0.5223168046530378
Dmel_CG12299,1.4837815,0.16234447,0.13786691782319352,0.5234640760227062
Dmel_CG3443,1.482501,0.09198877,0.13820703291795763,0.5246038762492437
Dmel_CG45781,1.4796681,0.18059109,0.13896181734244445,0.5273165583878321
Dmel_CG9641,1.4743478,0.19716138,0.14038794813083386,0.5325744879870923
Dmel_CG3879,1.4735548,1.0197035,0.14060148491812346,0.5332306243316192
Dmel_CG4581,1.4719143,0.27758124,0.14104403844707503,0.534754676639646
Dmel_CG17746,1.4712642,0.10125997,0.14121965502632733,0.5351719620968006
Dmel_CG13849,1.4712055,0.114095666,0.14123555015232514,0.5351719620968006
Dmel_CG42235,1.4705755,0.6924467,0.14140598245204997,0.5355590304383637
Dmel_CG3793,1.4705265,0.09969098,0.14141920977255323,0.5355590304383637
Dmel_CG9310,1.4690913,0.6242014,0.14180801854082345,0.5368767420469494
Dmel_CG2072,1.4665805,0.23545136,0.14249021627544603,0.5393041279019689
Dmel_CG32532,1.4661951,0.5119694,0.1425951407347706,0.5395458521150648
Dmel_CG32672,1.4649842,0.22128274,0.14292524804698864,0.5406392298749216
Dmel_CG10181,1.4646962,1.3002429,0.14300383011860857,0.5407808148456504
Dmel_CG5726,1.4641575,0.07686833,0.14315093431624845,0.541181365894655
Dmel_CG8314,1.4638093,0.09125197,0.14324606735132742,0.5413852663398888
Dmel_CG31974,1.46325,0.6961539,0.1433989817560917,0.5418073660887869
Dmel_CG4207,1.4630797,0.0621275,0.1434455879018356,0.5418276719223977
Dmel_CG8223,1.4624722,0.045594648,0.14361185615605304,0.5422679707641125
Dmel_CG8873,1.4622225,0.16275436,0.14368024835135335,0.5422679707641125
Dmel_CG12007,1.4621078,0.21044827,0.1437116880346446,0.5422679707641125
Dmel_CG3065,1.462051,0.22315136,0.14372721575004976,0.5422679707641125
Dmel_CG8132,1.4618237,0.10311625,0.1437895336472336,0.5423473770546202
Dmel_CG12534,1.4615991,0.1858984,0.1438510953299951,0.5424238862931036
Dmel_CG12177,1.4598873,0.10034398,0.1443210462348937,0.5440398360793856
Dmel_CG9485,1.4592409,0.54180175,0.14449881122164768,0.5445537362385064
Dmel_CG3436,1.4584029,0.10251316,0.14472952230250197,0.5452668155324479
Dmel_CG31811,1.4580961,0.039193846,0.14481403737217516,0.5454288521375047
Dmel_CG13393,1.4579343,0.045481686,0.14485865236541656,0.5454405589495528
Dmel_CG5446,1.4571555,0.03862723,0.1450734787720822,0.5459233635548331
Dmel_CG9323,1.4570392,0.51058275,0.14510554290538097,0.5459233635548331
Dmel_CG11077,1.4559009,0.06079473,0.14542001956576767,0.5469274405019328
Dmel_CG4617,1.4552042,0.12714137,0.14561273969596636,0.5472071263516806
Dmel_CG8843,1.4547423,0.23641603,0.1457406090345221,0.547506387456448
Dmel_CG5931,1.4545012,0.15571056,0.14580742158328536,0.5476008365321386
Dmel_CG4559,1.4541504,0.50284153,0.14590459177322385,0.5478092115691241
Dmel_CG5989,1.4526781,0.17323479,0.1463131495279672,0.5491862604818671
Dmel_CG12346,1.45155,0.16189855,0.14662676913564335,0.5502062744750112
Dmel_CG32975,1.4508582,0.27692458,0.1468193307211792,0.550771574366833
Dmel_CG16743,1.4496615,0.3343199,0.14715294955191227,0.5518655565244519
Dmel_CG6017,1.4485875,0.09567246,0.14745280115210696,0.5528323138202104
Dmel_CG12124,1.4463753,0.14929643,0.14807197516064885,0.5549953866474862
Dmel_CG31908,1.4454544,0.1750187,0.1483303012573617,0.555805100890502
Dmel_CG4094,1.4433731,0.01965441,0.14891538616689212,0.5578383949883493
Dmel_CG2286,1.4403791,0.022457594,0.14976015622397204,0.5608430358903438
Dmel_CG15173,1.4393197,0.1363831,0.15005994275549614,0.5618056147435825
Dmel_CG8340,1.43737,0.18050659,0.1506129024105144,0.5637152237472428
Dmel_CG5393,1.4369074,0.7916031,0.15074431361146004,0.5640464194670264
Dmel_CG7649,1.4361324,0.03089214,0.15096466848021742,0.5646726664193282
Dmel_CG8031,1.4360166,0.34632996,0.1509976219311711,0.5646726664193282
Dmel_CG10849,1.4357283,0.104607984,0.15107967665171249,0.5648187854566582
Dmel_CG6339,1.4354495,0.205525,0.15115904195635912,0.5649547697236961
Dmel_CG10095,1.4343313,0.12479678,0.15147773011346582,0.5659848880924238
Dmel_CG1965,1.4334593,0.0035221088,0.15172661543209104,0.5667536820332882
Dmel_CG18408,1.4324895,0.09342947,0.15200376739998403,0.5676275951699886
Dmel_CG6741,1.4311521,0.38293204,0.1523866222557083,0.568895625869961
Dmel_CG4991,1.4304909,1.1756608,0.15257619141221326,0.5694415595989476
Dmel_CG5546,1.4300729,0.009554785,0.15269609732836592,0.5695655449878105
Dmel_CG8044,1.4276775,0.1208795,0.15338470433882737,0.5714501414471143
Dmel_CG11290,1.4275815,0.06241209,0.1534123466222247,0.5714501414471143
Dmel_CG9391,1.4275593,0.067981854,0.15341877323076017,0.5714501414471143
Dmel_CG1105,1.4273665,0.19639851,0.1534742750018124,0.5714948846128696
Dmel_CG31229,1.4253395,0.06993894,0.15405909139980095,0.5733632559328801
Dmel_CG6549,1.4253249,0.2092693,0.15406328716985004,0.5733632559328801
Dmel_CG33261,1.4249765,0.29895034,0.15416401170705382,0.5735756732283109
Dmel_CG5498,1.4246881,0.5167507,0.15424737246302753,0.5737233856599617
Dmel_CG14643,1.4220161,0.36530238,0.15502157483298645,0.5764398740464841
Dmel_CG12121,1.4209706,0.07583553,0.15532532556248313,0.5774059697925292
Dmel_CG8846,1.4202615,0.8931023,0.15553158151430574,0.5780091947622997
Dmel_CG9100,1.419275,0.1354755,0.15581885166723008,0.5788707392905784
Dmel_CG5161,1.4190118,0.06750213,0.1558955594208475,0.5788707392905784
Dmel_CG10413,1.4166466,0.23493691,0.15658628666188515,0.5812712974643596
Dmel_CG15520,1.4150325,1.3390902,0.15705896253336693,0.5828612896500917
Dmel_CG6013,1.4146606,0.10284662,0.15716802718516398,0.5831013679390852
Dmel_CG14749,1.414497,0.14424251,0.1572160338139551,0.5831148462741135
Dmel_CG17033,1.4143447,0.1810583,0.15726072529336746,0.5831160245711461
Dmel_CG33101,1.4139696,0.08525057,0.15737083210942726,0.583359691043719
Dmel_CG9135,1.4132236,0.17875518,0.15758997167295385,0.5839942307089917
Dmel_CG5174,1.4130845,0.028633794,0.157630890824503,0.5839942307089917
Dmel_CG11982,1.4127561,0.10384451,0.15772744193246635,0.5841872363118772
Dmel_CG13339,1.4123166,0.09008508,0.15785676764368517,0.5845014887589932
Dmel_CG16778,1.4118338,0.19370866,0.15799889962309943,0.5848629689991971
Dmel_CG4132,1.4114223,0.10689338,0.15812014809107033,0.5851469631272191
Dmel_CG12112,1.4112675,0.74596715,0.15816576492644618,0.585150990117801
Dmel_CG8402,1.4110663,0.14045396,0.15822507126835728,0.5852056463657425
Dmel_CG33276,1.4108708,0.28755754,0.1582827231425059,0.5852541544219669
Dmel_CG11153,1.409963,0.027633986,0.15855061588363706,0.5857745406477988
Dmel_CG3848,1.4099442,0.12016766,0.1585561592288518,0.5857745406477988
Dmel_CG32000,1.4099212,0.1867335,0.1585629578714084,0.5857745406477988
Dmel_CG17486,1.4097898,0.07804178,0.1586017666558761,0.5857745406477988
Dmel_CG18803,1.4085728,0.18298292,0.15896153423427684,0.5869383313775308
Dmel_CG4676,1.4067118,0.52575624,0.15951284985911207,0.588808528089492
Dmel_CG15630,1.4063722,0.026701247,0.1596136360803262,0.5888497450116694
Dmel_CG1241,1.4053273,0.24686982,0.15992396865044478,0.5898290407060047
Dmel_CG12170,1.4051212,0.2114303,0.15998524743256293,0.5898894883589533
Dmel_CG10492,1.4048513,0.13415352,0.16006550525224306,0.5900198610153509
Dmel_CG16742,1.4034947,0.12889624,0.16046936192066197,0.59117686711506
Dmel_CG3180,1.4025012,0.13038164,0.16076562504409098,0.592102320264686
Dmel_CG31108,1.4023093,0.10974479,0.16082291850926966,0.5921473724097261
Dmel_CG6371,1.402157,0.6330246,0.16086838370795342,0.5921488600297523
Dmel_CG5899,1.400715,0.15112133,0.1612993041159183,0.5934373128334728
Dmel_CG8545,1.4006835,0.3843937,0.16130873460476103,0.5934373128334728
Dmel_CG4583,1.4002978,0.09269736,0.1614241593641541,0.5936957397717183
Dmel_CG12746,1.3994374,0.23997675,0.16168183744493025,0.5944770637559676
Dmel_CG12769,1.398852,0.025699096,0.16185737182460613,0.594956006474727
Dmel_CG1901,1.396537,0.113114975,0.16255284795914482,0.597345350959486
Dmel_CG13645,1.3956674,0.09990671,0.16281465877160028,0.5980145539975312
Dmel_CG12359,1.3956299,0.06669759,0.16282597018515843,0.5980145539975312
Dmel_CG13760,1.3949898,0.048145432,0.16301888895990713,0.5985558032473147
Dmel_CG4069,1.393391,0.31885478,0.163501565292007,0.5999927588668706
Dmel_CG16940,1.3929098,0.13829905,0.16364709222958207,0.6003591398629085
Dmel_CG9126,1.3905168,0.08546029,0.164371999970912,0.6026820456522752
Dmel_CG15003,1.3884678,0.19947653,0.16499464100507388,0.6047962559128803
Dmel_CG11001,1.3875798,0.14637253,0.1652650208625318,0.6056184158266956
Dmel_CG3351,1.387394,0.099511534,0.1653216842991594,0.6056571657026076
Dmel_CG1059,1.3864677,0.036825895,0.1656041399899203,0.6063538600188193
Dmel_CG10034,1.3860713,0.4130104,0.16572511813628543,0.6066277931556899
Dmel_CG11722,1.3858575,0.09559318,0.16579044585051028,0.6066979250686594
Dmel_CG1862,1.3847513,0.009349162,0.16612853382211723,0.6077658861237312
Dmel_CG5793,1.3837223,0.29536244,0.16644348691816524,0.6085792603204255
Dmel_CG5627,1.381531,0.0155734895,0.16711576248946236,0.6106975069171371
Dmel_CG13969,1.3807751,0.15357566,0.1673481142376817,0.6113765830406936
Dmel_CG17436,1.3801978,0.022599408,0.1675257534632134,0.6117646695646161
Dmel_CG5179,1.3801273,0.2479514,0.16754745040431118,0.6117646695646161
Dmel_CG8479,1.3789786,0.052550204,0.16790133176908095,0.6128865002159702
Dmel_CG14715,1.3780029,0.2695777,0.16820240247939489,0.6137862194892747
Dmel_CG15102,1.3778771,0.88838315,0.1682412268929585,0.6137862194892747
Dmel_CG4004,1.3744755,0.08296336,0.1692941185052762,0.6172846868140496
Dmel_CG10948,1.373102,0.0937045,0.16972066356262872,0.6184967387344714
Dmel_CG32068,1.3722686,0.23530917,0.16997986483118466,0.6192695879530351
Dmel_CG7581,1.369695,0.12337815,0.17078214412627524,0.6220199988812037
Dmel_CG31751,1.3685085,0.066391684,0.17115299008105078,0.6231979613896061
Dmel_CG4302,1.3676746,0.9237332,0.1714139390560796,0.6238839904289917
Dmel_CG12159,1.3676,0.39753008,0.17143734366730545,0.6238839904289917
Dmel_CG12877,1.3674515,0.13265812,0.17148382721478717,0.6238839904289917
Dmel_CG1374,1.3664725,0.49200177,0.17179069974201278,0.6248274523414863
Dmel_CG9795,1.3652077,0.090966165,0.17218777752696157,0.6260619606410492
Dmel_CG31673,1.3650823,0.5618941,0.17222717797770704,0.6260619606410492
Dmel_CG17358,1.3649364,0.019309374,0.1722730423619233,0.6260619606410492
Dmel_CG6159,1.3645843,0.17742276,0.17238373336744406,0.6262910257621185
Dmel_CG3941,1.3641186,0.21675627,0.17253025239672526,0.6266500958389626
Dmel_CG11282,1.3638735,0.011243427,0.17260739334054198,0.62675704777233
Dmel_CG11779,1.3621783,0.08516412,0.17314162063017235,0.6285232145583135
Dmel_CG1333,1.3613101,0.16541237,0.1734156865094777,0.629344251980405
Dmel_CG15478,1.3595927,0.3532584,0.17395884687544183,0.6311312842340845
Dmel_CG4065,1.3588,0.27743557,0.1742099644673214,0.6317034059230326
Dmel_CG32211,1.3583895,0.16299559,0.17434011786861248,0.6319585739088951
Dmel_CG13185,1.3582748,0.26423666,0.1743765154093032,0.6319585739088951
Dmel_CG12262,1.3579291,0.3554644,0.1744861916739664,0.6321817052074973
Dmel_CG10954,1.3574502,0.11799027,0.17463820534892793,0.6325580640822112
Dmel_CG31098,1.3564124,0.17693982,0.1749679825372633,0.6335779163742565
Dmel_CG3568,1.355794,0.5547606,0.17516471909841924,0.6341155850336989
Dmel_CG5809,1.3554412,0.12693496,0.17527702074162232,0.6342686200138631
Dmel_CG8320,1.355358,0.16052592,0.17530352544633976,0.6342686200138631
Dmel_CG3455,1.3545703,0.056026496,0.17555450954085705,0.6347798586152079
Dmel_CG14299,1.3544598,0.2888664,0.17558974096844082,0.6347798586152079
Dmel_CG17446,1.3540599,0.19646832,0.17571727312327678,0.6350661953005996
Dmel_CR43906,1.3533887,0.77632993,0.1759314881277384,0.6353162092571064
Dmel_CG4370,1.352261,0.17590275,0.1762918529418186,0.6362678493568905
Dmel_CG14997,1.3516865,0.35068274,0.1764756421700968,0.6366436561678059
Dmel_CG6410,1.3516326,0.36539912,0.17649287264434343,0.6366436561678059
Dmel_CG8839,1.35134,0.38613093,0.17658652859066493,0.6368066883122744
Dmel_CG40439,1.3505888,0.82146734,0.176827187670484,0.6373247595111987
Dmel_CG31344,1.3497051,0.08256602,0.17711059535157192,0.6381711909830015
Dmel_CG13633,1.3487077,0.55824775,0.1774308718217309,0.6390789229541137
Dmel_CG33941,1.3486178,0.20733054,0.17745978158888676,0.6390789229541137
Dmel_CG12372,1.3479221,0.09568257,0.17768343854123236,0.6395338443906696
Dmel_CG31390,1.3476001,0.06385645,0.17778702492313225,0.6397314607105369
Dmel_CG5180,1.3466463,0.2899924,0.17809417344953382,0.6404986387401926
Dmel_CG32250,1.3466353,0.05242415,0.17809771143418796,0.6404986387401926
Dmel_CG7903,1.344932,0.07314631,0.17864718929854595,0.6422989643152374
Dmel_CG33135,1.3447326,0.16389963,0.17871160023565458,0.6423547972365254
Dmel_CG8730,1.3445226,0.24788879,0.17877946205146755,0.642422999950324
Dmel_CG8235,1.3432411,0.1661382,0.17919391452811684,0.6437362577402906
Dmel_CG15889,1.3421495,0.2134357,0.1795475297993101,0.6448303058466067
Dmel_CG12191,1.341639,0.03872645,0.17971304172484392,0.6452483828705394
Dmel_CG2698,1.3397464,0.056074455,0.1803278387482099,0.6472789207840006
Dmel_CG12233,1.3393861,0.07358621,0.18044501560612758,0.6475226515784059
Dmel_CG16708,1.3391523,0.14957342,0.18052108984030557,0.6475445862857813
Dmel_CG3333,1.3390645,0.19465329,0.18054968146648676,0.6475445862857813
Dmel_CG9426,1.338864,0.065575875,0.18061494753307838,0.6476019169255616
Dmel_CG34347,1.3386422,0.13478655,0.18068715266848334,0.6476840898026567
Dmel_CG1615,1.3366822,1.0804088,0.18132639712886278,0.649444040520683
Dmel_CG6817,1.3350451,0.096470915,0.1818615796342925,0.6511833836442065
Dmel_CG10255,1.334126,0.15184301,0.18216256851265866,0.6520834412489369
Dmel_CG6181,1.333765,0.13826294,0.1822808612634873,0.6521889814543679
Dmel_CG4853,1.3337332,0.14449078,0.1822913118394257,0.6521889814543679
Dmel_CG10369,1.3322488,0.74832195,0.18277845255721348,0.6537538500420094
Dmel_CG11791,1.3315421,0.12261621,0.18301068002732568,0.6544063527181188
Dmel_CG3847,1.3300556,0.09780608,0.1834999445448945,0.6559429920551801
Dmel_CG11208,1.3297904,0.34965378,0.1835873608842129,0.6559429920551801
Dmel_CG8439,1.3297819,0.19440538,0.1835901624517885,0.6559429920551801
Dmel_CG8134,1.3293629,0.08897757,0.18372829564295268,0.6562580954183315
Dmel_CG5890,1.3266345,0.013099847,0.18462962069051458,0.6592280294655096
Dmel_CG10847,1.3265424,0.090514034,0.18466010017978396,0.6592280294655096
Dmel_CG7584,1.3262045,0.6012003,0.1847719683586696,0.6594482444870389
Dmel_CG5268,1.3259445,0.04923553,0.1848580729742928,0.6595764151385234
Dmel_CG12789,1.3234404,0.32281715,0.18568896653070432,0.6623612131324608
Dmel_CG8735,1.3230444,0.123008065,0.18582061065185995,0.6626509211875418
Dmel_CG8058,1.3228651,0.24634813,0.18588021465682303,0.6626836410215169
Dmel_CG8996,1.3213394,0.11663438,0.1863882457823668,0.6643146020683706
Dmel_CG9467,1.3194869,0.11472931,0.18700638398205682,0.6661563816503683
Dmel_CG12171,1.3178499,0.2300221,0.18755392125129056,0.6679257667108968
Dmel_CG31717,1.3160548,0.0767361,0.18815565239221455,0.6697056955812816
Dmel_CG7904,1.3155147,0.011453989,0.18833699639129975,0.6701696370371162
Dmel_CG2109,1.3135238,0.11335933,0.1890065260199485,0.6723699941602986
Dmel_CG3825,1.311689,0.023911288,0.1896250793848786,0.6742054026506196
Dmel_CG11188,1.310601,0.14257917,0.18999261650815513,0.6753294491570643
Dmel_CG17574,1.3100247,0.17777601,0.19018748483225634,0.6758393018336074
Dmel_CG17082,1.3082966,0.049025856,0.19077273281495166,0.6775525626814269
Dmel_CG1275,1.3072942,0.08549796,0.1911128051705595,0.6785769718309437
Dmel_CG4217,1.3057634,0.15280478,0.19163302716231745,0.6802403052242069
Dmel_CG2855,1.3041539,0.15152986,0.19218109290376106,0.6820015505936603
Dmel_CG6818,1.3036028,0.2965388,0.1923690314570845,0.6824817658393425
Dmel_CG7098,1.3034059,0.23862255,0.19243621963188284,0.6824817658393425
Dmel_CG12333,1.3032621,0.084398985,0.19248529239631418,0.6824817658393425
Dmel_CG4963,1.3030801,0.041202977,0.19254743219272097,0.6824817658393425
Dmel_CG7712,1.3029962,0.09378407,0.19257608916614277,0.6824817658393425
Dmel_CG10371,1.3024199,0.20798515,0.19277290331491004,0.6829950721114135
Dmel_CG32803,1.3021691,0.31073067,0.19285859445720277,0.6831144985881675
Dmel_CG11309,1.3019389,0.23971115,0.19293729034478124,0.6832090898466102
Dmel_CG6543,1.29932,0.19685584,0.19383414759567386,0.6862000359791891
Dmel_CG12178,1.2986279,0.21700403,0.19407166906757023,0.6868558586633289
Dmel_CG5792,1.2979134,0.0656626,0.19431707261449793,0.6873541456869764
Dmel_CG1317,1.2961248,0.020946668,0.19493249269656654,0.6893455022942898
Dmel_CG44153,1.2957954,0.0009014072,0.1950459831922836,0.6895612766020444
Dmel_CG16982,1.2943598,0.009352676,0.19554114789726273,0.6911259345126223
Dmel_CG7694,1.2937925,0.20191874,0.19573712197310222,0.6916325678538684
Dmel_CG4336,1.2932261,0.13855337,0.19593287257291203,0.691997111430264
Dmel_CG4071,1.2931893,0.06927102,0.19594560928635663,0.691997111430264
Dmel_CG5746,1.2911853,0.015056163,0.19663945020584017,0.6939647214060218
Dmel_CG15237,1.2910573,0.05180379,0.19668378064836023,0.6939647214060218
Dmel_CG31694,1.2910291,0.015939347,0.19669360555975646,0.6939647214060218
Dmel_CG6843,1.2909702,0.055439986,0.19671399339756723,0.6939647214060218
Dmel_CG3493,1.2899449,0.027317615,0.19706980125505713,0.6950333489781818
Dmel_CG7598,1.2891983,0.14726599,0.19732917974092978,0.6957614035351646
Dmel_CG5575,1.28728,1.2631067,0.19799673605087253,0.6975536483765458
Dmel_CG11466,1.2869608,0.6666574,0.1981079500911761,0.6977583951080528
Dmel_CG9633,1.2865677,0.25606644,0.19824502465025162,0.6980540913528822
Dmel_CG4119,1.2847538,0.078394316,0.19887831823971502,0.7000880384094978
Dmel_CG31547,1.2846082,0.86747587,0.19892920899635225,0.7000880384094978
Dmel_CR45911,1.2816905,0.124979466,0.19995126112056327,0.7033082233365423
Dmel_CG14290,1.2814524,0.031775568,0.20003480203247326,0.7034137900745868
Dmel_CG13900,1.2786055,0.8558131,0.20103603707776585,0.7066815226408508
Dmel_CG6791,1.2783866,0.20489886,0.20111316792260714,0.7066815226408508
Dmel_CG1448,1.2783518,0.29831907,0.20112540101033272,0.7066815226408508
Dmel_CG3988,1.2777919,0.033850484,0.20132282819414893,0.7070499337608956
Dmel_CG10898,1.2777193,0.20516509,0.20134843789337253,0.7070499337608956
Dmel_CG3911,1.2775967,0.07066601,0.20139166745811066,0.7070499337608956
Dmel_CG5277,1.2774104,0.13373299,0.2014573993590214,0.7070917962010951
Dmel_CG8001,1.2760277,0.18061411,0.2019457541063734,0.7086165967187857
Dmel_CG6353,1.2745897,0.16974889,0.20245453785411416,0.7100227066829234
Dmel_CG3423,1.2739741,0.1653595,0.2026726226674439,0.7105979014068518
Dmel_CG9590,1.2734569,0.12105988,0.20285595618176955,0.7110509789769628
Dmel_CG2807,1.272468,0.16271363,0.20320688646569107,0.712091118678839
Dmel_CG34232,1.2719927,0.6439335,0.20337572149863514,0.7124927635866607
Dmel_CG10628,1.271709,0.15873739,0.20347654278296412,0.7125605906243754
Dmel_CG4097,1.2715755,0.07033958,0.20352400808859128,0.7125605906243754
Dmel_CG17223,1.2714806,0.059692193,0.20355775490479455,0.7125605906243754
Dmel_CG5977,1.268974,0.12649895,0.20445037203454441,0.7154942100121406
Dmel_CG7074,1.2688216,0.5068528,0.20450469924705883,0.7154942100121406
Dmel_CR45674,1.2683686,0.7977886,0.20466635318173776,0.7158691900881597
Dmel_CG9248,1.2680455,0.5069731,0.20478167840798933,0.7158914700610236
Dmel_CG9662,1.2678696,0.09608209,0.2048445454874256,0.7159207904920903
Dmel_CG32350,1.2670826,0.010949351,0.20512578482482102,0.7167130918327501
Dmel_CG8417,1.2661971,0.16808704,0.2054425461769701,0.7172477415811807
Dmel_CG1358,1.264373,-0.00013457716,0.20609619471772656,0.7193386705937967
Dmel_CG2101,1.2632668,0.0751181,0.20649330730282622,0.7205333380951778
Dmel_CG6056,1.2617573,0.037147377,0.20703614824087602,0.722220147237244
Dmel_CG44099,1.261617,0.03623126,0.20708663836769925,0.722220147237244
Dmel_CG4663,1.2607783,0.0903472,0.2073887456147101,0.7225579036225755
Dmel_CG4045,1.2607559,0.26160166,0.20739678746078127,0.7225579036225755
Dmel_CG5798,1.2607375,0.16983375,0.20740342534543454,0.7225579036225755
Dmel_CG11992,1.2603009,0.33944124,0.20756086496317894,0.7229147433027125
Dmel_CG12317,1.2600883,0.4649211,0.20763750926684232,0.7229900660507618
Dmel_CG10626,1.2560679,0.6965963,0.20909136156872155,0.7278594920197536
Dmel_CG13654,1.2557484,0.22831808,0.20920720652280844,0.7280698890138309
Dmel_CG11927,1.2544765,0.23004644,0.2096688639899762,0.7294833311337774
Dmel_CG12012,1.2530059,0.066189215,0.21020356235364723,0.7311500828187608
Dmel_CG6512,1.2507312,0.076358065,0.21103253596029758,0.733839257754504
Dmel_CG6178,1.2497866,0.39519125,0.21137749531788952,0.7346500042243813
Dmel_CG15168,1.2488778,0.024787879,0.21170977560902982,0.7355528028179851
Dmel_CG9154,1.2486203,0.23090054,0.21180398597224603,0.7355528028179851
Dmel_CG8683,1.2484808,0.07812434,0.21185505624116852,0.7355528028179851
Dmel_CG7382,1.2484641,0.0138549525,0.21186114897390407,0.7355528028179851
Dmel_CG9205,1.246379,0.022440605,0.2126252977199603,0.7378159591597566
Dmel_CG9215,1.2460719,0.3225767,0.21273800464481363,0.7378634892991685
Dmel_CG7563,1.2459893,0.08416685,0.21276830117198797,0.7378634892991685
Dmel_CG8707,1.2458827,0.101324454,0.21280744421610598,0.7378634892991685
Dmel_CG6233,1.2438561,0.028326688,0.21355254138826074,0.7402516344983209
Dmel_CG4020,1.2408288,2.879549,0.21466900253408128,0.7439254647416567
Dmel_CG16935,1.2404424,0.10445594,0.21481181787344417,0.7442241230358371
Dmel_CG1072,1.2396744,0.59344035,0.21509581914672826,0.7450116392744218
Dmel_CG12090,1.2390716,0.09373106,0.21531896538087258,0.7455880168827527
Dmel_CG4625,1.2378635,0.10363936,0.21576667759328994,0.7467465932923313
Dmel_CG34279,1.2378621,1.3892945,0.21576720300821717,0.7467465932923313
Dmel_CG8407,1.2371112,0.5506556,0.21604580259577855,0.7474808955454282
Dmel_CG4495,1.2369837,0.094902545,0.21609313767423188,0.7474808955454282
Dmel_CG6004,1.236553,8.37079,0.21625308025750323,0.7476848009400409
Dmel_CG2503,1.2364018,0.11198744,0.21630926451833787,0.7476848009400409
Dmel_CG4457,1.2363621,0.118022375,0.21632400311302058,0.7476848009400409
Dmel_CG7773,1.2362123,0.121212244,0.21637967414770376,0.7476848009400409
Dmel_CG5646,1.2336129,0.16588841,0.21734720208977165,0.7506332674537948
Dmel_CG10542,1.2334542,0.045276962,0.21740636421531323,0.7506403132300135
Dmel_CG43226,1.2312376,0.016012477,0.21823399621200468,0.7532999590811541
Dmel_CG8428,1.2293912,0.13849154,0.21892515171454885,0.755487242300653
Dmel_CG31240,1.2289662,0.29341093,0.21908447373842987,0.7558385585184318
Dmel_CG12567,1.2253032,0.059713323,0.22046101576731025,0.7603879811543895
Dmel_CG3587,1.2245828,0.51014674,0.22073247385729777,0.7610822528847511
Dmel_CG9634,1.2244616,0.90223545,0.22077814078050917,0.7610822528847511
Dmel_CG1591,1.2234628,0.029907856,0.221154950843633,0.7621812769567745
Dmel_CG3075,1.2221112,0.13209726,0.22166558063719943,0.7636167988941365
Dmel_CG16758,1.2219377,0.43343413,0.22173121007548047,0.7636167988941365
Dmel_CG14450,1.221899,0.20845439,0.22174581116962366,0.7636167988941365
Dmel_CG2078,1.2208205,0.80635893,0.22215398255460905,0.7648219766177935
Dmel_CG30183,1.2205397,0.5578073,0.22226036962873608,0.7649878253774806
Dmel_CG8085,1.2194972,0.03495912,0.22265551473377232,0.7661471901326269
Dmel_CG9249,1.218784,0.13905725,0.2229262163018808,0.7667419728093703
Dmel_CG4760,1.2186111,0.26269314,0.22299184377509584,0.7667419728093703
Dmel_CG6959,1.2185806,0.0071988055,0.2230034107052289,0.7667419728093703
Dmel_CG7897,1.2182076,0.2529548,0.2231450731643987,0.7670283563833019
Dmel_CG14650,1.2179686,0.13987052,0.22323591629366302,0.7671399518867745
Dmel_CG31935,1.2177263,0.18294397,0.2233279976526923,0.7672557430468051
Dmel_CG5869,1.2171762,0.18392819,0.22353716629376086,0.7675730081699271
Dmel_CR44978,1.2162727,0.15654422,0.22388105645487133,0.7685530206043532
Dmel_CG6842,1.2159227,0.011364672,0.22401434638061657,0.7688097481816878
Dmel_CG3289,1.2145035,0.107150555,0.22455550772028188,0.7704657772721212
Dmel_CG11593,1.2139528,0.03897259,0.22476576809591753,0.7709858936435533
Dmel_CR45308,1.2137558,0.4178711,0.22484098214069625,0.7710426269078521
Dmel_CG13759,1.2122718,0.5758555,0.22540837141957437,0.7727866967974503
Dmel_CG8451,1.2112843,0.5566666,0.22578647478389158,0.77388108115157
Dmel_CG10632,1.20889,0.124941185,0.22670513256894032,0.776624647311899
Dmel_CG6006,1.2084032,0.1455214,0.22689217938924156,0.7770628431988593
Dmel_CG5463,1.2079698,0.24643816,0.22705889891879072,0.7774312117487829
Dmel_CR45660,1.2063717,0.71263075,0.2276742273114578,0.7791502556400419
Dmel_CG8372,1.2063578,0.060925215,0.22767955114966598,0.7791502556400419
Dmel_CG10302,1.2059841,0.058255326,0.22782360146044311,0.7794402360821876
Dmel_CG9016,1.2056533,0.5520064,0.22795118454734775,0.7796737418367248
Dmel_CG1594,1.2033532,0.16318393,0.22883966333719308,0.7823054151701494
Dmel_CR44107,1.1989875,0.22872151,0.23053282385572138,0.7876837853063012
Dmel_CG34385,1.1981665,0.09587472,0.23085222808699124,0.7883651583396964
Dmel_CG11504,1.1973631,0.14229532,0.23116504692513762,0.7888005844622098
Dmel_CG3800,1.1973405,0.09423143,0.23117387863125416,0.7888005844622098
Dmel_CG5345,1.1973153,0.30514503,0.23118367658569872,0.7888005844622098
Dmel_CG30010,1.1972225,0.17793334,0.23121983497058307,0.7888005844622098
Dmel_CG8368,1.1960795,0.13233212,0.23166551985549833,0.7901159087519085
Dmel_CG11093,1.1956367,0.7507348,0.23183832268727644,0.7904576787303161
Dmel_CG5281,1.1955146,0.035022117,0.23188603237998395,0.7904576787303161
Dmel_CG8837,1.1939441,1.0900103,0.2324998262168967,0.7923444544388587
Dmel_CG11597,1.1931274,0.38395625,0.2328194986184493,0.793228164725186
Dmel_CG5184,1.1925939,0.04223841,0.23302843816135776,0.7935777089150906
Dmel_CG32808,1.1925571,0.44903457,0.23304287182888173,0.7935777089150906
Dmel_CG3105,1.1914644,0.09981562,0.23347131277603095,0.7948307049714566
Dmel_CG5771,1.1911052,0.0027668076,0.23361225769663463,0.795104552807945
Dmel_CG10623,1.1898663,0.5189858,0.23409893888257605,0.7964356274001763
Dmel_CG8548,1.1898011,0.07737779,0.23412455891080441,0.7964356274001763
Dmel_CG5404,1.1890917,0.51081306,0.23440358373191483,0.7971784404298894
Dmel_CG32451,1.1889352,0.06442532,0.23446518757250834,0.7971816377465283
Dmel_CG8351,1.1876682,0.21597517,0.23496415465387976,0.7986714837834025
Dmel_CG12030,1.1869464,0.14026722,0.23524877771830266,0.7994321665363888
Dmel_CG17271,1.1866035,0.13104121,0.23538405214580926,0.7994783740625689
Dmel_CG1662,1.1863577,0.20519088,0.23548106996333584,0.7996012249065106
Dmel_CG30460,1.1856478,0.46836433,0.2357613782294391,0.8003462338705915
Dmel_CG6957,1.1851414,0.18958263,0.23596154288055837,0.8008188623433413
Dmel_CG9373,1.1843221,0.0031460628,0.23628556013579838,0.8017114757925449
Dmel_CG13001,1.183867,0.10714216,0.23646570562453662,0.8020527033280523
Dmel_CG30185,1.1837597,0.012290726,0.2365081976559016,0.8020527033280523
Dmel_CG7637,1.1820529,0.6666737,0.23718472910021615,0.8039377574495383
Dmel_CG6215,1.1820486,0.41895324,0.23718641546547903,0.8039377574495383
Dmel_CG8830,1.1811426,0.04622546,0.23754608574331404,0.804811299356059
Dmel_CG6610,1.1810908,0.35472766,0.23756662584294597,0.804811299356059
Dmel_CR45629,1.180369,5.5153856,0.23785347411572766,0.8053252916059068
Dmel_CG8370,1.1802592,0.26333314,0.23789712800460283,0.8053252916059068
Dmel_CG5442,1.1802465,0.010969487,0.2379021978551199,0.8053252916059068
Dmel_CG9231,1.1795087,0.04610285,0.2381956749758798,0.8061110906149977
Dmel_CG14779,1.1790043,0.132555,0.23839645159215328,0.806582845101052
Dmel_CG10265,1.1781404,0.14454804,0.23874061541119773,0.8075393634796781
Dmel_CG31651,1.1765083,0.022647273,0.23939180033882312,0.8094232129113496
Dmel_CG5501,1.1763347,0.051498264,0.23946111887418842,0.8094232129113496
Dmel_CG9414,1.1762817,0.07457498,0.23948234166344473,0.8094232129113496
Dmel_CG15715,1.1760517,0.04684716,0.23957418088253657,0.8095254078111116
Dmel_CG7911,1.1755797,0.10506332,0.23976289000841422,0.8099547911569592
Dmel_CG7700,1.1728007,0.09417238,0.24087575025342978,0.8132960519219734
Dmel_CG7035,1.1724656,0.19138482,0.24101017427327942,0.8135408939443013
Dmel_CG9213,1.1709632,0.32960337,0.2416136004402195,0.8151590047201347
Dmel_CG7206,1.1691263,0.13179162,0.24235275460215344,0.8172427631636963
Dmel_CG3542,1.1691192,0.044307668,0.24235560825271474,0.8172427631636963
Dmel_CG5495,1.1686871,0.068151355,0.24252972563001296,0.8174103935634779
Dmel_CG32091,1.168166,1.1519839,0.2427397824745431,0.8179085849994797
Dmel_CG4567,1.1676642,0.10280399,0.24294224912114837,0.8182352387816306
Dmel_CG34039,1.1676171,0.33118364,0.24296125878745323,0.8182352387816306
Dmel_CG4968,1.1670216,0.06418452,0.243201613948704,0.8188348472713091
Dmel_CG10672,1.166822,0.07875225,0.24328229403679602,0.818869934935621
Dmel_CG1771,1.1666874,0.10025254,0.24333666356621264,0.818869934935621
Dmel_CG12125,1.1655507,0.081884645,0.24379614046530285,0.8202061141460687
Dmel_CG8180,1.1653194,0.6063408,0.24388971408115678,0.820310911886481
Dmel_CG1943,1.1645013,0.0050988956,0.24422093499017894,0.821214766301418
Dmel_CG7627,1.1632531,0.27892077,0.24472683435828801,0.8227053799698806
Dmel_CG12034,1.163001,0.1444466,0.2448291371034944,0.8228387955695703
Dmel_CG9410,1.1627625,0.03900865,0.24492586377528924,0.8229534072797432
Dmel_CG17035,1.162539,0.12176762,0.24501657836836666,0.8230477649127572
Dmel_CG15104,1.1606055,0.2248529,0.24580236609114003,0.8253244579261241
Dmel_CG30373,1.1605623,0.043251384,0.24581994736495316,0.8253244579261241
Dmel_CG8553,1.1598461,0.22492166,0.24611146377623871,0.8260921444402434
Dmel_CG5037,1.1592606,0.033187494,0.2463499605730024,0.8264712675903426
Dmel_CG7632,1.1591374,0.23643436,0.2464001910574911,0.8264712675903426
Dmel_CG12006,1.1589681,0.1660769,0.2464691975030524,0.8264712675903426
Dmel_CG3271,1.1589514,0.12731415,0.24647598338684673,0.8264712675903426
Dmel_CG10523,1.158514,0.2359526,0.2466543402321847,0.8268583380079436
Dmel_CG15078,1.1577752,0.04311817,0.2469558025428228,0.8276577916896798
Dmel_CG33217,1.157212,0.020285884,0.24718575771886542,0.8280378734227725
Dmel_CG2145,1.157167,0.40791073,0.24720413167265054,0.8280378734227725
Dmel_CR46064,1.1570345,0.003859313,0.24725824635194882,0.8280378734227725
Dmel_CG4851,1.156708,0.1857355,0.2473916874890022,0.828273672686109
Dmel_CG4225,1.1563116,0.12366524,0.2475537081774578,0.8286050125216436
Dmel_CG17270,1.1553451,0.028728148,0.24794915318998623,0.8297172961725514
Dmel_CG10076,1.1550773,-0.0016268687,0.24805877931906384,0.8298728154357989
Dmel_CG42796,1.1548725,0.12894322,0.24814261687996864,0.8299420026519897
Dmel_CG14181,1.154488,0.19674446,0.24830019228000977,0.8301013327352994
Dmel_CG43313,1.1544479,1.0807608,0.2483165922671381,0.8301013327352994
Dmel_CG8611,1.1528108,0.383084,0.2489880447725209,0.8321342564485497
Dmel_CG7843,1.1525745,-0.0021991301,0.24908504667796172,0.8322135534389796
Dmel_CG7292,1.1524446,0.31299844,0.2491384308065555,0.8322135534389796
Dmel_CG4972,1.1522477,0.1350574,0.24921932227059607,0.8322722017682092
Dmel_CG1647,1.1519427,0.040223353,0.2493446238742688,0.8324790910395748
Dmel_CG10151,1.1502979,0.12447321,0.25002122589992404,0.8343462194005703
Dmel_CG6134,1.1502744,0.27819988,0.250030850924545,0.8343462194005703
Dmel_CG15027,1.1489048,0.18039925,0.25059524175008463,0.8360172815023768
Dmel_CG13579,1.147132,0.18166085,0.25132704403441786,0.8382122837303541
Dmel_CG6251,1.1470021,0.10391937,0.2513807632738243,0.8382122837303541
Dmel_CG6231,1.1465983,0.39054036,0.251547680661536,0.8385560810688087
Dmel_CG6677,1.1454698,0.14943075,0.25201458073424987,0.8397221806115858
Dmel_CG30291,1.145444,0.14670123,0.25202528577217065,0.8397221806115858
Dmel_CG12304,1.1452177,0.10415617,0.2521190050495712,0.8398215070611952
Dmel_CG5559,1.1450466,-0.005092834,0.2521898606253551,0.8398446422903678
Dmel_CG11141,1.1440057,0.26082733,0.25262130797191273,0.8408647648127215
Dmel_CG6498,1.1439404,-0.007941549,0.2526483364054557,0.8408647648127215
Dmel_CG12363,1.1438445,0.0073153907,0.25268814825701524,0.8408647648127215
Dmel_CG5885,1.1430447,0.06829808,0.25302003467580525,0.8417560191581663
Dmel_CG14805,1.1417321,0.15161757,0.25356540967015573,0.8431571954994045
Dmel_CG5499,1.1417222,0.020879941,0.2535695332633473,0.8431571954994045
Dmel_CG9319,1.1407654,0.21374276,0.25396753224456536,0.8442669722301628
Dmel_CG16941,1.140514,0.107086964,0.25407222461700374,0.8443201983664586
Dmel_CG6711,1.1404184,0.36151078,0.2541120450908868,0.8443201983664586
Dmel_CG12975,1.1398298,0.0602154,0.2543572578824381,0.8445776779822226
Dmel_CG31116,1.1397694,0.2610613,0.254382349094714,0.8445776779822226
Dmel_CG10863,1.1382514,0.035658687,0.2550155119042212,0.8461460166652848
Dmel_CG11759,1.1381738,0.006526672,0.2550478937684494,0.8461460166652848
Dmel_CG2604,1.137836,0.080895156,0.25518898784620736,0.8464004263722895
Dmel_CG7530,1.1375465,0.78207415,0.2553098631152705,0.8465876636885615
Dmel_CG4462,1.1373692,1.1987021,0.25538400582226717,0.8466198840843625
Dmel_CG8182,1.1365789,0.26514435,0.2557143519654952,0.8475012103855163
Dmel_CG4694,1.1357232,0.08900807,0.25607242599065216,0.848473966198477
Dmel_CG3279,1.1354827,0.04007769,0.2561731228777311,0.8485207740795387
Dmel_CG8497,1.1353811,0.41619042,0.25621569374839126,0.8485207740795387
Dmel_CG13506,1.1347914,0.048440322,0.2564627610736486,0.8489111192112887
Dmel_CG1104,1.1333841,0.15565151,0.2570529779699472,0.8506505120884099
Dmel_CG17347,1.1330959,0.051234767,0.25717401962576714,0.8508368056148555
Dmel_CG34402,1.1311156,0.31263897,0.2580064692077464,0.85337604124314
Dmel_CG11109,1.1307614,0.21137305,0.25815555697976567,0.8536542964949927
Dmel_CG15514,1.1302141,0.04243823,0.25838601500456826,0.854201414635228
Dmel_CG8781,1.1299258,0.047066808,0.2585074916602743,0.8543880653691309
Dmel_CG2827,1.1291108,0.04841304,0.25885109368932036,0.855208565123384
Dmel_CG7020,1.1290283,-0.0017551972,0.2588859045781007,0.855208565123384
Dmel_CG6493,1.1288497,0.19425015,0.2589612147646896,0.8552423531597853
Dmel_CG4341,1.1286309,0.010531857,0.2590535801136703,0.8553324362496837
Dmel_CG11357,1.1268295,-0.0012743493,0.2598145928645812,0.8576296319601762
Dmel_CG32210,1.1264622,0.08106949,0.2599699478325199,0.8579269423573944
Dmel_CG3057,1.1261749,0.1581106,0.2600914901053334,0.8581125461898534
Dmel_CG12736,1.1256312,0.2514365,0.26032164386279155,0.8586563057231285
Dmel_CG5507,1.1250677,0.7537764,0.26056034280760954,0.8592279711003254
Dmel_CG18048,1.1248562,0.34691033,0.26064995023183635,0.8593078263915107
Dmel_CG5394,1.1245145,0.26808605,0.26079483812859483,0.8595698439548194
Dmel_CG14340,1.1237862,0.2427495,0.26110371768560914,0.8603721048411709
Dmel_CG12402,1.1225352,0.06852105,0.2616349318941317,0.86190640261238
Dmel_CG8069,1.1222668,0.16247484,0.2617490326835584,0.8620661750613136
Dmel_CG31033,1.1215605,0.34590507,0.26204935120450257,0.8626557889986878
Dmel_CG8885,1.1214436,0.040180083,0.26209907581583414,0.8626557889986878
Dmel_CG33486,1.1213827,0.753073,0.2621249954700373,0.8626557889986878
Dmel_CG10444,1.1210647,0.44979307,0.2622603489334516,0.8627703126686244
Dmel_CG10055,1.1209924,0.10537207,0.26229110411012513,0.8627703126686244
Dmel_CG8039,1.1200027,0.06159435,0.2627125801510857,0.8635667997279547
Dmel_CG10627,1.1199706,0.120884895,0.2627263153972955,0.8635667997279547
Dmel_CG2247,1.119961,0.07587214,0.2627303907855082,0.8635667997279547
Dmel_CG4059,1.1195986,0.06909487,0.2628848348751146,0.8638583683655616
Dmel_CG2909,1.1188644,0.13509527,0.26319799145287004,0.8646712014205413
Dmel_CG9995,1.1183728,0.025381716,0.26340781274112457,0.8651442307500921
Dmel_CG3029,1.117244,0.14922127,0.2638900220810946,0.8665114393222547
Dmel_CG8980,1.116837,0.119296744,0.26406402087064473,0.866866174934085
Dmel_CG9688,1.1141462,0.05388869,0.26521646328669923,0.8700817409901356
Dmel_CG6227,1.113954,0.07076674,0.2652989672516537,0.8700817409901356
Dmel_CG11242,1.1139319,0.08314053,0.2653083887183223,0.8700817409901356
Dmel_CG6145,1.1124067,0.083536126,0.2659632886747255,0.8720118703778862
Dmel_CR45131,1.1094825,0.31416184,0.2672220548855254,0.8759204348342953
Dmel_CG7062,1.1089977,0.12136739,0.26743117729723953,0.875954928216658
Dmel_CG17520,1.1088004,0.015647639,0.26751629435708457,0.8760108707068149
Dmel_CG32604,1.105239,0.066812195,0.2690560359686681,0.8808334251779442
Dmel_CG6155,1.104502,0.04244698,0.2693754618427092,0.8816595128455895
Dmel_CG14808,1.1038821,0.47743177,0.2696442818003385,0.8822588112543457
Dmel_CG13404,1.1037701,0.109191656,0.26969284261537985,0.8822588112543457
Dmel_CG7978,1.1017796,0.07155463,0.2705574897867874,0.8846469204499062
Dmel_CG14043,1.1015975,0.13627931,0.2706366643579785,0.8846856732159691
Dmel_CG17077,1.1012008,0.6260288,0.27080923982572047,0.8850296494776903
Dmel_CG9244,1.0998393,0.015424926,0.27140211703623773,0.8865595551519528
Dmel_CG7741,1.099816,0.27387366,0.27141230426727847,0.8865595551519528
Dmel_CG17026,1.0993583,0.29121864,0.2716117797822106,0.8869906555959319
Dmel_CG1824,1.0990658,0.10133068,0.27173936084601247,0.8870496542709703
Dmel_CG2658,1.0990074,0.12167559,0.2717648510840063,0.8870496542709703
Dmel_CG2095,1.0986336,0.093563944,0.27192787282287656,0.8873613550448028
Dmel_CG44325,1.0981474,0.35951513,0.2721401331134935,0.8876469697058766
Dmel_CG4258,1.0981237,0.19938523,0.27215049394604496,0.8876469697058766
Dmel_CG1418,1.0970657,0.1497369,0.2726126758683055,0.8889337899715639
Dmel_CG6187,1.094438,0.16269892,0.27376294863738604,0.8920205574123209
Dmel_CG1537,1.0936835,0.8135202,0.2740938047628958,0.8926559326862983
Dmel_CG4290,1.0912428,0.025312463,0.27516606542227207,0.8954822351941747
Dmel_CG2859,1.0910416,0.037114955,0.27525457551328947,0.8955484963654708
Dmel_CG12002,1.09008,0.014604809,0.27567791592686675,0.8964819334805632
Dmel_CG14886,1.0887836,0.5960204,0.2762493095930446,0.8981178073632359
Dmel_CG7943,1.0886136,0.022075355,0.27632430632557436,0.8981394284997213
Dmel_CG11563,1.0884401,0.17361142,0.27640087980831596,0.8981661626016518
Dmel_CG44248,1.0871278,0.11025209,0.27698033735790517,0.8996042049481542
Dmel_CG16724,1.0867445,0.1426998,0.2771497169212326,0.8999319076011657
Dmel_CG15883,1.086424,0.61099726,0.2772914425556381,0.8999330242619505
Dmel_CG6315,1.086406,0.0029316326,0.27729943077337305,0.8999330242619505
Dmel_CG31676,1.0862792,0.21518372,0.2773555093418233,0.8999330242619505
Dmel_CG7656,1.0852846,0.039680935,0.2777956337532719,0.9010560661652304
Dmel_CG1044,1.0851872,0.12178868,0.2778387626589691,0.9010560661652304
Dmel_CG14646,1.0828269,0.36765432,0.2788852876481639,0.9040038394140408
Dmel_CG44244,1.0817112,0.28055444,0.27938090068228694,0.9049406990056527
Dmel_CG31096,1.0810347,0.9549937,0.2796817067178693,0.9054752949960666
Dmel_CG6009,1.0805303,0.04646211,0.2799061157750885,0.9059719870444429
Dmel_CG42390,1.080038,0.46908146,0.2801252847373802,0.9064581055734827
Dmel_CG11737,1.0794946,0.48712742,0.2803672942836819,0.9070178764603307
Dmel_CG6443,1.077327,0.081817456,0.28133422156329013,0.9099219802026078
Dmel_CG30491,1.0770715,0.09858049,0.28144828454810933,0.9100669063107049
Dmel_CG12141,1.0754281,0.13543026,0.282183088383276,0.9122184414377934
Dmel_CG13300,1.0738726,0.031518254,0.28287981570789933,0.9142458578990421
Dmel_CG7842,1.0726928,0.26592866,0.2834090074588286,0.9152808471409355
Dmel_CG5165,1.072364,0.076433964,0.2835565569968449,0.9154645583145417
Dmel_CG5787,1.0716046,0.12635653,0.283897646225562,0.9159584996440242
Dmel_CG12393,1.071419,0.065200746,0.28398105167608967,0.9160027000676226
Dmel_CG5444,1.0705477,-0.010586424,0.2843728333439718,0.9170413258829776
Dmel_CG30089,1.0700976,-0.010261466,0.28457539712021784,0.9174694046998976
Dmel_CG5034,1.0693014,3.4668428e-06,0.28493390783751293,0.9182389814266994
Dmel_CG4848,1.069257,0.1534381,0.2849538517813013,0.9182389814266994
Dmel_CG14133,1.0688186,0.17412615,0.285151427583606,0.9186503824163194
Dmel_CG34455,1.0681,0.14444953,0.2854754415289078,0.9194688179243573
Dmel_CG5515,1.0672526,0.047125336,0.28585774302931133,0.9202490448672661
Dmel_CG8111,1.0668323,0.11891655,0.28604758374106465,0.9206346553860717
Dmel_CG13252,1.0663073,0.92216957,0.2862847242947142,0.9211553185091039
Dmel_CG31632,1.0661639,0.7740861,0.28634955301040177,0.9211553185091039
Dmel_CG3622,1.0626336,1.1903313,0.28794810481930144,0.9258815954687163
Dmel_CG33523,1.0626082,0.16302794,0.2879596743535989,0.9258815954687163
Dmel_CG10513,1.062419,0.32704747,0.28804549151856573,0.9259309696784424
Dmel_CG17660,1.062045,0.11209675,0.2882152481472672,0.9261848012722723
Dmel_CG4859,1.0615963,1.1087514,0.28841901295844263,0.9264517842304802
Dmel_CG7277,1.0593103,0.06326651,0.2894584822991191,0.9295635180578504
Dmel_CG10653,1.0586674,0.003244061,0.28975125683823866,0.9300491612387137
Dmel_CG9238,1.0584106,0.53564966,0.2898682610561416,0.9301975136846781
Dmel_CR43957,1.0579025,0.26500216,0.29009994249163407,0.9306750975302581
Dmel_CG42708,1.0577735,0.07489012,0.2901587302778683,0.9306750975302581
Dmel_CG6384,1.0568066,-0.009433593,0.29059989424620114,0.9318626672253122
Dmel_CG3529,1.0551142,0.02494495,0.2913730975272195,0.9338863108793151
Dmel_CG40041,1.0545528,0.052704085,0.2916298965127634,0.9344814606374601
Dmel_CG3571,1.0541643,0.04390673,0.2918077196235903,0.9348233163270601
Dmel_CG15772,1.0537616,0.012833967,0.2919921035959945,0.935186018365821
Dmel_CG8768,1.0534353,0.27335995,0.29214151685185086,0.9353089419556441
Dmel_CG5168,1.053367,0.032866746,0.29217283362970237,0.9353089419556441
Dmel_CG42575,1.0526968,0.073527716,0.29247995482562816,0.9360640736394495
Dmel_CG17170,1.0522875,0.046919826,0.2926677105934623,0.9364369089137298
Dmel_CG3837,1.0513484,0.9415725,0.29309858753790774,0.9375872781975767
Dmel_CG7055,1.0509903,0.12737055,0.29326302124068404,0.9378849749632098
Dmel_CG30116,1.0503758,0.0906837,0.2935453538978986,0.9385594879737921
Dmel_CG5085,1.0501828,0.101141945,0.29363407815038467,0.9386147946908794
Dmel_CG6567,1.0493182,0.252544,0.29403168583742567,0.939193857346223
Dmel_CG15738,1.0492435,0.12092315,0.2940660719844791,0.939193857346223
Dmel_CG14710,1.0491673,0.32792768,0.2941011127752612,0.939193857346223
Dmel_CG10506,1.0489994,0.18871278,0.29417837538558866,0.9392123495971868
Dmel_CG11988,1.0486346,0.4745931,0.29434631362559693,0.9395202592552755
Dmel_CG44098,1.0481515,0.09737313,0.29456880840199007,0.9400021153983854
Dmel_CG7705,1.0467751,0.17698815,0.29520330805256456,0.9417981721579876
Dmel_CG31973,1.0461978,0.10006679,0.2954697240911356,0.9424193311363138
Dmel_CG42234,1.0455904,0.6432526,0.29575020676523844,0.9430850441887888
Dmel_CG9128,1.045155,0.056084044,0.29595131532609154,0.9434973883309482
Dmel_CG6890,1.0431823,0.9595772,0.29686391479275986,0.9460643423929704
Dmel_CG30498,1.0431032,0.037929427,0.29690049068020774,0.9460643423929704
Dmel_CG4098,1.0426658,0.14600979,0.29710310676905627,0.9464804669217378
Dmel_CG4299,1.0418048,0.041352335,0.29750221059237947,0.9474887305383235
Dmel_CG7830,1.0416719,0.08837946,0.29756380723930154,0.9474887305383235
Dmel_CG13288,1.0411017,0.53254306,0.29782835902379534,0.9481013725609725
Dmel_CG33310,1.0393839,0.1365624,0.29862625025108225,0.950411129704401
Dmel_CG3291,1.0387881,0.21523991,0.2989032952105577,0.9510625187317043
Dmel_CG14352,1.0384032,0.42105892,0.29908242798224205,0.9511923187718182
Dmel_CG7623,1.0383893,0.23396401,0.2990888563400923,0.9511923187718182
Dmel_CG15456,1.0380167,0.08085223,0.2992622919620995,0.9515136169063513
Dmel_CG11178,1.0370058,0.16169749,0.29973314819351693,0.9527801887786662
Dmel_CG8207,1.0366466,0.27871934,0.29990055798644366,0.9530817974606666
Dmel_CG9436,1.0352213,0.8005835,0.3005655286047574,0.9549641226777361
Dmel_CG9746,1.0347205,0.10119924,0.3007994268507804,0.9550145610645339
Dmel_CG3917,1.0338783,0.2325419,0.30119305953971787,0.9560333322249837
Dmel_CG8241,1.0331675,0.08099528,0.3015255470786984,0.95685757405486
Dmel_CG11258,1.0307696,0.04862831,0.30264889383258897,0.9601905151748072
Dmel_CG9226,1.0302343,0.3706312,0.3028999936653396,0.9606272096985939
Dmel_CG9855,1.028693,0.053706132,0.30362398822286774,0.9624344440414903
Dmel_CG17803,1.0286394,0.28461814,0.3036491290614123,0.9624344440414903
Dmel_CG8549,1.0277565,0.24489571,0.3040644025701067,0.9635182816912882
Dmel_CG1898,1.027019,0.1323803,0.3044115023387176,0.9643856201140522
Dmel_CG15010,1.0263666,0.061532374,0.30471880985809685,0.9648939470711447
Dmel_CG13240,1.0256444,0.040229462,0.30505922364922844,0.9656852857619439
Dmel_CG2478,1.0253688,0.13153845,0.3051891782793815,0.9656852857619439
Dmel_CG2928,1.0243092,1.1583731,0.30568929457631777,0.9670349109358188
Dmel_CG14884,1.0207257,0.0805421,0.30738438662094003,0.9719293129417163
Dmel_CG14591,1.0203545,-0.0040484117,0.30756033287052,0.9722517041740446
Dmel_CG42574,1.0201275,-0.00404146,0.3076679817003837,0.9723580922377927
Dmel_CG12210,1.0189795,0.18105568,0.30821265342162585,0.973737068726743
Dmel_CG5210,1.0188956,0.57566047,0.3082525078687506,0.973737068726743
Dmel_CG17153,1.0180459,0.13673116,0.3086561209398655,0.9747777181616853
Dmel_CG5872,1.0177144,0.11095975,0.30881369037762907,0.975041015197603
Dmel_CG42518,1.0171442,1.1701461,0.30908484766901534,0.9754999000036686
Dmel_CG4710,1.0169444,0.059557427,0.30917987414040016,0.9754999000036686
Dmel_CG10382,1.0169405,0.5762826,0.30918172768550944,0.9754999000036686
Dmel_CG1718,1.0158557,0.108925246,0.30969814148631136,0.9764259302475089
Dmel_CG10293,1.0148054,0.5377273,0.3101985751533406,0.9777691235524223
Dmel_CG5919,1.013886,0.04275118,0.31063716700806965,0.9787763547680857
Dmel_CG8345,1.0138233,1.0500083,0.31066708589435243,0.9787763547680857
Dmel_CG7238,1.0125468,0.35294533,0.3112766953215925,0.9803943194165582
Dmel_CG5131,1.0124356,0.20969728,0.31132984513547657,0.9803943194165582
Dmel_CG1274,1.0112915,0.53345066,0.3118769247309865,0.9813330610288693
Dmel_CG10139,1.0111668,0.017911144,0.3119365828198063,0.9813330610288693
Dmel_CG14996,1.0110773,-0.022162713,0.3119794667169471,0.9813330610288693
Dmel_CG5569,1.0110315,0.03689132,0.31200133391512186,0.9813330610288693
Dmel_CG5064,1.0100781,0.32597256,0.31245789385098777,0.9825339035883777
Dmel_CR43242,1.0097175,0.27173018,0.3126306600509847,0.9826304410071388
Dmel_CG16801,1.0094299,0.42377225,0.3127685108065754,0.9826304410071388
Dmel_CG2218,1.0093899,0.08524507,0.3127876976434717,0.9826304410071388
Dmel_CG10223,1.0092127,0.026544511,0.31287260445504383,0.9826622598335877
Dmel_CG34183,1.0089004,0.20740215,0.313022417068727,0.9827585282732757
Dmel_CG8019,1.008837,0.3115341,0.3130528269805899,0.9827585282732757
Dmel_CG17282,1.0086354,0.101696074,0.3131495060437157,0.9828272412038376
Dmel_CG3710,1.0083148,0.01388694,0.313303315518602,0.9830575501951905
Dmel_CG5434,1.0080864,0.12945376,0.31341296698196586,0.9830575501951905
Dmel_CG5728,1.0080149,0.1695844,0.31344731263357795,0.9830575501951905
Dmel_CG1893,1.0064107,0.099214144,0.31421801973088614,0.9846623532550224
Dmel_CG8663,1.0063852,0.055417914,0.31423028214030513,0.9846623532550224
Dmel_CG12213,1.0063261,-0.0069246185,0.3142587253292416,0.9846623532550224
Dmel_CG4261,1.0058625,0.009425996,0.31448173088865017,0.98496464499547
Dmel_CG9853,1.0057027,0.06984294,0.3145585888310559,0.98496464499547
Dmel_CG7586,1.0056581,0.13660054,0.31458006354508694,0.98496464499547
Dmel_CG7872,1.0054764,0.28794104,0.31466750625982254,0.9850037398190395
Dmel_CG7191,1.0034193,0.46481162,0.3156586153711999,0.9876356820459374
Dmel_CG3348,1.0030445,1.0178559,0.3158393788252848,0.9877597671190502
Dmel_CG1074,1.0030254,0.11912488,0.31584860676008286,0.9877597671190502
Dmel_CG3998,1.0027615,0.022804746,0.3159759361519272,0.9879228591416787
Dmel_CG31126,1.0024661,0.015050986,0.3161185166805819,0.988133546075054
Dmel_CG7369,1.0008074,0.0896104,0.31691990600272124,0.9904029690325231
Dmel_CG14796,1.0001075,0.28424245,0.3172584530458624,0.9912252333513262
Dmel_CG1447,0.9997463,0.39812812,0.31743330187492036,0.9915357784498047
Dmel_CG34408,0.9981935,0.050994024,0.31818552815726764,0.9934131683332512
Dmel_CG7839,0.99685395,0.0789301,0.31883539808687833,0.9952056926982584
Dmel_CG18622,0.99631846,0.32743114,0.31909545157305064,0.9955444751000614
Dmel_CG3645,0.9952569,0.20401976,0.31961132493657973,0.9966806884175591
Dmel_CG33103,0.9949431,1.0154165,0.3197639364751217,0.9969200211671587
Dmel_CG12918,0.9944667,0.34550905,0.31999570083302664,0.9971429955089279
Dmel_CG9361,0.9943282,0.023472605,0.32006309680059797,0.9971429955089279
Dmel_CG14222,0.9939758,0.12322813,0.3202346450242022,0.9972507944740694
Dmel_CG6538,0.99394536,0.17435299,0.3202494751297902,0.9972507944740694
Dmel_CG9695,0.9937888,0.00361955,0.3203257020587936,0.997251848082115
Dmel_CG3234,0.9933772,0.29926723,0.3205261561268571,0.9976395588969752
Dmel_CG12355,0.9925438,0.011222609,0.32093231804272015,0.9985151221463724
Dmel_CG16865,0.991658,0.14270632,0.32136439539629924,0.9995383479059806
Dmel_CG3277,0.9912953,0.41806477,0.3215414130813168,0.9998522738527175
Dmel_CG9527,0.9906291,0.22362995,0.3218667452155908,1.0
Dmel_CG6061,0.99060994,0.16425247,0.3218760880656766,1.0
Dmel_CG12116,0.99050546,1.5414591,0.3219271308346471,1.0
Dmel_CG10823,0.989717,0.21812895,0.32231245778921525,1.0
Dmel_CG7011,0.98879826,0.14228822,0.32276186609216273,1.0
Dmel_CG4716,0.98873764,0.38942632,0.3227915060481963,1.0
Dmel_CG3743,0.98575574,0.24874076,0.3242529921788335,1.0
Dmel_CG9847,0.9856091,0.40287307,0.3243249709949796,1.0
Dmel_CG8193,0.9852942,0.58916605,0.3244795693571836,1.0
Dmel_CG5390,0.9850573,0.5555849,0.32459594103988276,1.0
Dmel_CG7207,0.98499566,0.049538393,0.3246262125659358,1.0
Dmel_CG11180,0.9843305,0.138644,0.3249530532310204,1.0
Dmel_CR45018,0.98419905,0.4926455,0.3250176461178138,1.0
Dmel_CG11583,0.9833635,0.06632413,0.3254285548207724,1.0
Dmel_CG7940,0.98317087,0.13847922,0.32552336083635003,1.0
Dmel_CG4007,0.9830972,0.38667056,0.32555961494200325,1.0
Dmel_CG10069,0.980304,0.25794527,0.3269360705395411,1.0
Dmel_CG8491,0.97817606,0.13500355,0.32798726508946474,1.0
Dmel_CG5343,0.97633284,0.08681569,0.3288995574554052,1.0
Dmel_CG7849,0.9761876,0.13340877,0.3289715027439475,1.0
Dmel_CG10379,0.9761522,0.11729979,0.3289890519225529,1.0
Dmel_CG2670,0.97522914,0.13326706,0.3294465974539521,1.0
Dmel_CG10435,0.97482574,0.24928597,0.3296467055078255,1.0
Dmel_CG9206,0.9741609,0.047393464,0.3299766426645626,1.0
Dmel_CG6444,0.9740688,0.038365297,0.33002236205591506,1.0
Dmel_CG6196,0.97301054,0.18200673,0.3305480777658665,1.0
Dmel_CG10038,0.9721548,0.18975441,0.3309735504925416,1.0
Dmel_CG4971,0.97211194,0.34599537,0.33099486866144956,1.0
Dmel_CG12845,0.97141594,0.48497534,0.3313411930052951,1.0
Dmel_CG10121,0.97132033,0.36344415,0.3313887978595499,1.0
Dmel_CG6654,0.9706424,0.025481043,0.3317263901669002,1.0
Dmel_CG8783,0.9685424,0.1653371,0.332773560546764,1.0
Dmel_CG3284,0.96778196,0.09500857,0.33315328603987937,1.0
Dmel_CG8612,0.9672967,0.05933385,0.33339573486277585,1.0
Dmel_CG4447,0.9672393,0.22783056,0.33342441151936086,1.0
Dmel_CG8722,0.9667948,0.16267839,0.3336466210231045,1.0
Dmel_CG14167,0.96616614,1.9869418,0.3339610644743002,1.0
Dmel_CG3652,0.96610695,0.030900478,0.3339906585648794,1.0
Dmel_CG6633,0.9645358,1.2471238,0.33477738175811145,1.0
Dmel_CG18332,0.96352917,0.18870594,0.33528203664394385,1.0
Dmel_CG32243,0.96251863,0.08845107,0.33578913735231086,1.0
Dmel_CG42865,0.9617876,0.59335685,0.3361563064868358,1.0
Dmel_CG15881,0.9613144,0.07588702,0.3363941079133138,1.0
Dmel_CG9078,0.9593536,0.14049904,0.33738064170887716,1.0
Dmel_CR45528,0.95855457,1.530038,0.33778320122410177,1.0
Dmel_CG31549,0.9579946,0.22974564,0.33806549790263285,1.0
Dmel_CG2937,0.95792407,0.06194041,0.3381010412351194,1.0
Dmel_CG16987,0.9570861,1.2612021,0.3385238156984488,1.0
Dmel_CG5519,0.95689553,0.19513887,0.33861999687516375,1.0
Dmel_CG4003,0.95681584,0.17051199,0.338660226546477,1.0
Dmel_CG2914,0.9557568,1.4394627,0.3391951254222332,1.0
Dmel_CG10738,0.9551125,0.63007724,0.3395208021601793,1.0
Dmel_CG8793,0.9544314,0.1361619,0.33986531721648094,1.0
Dmel_CG12244,0.9538565,0.06697179,0.34015626010789857,1.0
Dmel_CG46149,0.95352644,0.0128821,0.3403234048029494,1.0
Dmel_CG16947,0.95333874,0.4831672,0.34041847836766115,1.0
Dmel_CG2046,0.95220107,0.09378204,0.3409950240824351,1.0
Dmel_CG7638,0.9520314,0.053457692,0.3410810568924243,1.0
Dmel_CG3925,0.9511774,0.06116088,0.34151430570219343,1.0
Dmel_CG2189,0.9509529,1.0625306,0.34162829188911237,1.0
Dmel_CG4104,0.95084167,1.1718593,0.34168475462972436,1.0
Dmel_CG11241,0.9491104,0.9719087,0.34256447320607175,1.0
Dmel_CG5266,0.9489744,0.018307192,0.3426336449620305,1.0
Dmel_CG5489,0.9476816,0.37464845,0.3432915826712466,1.0
Dmel_CG14440,0.94765323,-0.004223546,0.34330601225708646,1.0
Dmel_CG13189,0.9468832,0.43732902,0.34369828458229523,1.0
Dmel_CG13012,0.9450705,0.37595928,0.34462289612371577,1.0
Dmel_CG1738,0.9449104,0.19511835,0.34470463007846364,1.0
Dmel_CG3132,0.9443791,0.7417457,0.34497595968420114,1.0
Dmel_CG14314,0.9443745,0.124694206,0.34497831180264715,1.0
Dmel_CG32104,0.9433194,0.5049733,0.3455175784928375,1.0
Dmel_CG17257,0.9432627,0.018142562,0.3455465573249501,1.0
Dmel_CG4627,0.94281816,0.13345535,0.3457739137680834,1.0
Dmel_CG7706,0.9424905,0.094069436,0.34594154825065837,1.0
Dmel_CG5516,0.9422359,0.09691,0.34607188584156745,1.0
Dmel_CG9186,0.9420273,0.08852493,0.34617868083280745,1.0
Dmel_CG1484,0.9399694,0.12240753,0.34723325010297734,1.0
Dmel_CG8946,0.93921745,0.12015432,0.347619103824932,1.0
Dmel_CG4029,0.9387807,0.16580242,0.34784332582598143,1.0
Dmel_CG10052,0.9385877,0.39486057,0.34794246379915306,1.0
Dmel_CG5336,0.9385668,0.18658046,0.3479531972444916,1.0
Dmel_CG7928,0.9383702,0.30569056,0.3480541747041951,1.0
Dmel_CG7718,0.93821335,0.30900335,0.34813478809927567,1.0
Dmel_CG4751,0.9359132,0.13240539,0.34931787335944586,1.0
Dmel_CG3947,0.9352799,0.163435,0.34964406115700275,1.0
Dmel_CG6206,0.93463564,0.42645425,0.3499761026515166,1.0
Dmel_CG10498,0.9346282,0.19594914,0.34997993717362763,1.0
Dmel_CG40351,0.9334654,0.010508934,0.35057972861177533,1.0
Dmel_CG17193,0.9328006,0.04592692,0.35092294195403906,1.0
Dmel_CG7371,0.93250096,0.20928317,0.35107770441596875,1.0
Dmel_CG33214,0.93209004,0.10040629,0.3512899785716911,1.0
Dmel_CG6440,0.93119925,0.065501064,0.3517504901381652,1.0
Dmel_CG9060,0.9310112,0.2815383,0.3518477682813115,1.0
Dmel_CG42641,0.9307654,0.02977648,0.35197493338128116,1.0
Dmel_CG12972,0.9302582,0.3012205,0.3522374178836003,1.0
Dmel_CG11115,0.92993766,0.16905712,0.3524033675729604,1.0
Dmel_CG11943,0.92870474,0.3337103,0.35304213903852233,1.0
Dmel_CG2655,0.92823154,0.6109391,0.35328749244149094,1.0
Dmel_CR46004,0.9278805,0.05481022,0.3534695570018569,1.0
Dmel_CG9754,0.92728156,0.2000686,0.3537803611146193,1.0
Dmel_CG13109,0.92681473,0.018980222,0.35402272793531075,1.0
Dmel_CG1411,0.9260086,0.0051338226,0.35444150817342845,1.0
Dmel_CG8864,0.92592007,0.65025735,0.3544875268230908,1.0
Dmel_CG6525,0.9255099,0.003037587,0.3547007344232933,1.0
Dmel_CG4600,0.92544544,0.5144008,0.3547342510964584,1.0
Dmel_CG11851,0.9244137,0.35198718,0.35527097413222397,1.0
Dmel_CG45074,0.92429394,-0.03787699,0.3553332841178387,1.0
Dmel_CG7360,0.92364967,0.1727746,0.3556687334765386,1.0
Dmel_CG5608,0.9233486,0.1781258,0.3558255539697345,1.0
Dmel_CG6598,0.9229424,0.26582715,0.35603723850076574,1.0
Dmel_CG4603,0.922308,0.016486183,0.3563679351780916,1.0
Dmel_CG1583,0.9213255,0.087962605,0.35688051852701685,1.0
Dmel_CG8151,0.91961366,0.10825189,0.3577746754795207,1.0
Dmel_CG31342,0.91898215,0.058147963,0.35810490537988027,1.0
Dmel_CG33512,0.9188614,-0.01401023,0.3581680839185759,1.0
Dmel_CG7793,0.9185228,0.062653296,0.35834524354044095,1.0
Dmel_CG8021,0.91776943,0.14442374,0.3587396028661216,1.0
Dmel_CG4954,0.9177078,-0.022756673,0.35877187564237645,1.0
Dmel_CG1276,0.91589856,0.091327436,0.35972009888609546,1.0
Dmel_CG3363,0.91538537,0.035054587,0.3599893702453434,1.0
Dmel_CG8988,0.9153832,0.21390273,0.35999048550368484,1.0
Dmel_CG7697,0.9141988,0.24301368,0.36061239368564957,1.0
Dmel_CG7197,0.91350776,0.074443124,0.36097554667975307,1.0
Dmel_CG14716,0.9125936,0.031485073,0.3614563182290901,1.0
Dmel_CG4909,0.91211724,0.3710931,0.36170701494025914,1.0
Dmel_CG32649,0.9110288,0.13939446,0.362280205186014,1.0
Dmel_CG9900,0.9107961,0.12341953,0.3624028256688234,1.0
Dmel_CG5910,0.910189,0.40242097,0.3627228437687996,1.0
Dmel_CG10153,0.9087992,0.026314596,0.3634561532788273,1.0
Dmel_CG12338,0.90799797,0.20384161,0.3638792925928739,1.0
Dmel_CG30394,0.9078485,0.23245816,0.36395826778707996,1.0
Dmel_CG31289,0.9074766,0.06034686,0.3641548165547218,1.0
Dmel_CG10033,0.90678453,0.54414797,0.36452076106099196,1.0
Dmel_CG4966,0.9066967,0.047994915,0.36456722285262966,1.0
Dmel_CG12082,0.9061792,0.16620597,0.3648410103746401,1.0
Dmel_CG7263,0.90372604,0.0873603,0.3661406715029144,1.0
Dmel_CG8887,0.9036244,-0.018342061,0.36619458918824044,1.0
Dmel_CR43259,0.903482,0.29656246,0.36627011984839497,1.0
Dmel_CG11152,0.9030967,0.47312587,0.3664745898747829,1.0
Dmel_CG10171,0.90296525,0.13292666,0.3665443289228626,1.0
Dmel_CG17278,0.90261,0.9868055,0.36673291014873743,1.0
Dmel_CG31368,0.9009411,0.1664994,0.3676196564638531,1.0
Dmel_CG17162,0.90081215,0.6895772,0.36768821276608377,1.0
Dmel_CG3835,0.9002242,0.39797932,0.36800096059163634,1.0
Dmel_CG12093,0.89996845,0.1498663,0.3681370387267646,1.0
Dmel_CG31999,0.89989126,0.5401213,0.3681781321871145,1.0
Dmel_CG2091,0.89974815,0.15661682,0.3682542945894076,1.0
Dmel_CG1780,0.89832926,0.47749093,0.36901003957760237,1.0
Dmel_CG4598,0.89809406,0.39421213,0.36913539848059473,1.0
Dmel_CG2919,0.8975727,0.7462321,0.3694133969744665,1.0
Dmel_CG10075,0.8964407,0.022706619,0.37001743404852905,1.0
Dmel_CG8067,0.8933033,0.23944798,0.37169478171578274,1.0
Dmel_CG10742,0.89299196,0.11424738,0.3718614856454492,1.0
Dmel_CG7483,0.8929477,0.101688385,0.37188519588474567,1.0
Dmel_CR42452,0.8923753,-0.0100115435,0.37219180624842696,1.0
Dmel_CG8206,0.891204,0.01751953,0.3728197453015696,1.0
Dmel_CG16700,0.8910882,0.9710321,0.37288187227816405,1.0
Dmel_CG6840,0.8907496,-0.0052635362,0.3730635402147692,1.0
Dmel_CG14512,0.8906996,0.35275126,0.373090338972637,1.0
Dmel_CG9680,0.88981235,0.5717263,0.37356664327186906,1.0
Dmel_CG3782,0.889812,0.018183853,0.37356683348842756,1.0
Dmel_CG5912,0.8897082,0.08088827,0.3736225695221498,1.0
Dmel_CG17598,0.8891281,0.04427317,0.37393425348339593,1.0
Dmel_CG1605,0.88822275,0.23125592,0.3744209387316155,1.0
Dmel_CG13221,0.88689667,0.033639923,0.37513453652971684,1.0
Dmel_CG11184,0.8851229,0.14235292,0.3760903626583524,1.0
Dmel_CG15191,0.8842987,0.13098596,0.37653500461901535,1.0
Dmel_CR45418,0.8836381,0.8166381,0.3768916018951871,1.0
Dmel_CG6773,0.88317627,0.029011998,0.3771410568655651,1.0
Dmel_CG8993,0.8825911,0.008527006,0.3774572303144772,1.0
Dmel_CG8097,0.8808035,0.40535918,0.3784241785620447,1.0
Dmel_CG16975,0.88067955,0.101768985,0.37849129111668045,1.0
Dmel_CG2671,0.8797484,0.752883,0.3789956364930963,1.0
Dmel_CG8084,0.87913597,0.68369275,0.37932755185619293,1.0
Dmel_CG15119,0.87883526,0.16066636,0.3794905994454426,1.0
Dmel_CG15626,0.87797177,0.20331793,0.37995904867807273,1.0
Dmel_CG1070,0.87782514,-0.01506465,0.38003863195156484,1.0
Dmel_CG1303,0.877432,0.22137283,0.3802520579499762,1.0
Dmel_CG14885,0.87680364,0.8423031,0.38059330787959345,1.0
Dmel_CG18375,0.8766485,0.07890161,0.38067759132030976,1.0
Dmel_CG11533,0.87660706,0.036397696,0.3807001073301466,1.0
Dmel_CG34324,0.8761689,8.21595,0.3809382112498867,1.0
Dmel_CG11534,0.87584555,0.29334348,0.38111400867566714,1.0
Dmel_CG7441,0.8758133,0.31451952,0.3811315333826185,1.0
Dmel_CG44746,0.8753139,0.0093160095,0.38140313326528685,1.0
Dmel_CG10952,0.8738964,0.017363388,0.382174661444026,1.0
Dmel_CG6836,0.87341505,0.5686409,0.3824368746720994,1.0
Dmel_CG13054,0.873188,0.5261906,0.3825605911456009,1.0
Dmel_CG32540,0.8724124,0.08936378,0.38298345806362455,1.0
Dmel_CG5219,0.8723695,0.049425967,0.3830068302890385,1.0
Dmel_CG10584,0.8719339,0.32389444,0.38324446530888434,1.0
Dmel_CG17136,0.871353,-0.005105102,0.3835614524447598,1.0
Dmel_CG10342,0.87125343,0.5168169,0.38361578158957965,1.0
Dmel_CG14459,0.8712095,-0.009470414,0.3836397575146996,1.0
Dmel_CG8827,0.8712049,1.6646203,0.38364227117288474,1.0
Dmel_CG9797,0.87079054,0.05506569,0.3838685416996762,1.0
Dmel_CG33331,0.8705118,0.22019248,0.3840207884151746,1.0
Dmel_CG4552,0.8698509,0.09328499,0.384381917479931,1.0
Dmel_CG8300,0.8695179,0.0067438246,0.38456391539072843,1.0
Dmel_CG12341,0.8694705,0.15228087,0.3845898640652522,1.0
Dmel_CG5913,0.86829734,0.23463064,0.38523156263332037,1.0
Dmel_CG10343,0.86752486,0.08123336,0.3856544875652548,1.0
Dmel_CG4345,0.8668742,0.43073976,0.386010926290002,1.0
Dmel_CG8366,0.8668119,0.211204,0.3860450866650059,1.0
Dmel_CG5742,0.86667943,0.051464744,0.386117683590837,1.0
Dmel_CG16903,0.86654025,0.057540704,0.3861939775768086,1.0
Dmel_CG1462,0.86452097,0.47239035,0.3873017605974943,1.0
Dmel_CG9858,0.86414695,0.26851273,0.3875071684763973,1.0
Dmel_CG10428,0.8640733,0.07543895,0.3875476354319034,1.0
Dmel_CG11173,0.86389834,0.032829426,0.3876437547757384,1.0
Dmel_CG5373,0.8611108,0.19649844,0.38917700791084564,1.0
Dmel_CG3889,0.86035395,0.103516534,0.3895939798541267,1.0
Dmel_CG8795,0.859767,0.5293458,0.38991748104756274,1.0
Dmel_CG3910,0.8594295,0.35026982,0.390103612121092,1.0
Dmel_CG2608,0.85930943,0.07551707,0.3901698354620471,1.0
Dmel_CG10098,0.8590639,-0.005532462,0.3903052336420211,1.0
Dmel_CG5508,0.85904056,0.4037106,0.39031813019598527,1.0
Dmel_CG14215,0.8589233,0.04076243,0.3903828122744799,1.0
Dmel_CG1234,0.858544,0.08220473,0.3905921454464827,1.0
Dmel_CG5374,0.8584898,0.11287483,0.390622055751775,1.0
Dmel_CG5590,0.85833824,0.34893838,0.3907057338006328,1.0
Dmel_CG17293,0.8573316,0.08043604,0.39126164786838347,1.0
Dmel_CG6038,0.8568386,0.13166961,0.39153410743180594,1.0
Dmel_CG17816,0.856116,0.18460418,0.3919336096029883,1.0
Dmel_CG12207,0.8555819,0.03547324,0.39222908678688184,1.0
Dmel_CG2100,0.85500705,0.28000042,0.39254724794581475,1.0
Dmel_CG15218,0.8548218,0.013039027,0.3926498064002868,1.0
Dmel_CG15727,0.8547021,0.1617588,0.392716095647512,1.0
Dmel_CG11895,0.85463446,0.042727854,0.39275355795545164,1.0
Dmel_CG2006,0.8540681,0.5436069,0.39306726716350493,1.0
Dmel_CG8961,0.85401744,0.22863981,0.39309532985275086,1.0
Dmel_CG18578,0.853789,1.5340743,0.39322192140357226,1.0
Dmel_CG11808,0.8537862,0.3067272,0.39322349168637993,1.0
Dmel_CG31388,0.85092396,0.052401356,0.394811613034206,1.0
Dmel_CG6819,0.85061616,0.28027502,0.39498262424214037,1.0
Dmel_CG4281,0.8502577,0.045697507,0.39518183297274034,1.0
Dmel_CG17958,0.8497172,0.0895778,0.3954823356539764,1.0
Dmel_CG31125,0.84969455,0.16003205,0.395494941666103,1.0
Dmel_CG6928,0.8486114,0.9403106,0.3960975556220242,1.0
Dmel_CG5274,0.8484039,0.14093247,0.39621309691528983,1.0
Dmel_CG12296,0.84791297,0.575848,0.3964864547364042,1.0
Dmel_CG10257,0.84786195,0.10005331,0.3965148620756771,1.0
Dmel_CG17002,0.84776133,0.118133545,0.3965708912620277,1.0
Dmel_CG4845,0.8476643,0.09215997,0.39662495211848214,1.0
Dmel_CG33133,0.8464806,0.14097704,0.3972846946277415,1.0
Dmel_CG12582,0.8454726,1.014757,0.39784704347086575,1.0
Dmel_CG7602,0.84455806,0.19676986,0.39835764266367957,1.0
Dmel_CG13919,0.8440983,0.15836118,0.3986144755582245,1.0
Dmel_CG16833,0.8437218,-0.016626213,0.398824883680714,1.0
Dmel_CG15797,0.8437172,0.07252294,0.39882745728885205,1.0
Dmel_CG43850,0.84369344,0.04401923,0.39884072142780613,1.0
Dmel_CG12954,0.8432525,0.0026645137,0.399087245160892,1.0
Dmel_CG3609,0.84292096,0.14888206,0.3992726438626897,1.0
Dmel_CG17608,0.8422119,0.38706407,0.39966936501956796,1.0
Dmel_CG7595,0.84170896,0.70141673,0.3999508993179707,1.0
Dmel_CG1753,0.8397467,0.02951051,0.40105041920363127,1.0
Dmel_CG3499,0.83840364,0.021472665,0.40180406016305426,1.0
Dmel_CG13796,0.8383597,0.9481982,0.4018287188798795,1.0
Dmel_CG4443,0.8375118,0.0655761,0.40230496916775205,1.0
Dmel_CG12379,0.8370818,0.08133603,0.4025466054977743,1.0
Dmel_CG13807,0.83699006,0.112800345,0.40259816849485985,1.0
Dmel_CG5893,0.836531,-0.025337458,0.40285624203546144,1.0
Dmel_CG6920,0.8353696,0.13461608,0.40350963458526756,1.0
Dmel_CG18090,0.83496904,0.6794412,0.40373515132197735,1.0
Dmel_CG4820,0.8342206,0.12936938,0.40415667693902835,1.0
Dmel_CG42230,0.8341717,1.8145702,0.4041842159299329,1.0
Dmel_CG7974,0.83250064,0.12077505,0.40512640541886846,1.0
Dmel_CG11802,0.8319623,0.005025729,0.4054302303926507,1.0
Dmel_CG12357,0.83185107,0.01993581,0.4054930112004027,1.0
Dmel_CG32743,0.83160245,0.050578944,0.4056333893013605,1.0
Dmel_CG12681,0.83086574,0.44414762,0.40604949483710373,1.0
Dmel_CG32109,0.83031106,0.061063167,0.40636294241751514,1.0
Dmel_CG3189,0.82967067,0.17878757,0.4067250078386698,1.0
Dmel_CG13567,0.829427,0.057046667,0.4068628354901518,1.0
Dmel_CG45071,0.82850045,0.1725499,0.40738715543745396,1.0
Dmel_CG31815,0.8282915,0.13466819,0.40750546367697515,1.0
Dmel_CG2903,0.827146,0.13659297,0.40815431699346216,1.0
Dmel_CG13398,0.82665545,0.04858834,0.4084323844719293,1.0
Dmel_CG32432,0.82559675,-0.00013642893,0.40903287254252085,1.0
Dmel_CG12753,0.8253768,0.025090627,0.4091576969063905,1.0
Dmel_CG5248,0.8244577,0.6293358,0.40967955116384336,1.0
Dmel_CG14734,0.82370573,-0.02790268,0.41010678048400895,1.0
Dmel_CG8915,0.822788,0.31771857,0.4106285480707882,1.0
Dmel_CG2962,0.82257515,3.5978663,0.4107496319146804,1.0
Dmel_CG3017,0.8223878,-0.00065347785,0.41085622741940775,1.0
Dmel_CG5543,0.8223715,0.19949855,0.41086549737004485,1.0
Dmel_CG14548,0.8215292,0.9078529,0.4113448826731485,1.0
Dmel_CG8036,0.8212668,0.15311244,0.4114943300120373,1.0
Dmel_CG13927,0.8205499,0.09596618,0.41190270121638284,1.0
Dmel_CG2970,0.8204606,0.021440139,0.41195356267514305,1.0
Dmel_CG13197,0.819086,0.055414557,0.41273733983846594,1.0
Dmel_CG16857,0.8171022,0.04336251,0.4138700316272499,1.0
Dmel_CG9471,0.8164926,0.063575886,0.4142184390617024,1.0
Dmel_CG6197,0.81563264,0.1622704,0.4147102698950683,1.0
Dmel_CG4143,0.81549734,0.0029272654,0.4147876816212295,1.0
Dmel_CG11979,0.81505567,0.1326099,0.4150404437500931,1.0
Dmel_CG16718,0.81460124,0.15364677,0.4153005979284897,1.0
Dmel_CG2762,0.8145148,0.40953642,0.4153500847610888,1.0
Dmel_CG4572,0.8129061,0.12278201,0.41627190582515117,1.0
Dmel_CG14232,0.81261283,0.033102587,0.416440082487345,1.0
Dmel_CG6375,0.8123472,0.18503618,0.41659245101831266,1.0
Dmel_CG33090,0.8116756,0.018553233,0.4169777852984041,1.0
Dmel_CG10042,0.811564,0.0979134,0.4170418247966543,1.0
Dmel_CG4096,0.8114716,0.9286575,0.41709489048811144,1.0
Dmel_CG11007,0.8100329,0.07667328,0.4179212764292335,1.0
Dmel_CG13298,0.8099546,0.000932765,0.41796626500397627,1.0
Dmel_CG10251,0.8094102,0.076457,0.4182792282413329,1.0
Dmel_CG14030,0.80892,0.05151091,0.4185611557105916,1.0
Dmel_CG5254,0.8086884,0.33054942,0.41869441756652337,1.0
Dmel_CG14057,0.80787516,0.15929568,0.4191624580710748,1.0
Dmel_CG16972,0.80672896,0.08399569,0.4198226401934786,1.0
Dmel_CG13956,0.80654764,0.05046639,0.4199271501908727,1.0
Dmel_CG12065,0.8060192,0.19028714,0.4202317860322543,1.0
Dmel_CG10206,0.8055382,0.19463421,0.4205091746432611,1.0
Dmel_CG5009,0.80493605,0.2834587,0.4208565725751202,1.0
Dmel_CG13993,0.8048673,0.031952657,0.4208962275167123,1.0
Dmel_CG15094,0.80448836,0.23871885,0.4211149823211947,1.0
Dmel_CG2064,0.80423266,0.28742883,0.42126262839542805,1.0
Dmel_CG10198,0.8040456,0.060363878,0.4213706214808548,1.0
Dmel_CG12021,0.8034761,0.08985806,0.4216996095474399,1.0
Dmel_CG4774,0.8033645,0.091179825,0.4217640744763974,1.0
Dmel_CG42394,0.80292034,0.09487392,0.4220207635753185,1.0
Dmel_CG3278,0.8028265,0.00065018504,0.42207501980095885,1.0
Dmel_CG12190,0.80035424,0.07453705,0.4235055799131062,1.0
Dmel_CG7748,0.8002512,0.08454721,0.4235652822906676,1.0
Dmel_CG42702,0.8000964,0.8947494,0.4236549476888102,1.0
Dmel_CG4707,0.79799604,0.12982301,0.4248727861210526,1.0
Dmel_CG14049,0.7979674,0.1907276,0.42488943516100763,1.0
Dmel_CG1417,0.7972969,0.18208912,0.4252786379230451,1.0
Dmel_CG17523,0.7971878,0.045085613,0.4253419827291779,1.0
Dmel_CG18335,0.7968109,1.2741702,0.4255608526276039,1.0
Dmel_CG17818,0.7966781,0.028523462,0.4256380075913422,1.0
Dmel_CG7887,0.7963593,0.0376137,0.4258232128152484,1.0
Dmel_CG31731,0.7959276,0.14469078,0.4260741379757441,1.0
Dmel_CG6238,0.795669,0.012209069,0.42622444617873434,1.0
Dmel_CG11601,0.7951937,0.11064097,0.4265008468715299,1.0
Dmel_CG1134,0.7948406,0.15565057,0.42670625840672427,1.0
Dmel_CG6272,0.79465353,0.1590987,0.42681506540396685,1.0
Dmel_CG7665,0.7941821,0.4579569,0.4270894214690061,1.0
Dmel_CG3090,0.7939717,0.66801876,0.4272118945232155,1.0
Dmel_CG11906,0.7926715,0.18907443,0.42796924836478556,1.0
Dmel_CG4448,0.7925939,0.27089912,0.42801445433788976,1.0
Dmel_CG1407,0.7923874,0.061146367,0.42813481072699544,1.0
Dmel_CG6695,0.79225886,0.10706602,0.42820975955990037,1.0
Dmel_CG17361,0.7918519,0.09311146,0.4284470446233054,1.0
Dmel_CG11100,0.79182816,0.6612243,0.4284608834491155,1.0
Dmel_CG16890,0.7918239,0.15217724,0.42846336207224145,1.0
Dmel_CG8374,0.79149413,0.69003814,0.42865568734405624,1.0
Dmel_CG30094,0.7914662,0.04815628,0.4286720094147941,1.0
Dmel_CG15210,0.7907627,0.9950432,0.4290824526301382,1.0
Dmel_CR42651,0.7901815,0.9668356,0.4294217675980617,1.0
Dmel_CG17689,0.78982735,0.0468453,0.4296286173261329,1.0
Dmel_CG10741,0.78959566,0.16744155,0.42976392835068644,1.0
Dmel_CG2199,0.7893474,0.058619343,0.429908991045017,1.0
Dmel_CG10080,0.7892872,0.115557484,0.4299441745842906,1.0
Dmel_CG31793,0.7888423,0.20487729,0.4302041706624683,1.0
Dmel_CG5358,0.7887424,0.2930863,0.43026255812340664,1.0
Dmel_CG8441,0.78847045,0.13084325,0.430421594105176,1.0
Dmel_CG42250,0.7883231,0.00025277192,0.4305077528391661,1.0
Dmel_CG9252,0.78828835,0.2949763,0.4305280513052163,1.0
Dmel_CG8777,0.7876749,0.4177949,0.43088688726564794,1.0
Dmel_CG1582,0.78761965,0.13906656,0.4309192158784829,1.0
Dmel_CG3156,0.78746665,0.16877697,0.4310087486104861,1.0
Dmel_CG6815,0.7868047,0.04070253,0.4313962263227348,1.0
Dmel_CG9004,0.7862199,0.12920454,0.431738676594825,1.0
Dmel_CG32590,0.78598964,0.058733013,0.4318735427439011,1.0
Dmel_CG8591,0.78549874,0.07666066,0.4321612003745303,1.0
Dmel_CG6756,0.78468907,0.08220499,0.4326358910597011,1.0
Dmel_CG30007,0.7840919,0.10640492,0.4329861843263535,1.0
Dmel_CG18643,0.78397995,0.0932547,0.43305185660041545,1.0
Dmel_CG12390,0.78299993,0.14634378,0.4336271507662903,1.0
Dmel_CG1057,0.78291,-0.009415543,0.4336799827011175,1.0
Dmel_CG5198,0.7825632,0.059092604,0.4338836492616258,1.0
Dmel_CG11454,0.7823213,0.019505996,0.43402577010554844,1.0
Dmel_CG15535,0.78088117,0.10024127,0.4348723931205565,1.0
Dmel_CG9006,0.7804317,0.10995352,0.43513681954169525,1.0
Dmel_CG5497,0.78019226,0.0074336315,0.435277718141451,1.0
Dmel_CG7824,0.7796716,0.7851163,0.43558420091944006,1.0
Dmel_CG6501,0.7794534,0.0025648908,0.4357126687988515,1.0
Dmel_CG5721,0.7790167,0.098670825,0.43596987874404947,1.0
Dmel_CG3909,0.7778971,0.35874206,0.4366296788477727,1.0
Dmel_CG11993,0.7776102,0.081431165,0.43679884386484147,1.0
Dmel_CG8334,0.7764931,0.058069147,0.43745790276846985,1.0
Dmel_CG32137,0.7764612,0.20509762,0.4374767175363533,1.0
Dmel_CG18362,0.7762958,0.02292964,0.43757435275378886,1.0
Dmel_CG9453,0.77609426,0.19563931,0.43769332995224897,1.0
Dmel_CG4786,0.77590406,1.2206054,0.4378056330603457,1.0
Dmel_CG3274,0.7751238,0.13429777,0.43826652112824405,1.0
Dmel_CG6456,0.77400595,0.41798937,0.43892727148327604,1.0
Dmel_CG14816,0.77324516,0.15635498,0.43937731082063436,1.0
Dmel_CG11397,0.7729377,0.079725735,0.4395592454292405,1.0
Dmel_CG11968,0.77149546,0.11200147,0.44041332221070373,1.0
Dmel_CG6198,0.7673528,0.20034727,0.44287177120067855,1.0
Dmel_CG7169,0.7670142,0.10576985,0.4430730645778712,1.0
Dmel_CG30359,0.76685375,0.8777782,0.44316846557670797,1.0
Dmel_CG6723,0.7656803,0.3605016,0.4438665343174446,1.0
Dmel_CG3511,0.7652135,0.09269063,0.444144419221966,1.0
Dmel_CG14939,0.76458234,0.0049642115,0.4445202909673105,1.0
Dmel_CG3871,0.76413643,0.84133196,0.4447859573180909,1.0
Dmel_CG13089,0.7638194,0.17801394,0.4449748697132543,1.0
Dmel_CG42687,0.76373863,-0.0029308216,0.4450230021938383,1.0
Dmel_CG33695,0.7635938,0.10604817,0.4451093525477876,1.0
Dmel_CG9212,0.7630324,-0.005955103,0.44544407679123,1.0
Dmel_CG11331,0.7625939,0.7735685,0.4457056204682953,1.0
Dmel_CG14782,0.76237184,0.19382785,0.4458381157817405,1.0
Dmel_CG7956,0.7621235,-0.0019250129,0.44598627506246724,1.0
Dmel_CG3183,0.7616383,0.086152025,0.4462759112308632,1.0
Dmel_CG3606,0.7607843,0.051057354,0.446785888586831,1.0
Dmel_CG3772,0.7601259,0.19735366,0.4471793326007021,1.0
Dmel_CG6054,0.7590343,0.12689103,0.4478320497196936,1.0
Dmel_CG1722,0.75845766,0.29941827,0.44817705185720313,1.0
Dmel_CG16912,0.75831634,0.17729661,0.4482616300777744,1.0
Dmel_CG10495,0.7574893,0.3266738,0.4487567745649079,1.0
Dmel_CG8485,0.7571645,-0.016067928,0.44895131231799557,1.0
Dmel_CG15088,0.75577503,0.40111876,0.4497841006104538,1.0
Dmel_CG32594,0.75562483,0.65855736,0.44987416123618196,1.0
Dmel_CG6531,0.75506413,0.7255322,0.4502104920357771,1.0
Dmel_CG32843,0.7542619,0.09347591,0.4506919710655546,1.0
Dmel_CG44010,0.7539541,0.34162122,0.45087677481959876,1.0
Dmel_CG8728,0.75299746,0.070794255,0.4514514501611352,1.0
Dmel_CG16896,0.7526319,0.19821498,0.4516711318801835,1.0
Dmel_CG3931,0.7526298,0.30085397,0.45167240927622376,1.0
Dmel_CG6116,0.7515113,0.09070463,0.4523450288701736,1.0
Dmel_CG8930,0.7513738,0.50124437,0.45242770766734597,1.0
Dmel_CG31950,0.7495717,0.14802657,0.453512697780999,1.0
Dmel_CG14688,0.749503,0.28430238,0.4535540963301887,1.0
Dmel_CG6607,0.7494789,0.013582549,0.4535686076665131,1.0
Dmel_CG33493,0.7476467,0.34657735,0.45467330390456584,1.0
Dmel_CG7818,0.7473796,0.23972031,0.4548344473948184,1.0
Dmel_CG7002,0.7473431,1.0849158,0.45485646286227843,1.0
Dmel_CG3697,0.74691,0.3660597,0.45511791569394155,1.0
Dmel_CG11937,0.74686784,0.27404612,0.4551433600203618,1.0
Dmel_CG4608,0.7466117,0.3584723,0.4552979675557983,1.0
Dmel_CG32667,0.7465338,0.5512002,0.45534501859223897,1.0
Dmel_CG3633,0.7464626,0.054794185,0.45538800852281724,1.0
Dmel_CG3408,0.7464428,0.24791828,0.4553999862238425,1.0
Dmel_CG30390,0.7463769,0.07569991,0.45543977057492313,1.0
Dmel_CG6718,0.7461867,0.07652755,0.45555464282345093,1.0
Dmel_CG7816,0.7460096,0.040595304,0.45566161488239376,1.0
Dmel_CG15270,0.74394995,-0.027599989,0.45690673755704214,1.0
Dmel_CG3532,0.7433135,0.042056154,0.4572919020871944,1.0
Dmel_CG9232,0.7427068,0.118916124,0.4576592319521424,1.0
Dmel_CG9750,0.74257857,0.16545112,0.4577368791877332,1.0
Dmel_CG31689,0.7420664,0.63166946,0.4580471128829856,1.0
Dmel_CG5500,0.74151707,0.007059335,0.4583800050051209,1.0
Dmel_CG34136,0.7410137,0.14663395,0.45868511420145675,1.0
Dmel_CG1973,0.7405115,0.011301581,0.458989692708095,1.0
Dmel_CG5287,0.7403939,0.19330414,0.4590610208301904,1.0
Dmel_CG4428,0.7396115,0.051433057,0.45953576876268953,1.0
Dmel_CG8778,0.7394206,0.07690807,0.4596516498300338,1.0
Dmel_CG3386,0.73904055,0.122072995,0.4598823856981671,1.0
Dmel_CG12948,0.73890525,0.0894643,0.45996454589358715,1.0
Dmel_CG10988,0.7386945,0.1522758,0.4600925342871548,1.0
Dmel_CG7837,0.7377084,0.11692938,0.4606916556018751,1.0
Dmel_CG6827,0.73684275,-0.015584433,0.46121796773685253,1.0
Dmel_CG3480,0.7368336,0.09313767,0.4612235686076732,1.0
Dmel_CG4036,0.7361953,0.09393902,0.46161184462308114,1.0
Dmel_CG12938,0.73598707,0.52587634,0.4617385801728089,1.0
Dmel_CG8190,0.73553437,0.08498297,0.4620141030071254,1.0
Dmel_CG8353,0.7351111,0.22443028,0.462271814953533,1.0
Dmel_CG10415,0.7349238,0.08213725,0.46238592392725186,1.0
Dmel_CG8680,0.73477006,0.016892394,0.46247955247569694,1.0
Dmel_CG33275,0.7345876,0.3515986,0.4625906691973406,1.0
Dmel_CG31678,0.7335403,0.007420391,0.4632289615053573,1.0
Dmel_CG10731,0.73347723,0.09412256,0.4632673998987267,1.0
Dmel_CG3476,0.73273486,0.26648298,0.4637201564589456,1.0
Dmel_CG14021,0.73250926,0.8280233,0.46385780352463946,1.0
Dmel_CG31957,0.73210084,0.13420203,0.46410700905236746,1.0
Dmel_CG1795,0.7320208,0.4468804,0.4641558646646857,1.0
Dmel_CG8858,0.7308098,0.11891157,0.46489531710723964,1.0
Dmel_CG18041,0.73080313,0.022467617,0.46489942820763297,1.0
Dmel_CG4705,0.73059344,0.26989055,0.4650275315697443,1.0
Dmel_CG7809,0.7303674,0.13198487,0.4651656108818506,1.0
Dmel_CG6904,0.7291823,0.06499493,0.46589014290298003,1.0
Dmel_CG6981,0.7289326,0.41432604,0.4660428812335635,1.0
Dmel_CG8202,0.7286163,0.22620454,0.4662363896987739,1.0
Dmel_CG30176,0.72845197,0.06404507,0.4663369536988524,1.0
Dmel_CG1406,0.72817254,0.1394545,0.4665079834880065,1.0
Dmel_CG3415,0.7271804,0.14303358,0.4671154311528637,1.0
Dmel_CG12321,0.7270345,0.25674716,0.46720481781771195,1.0
Dmel_CG8675,0.72455305,0.06395052,0.46872627614066353,1.0
Dmel_CG9628,0.7244305,0.23794013,0.4688014862316551,1.0
Dmel_CG4390,0.72403944,0.061144505,0.46904150757934415,1.0
Dmel_CG31911,0.7232843,0.18227184,0.46950521940775725,1.0
Dmel_CG9999,0.7232755,0.4763878,0.469510658432194,1.0
Dmel_CG3294,0.7232227,0.1556238,0.4695430757403163,1.0
Dmel_CG17952,0.72182435,0.47574094,0.47040247622502573,1.0
Dmel_CG1427,0.7216756,0.06375649,0.4704939528977018,1.0
Dmel_CG3461,0.7215973,0.07032647,0.4705420909952449,1.0
Dmel_CG31298,0.72156686,-0.0134408055,0.4705608242025344,1.0
Dmel_CG3328,0.72117156,0.44537008,0.47080395757807203,1.0
Dmel_CG7478,0.71909636,0.96465933,0.47208154462675433,1.0
Dmel_CG6745,0.7188966,0.35955617,0.472204628629607,1.0
Dmel_CG6742,0.71884066,0.047316354,0.4722391127789626,1.0
Dmel_CG15678,0.7187925,1.1580566,0.47226879644886255,1.0
Dmel_CR43837,0.7184857,1.7121608,0.4724578356900293,1.0
Dmel_CG4338,0.71707284,0.086364195,0.4733291328063822,1.0
Dmel_CG12113,0.71584916,0.3646209,0.474084504784116,1.0
Dmel_CG11964,0.71558565,0.11468718,0.4742472532968913,1.0
Dmel_CG5621,0.7150182,0.5088283,0.47459779178195083,1.0
Dmel_CG10118,0.71497715,0.035469186,0.4746231796177942,1.0
Dmel_CG12220,0.7147618,0.1186766,0.4747562590936132,1.0
Dmel_CG14750,0.7147019,0.0097587705,0.4747932535733457,1.0
Dmel_CG6120,0.7136967,-0.035687964,0.47541473454854777,1.0
Dmel_CG6701,0.71365035,0.619386,0.47544343242621523,1.0
Dmel_CG6425,0.7135051,0.32390517,0.4755332563524416,1.0
Dmel_CG9378,0.7134846,-0.002006835,0.47554596390324944,1.0
Dmel_CG9053,0.7131148,0.04830562,0.47577473166540574,1.0
Dmel_CG4241,0.7129476,0.17670676,0.47587817904129104,1.0
Dmel_CG15908,0.7129086,-0.00080388953,0.475902289311638,1.0
Dmel_CG31937,0.7123203,0.17452152,0.476266435787546,1.0
Dmel_CG13151,0.71070945,0.23052476,0.4772642896839603,1.0
Dmel_CG1866,0.71056706,-0.019952787,0.47735254549159345,1.0
Dmel_CG7685,0.7102727,0.09439835,0.47753501304320156,1.0
Dmel_CG14375,0.71027064,0.39021567,0.4775363306371776,1.0
Dmel_CG10188,0.70950204,-0.0019915355,0.4780129908663192,1.0
Dmel_CG12162,0.7088142,0.03315505,0.47843978928758835,1.0
Dmel_CG11849,0.70862436,0.1838612,0.47855762406532076,1.0
Dmel_CR44291,0.7084175,0.26388067,0.47868602925763115,1.0
Dmel_CG30052,0.708386,0.63309866,0.47870559950956915,1.0
Dmel_CG31713,0.70828784,0.09648564,0.4787665119667789,1.0
Dmel_CG9363,0.70825243,0.043550875,0.4787885030634702,1.0
Dmel_CG1231,0.7081175,0.16760866,0.47887229419671473,1.0
Dmel_CG9335,0.7079245,0.36791232,0.47899216682339696,1.0
Dmel_CR45134,0.7077998,0.93589646,0.47906959785118364,1.0
Dmel_CG6546,0.7071856,0.03696243,0.47945113338227463,1.0
Dmel_CG32485,0.70626825,-0.013805759,0.48002132498356387,1.0
Dmel_CG2851,0.7053849,0.7149358,0.48057073132673034,1.0
Dmel_CG9591,0.70527655,0.14974576,0.480638164034915,1.0
Dmel_CG2346,0.70444345,0.8448244,0.48115664238938105,1.0
Dmel_CG8676,0.7035325,-0.0205995,0.48172396625092684,1.0
Dmel_CG17323,0.7034531,0.5740038,0.4817733927042207,1.0
Dmel_CG6892,0.7025542,0.64673376,0.4823336047346496,1.0
Dmel_CG11123,0.7014204,0.3564727,0.4830406652114383,1.0
Dmel_CG4404,0.7005367,-0.015233489,0.48359216932248306,1.0
Dmel_CG6176,0.699941,0.15586497,0.48396415761971556,1.0
Dmel_CG11210,0.69949186,0.09795895,0.48424468894164874,1.0
Dmel_CG3703,0.69894254,-0.013887931,0.484587950805097,1.0
Dmel_CG9280,0.69883275,0.9744898,0.48465657472337487,1.0
Dmel_CG10641,0.69854546,-0.019057091,0.4848361286551719,1.0
Dmel_CG7275,0.6985235,0.21978748,0.4848498568256334,1.0
Dmel_CG11375,0.69775915,0.08769019,0.4853278169280687,1.0
Dmel_CG4930,0.6967936,0.1645794,0.4859319437786186,1.0
Dmel_CG13902,0.6965857,0.23239157,0.48606208593354916,1.0
Dmel_CG8931,0.69592303,0.07933482,0.4864770259725928,1.0
Dmel_CG43783,0.69590604,0.06619908,0.48648767366594003,1.0
Dmel_CG4554,0.6948973,0.32035193,0.4871196622323709,1.0
Dmel_CG10275,0.69483995,0.87942284,0.487155624344191,1.0
Dmel_CG3077,0.6948084,0.07707262,0.487175381917094,1.0
Dmel_CG1147,0.69448894,0.17248516,0.4873756460043156,1.0
Dmel_CR43496,0.6941156,0.16551486,0.4876097137782477,1.0
Dmel_CG17227,0.69334453,0.1878999,0.48809336456982977,1.0
Dmel_CG1675,0.69307005,0.15107533,0.48826560401929164,1.0
Dmel_CG13822,0.6928373,0.48635757,0.4884116442902602,1.0
Dmel_CR42254,0.69283235,0.2160244,0.4884147565157504,1.0
Dmel_CG10318,0.69227594,0.0897202,0.48876406058482424,1.0
Dmel_CG11166,0.6920921,-0.00874378,0.48887948724118946,1.0
Dmel_CG33527,0.69160897,0.66374093,0.48918291362911126,1.0
Dmel_CG10384,0.69158065,-0.032254376,0.48920071304657653,1.0
Dmel_CG3260,0.69138795,0.111409195,0.48932175833522784,1.0
Dmel_CG7528,0.6913515,0.023364972,0.48934467865236475,1.0
Dmel_CG9735,0.6904154,0.10311999,0.4899330161353571,1.0
Dmel_CG17334,0.6902673,0.91000104,0.4900260986770373,1.0
Dmel_CG5403,0.6900516,0.44036382,0.4901617311767217,1.0
Dmel_CG14341,0.6894396,0.03223075,0.49054668995030093,1.0
Dmel_CG42301,0.6888665,0.14399804,0.49090729053700677,1.0
Dmel_CG33635,0.6884276,0.07875409,0.49118352037963164,1.0
Dmel_CG42360,0.68812233,0.05177608,0.4913757488923508,1.0
Dmel_CG14353,0.6876888,0.112552404,0.49164877385260364,1.0
Dmel_CG14648,0.6875443,-0.0034570745,0.4917398002651643,1.0
Dmel_CG10566,0.6869478,0.031670753,0.4921156030163365,1.0
Dmel_CG8531,0.6858874,0.06334744,0.49278412666348914,1.0
Dmel_CG2974,0.68563414,0.31180596,0.4929438494018349,1.0
Dmel_CG42261,0.68559414,-0.0068514696,0.4929690948343799,1.0
Dmel_CG12672,0.6855601,0.0780355,0.4929905428257544,1.0
Dmel_CG7106,0.685247,1.3505578,0.49318806657712977,1.0
Dmel_CG11132,0.684443,0.002735627,0.49369547667889147,1.0
Dmel_CG3815,0.68356955,0.11249495,0.4942470149172693,1.0
Dmel_CG14026,0.6826568,0.07433451,0.4948237310530079,1.0
Dmel_CG2224,0.682541,0.09941324,0.4948969372694443,1.0
Dmel_CG6758,0.682162,0.07454164,0.49513652099516037,1.0
Dmel_CG6782,0.6819757,1.246798,0.49525432038034156,1.0
Dmel_CG46387,0.6818248,0.8726626,0.4953497354152906,1.0
Dmel_CG6634,0.68160063,0.80934596,0.495491532224145,1.0
Dmel_CG9667,0.68115395,0.076750636,0.4957740703847052,1.0
Dmel_CG5952,0.6804785,0.26297897,0.4962015138389889,1.0
Dmel_CG42533,0.6804785,-0.003268639,0.4962015138389889,1.0
Dmel_CG30077,0.6799862,0.011696169,0.4965131984398534,1.0
Dmel_CG32708,0.6792013,0.09359468,0.4970103157289918,1.0
Dmel_CG44246,0.6785237,0.23102532,0.4974396739516287,1.0
Dmel_CG10166,0.678222,0.11784072,0.4976309623928591,1.0
Dmel_CG4136,0.6782078,-0.0051330337,0.49763994403319756,1.0
Dmel_CG6171,0.6776057,0.035696473,0.49802174351010886,1.0
Dmel_CG18522,0.6772678,0.75262684,0.49823606864888337,1.0
Dmel_CG10689,0.67714167,0.1961301,0.4983160599904938,1.0
Dmel_CG42495,0.6770096,0.087435566,0.4983998784705054,1.0
Dmel_CG12219,0.6768668,0.15912679,0.49849044680917276,1.0
Dmel_CG1891,0.6767698,0.040001407,0.4985520292874992,1.0
Dmel_CG6437,0.6758652,0.15513286,0.4991262444320964,1.0
Dmel_CG10673,0.67534167,0.075138666,0.4994587032143084,1.0
Dmel_CG8171,0.67499036,0.29180464,0.4996819079236339,1.0
Dmel_CG4912,0.6745965,-0.009613375,0.4999321761379343,1.0
Dmel_CG15871,0.67429507,0.011727174,0.5001237482647725,1.0
Dmel_CG1492,0.6736235,0.046874363,0.5005507046699952,1.0
Dmel_CG7966,0.6734368,1.040268,0.5006694130495486,1.0
Dmel_CG31301,0.67289567,0.03903628,0.5010136841265329,1.0
Dmel_CG34134,0.6726204,0.07505682,0.5011887967717905,1.0
Dmel_CG17806,0.67155397,0.23708892,0.5018676925989883,1.0
Dmel_CR32873,0.6712993,0.028201908,0.5020298788364721,1.0
Dmel_CG8286,0.6705746,0.087242834,0.5024915507636958,1.0
Dmel_CG1454,0.6700058,0.07496878,0.5028540956166303,1.0
Dmel_CG1747,0.66943663,0.9425815,0.5032170045421898,1.0
Dmel_CG18321,0.6692007,0.101176076,0.5033674479111715,1.0
Dmel_CG46284,0.66862905,0.10405757,0.5037321344089618,1.0
Dmel_CG7120,0.66860074,0.03091387,0.5037502141945754,1.0
Dmel_CG3876,0.6685837,0.010836335,0.5037610622303561,1.0
Dmel_CG10795,0.6680007,0.068773404,0.5041331340595219,1.0
Dmel_CG10426,0.66757,0.06568096,0.5044080991658902,1.0
Dmel_CG42231,0.66725624,0.4595577,0.5046084936032276,1.0
Dmel_CG7933,0.66648126,-0.0148434015,0.5051035526286007,1.0
Dmel_CG32856,0.6662829,0.04800983,0.5052302998919164,1.0
Dmel_CG11414,0.6649451,0.036444504,0.5060856022815876,1.0
Dmel_CG7962,0.6643193,-0.01259821,0.5064860011778104,1.0
Dmel_CG14010,0.66385067,0.02208702,0.5067858995148313,1.0
Dmel_CR33940,0.6637557,0.4530046,0.5068466612621068,1.0
Dmel_CG7218,0.66308063,0.12566558,0.5072789055984419,1.0
Dmel_CG8401,0.6627473,0.7156755,0.5074923777630888,1.0
Dmel_CG13434,0.6621573,0.42473933,0.507870436691441,1.0
Dmel_CG1468,0.66157675,1.2109891,0.5082425127893947,1.0
Dmel_CG10449,0.6608475,0.17122723,0.5087101373549527,1.0
Dmel_CG10882,0.6608322,0.035371415,0.5087199055944502,1.0
Dmel_CG8291,0.66080356,0.06862753,0.5087383064986697,1.0
Dmel_CG11127,0.6605397,0.091397755,0.5089075657417494,1.0
Dmel_CG5110,0.66046846,0.041172963,0.5089532367125325,1.0
Dmel_CG11254,0.6600962,0.724707,0.5091920785985031,1.0
Dmel_CG9753,0.6599889,0.3321935,0.5092609468654004,1.0
Dmel_CG2144,0.65863943,0.14556417,0.5101273303475231,1.0
Dmel_CG8078,0.6578517,0.09436302,0.5106334179669452,1.0
Dmel_CG3172,0.6570034,0.049705174,0.5111787112483479,1.0
Dmel_CG12001,0.65688443,0.2723452,0.5112552360042116,1.0
Dmel_CG4673,0.6563379,0.055050872,0.5116067345349781,1.0
Dmel_CG1637,0.65605134,0.0048618177,0.5117910767716813,1.0
Dmel_CG17593,0.6557949,0.033702075,0.5119560799274687,1.0
Dmel_CG8258,0.65524024,0.020296732,0.5123130739381924,1.0
Dmel_CG13848,0.6549619,0.22679964,0.5124923037561753,1.0
Dmel_CR31044,0.6546817,0.7022817,0.512672706708797,1.0
Dmel_CG17249,0.6532717,0.1884607,0.5135811534992025,1.0
Dmel_CG11049,0.6524092,0.39696956,0.5141372225577192,1.0
Dmel_CG31200,0.65225977,0.85511225,0.5142336244636987,1.0
Dmel_CG8816,0.65219885,0.13207911,0.5142729189319855,1.0
Dmel_CG8145,0.65210533,0.21093775,0.5143332344089687,1.0
Dmel_CG5126,0.65209717,0.14485183,0.5143384893406077,1.0
Dmel_CR44690,0.6518673,0.46762174,0.5144867813095235,1.0
Dmel_CG1792,0.65157366,0.086003415,0.5146762343433924,1.0
Dmel_CG32344,0.65115535,0.1428988,0.5149461932460293,1.0
Dmel_CG2906,0.6510059,0.21445626,0.5150426739576116,1.0
Dmel_CG10866,0.6508458,0.09793735,0.5151460239009066,1.0
Dmel_CG12173,0.6495562,0.03691728,0.5159789323483275,1.0
Dmel_CG5773,0.6494864,1.4685674,0.516024017616982,1.0
Dmel_CG8995,0.64938194,0.12508059,0.5160915349110134,1.0
Dmel_CG5092,0.6490338,0.08017537,0.5163165493320863,1.0
Dmel_CG33556,0.6488581,0.06736687,0.5164301059230799,1.0
Dmel_CG12129,0.64792836,0.037100606,0.5170313013611035,1.0
Dmel_CG2714,0.64785147,0.12840828,0.5170810164000832,1.0
Dmel_CG9272,0.6477424,0.25136173,0.5171515839315999,1.0
Dmel_CG4602,0.6476574,-0.0040639127,0.5172065750753004,1.0
Dmel_CG11426,0.6474424,0.81844825,0.5173456703543615,1.0
Dmel_CG6724,0.6472026,0.18198788,0.5175008291160763,1.0
Dmel_CG11430,0.64608335,-0.0030372466,0.5182253745726418,1.0
Dmel_CG2206,0.6452,-0.04547025,0.5187975852923024,1.0
Dmel_CG3054,0.6450852,0.04495597,0.5188719461583416,1.0
Dmel_CG3764,0.6447374,0.0013806928,0.5190973574701072,1.0
Dmel_CR44708,0.6446847,1.5074713,0.5191315638077714,1.0
Dmel_CG14791,0.64447004,-0.00081411115,0.5192706968775047,1.0
Dmel_CG10971,0.64440024,0.014736157,0.519315930750508,1.0
Dmel_CG1886,0.6441594,0.11128002,0.5194720836034497,1.0
Dmel_CG1849,0.6430019,0.26678473,0.5202228737643111,1.0
Dmel_CG8890,0.6429137,0.3938971,0.5202801019383431,1.0
Dmel_CG3058,0.6427582,-0.0024013554,0.5203810061006262,1.0
Dmel_CG6752,0.64107436,0.3095536,0.5214743587835663,1.0
Dmel_CG9615,0.64079565,0.27983773,0.5216554716124815,1.0
Dmel_CG34293,0.64074713,0.057989635,0.521687002819279,1.0
Dmel_CG43107,0.6404,0.7608821,0.5219125831040354,1.0
Dmel_CG13399,0.6403072,0.038513932,0.5219728997991016,1.0
Dmel_CR44813,0.639427,0.6496295,0.5225451657029252,1.0
Dmel_CG32113,0.63916886,0.016288126,0.5227131068498712,1.0
Dmel_CG1121,0.6383266,0.20177165,0.5232611239796524,1.0
Dmel_CG6986,0.637542,0.5087394,0.5237718423886548,1.0
Dmel_CG6194,0.6374676,0.08028554,0.5238202759076909,1.0
Dmel_CG6961,0.6373171,0.26039883,0.5239183031515553,1.0
Dmel_CG10610,0.6363636,0.07606292,0.5245394376433474,1.0
Dmel_CG13550,0.636109,0.24675927,0.5247053988116621,1.0
Dmel_CG6383,0.6355118,0.08018969,0.5250946704896137,1.0
Dmel_CG34415,0.6354243,0.151854,0.5251517114323327,1.0
Dmel_CG11555,0.63477015,0.0460585,0.5255783488542936,1.0
Dmel_CG6179,0.63455266,0.07928702,0.525720215596534,1.0
Dmel_CG11471,0.6342427,0.080773406,0.5259224210873615,1.0
Dmel_CG32335,0.6341581,0.9988544,0.525977658984875,1.0
Dmel_CG3319,0.6340479,0.14872283,0.5260495420278446,1.0
Dmel_CG12324,0.6336874,0.03290712,0.5262848727591377,1.0
Dmel_CG10079,0.63348335,0.8826585,0.5264180503161113,1.0
Dmel_CG3376,0.63279766,1.0397767,0.5268658010185567,1.0
Dmel_CG15400,0.63158137,0.08452434,0.527660481421536,1.0
Dmel_CG10068,0.6304143,0.07678967,0.5284235692155597,1.0
Dmel_CR43995,0.63035303,0.8316827,0.5284636497431661,1.0
Dmel_CG4424,0.63033813,0.29569662,0.5284733805094308,1.0
Dmel_CG16798,0.6301118,0.5848688,0.5286214384214237,1.0
Dmel_CG1140,0.62939596,0.50735754,0.5290898482046087,1.0
Dmel_CG3836,0.6293648,0.29027238,0.5291102488751076,1.0
Dmel_CG3178,0.6292486,0.10691338,0.5291862912634663,1.0
Dmel_CG10122,0.62881017,0.19006173,0.5294733549958255,1.0
Dmel_CG4738,0.62827885,0.36165303,0.5298212765648148,1.0
Dmel_CG9637,0.627845,0.0064161294,0.5301054986794729,1.0
Dmel_CG33979,0.627331,0.0054275612,0.530442257054675,1.0
Dmel_CG12428,0.6266914,0.29911345,0.5308615580340557,1.0
Dmel_CG3273,0.6266262,0.04293565,0.5309042869522996,1.0
Dmel_CG17743,0.6260875,-0.0027741191,0.5312575640165218,1.0
Dmel_CG17544,0.6258204,0.12600505,0.5314327370044787,1.0
Dmel_CG11447,0.6257078,0.12428543,0.5315066251070778,1.0
Dmel_CG6884,0.6255902,0.06013562,0.5315837717014051,1.0
Dmel_CG7262,0.62447447,0.24872614,0.5323160171576883,1.0
Dmel_CG4484,0.62440366,0.8709347,0.532362526168935,1.0
Dmel_CG18549,0.6239159,-0.01120147,0.5326827965451182,1.0
Dmel_CG30084,0.6230446,0.54935104,0.5332551997103041,1.0
Dmel_CG10698,0.62292206,0.24430484,0.5333357333873501,1.0
Dmel_CG14517,0.62286043,0.12056611,0.5333762353055491,1.0
Dmel_CG7417,0.62275064,0.2992361,0.533448397747864,1.0
Dmel_CG2278,0.62204474,0.02199241,0.5339124502329619,1.0
Dmel_CG11134,0.6209379,0.13522099,0.5346404892190224,1.0
Dmel_CG15929,0.62047637,-0.02912444,0.5349442002499871,1.0
Dmel_CG8243,0.6202458,0.019098165,0.5350959718099224,1.0
Dmel_CG15107,0.61993694,0.06541871,0.5352993004448301,1.0
Dmel_CG5714,0.6197878,0.06977783,0.5353974810741151,1.0
Dmel_CG10512,0.61904687,0.1597223,0.5358854870646842,1.0
Dmel_CG10324,0.61845535,0.041394487,0.5362752127894308,1.0
Dmel_CG6363,0.61827546,0.034502063,0.5363937923768594,1.0
Dmel_CG7948,0.6180215,0.2656381,0.5365611801101,1.0
Dmel_CG34219,0.61711687,0.109979965,0.5371576393857693,1.0
Dmel_CG42595,0.61695254,0.04926226,0.5372660373637413,1.0
Dmel_CG1360,0.6168562,0.3411876,0.537329586116244,1.0
Dmel_CG15087,0.6162937,0.13083833,0.5377006740629615,1.0
Dmel_CG6040,0.6153948,0.19957128,0.5382940275635635,1.0
Dmel_CG15117,0.6151008,0.733907,0.5384881427180017,1.0
Dmel_CG15459,0.6145791,2.083737,0.5388327250734888,1.0
Dmel_CG1856,0.61365,0.24302156,0.5394466031892553,1.0
Dmel_CG14593,0.61359197,0.35863176,0.5394849968305377,1.0
Dmel_CG32533,0.6134921,0.23049387,0.5395510183644863,1.0
Dmel_CG17786,0.6131567,0.13710442,0.539772758579598,1.0
Dmel_CG33114,0.6125535,0.68702704,0.5401716310730748,1.0
Dmel_CG32227,0.61219114,0.015334125,0.5404113065045166,1.0
Dmel_CG3184,0.6115674,0.05676404,0.540824010151653,1.0
Dmel_CG5641,0.611561,0.021959389,0.5408282294006881,1.0
Dmel_CG14795,0.6113478,0.5099396,0.5409693493154122,1.0
Dmel_CG8991,0.61118203,0.4733055,0.5410790698663173,1.0
Dmel_CG1665,0.6111558,0.56288666,0.54109641986019,1.0
Dmel_CG1451,0.61083776,-0.025188185,0.5413069865282167,1.0
Dmel_CG6338,0.61083066,0.11754637,0.5413116766748285,1.0
Dmel_CG10268,0.610808,0.12922107,0.5413266852803639,1.0
Dmel_CG7044,0.61063695,0.25112817,0.5414399600520177,1.0
Dmel_CG4780,0.60961014,0.1063617,0.5421200918013844,1.0
Dmel_CG4607,0.60951096,0.5123127,0.5421858049057564,1.0
Dmel_CG9298,0.60883164,0.085302964,0.5426360464498042,1.0
Dmel_CG42365,0.60836834,0.07154013,0.5429432001729853,1.0
Dmel_CG42260,0.60804814,0.16359296,0.5431555343869201,1.0
Dmel_CG12287,0.608028,0.41869515,0.5431689241025253,1.0
Dmel_CG6604,0.60777754,1.1176614,0.5433350172193194,1.0
Dmel_CG15706,0.6073118,0.3286031,0.5436440129525708,1.0
Dmel_CG4291,0.6072541,0.07661139,0.5436823204150256,1.0
Dmel_CG4951,0.6072505,0.12719186,0.5436846706098221,1.0
Dmel_CG11099,0.6070607,-0.01851341,0.5438106484471303,1.0
Dmel_CG9987,0.6065216,0.047193535,0.5441684482381657,1.0
Dmel_CG16787,0.60490614,0.019754816,0.5452413726169005,1.0
Dmel_CG13400,0.60455656,0.1469211,0.5454736914803617,1.0
Dmel_CG18316,0.60368806,0.08125272,0.546051052754575,1.0
Dmel_CG33506,0.6034699,0.07965618,0.546196147068353,1.0
Dmel_CG15082,0.60346353,0.87724024,0.5462003871245755,1.0
Dmel_CG18476,0.60336894,0.041191544,0.5462632832074623,1.0
Dmel_CG6859,0.6025547,0.059381083,0.5468049975619325,1.0
Dmel_CG42233,0.60251075,0.11590073,0.5468342232935259,1.0
Dmel_CG8090,0.60177404,0.035906047,0.5473245766351789,1.0
Dmel_CG10209,0.60167557,0.07184171,0.5473901307219573,1.0
Dmel_CG4154,0.60159904,0.03268736,0.5474410675137048,1.0
Dmel_CG12499,0.60148144,0.2625424,0.5475193638202117,1.0
Dmel_CG15279,0.6014588,2.4387543,0.5475344577208221,1.0
Dmel_CG6394,0.6009898,0.12733276,0.5478467589477238,1.0
Dmel_CG4061,0.60080177,0.08118286,0.5479720344008993,1.0
Dmel_CG5824,0.6002701,0.04419867,0.5483262323427992,1.0
Dmel_CG5380,0.60015005,0.084599145,0.5484062433994181,1.0
Dmel_CG10105,0.599963,0.09917953,0.5485308738738169,1.0
Dmel_CG34367,0.59993255,0.48321623,0.5485511748588777,1.0
Dmel_CG11696,0.5997905,0.08400364,0.5486458390008391,1.0
Dmel_CG3149,0.59947956,0.036121894,0.548853136776685,1.0
Dmel_CG11200,0.5994275,0.431982,0.5488878475849909,1.0
Dmel_CG17320,0.59942645,0.13119633,0.5488885559801142,1.0
Dmel_CG13610,0.5985126,0.5998198,0.5494979427802007,1.0
Dmel_CG10602,0.5979757,0.10778097,0.5498561720960833,1.0
Dmel_CG8060,0.5975485,0.13939546,0.5501412308783282,1.0
Dmel_CG33116,0.59694815,0.04911041,0.5505419961992191,1.0
Dmel_CG5068,0.5962667,-0.0185283,0.5509970802853487,1.0
Dmel_CG9366,0.5958452,0.72363275,0.5512786437944521,1.0
Dmel_CG8605,0.59553283,0.2711497,0.5514873776776674,1.0
Dmel_CG5585,0.5953734,0.12435898,0.5515938895198769,1.0
Dmel_CG4537,0.59508336,0.21837226,0.5517877670102178,1.0
Dmel_CG8228,0.59445643,0.097625755,0.5522068839642105,1.0
Dmel_CG3210,0.5944472,-0.025834098,0.552213041648961,1.0
Dmel_CG7420,0.59396833,0.2295069,0.5525332876988015,1.0
Dmel_CG30349,0.59379476,0.14874153,0.5526493756994103,1.0
Dmel_CG5473,0.5937838,0.025293445,0.5526567204447292,1.0
Dmel_CG31256,0.59349936,0.07000972,0.5528469897248734,1.0
Dmel_CG10103,0.59169585,-0.00010465169,0.5540542763925416,1.0
Dmel_CG12186,0.591546,0.21901594,0.5541546255126331,1.0
Dmel_CG17061,0.59152406,1.3020029,0.5541693346416835,1.0
Dmel_CG6754,0.5912283,0.2023964,0.5543674520087233,1.0
Dmel_CG8070,0.5909216,0.018858539,0.5545729612293379,1.0
Dmel_CG17294,0.5908699,0.01255582,0.5546076119503766,1.0
Dmel_CG14135,0.5907363,0.035446983,0.5546970916540566,1.0
Dmel_CG7550,0.5903967,0.10220617,0.5549247389459446,1.0
Dmel_CG7359,0.5901427,-0.017203812,0.5550949701396767,1.0
Dmel_CG31299,0.589672,0.06589504,0.5554105707432679,1.0
Dmel_CG9093,0.5895856,0.0197366,0.5554685234899716,1.0
Dmel_CG32442,0.58948076,0.067158744,0.555538830786029,1.0
Dmel_CG8616,0.5889788,0.27589214,0.5558754633949794,1.0
Dmel_CG13570,0.5887281,0.010888436,0.5560436982057524,1.0
Dmel_CG8944,0.5886704,0.08713593,0.5560824337492213,1.0
Dmel_CG8246,0.5880342,0.47642115,0.5565093247994805,1.0
Dmel_CG2685,0.5879446,0.045712363,0.5565694731794415,1.0
Dmel_CG9657,0.5879237,0.06615624,0.5565835003324424,1.0
Dmel_CG1673,0.5874838,1.364278,0.5568788237832132,1.0
Dmel_CG7989,0.58712006,0.30680618,0.5571230820716115,1.0
Dmel_CG45017,0.58619523,0.54051554,0.5577443085651541,1.0
Dmel_CG5815,0.5861574,0.052717037,0.557769773904799,1.0
Dmel_CG11066,0.5861549,0.26920083,0.5577714398813134,1.0
Dmel_CG8710,0.58605003,0.12456852,0.5578418891038999,1.0
Dmel_CG14818,0.5857242,0.003406534,0.5580608805367071,1.0
Dmel_CG7261,0.58546525,0.12712917,0.5582349133149329,1.0
Dmel_CG7285,0.58399606,0.051071584,0.5592229475263668,1.0
Dmel_CG32392,0.58397377,0.35711142,0.559237960373726,1.0
Dmel_CG43748,0.583723,0.067586295,0.5594066896338389,1.0
Dmel_CG5524,0.58368474,0.021663364,0.5594324301670139,1.0
Dmel_CG7021,0.5835119,0.6333482,0.5595487464080537,1.0
Dmel_CG15661,0.58315915,0.6862127,0.5597861823544374,1.0
Dmel_CG6230,0.5828007,0.16123456,0.5600274825674625,1.0
Dmel_CG1935,0.5826066,0.043456636,0.5601581681514858,1.0
Dmel_CG12717,0.5821787,0.03620785,0.5604463009744657,1.0
Dmel_CG11526,0.58209443,0.025496835,0.560503077330456,1.0
Dmel_CG33123,0.5819489,0.090634234,0.5606011304544188,1.0
Dmel_CG3373,0.58113706,0.037746258,0.5611480899503234,1.0
Dmel_CG5820,0.5810439,0.13718571,0.5612108683938217,1.0
Dmel_CG30159,0.58059514,0.6930332,0.5615133505580353,1.0
Dmel_CG8660,0.57969123,0.0023928434,0.5621228514166485,1.0
Dmel_CG6953,0.5791582,0.40990806,0.5624824442837126,1.0
Dmel_CG8237,0.5784045,0.09049538,0.5629910813454133,1.0
Dmel_CR45875,0.5781374,0.87316805,0.5631713565369936,1.0
Dmel_CG11780,0.57769114,0.15348384,0.5634726742830245,1.0
Dmel_CG10582,0.57728595,0.23250487,0.5637463189598868,1.0
Dmel_CG8454,0.5768616,0.060023807,0.5640329490510223,1.0
Dmel_CG13957,0.5767426,0.41515866,0.5641133520618027,1.0
Dmel_CG11902,0.5752599,0.06423554,0.5651155019937373,1.0
Dmel_CG5199,0.57519054,0.23708437,0.5651624463699262,1.0
Dmel_CG13163,0.57481086,0.17196727,0.5654192365264658,1.0
Dmel_CG8928,0.57477045,-0.009869436,0.5654465477326003,1.0
Dmel_CG16749,0.5746089,0.59204847,0.5655557988952923,1.0
Dmel_CG2841,0.57350385,0.31944287,0.5663035787789206,1.0
Dmel_CG3608,0.57281464,0.479006,0.566770222607093,1.0
Dmel_CG2374,0.572182,0.6806616,0.5671986611832334,1.0
Dmel_CG4976,0.57175237,0.15439923,0.5674897328323079,1.0
Dmel_CG14868,0.5716883,-0.010712618,0.567533171749677,1.0
Dmel_CG14967,0.5716157,0.049941942,0.5675823724462099,1.0
Dmel_CG7806,0.57081413,0.058884986,0.5681256357927793,1.0
Dmel_CG10593,0.57075673,0.12009173,0.5681645355929823,1.0
Dmel_CG6805,0.5707313,0.04498201,0.5681818248020059,1.0
Dmel_CG30104,0.57057893,0.81639105,0.5682850850391901,1.0
Dmel_CG6535,0.57050884,0.21198136,0.5683326357938043,1.0
Dmel_CR43870,0.56947386,0.3291957,0.5690345907838769,1.0
Dmel_CG18617,0.5691292,0.73273116,0.5692684274204087,1.0
Dmel_CG9025,0.56888944,-0.008538778,0.5694311547932469,1.0
Dmel_CG14883,0.56859833,0.022850176,0.5696287649886744,1.0
Dmel_CG13343,0.56853706,0.13854964,0.5696703586500534,1.0
Dmel_CG31258,0.56772137,0.42928663,0.5702241972376263,1.0
Dmel_CG1969,0.5675117,0.06880969,0.5703666062352595,1.0
Dmel_CG6932,0.5674366,0.04411538,0.5704176081733301,1.0
Dmel_CG6028,0.5670916,0.058435123,0.5706519563225425,1.0
Dmel_CG7052,0.5670544,0.64423096,0.570677222464951,1.0
Dmel_CG11505,0.5669779,0.036800954,0.5707292002048124,1.0
Dmel_CG12292,0.5664827,0.0005890192,0.5710656661989548,1.0
Dmel_CG43388,0.5664615,0.24213193,0.57108010891247,1.0
Dmel_CG42648,0.56632406,0.03610569,0.5711735093238157,1.0
Dmel_CG11783,0.56628543,0.053720806,0.5711997494071659,1.0
Dmel_CG4389,0.56510526,0.21750455,0.5720021541398911,1.0
Dmel_CG3949,0.5649498,0.11874948,0.5721079130581241,1.0
Dmel_CG14894,0.5638139,-0.00246864,0.5728807889817261,1.0
Dmel_CG13008,0.56258625,0.8563615,0.5737166397185068,1.0
Dmel_CG5846,0.56226325,0.13192731,0.5739366710550076,1.0
Dmel_CG33198,0.56223774,0.029842705,0.5739540436523758,1.0
Dmel_CG1789,0.5615896,-0.004794693,0.5743956807705504,1.0
Dmel_CG2812,0.5615283,0.5476856,0.5744374394853156,1.0
Dmel_CG8312,0.5612156,0.23569033,0.574650600276944,1.0
Dmel_CG44255,0.5609722,0.12893687,0.5748164715309649,1.0
Dmel_CG11055,0.5603074,0.06282868,0.5752697752296511,1.0
Dmel_CG5841,0.5594404,0.06477103,0.5758612316700222,1.0
Dmel_CG15643,0.5590422,0.16330306,0.5761328952357592,1.0
Dmel_CG30424,0.5588301,0.036581542,0.5762776943813017,1.0
Dmel_CG14196,0.55835617,0.89210737,0.5766011975444815,1.0
Dmel_CG34395,0.5582673,0.47587556,0.5766618941484001,1.0
Dmel_CG17565,0.5576782,0.025346583,0.577064115461306,1.0
Dmel_CG8388,0.5576056,0.1404567,0.5771137069146566,1.0
Dmel_CG6638,0.55732584,0.6933727,0.5773048342185035,1.0
Dmel_CG16799,0.5553827,0.98864514,0.5786329019309758,1.0
Dmel_CG15897,0.5549283,0.039040722,0.578943701530513,1.0
Dmel_CG4849,0.55198747,0.04329861,0.5809569501168341,1.0
Dmel_CG6223,0.55137503,0.027415624,0.5813765968170781,1.0
Dmel_CG18012,0.5510191,0.120686375,0.58162058614956,1.0
Dmel_CG8740,0.5506224,0.15657897,0.5818925510480183,1.0
Dmel_CG30344,0.5506188,0.08388935,0.5818949795736825,1.0
Dmel_CG32528,0.5504963,0.0399308,0.5819790094784612,1.0
Dmel_CG10754,0.54995227,0.0758374,0.5823521124024837,1.0
Dmel_CG10311,0.549637,0.088741265,0.5825683494341594,1.0
Dmel_CG15624,0.5493983,0.23779932,0.5827321314000131,1.0
Dmel_CG7662,0.5485557,-0.022693327,0.5833103999675424,1.0
Dmel_CG34310,0.54831094,0.6405971,0.5834784129184132,1.0
Dmel_CG7789,0.54810977,0.0049490375,0.5836165359631216,1.0
Dmel_CG5961,0.54789865,0.013774576,0.5837614842665748,1.0
Dmel_CG8378,0.547723,0.08450657,0.583882125167247,1.0
Dmel_CG10728,0.547339,0.11676976,0.5841458243162849,1.0
Dmel_CG12773,0.5461362,0.07578637,0.5849723105690219,1.0
Dmel_CR44506,0.5460328,0.10144711,0.5850434001266824,1.0
Dmel_CG15356,0.5460052,-0.021163376,0.5850623904825172,1.0
Dmel_CG34174,0.54598886,0.35134482,0.5850735900574227,1.0
Dmel_CG8831,0.5459584,0.27656898,0.5850945286603594,1.0
Dmel_CG14680,0.54589397,0.8643535,0.5851388417357117,1.0
Dmel_CG6388,0.5454498,0.20948702,0.585444206074921,1.0
Dmel_CG34255,0.54519016,0.1034131,0.5856227348078521,1.0
Dmel_CG6219,0.54486823,0.3276208,0.5858441650221478,1.0
Dmel_CG2508,0.5432559,0.35452163,0.586953605318253,1.0
Dmel_CG31453,0.5432113,0.204154,0.5869843286182342,1.0
Dmel_CG12252,0.5429251,0.016141927,0.5871813655760303,1.0
Dmel_CG11919,0.5428387,0.23946454,0.5872408728550726,1.0
Dmel_CG44167,0.54267967,-0.01513289,0.5873503832989682,1.0
Dmel_CG7108,0.5426439,0.9890189,0.5873750183536084,1.0
Dmel_CG7456,0.5425504,0.033592213,0.5874394132303085,1.0
Dmel_CG6597,0.54247916,0.016452981,0.5874884433383789,1.0
Dmel_CG8165,0.54221106,0.12711446,0.5876731160128246,1.0
Dmel_CG9523,0.5416284,0.03865349,0.5880745118023858,1.0
Dmel_CG2614,0.54162663,0.28053853,0.5880757320435523,1.0
Dmel_CG42339,0.54132277,-0.003328502,0.5882851427587787,1.0
Dmel_CG2025,0.5411669,0.073289186,0.5883925462340902,1.0
Dmel_CG6631,0.5407582,0.13934399,0.5886742792877908,1.0
Dmel_CG3194,0.5400994,0.01918956,0.5891285034935749,1.0
Dmel_CG10618,0.5398401,0.75833994,0.5893073070312718,1.0
Dmel_CG7737,0.53978944,0.09672555,0.589342240153061,1.0
Dmel_CG2864,0.53964317,0.13626371,0.589443136279631,1.0
Dmel_CG11987,0.53909206,0.029728698,0.5898233394544108,1.0
Dmel_CG41520,0.5390751,0.45110312,0.5898350698838071,1.0
Dmel_CG1133,0.5390028,0.37947166,0.5898849254081082,1.0
Dmel_CG5655,0.5374394,0.05848766,0.5909641373131579,1.0
Dmel_CG7600,0.53619546,0.06185586,0.5918234606183961,1.0
Dmel_CG4722,0.5360906,0.2326903,0.5918959127117445,1.0
Dmel_CG10341,0.5360032,0.2527097,0.59195637416326,1.0
Dmel_CG8166,0.53572017,0.014567042,0.5921519753618242,1.0
Dmel_CG30109,0.5349622,0.042451657,0.5926760094860978,1.0
Dmel_CG10491,0.5346792,0.057239592,0.5928717197183633,1.0
Dmel_CG11183,0.5345506,0.021569986,0.5929606441641899,1.0
Dmel_CG13603,0.5342878,0.027648132,0.5931424316043401,1.0
Dmel_CG5410,0.53410643,-0.009949145,0.5932678847232543,1.0
Dmel_CG13605,0.53357095,0.053197004,0.593638434383954,1.0
Dmel_CG12367,0.5332337,0.5107862,0.5938717977637422,1.0
Dmel_CG13901,0.5329072,0.05352914,0.5940978472557881,1.0
Dmel_CG8674,0.5324662,-0.004341545,0.5944031500494492,1.0
Dmel_CG14899,0.5317107,0.009428312,0.5949263775905052,1.0
Dmel_CG10245,0.53169477,0.46394187,0.5949374184113121,1.0
Dmel_CG42707,0.53104055,0.33078235,0.5953906634769931,1.0
Dmel_CG11027,0.530696,-0.02495084,0.5956294964189333,1.0
Dmel_CG4205,0.5306559,-0.014526646,0.5956572362726387,1.0
Dmel_CG4726,0.5305996,0.9709303,0.5956962694539036,1.0
Dmel_CG7997,0.5298806,0.50214475,0.5961947200950917,1.0
Dmel_CG9839,0.52980727,0.14048046,0.5962455580027199,1.0
Dmel_CG7470,0.5296946,0.6507456,0.5963236606644098,1.0
Dmel_CG3671,0.5288552,0.035676856,0.5969058932695956,1.0
Dmel_CG12785,0.5285754,0.15153618,0.5971000282710415,1.0
Dmel_CG7334,0.5277423,0.1819699,0.5976781799106746,1.0
Dmel_CG13601,0.5275047,-0.017002081,0.5978431669045272,1.0
Dmel_CG1084,0.5273754,0.019052528,0.5979329226148689,1.0
Dmel_CG7479,0.5270035,0.11094395,0.598191158093428,1.0
Dmel_CG30466,0.5269794,0.45589364,0.5982078836603585,1.0
Dmel_CG10624,0.526395,-0.0037925972,0.5986137896763781,1.0
Dmel_CG34137,0.52544576,0.64691126,0.5992733455682842,1.0
Dmel_CG10309,0.52543056,0.1565585,0.5992839306781717,1.0
Dmel_CG15561,0.525286,0.07359595,0.5993843703540923,1.0
Dmel_CG4322,0.52511,0.19295043,0.5995067299658403,1.0
Dmel_CG14999,0.52494496,0.11287235,0.5996214677639549,1.0
Dmel_CG7127,0.52458155,0.03992159,0.5998741229324394,1.0
Dmel_CG9139,0.52407044,0.029561266,0.6002295469436454,1.0
Dmel_CG7937,0.523689,0.8323971,0.6004948838845914,1.0
Dmel_CG5760,0.5236858,0.5367353,0.600497101408319,1.0
Dmel_CG31317,0.52355224,0.2958296,0.6005899943384782,1.0
Dmel_CG10721,0.52239937,0.013654915,0.6013922974329493,1.0
Dmel_CG2310,0.5222892,0.32019502,0.6014689790440861,1.0
Dmel_CG3167,0.5219832,0.07875162,0.6016820340667945,1.0
Dmel_CG1116,0.521556,0.07486278,0.6019794802769487,1.0
Dmel_CG5160,0.52101344,0.391568,0.6023574262489992,1.0
Dmel_CG4501,0.5204283,1.7582997,0.6027650960909401,1.0
Dmel_CG6081,0.5202452,0.393236,0.6028927035098959,1.0
Dmel_CG5080,0.51999336,0.89010084,0.6030682144191042,1.0
Dmel_CR32658,0.51923114,1.1616104,0.6035995773441061,1.0
Dmel_CG12759,0.5191752,0.08510905,0.6036385983407491,1.0
Dmel_CR44334,0.5190069,0.8878912,0.6037559151262324,1.0
Dmel_CG2948,0.51900655,0.09812624,0.6037561621197458,1.0
Dmel_CG9220,0.51762736,1.0144148,0.6047182989638121,1.0
Dmel_CG3615,0.51744103,0.11145737,0.6048483167407495,1.0
Dmel_CG15440,0.5169147,0.10217638,0.6052156970345497,1.0
Dmel_CG4488,0.5165612,-0.013200353,0.6054624863510112,1.0
Dmel_CG16753,0.5155858,0.10684564,0.6061437398711174,1.0
Dmel_CG8506,0.51525074,0.0859638,0.6063778298047064,1.0
Dmel_CG3937,0.51503927,0.34567392,0.6065255796670606,1.0
Dmel_CG8648,0.515007,0.45797217,0.6065481024163495,1.0
Dmel_CG6269,0.51358104,0.62742615,0.6075449223589409,1.0
Dmel_CG10535,0.5134776,0.1724854,0.607617248700547,1.0
Dmel_CG45676,0.5133696,0.5753554,0.6076927991518726,1.0
Dmel_CG32280,0.5132676,0.23537613,0.6077641424406715,1.0
Dmel_CG8043,0.5128748,0.09964916,0.6080388985276952,1.0
Dmel_CG9727,0.51248664,0.012715955,0.6083104882365338,1.0
Dmel_CG13458,0.51235235,0.7275184,0.608404417326178,1.0
Dmel_CG7223,0.51137483,0.47205803,0.6090886339425734,1.0
Dmel_CG13598,0.5110525,-0.028169379,0.6093143021236703,1.0
Dmel_CG6201,0.51093596,0.2146529,0.6093958990012596,1.0
Dmel_CG4420,0.5108665,0.07787966,0.6094445122164102,1.0
Dmel_CG5181,0.5107553,0.002205018,0.6095223961647519,1.0
Dmel_CG9097,0.51063454,0.010931994,0.609606982151739,1.0
Dmel_CG42863,0.51025873,0.12036895,0.6098701994816886,1.0
Dmel_CG11095,0.5099527,0.1646975,0.6100845815159084,1.0
Dmel_CG17027,0.5099173,0.32831994,0.6101093964119803,1.0
Dmel_CG2126,0.5094547,0.13697416,0.6104335200945432,1.0
Dmel_CR45440,0.50943524,1.0623578,0.6104471716965847,1.0
Dmel_CG34411,0.509255,1.1297563,0.610573517496311,1.0
Dmel_CG10195,0.50866276,0.5585698,0.6109886289366669,1.0
Dmel_CG7411,0.5086582,-0.006858109,0.6109918569678863,1.0
Dmel_CG11418,0.5070852,0.17194656,0.6120950442027211,1.0
Dmel_CG2069,0.50655746,1.0740454,0.6124653718920867,1.0
Dmel_CG32702,0.5064158,0.26209378,0.6125648055830349,1.0
Dmel_CG4062,0.50564575,0.00108026,0.6131053524141254,1.0
Dmel_CG4579,0.50548357,0.1914429,0.6132192571184321,1.0
Dmel_CG8461,0.50512654,0.05499163,0.6134699798454277,1.0
Dmel_CG11396,0.5051056,0.026080223,0.6134846564855073,1.0
Dmel_CG3337,0.5050649,0.024535311,0.6135132639410878,1.0
Dmel_CG5414,0.50442165,0.2994602,0.6139650909816263,1.0
Dmel_CG5949,0.50383055,0.46302232,0.6143804732171003,1.0
Dmel_CG5855,0.5036134,-0.013646037,0.6145330682882758,1.0
Dmel_CG13876,0.5032599,0.15217845,0.6147815377205641,1.0
Dmel_CG8273,0.50097257,-0.04754121,0.6163904364803049,1.0
Dmel_CG17166,0.4994559,0.041430473,0.6174582400221063,1.0
Dmel_CG12811,0.4993174,0.7538461,0.6175557841465499,1.0
Dmel_CG1109,0.49931565,0.09954377,0.6175570315575538,1.0
Dmel_CG2003,0.49930006,2.000991,0.6175680088219511,1.0
Dmel_CG4802,0.4990309,0.060344156,0.6177576295941422,1.0
Dmel_CG8421,0.49851236,0.25858524,0.6181229708707141,1.0
Dmel_CG4565,0.4983781,0.33180922,0.6182175657343469,1.0
Dmel_CG32076,0.49777776,0.12009709,0.6186406993446079,1.0
Dmel_CG2982,0.49754858,0.10753074,0.6188022474190384,1.0
Dmel_CG7987,0.4972146,-0.028992899,0.6190377361009706,1.0
Dmel_CG10571,0.49700314,0.24443935,0.6191868408835838,1.0
Dmel_CG2160,0.4964662,0.005929444,0.6195655425338769,1.0
Dmel_CG9398,0.4962689,0.05057817,0.6197047082837364,1.0
Dmel_CG10660,0.4960964,1.2160839,0.6198263957865766,1.0
Dmel_CG12716,0.49603266,0.4557644,0.6198713753229286,1.0
Dmel_CG3702,0.49563134,-0.019776938,0.620154529165992,1.0
Dmel_CG11407,0.49547195,0.29783615,0.6202670066044488,1.0
Dmel_CG6612,0.49517727,0.23950942,0.6204749882832714,1.0
Dmel_CG9985,0.49464598,0.43110844,0.6208500319301187,1.0
Dmel_CG33969,0.4937095,0.012027142,0.6215113488265301,1.0
Dmel_CG32315,0.49361,0.32774967,0.6215816504922268,1.0
Dmel_CG2275,0.49355155,0.019023806,0.6216229324392313,1.0
Dmel_CG3068,0.4934375,0.46357834,0.6217034982135157,1.0
Dmel_CG3740,0.49302414,0.25493756,0.6219955245822093,1.0
Dmel_CG8091,0.49213973,0.25538647,0.6226205657881393,1.0
Dmel_CG17853,0.49200726,0.36193752,0.6227142077345286,1.0
Dmel_CG2493,0.49189463,0.56639224,0.6227938332278957,1.0
Dmel_CG15497,0.49171472,1.1018939,0.622921042854206,1.0
Dmel_CG3428,0.4917133,0.021375537,0.6229220445494718,1.0
Dmel_CG3722,0.49123725,0.14848909,0.6232586536571203,1.0
Dmel_CG3036,0.49062946,0.5063448,0.62368854577284,1.0
Dmel_CG16712,0.490599,0.92654496,0.6237100938574263,1.0
Dmel_CG4301,0.4905806,1.0283014,0.623723123088046,1.0
Dmel_CG6182,0.48988813,0.096776895,0.624213057431373,1.0
Dmel_CG33694,0.48930088,0.62609696,0.624628692121864,1.0
Dmel_CG4211,0.48863962,0.018077616,0.6250968628214282,1.0
Dmel_CG17556,0.48665968,-0.008263043,0.6264995206256452,1.0
Dmel_CG2615,0.48656654,0.10073896,0.6265655466299729,1.0
Dmel_CG6413,0.4856134,0.29104024,0.6272412925784792,1.0
Dmel_CG12081,0.48540655,0.053906705,0.6273879840880863,1.0
Dmel_CG7012,0.48482567,0.1362076,0.6278000047432513,1.0
Dmel_CG11899,0.4847591,0.20237057,0.6278472437955306,1.0
Dmel_CR44892,0.4847414,0.58902794,0.6278598076299742,1.0
Dmel_CG10157,0.4841708,0.75141746,0.6282646720804206,1.0
Dmel_CG6834,0.4837964,1.190506,0.6285303701850129,1.0
Dmel_CG12819,0.48364374,0.03744413,0.6286387244760763,1.0
Dmel_CG5555,0.48352048,-0.021763977,0.6287262182332447,1.0
Dmel_CG5427,0.483365,1.011757,0.6288365985432347,1.0
Dmel_CG7182,0.4827618,0.102065146,0.6292648721844255,1.0
Dmel_CG7099,0.48263818,0.165162,0.6293526547641126,1.0
Dmel_CG9630,0.48229107,0.2094589,0.6295991782579647,1.0
Dmel_CG18005,0.48193583,-0.012100566,0.6298515302446359,1.0
Dmel_CG10723,0.48180443,1.047758,0.6299448837524583,1.0
Dmel_CG10581,0.4815083,0.23373683,0.6301552653417509,1.0
Dmel_CG5808,0.4803611,0.06979984,0.6309706513040731,1.0
Dmel_CG9893,0.48020384,-0.0024652774,0.6310824589259902,1.0
Dmel_CG43114,0.48004976,1.8141073,0.6311920083659377,1.0
Dmel_CG12947,0.47974977,0.27698866,0.6314053382236952,1.0
Dmel_CG1847,0.47940725,0.029620335,0.6316489294486116,1.0
Dmel_CG17739,0.47860467,0.048941128,0.6322199007001668,1.0
Dmel_CG10850,0.47813466,0.53836846,0.6325543709908543,1.0
Dmel_CG1897,0.4778311,0.28820887,0.6327704177570753,1.0
Dmel_CG13096,0.4775329,0.087505534,0.6329827135948606,1.0
Dmel_CG9356,0.47703984,0.111021444,0.6333337487911549,1.0
Dmel_CG13604,0.4769584,0.14265665,0.6333917582468972,1.0
Dmel_CG6975,0.4764349,0.07499083,0.6337645858221224,1.0
Dmel_CG7438,0.4764225,0.2107674,0.6337734157487903,1.0
Dmel_CR45190,0.476386,1.4057266,0.633799401264109,1.0
Dmel_CG31687,0.47615367,0.11218336,0.6339649118417179,1.0
Dmel_CG9994,0.47599074,0.12756893,0.6340809820111487,1.0
Dmel_CG4869,0.47531778,0.16795811,0.6345604976286062,1.0
Dmel_CG1885,0.475237,0.0038421452,0.6346180498150293,1.0
Dmel_CG7693,0.47412768,0.0029196383,0.6354088585583684,1.0
Dmel_CG4584,0.47371256,0.08450946,0.6357048876158191,1.0
Dmel_CG10970,0.47357798,1.6460742,0.6358008822335415,1.0
Dmel_CG1214,0.47329533,0.21451774,0.6360024908461892,1.0
Dmel_CG33145,0.47329462,0.055494957,0.636002996164822,1.0
Dmel_CG11398,0.47314233,0.09079114,0.6361116436044745,1.0
Dmel_CG5413,0.47313738,0.32836315,0.6361151810945919,1.0
Dmel_CG15433,0.47300774,0.13590018,0.6362076641377852,1.0
Dmel_CG15812,0.47162497,0.072963476,0.63719450255456,1.0
Dmel_CG13880,0.4716023,-0.009907044,0.6372106856008588,1.0
Dmel_CG30105,0.47143158,0.44951603,0.6373325697256866,1.0
Dmel_CR45951,0.4713643,0.04499339,0.6373806180308844,1.0
Dmel_CG2448,0.47124597,0.023115855,0.6374650855882564,1.0
Dmel_CG3552,0.47115177,0.4949388,0.6375323595265034,1.0
Dmel_CG11577,0.4706088,0.031237379,0.6379201280396412,1.0
Dmel_CG3921,0.4704958,0.77676797,0.638000830750387,1.0
Dmel_CG16728,0.47008494,0.21413015,0.6382943313130252,1.0
Dmel_CG7461,0.47005874,0.09741507,0.6383130565488297,1.0
Dmel_CG4379,0.46991032,0.203627,0.6384190862214895,1.0
Dmel_CG4825,0.46939853,0.09858408,0.6387848061248054,1.0
Dmel_CG3413,0.4690546,0.14915802,0.6390306091433754,1.0
Dmel_CG8609,0.46888104,0.05288231,0.6391546648579823,1.0
Dmel_CG2925,0.46869084,0.10519894,0.6392906313886342,1.0
Dmel_CG7504,0.46861434,0.03966618,0.639345325255313,1.0
Dmel_CG9588,0.46837348,0.06581292,0.639517522452876,1.0
Dmel_CG15673,0.46793818,0.5656143,0.6398287928423299,1.0
Dmel_CG17760,0.4668579,0.25463346,0.6406015440624696,1.0
Dmel_CG6073,0.46684834,0.09880623,0.6406083865527542,1.0
Dmel_CG10346,0.46661457,0.24270096,0.6407756569254557,1.0
Dmel_CR44938,0.4665388,0.3791463,0.6408298969942812,1.0
Dmel_CG4236,0.46553004,0.0080418475,0.6415519286620941,1.0
Dmel_CG15814,0.46528423,-0.013900298,0.6417279245890383,1.0
Dmel_CG30443,0.46489817,0.15709239,0.6420043853380857,1.0
Dmel_CG11182,0.4647409,0.44675466,0.6421170129331987,1.0
Dmel_CG8204,0.46399072,0.15312627,0.6426543902566328,1.0
Dmel_CR42451,0.4637074,0.021012751,0.6428574143280341,1.0
Dmel_CG7069,0.46368328,0.46588063,0.6428746726044577,1.0
Dmel_CG5383,0.46353844,0.0558483,0.6429784801268552,1.0
Dmel_CG3624,0.46353808,0.5967263,0.642978733943522,1.0
Dmel_CG2939,0.46318316,0.37488493,0.6432330791795995,1.0
Dmel_CG33052,0.46317324,0.22570816,0.6432401872319713,1.0
Dmel_CG10269,0.46297064,0.0052395384,0.6433854017332692,1.0
Dmel_CG32409,0.46263346,0.1131583,0.6436271176052073,1.0
Dmel_CG18124,0.4624422,0.060680795,0.6437642421104566,1.0
Dmel_CG5625,0.4623625,-0.00044706464,0.6438213809009308,1.0
Dmel_CG2125,0.46235755,0.5228163,0.6438249362730303,1.0
Dmel_CG6949,0.46116143,0.15198903,0.6446827807771549,1.0
Dmel_CG11419,0.46096736,0.019259445,0.6448220314752984,1.0
Dmel_CG8818,0.4605253,-0.024627212,0.6451392036443702,1.0
Dmel_CG3060,0.46041057,0.054517515,0.6452215569790547,1.0
Dmel_CG31142,0.4603029,0.12885806,0.6452988307312868,1.0
Dmel_CG5645,0.4602108,0.1579435,0.6453649231632688,1.0
Dmel_CG6876,0.4592874,-0.030380232,0.6460277816747342,1.0
Dmel_CR45736,0.45913655,0.21232048,0.646136123613128,1.0
Dmel_CR30009,0.45896688,0.9948705,0.6462579536774797,1.0
Dmel_CG7616,0.4587508,0.21533775,0.6464131163443938,1.0
Dmel_CG31469,0.45860454,0.23890027,0.6465181778327073,1.0
Dmel_CG4089,0.45853335,0.16672117,0.6465693120029123,1.0
Dmel_CR44965,0.45843276,2.5489874,0.6466415641236962,1.0
Dmel_CG3456,0.45835838,0.3416458,0.6466949921304417,1.0
Dmel_CG30343,0.45790926,0.40553787,0.6470176342199405,1.0
Dmel_CG7970,0.45773995,0.16419035,0.6471392783531574,1.0
Dmel_CG10561,0.45766062,-0.03153134,0.6471962863795022,1.0
Dmel_CG13379,0.45665613,0.065797545,0.6479182276267399,1.0
Dmel_CG15110,0.4562304,0.07378009,0.6482243125771746,1.0
Dmel_CG4679,0.45536086,0.08361776,0.6488496541306944,1.0
Dmel_CG15350,0.4553357,1.3431808,0.6488677430515803,1.0
Dmel_CG12547,0.45519933,-0.041977525,0.6489658344685854,1.0
Dmel_CG6163,0.4551253,0.57382995,0.6490190866449691,1.0
Dmel_CG1236,0.45495743,0.29724,0.6491398661717994,1.0
Dmel_CG1749,0.45480514,0.096023135,0.6492494420778698,1.0
Dmel_CG8095,0.45468825,0.789741,0.6493335403630032,1.0
Dmel_CG4204,0.45453808,-0.0025221056,0.6494416004777099,1.0
Dmel_CG30005,0.4541782,0.198542,0.649700566991052,1.0
Dmel_CG7199,0.4538782,0.025210816,0.6499164897358363,1.0
Dmel_CG14969,0.45353428,0.036142606,0.6501640595402939,1.0
Dmel_CG10688,0.45322898,0.06505794,0.6503838706557497,1.0
Dmel_CG10674,0.45300442,-0.020586515,0.650545560891258,1.0
Dmel_CG2103,0.4529527,0.17400633,0.6505827978815053,1.0
Dmel_CG10480,0.4523435,-0.0074652326,0.6510215458750104,1.0
Dmel_CG11246,0.4518455,0.023740293,0.6513802866819428,1.0
Dmel_CG9581,0.451622,0.034111634,0.651541312540378,1.0
Dmel_CG13392,0.45160535,0.15252098,0.6515533071930183,1.0
Dmel_CG4703,0.45150796,0.24984764,0.6516234904785172,1.0
Dmel_CG5535,0.45136806,1.0139699,0.6517243045983256,1.0
Dmel_CG11660,0.4511449,0.08230256,0.6518851099128496,1.0
Dmel_CG32438,0.45082825,-0.007937173,0.6521133280961688,1.0
Dmel_CG6428,0.45050877,0.035047658,0.6523436215202112,1.0
Dmel_CG33115,0.45038518,1.3526471,0.6524327350771553,1.0
Dmel_CG12797,0.4502807,0.013926082,0.6525080641593708,1.0
Dmel_CG10843,0.45006287,0.37401736,0.6526651175397307,1.0
Dmel_CG14029,0.4499109,0.43901673,0.6527746809659023,1.0
Dmel_CG2087,0.44923723,0.041313108,0.6532605278882908,1.0
Dmel_CG11885,0.44857702,0.07896437,0.6537368107714712,1.0
Dmel_CG30446,0.44852248,0.46566102,0.6537761666343885,1.0
Dmel_CG13367,0.4481102,0.027386649,0.6540736667601994,1.0
Dmel_CG4764,0.447518,0.008262195,0.6545010998858898,1.0
Dmel_CG5811,0.44727573,0.6955147,0.6546759915528831,1.0
Dmel_CG10890,0.44710252,0.025869576,0.6548010353717639,1.0
Dmel_CG32412,0.44612247,0.5270566,0.6555087764936294,1.0
Dmel_CG3923,0.445633,0.04026122,0.6558623793171745,1.0
Dmel_CG12413,0.4453521,0.08412348,0.6560653136024834,1.0
Dmel_CG8155,0.4453521,0.014863917,0.6560653136024834,1.0
Dmel_CG9376,0.4449409,-0.004202286,0.6563624674668764,1.0
Dmel_CG32354,0.44461364,0.14008418,0.6565990008749567,1.0
Dmel_CG7148,0.44386736,0.050088875,0.6571384974237428,1.0
Dmel_CG33990,0.44328752,0.2980456,0.6575577740427886,1.0
Dmel_CG4630,0.44321385,0.8047639,0.6576110557616142,1.0
Dmel_CG8107,0.44307855,0.0029810332,0.6577089142190398,1.0
Dmel_CG10212,0.44269,0.35173678,0.657989969676241,1.0
Dmel_CR45643,0.44265318,1.0954934,0.6580166173704498,1.0
Dmel_CG42572,0.44243428,0.38903365,0.6581749751301982,1.0
Dmel_CG1220,0.4424173,0.8503989,0.6581872754039675,1.0
Dmel_CG34163,0.44163203,0.11461092,0.6587554950723126,1.0
Dmel_CG10616,0.44016355,0.010619503,0.6598186483704019,1.0
Dmel_CG5003,0.43908647,0.03530569,0.6605988850956921,1.0
Dmel_CG5258,0.4390677,0.0331946,0.6606124867084097,1.0
Dmel_CG42354,0.4382789,0.7161785,0.6611841123525786,1.0
Dmel_CG4250,0.43754822,0.26113564,0.6617138188882654,1.0
Dmel_CG17726,0.43681434,0.13472143,0.6622460068023762,1.0
Dmel_CG6310,0.4358396,0.3880468,0.6629531147611163,1.0
Dmel_CG4558,0.4357213,0.034762617,0.663038954279735,1.0
Dmel_CG6424,0.4355789,0.6266133,0.6631422759752102,1.0
Dmel_CG12286,0.4351174,0.21448937,0.6634772159574209,1.0
Dmel_CG15011,0.43429178,0.18634479,0.6640765741312246,1.0
Dmel_CG12273,0.43375483,0.020812392,0.6644664908752058,1.0
Dmel_CR45620,0.43369603,0.44508317,0.6645091917630004,1.0
Dmel_CG9710,0.4336737,0.071473874,0.6645253978066663,1.0
Dmel_CG3767,0.43296108,0.41297293,0.6650430446946292,1.0
Dmel_CG5976,0.43232176,0.13070385,0.6655075706116274,1.0
Dmel_CG6637,0.4321468,0.024795864,0.6656347264077113,1.0
Dmel_CG11319,0.4311958,0.03623672,0.6663260145427017,1.0
Dmel_CG7061,0.43065283,0.13486218,0.6667208324984136,1.0
Dmel_CG33080,0.4299664,0.3876423,0.6672200887002466,1.0
Dmel_CG14184,0.4297783,-0.008798126,0.6673569075375199,1.0
Dmel_CG4545,0.4294096,0.4689212,0.6676251663879946,1.0
Dmel_CG17172,0.42869592,0.2077165,0.668144539286358,1.0
Dmel_CG10328,0.42852697,0.006793896,0.6682675108827696,1.0
Dmel_CG11606,0.42781007,0.25310066,0.6687894013166888,1.0
Dmel_CG5288,0.42764643,0.12337167,0.6689085509296147,1.0
Dmel_CG6175,0.4273064,0.49618575,0.6691561612021542,1.0
Dmel_CG1345,0.427192,0.011142415,0.6692394798321328,1.0
Dmel_CG3989,0.4269331,0.01933087,0.6694280580822043,1.0
Dmel_CG14331,0.42690405,1.485573,0.6694492131673253,1.0
Dmel_CG17221,0.42597607,0.06411743,0.6701252819358345,1.0
Dmel_CG5789,0.42533216,0.46998903,0.6705945585285944,1.0
Dmel_CG16771,0.42516142,0.35377157,0.6707189977595065,1.0
Dmel_CG7828,0.4248625,0.067581475,0.6709369172538908,1.0
Dmel_CG4973,0.42435032,0.31942979,0.6713103365423214,1.0
Dmel_CG43861,0.4238998,0.070680656,0.6716388886656299,1.0
Dmel_CG11926,0.42326367,0.1001273,0.672102894574208,1.0
Dmel_CG7988,0.42321444,0.04785122,0.672138811156047,1.0
Dmel_CG1271,0.4229984,0.13533069,0.6722964395353059,1.0
Dmel_CG4099,0.42286274,1.6271693,0.6723954168476849,1.0
Dmel_CG2264,0.42238882,0.48314798,0.6727412359302268,1.0
Dmel_CG2899,0.42168114,0.048500974,0.6732577672750154,1.0
Dmel_CG3593,0.42166236,0.29394722,0.6732714711573129,1.0
Dmel_CG15073,0.42162696,0.12652142,0.673297327834419,1.0
Dmel_CG4239,0.42137688,0.020856488,0.6734798869595708,1.0
Dmel_CG18528,0.4211495,0.30356872,0.6736459135161756,1.0
Dmel_CG3496,0.42113215,0.071227446,0.6736585859782055,1.0
Dmel_CG3977,0.42069897,0.043442063,0.6739749102833664,1.0
Dmel_CG7642,0.42061433,0.91916245,0.6740367334611553,1.0
Dmel_CG8112,0.42000085,0.32426795,0.6744848232507136,1.0
Dmel_CG8891,0.4190888,0.018643918,0.6751512209530639,1.0
Dmel_CG6694,0.41897228,0.0024410808,0.6752363829460426,1.0
Dmel_CG32650,0.41888553,0.44538137,0.6752998041525498,1.0
Dmel_CG17328,0.41866556,0.12491247,0.675460567822844,1.0
Dmel_CG32022,0.41853806,-0.005307612,0.6755537709328208,1.0
Dmel_CG9655,0.41831172,0.0075534238,0.6757192187025927,1.0
Dmel_CG6382,0.4182901,-0.023401977,0.6757350134403185,1.0
Dmel_CG3342,0.4177305,0.09881715,0.6761441727548259,1.0
Dmel_CG6950,0.4168861,0.02626858,0.6767617182180942,1.0
Dmel_CG17515,0.416743,-0.0027485495,0.676866390933409,1.0
Dmel_CG1972,0.41570878,0.14105232,0.677623121795287,1.0
Dmel_CG4326,0.4156528,-0.0079761045,0.6776640774778336,1.0
Dmel_CR45874,0.41551256,0.07498848,0.6777667300832101,1.0
Dmel_CG8494,0.41519448,0.020522708,0.6779995351750945,1.0
Dmel_CG8784,0.4147397,0.36212057,0.6783324635670515,1.0
Dmel_CG9778,0.41449425,-0.03587859,0.6785121776525131,1.0
Dmel_CG2662,0.4144854,0.0520071,0.6785186611863966,1.0
Dmel_CR44828,0.41445068,0.54165035,0.678544076868683,1.0
Dmel_CG6153,0.41416448,0.1208184,0.6787536405081154,1.0
Dmel_CG6534,0.41401857,0.19361292,0.6788605067786743,1.0
Dmel_CG9888,0.4138415,0.110396616,0.6789902075270131,1.0
Dmel_CG13142,0.4131731,0.092461415,0.6794797837588314,1.0
Dmel_CG15014,0.4129397,0.1357755,0.6796507911073604,1.0
Dmel_CG5245,0.4128703,0.7916004,0.6797016553506909,1.0
Dmel_CG5188,0.41246864,0.13099048,0.6799959699422369,1.0
Dmel_CG2051,0.4112357,0.030783162,0.6808997215300654,1.0
Dmel_CG1826,0.41070297,0.03481329,0.6812903380816646,1.0
Dmel_CG10234,0.4097293,0.05423909,0.6820045249200403,1.0
Dmel_CG8042,0.409169,-0.029352361,0.682415655810009,1.0
Dmel_CG3248,0.40833947,0.08073684,0.6830244689002904,1.0
Dmel_CG14253,0.4074972,1.0918972,0.6836428513800632,1.0
Dmel_CG15064,0.40682247,1.7238327,0.6841383866358601,1.0
Dmel_CG5996,0.40653485,0.91639715,0.6843496482759381,1.0
Dmel_CG10274,0.4056292,0.0566583,0.6850150756061151,1.0
Dmel_CG16738,0.40530795,0.2845068,0.6852511698024788,1.0
Dmel_CG11212,0.40522826,0.5381258,0.6853097425824537,1.0
Dmel_CG10006,0.40483934,0.70924944,0.6855956048817362,1.0
Dmel_CG4882,0.40448338,-0.0022137244,0.6858572942548047,1.0
Dmel_CG1422,0.40304786,0.11596866,0.6869130266455955,1.0
Dmel_CG8460,0.4026037,0.23300791,0.6872397945707983,1.0
Dmel_CG15611,0.40259874,0.9618117,0.6872434430275034,1.0
Dmel_CG14992,0.40102896,-0.011350852,0.6883988059075749,1.0
Dmel_CG17754,0.40092236,0.007577236,0.6884772989762811,1.0
Dmel_CG13284,0.39966816,0.1537866,0.6894009525211622,1.0
Dmel_CG14183,0.3993331,0.20106746,0.6896477907031304,1.0
Dmel_CG30060,0.39835623,0.10511944,0.6903676194198511,1.0
Dmel_CG10059,0.39827654,0.5378842,0.690426356030784,1.0
Dmel_CG3585,0.39818975,-0.027756877,0.6904903157940531,1.0
Dmel_CG14543,0.39808705,-0.008,0.6905660261251737,1.0
Dmel_CG7840,0.39745447,0.14096907,0.6910323655547834,1.0
Dmel_CG13480,0.39637133,1.7736171,0.6918311069372884,1.0
Dmel_CG5705,0.39623037,0.061778132,0.6919350887094953,1.0
Dmel_CG3163,0.39593816,0.0005413505,0.6921506473111172,1.0
Dmel_CG34325,0.39532363,0.53350604,0.6926040549425947,1.0
Dmel_CG8637,0.3953176,-0.042838164,0.6926084980986156,1.0
Dmel_CG30271,0.395177,0.83156943,0.6927122618669024,1.0
Dmel_CG5321,0.39512813,0.5976711,0.6927483322351984,1.0
Dmel_CG17081,0.39480227,0.38769045,0.6929888191567409,1.0
Dmel_CG13376,0.39436802,1.4978628,0.693309342204162,1.0
Dmel_CG14434,0.39365894,0.18045622,0.6938328591625353,1.0
Dmel_CG1193,0.39358953,0.09169063,0.6938841204295157,1.0
Dmel_CG5439,0.39299235,0.025137283,0.6943251297638035,1.0
Dmel_CG9623,0.3929201,0.31298313,0.6943784973462749,1.0
Dmel_CG4947,0.3929038,0.10019033,0.6943905314222645,1.0
Dmel_CR45825,0.39276567,0.1477325,0.6944925625528502,1.0
Dmel_CG11642,0.39197156,0.034923296,0.6950792180788241,1.0
Dmel_CG40498,0.39169955,0.09480065,0.695280219699618,1.0
Dmel_CG6042,0.39081088,0.33026665,0.6959370265513717,1.0
Dmel_CR43963,0.3897019,0.5727885,0.6967569807178126,1.0
Dmel_CG8805,0.38868043,0.43414345,0.697512563518904,1.0
Dmel_CG3566,0.38852742,-0.030765213,0.6976257695994245,1.0
Dmel_CG10837,0.3879873,-0.016062658,0.6980254513437835,1.0
Dmel_CG12768,0.38724312,0.122663625,0.698576232033002,1.0
Dmel_CG43155,0.38717085,0.36569574,0.6986297194356962,1.0
Dmel_CG5214,0.38644195,-0.026341684,0.6991693965895946,1.0
Dmel_CG10463,0.38514382,0.079139374,0.7001308597758851,1.0
Dmel_CG14879,0.38510734,2.2261658,0.7001578873856054,1.0
Dmel_CG30342,0.3848318,0.0057378034,0.7003620499446713,1.0
Dmel_CG33147,0.38470426,0.18322134,0.700456528379782,1.0
Dmel_CR45918,0.38454276,0.67654866,0.700576207717293,1.0
Dmel_CG2194,0.3843345,0.9026453,0.7007305420454941,1.0
Dmel_CG7544,0.3839959,0.27318123,0.7009814929338656,1.0
Dmel_CG18599,0.38394913,0.4504929,0.7010161456209544,1.0
Dmel_CG9536,0.38370192,0.0059000016,0.7011993951698856,1.0
Dmel_CG7293,0.38337997,-0.03977289,0.7014380656992505,1.0
Dmel_CG16969,0.38337463,0.1776386,0.7014420044039829,1.0
Dmel_CG11859,0.3833647,0.0845926,0.7014493566742811,1.0
Dmel_CG5039,0.38336083,0.05423828,0.7014522450738319,1.0
Dmel_CG33273,0.38322023,0.50295526,0.7015564929267071,1.0
Dmel_CG34231,0.38315222,0.34915686,0.7016069120398278,1.0
Dmel_CG5466,0.38279802,-0.02267414,0.7018695328228542,1.0
Dmel_CG15382,0.38201314,0.18509546,0.7024516273258419,1.0
Dmel_CG7702,0.3815594,0.60150653,0.7027881975148623,1.0
Dmel_CG10565,0.38127252,-0.032346327,0.7030010471488306,1.0
Dmel_CG12449,0.3807678,0.14290692,0.7033755613419124,1.0
Dmel_CG2715,0.3805907,0.259117,0.7035069868943099,1.0
Dmel_CG8281,0.38058788,0.036712855,0.7035090897751597,1.0
Dmel_CG6133,0.3805829,0.0729578,0.7035127698221035,1.0
Dmel_CG17639,0.38022977,0.13580723,0.7037748595898008,1.0
Dmel_CG14040,0.3802294,0.059710074,0.7037751224858756,1.0
Dmel_CG14194,0.38020533,-0.018057967,0.7037929995020227,1.0
Dmel_CG43693,0.37985292,0.083176166,0.7040546010300055,1.0
Dmel_CG11278,0.37958267,-0.03552957,0.7042552297476525,1.0
Dmel_CG8599,0.37951607,0.019071186,0.7043046669831445,1.0
Dmel_CG10467,0.37936306,0.38428715,0.7044182721727217,1.0
Dmel_CG3838,0.3789986,-0.032692414,0.7046888999803578,1.0
Dmel_CG7442,0.3788789,0.55335087,0.7047778024039125,1.0
Dmel_CG31278,0.378705,0.08659138,0.7049069548239528,1.0
Dmel_CG10650,0.3781652,0.46336266,0.7053078812619626,1.0
Dmel_CG9809,0.37800014,0.03923183,0.7054304905988087,1.0
Dmel_CG9945,0.37720746,0.018332157,0.7060194376876464,1.0
Dmel_CG2911,0.37702787,0.088394314,0.7061528831575079,1.0
Dmel_CG12389,0.37639496,0.10493254,0.7066233043989569,1.0
Dmel_CG2227,0.37631312,0.03366631,0.7066841224919049,1.0
Dmel_CG9147,0.3756614,0.007905031,0.7071686278147382,1.0
Dmel_CG3407,0.37534794,0.14269957,0.7074017066052849,1.0
Dmel_CG42319,0.37515387,0.88858736,0.7075460448490238,1.0
Dmel_CG3308,0.37496826,0.007641658,0.7076840715400394,1.0
Dmel_CG8064,0.3740856,0.072864786,0.7083406199521245,1.0
Dmel_CG6342,0.3740665,-0.026580509,0.7083548493257814,1.0
Dmel_CG34379,0.37399283,0.2939274,0.708409659716307,1.0
Dmel_CG12259,0.3739581,0.024478272,0.7084354843660166,1.0
Dmel_CG7447,0.37234476,1.0942161,0.7096361729782559,1.0
Dmel_CG11561,0.37215492,0.05057935,0.7097775089709886,1.0
Dmel_CG13941,0.3715723,0.18649861,0.7102113356856681,1.0
Dmel_CG33296,0.3714497,1.5149972,0.7103025963047296,1.0
Dmel_CG5582,0.37144512,0.59103364,0.7103060252529043,1.0
Dmel_CR43641,0.37104312,0.4885892,0.7106054214059419,1.0
Dmel_CG14367,0.37084052,0.31980297,0.7107563234439045,1.0
Dmel_CG7899,0.37070203,0.06636418,0.710859481536132,1.0
Dmel_CG5660,0.3703595,0.25735435,0.7111146292785766,1.0
Dmel_CG11070,0.37009388,0.009633905,0.71131254278412,1.0
Dmel_CG5392,0.37008893,0.15627909,0.7113162373545967,1.0
Dmel_CR44998,0.36989766,0.48892137,0.7114587473894102,1.0
Dmel_CG7009,0.36950555,0.037563764,0.7117509244766991,1.0
Dmel_CG10619,0.36895302,-0.068228856,0.7121627363997316,1.0
Dmel_CG33868,0.36888325,0.3849842,0.7122147468272074,1.0
Dmel_CG5850,0.3686856,0.108851664,0.7123620729684852,1.0
Dmel_CG14130,0.36858574,0.14744717,0.7124365321991663,1.0
Dmel_CG13126,0.3684724,0.1511182,0.7125210282634138,1.0
Dmel_CG15444,0.36844513,0.22222432,0.712541360655641,1.0
Dmel_CG13877,0.36774594,0.603252,0.7130626789776425,1.0
Dmel_CG1435,0.36739847,0.3449382,0.713321803463018,1.0
Dmel_CG7415,0.36621514,0.024896942,0.7142045539363695,1.0
Dmel_CG13892,0.3658255,0.0054268935,0.7144952769033283,1.0
Dmel_CG9393,0.36569092,0.08917182,0.7145957181060838,1.0
Dmel_CG13003,0.36543554,0.98824733,0.7147863056599519,1.0
Dmel_CG10682,0.3654221,-0.030465806,0.7147963509898777,1.0
Dmel_CG5118,0.3650732,0.06286858,0.7150567537493926,1.0
Dmel_CG9802,0.3647194,-0.021954112,0.7153208915438689,1.0
Dmel_CG1671,0.36463863,0.11151446,0.7153811800236693,1.0
Dmel_CG1702,0.364294,0.68893564,0.7156384837053873,1.0
Dmel_CG7865,0.36394867,0.011941513,0.715896348679556,1.0
Dmel_CR44043,0.36390615,0.64374465,0.7159280881477392,1.0
Dmel_CG4622,0.36368018,-0.016543502,0.7160968445624953,1.0
Dmel_CG11416,0.36321053,0.15818161,0.7164476271757875,1.0
Dmel_CG14447,0.36283365,0.14943886,0.716729143078876,1.0
Dmel_CR45907,0.36202186,0.5383264,0.7173356971691809,1.0
Dmel_CR44498,0.3620013,0.5798236,0.7173510485835644,1.0
Dmel_CG1063,0.36174026,-0.016140379,0.7175461273581678,1.0
Dmel_CG5611,0.3615437,0.04043132,0.7176930441588159,1.0
Dmel_CG10286,0.36079174,0.043259718,0.7182551303336397,1.0
Dmel_CG7922,0.3605895,0.22707283,0.7184063345181777,1.0
Dmel_CG13951,0.36041737,0.052663997,0.7185350388862194,1.0
Dmel_CG15098,0.36008903,-0.022523377,0.7187805526898569,1.0
Dmel_CG5452,0.3600653,0.018555092,0.7187982986098684,1.0
Dmel_CG1433,0.35993743,0.006667017,0.7188939172956812,1.0
Dmel_CG8127,0.35965762,0.2407142,0.719103181294062,1.0
Dmel_CG4165,0.3595255,0.010995537,0.7192019930085003,1.0
Dmel_CG4942,0.3591947,0.15972893,0.7194494402480891,1.0
Dmel_CG14933,0.35891807,1.2509599,0.719656375343865,1.0
Dmel_CG8002,0.35890144,-0.014198996,0.7196688291998338,1.0
Dmel_CG15863,0.35861382,0.12681934,0.7198840011796371,1.0
Dmel_CG7885,0.35818172,-0.01105318,0.7202073308472356,1.0
Dmel_CG3052,0.3579862,0.70874727,0.720353640718752,1.0
Dmel_CG17141,0.35740817,0.027257316,0.7207862689117999,1.0
Dmel_CG12839,0.3570497,0.4847947,0.721054585714827,1.0
Dmel_CG31643,0.3569895,0.27177554,0.7210996620653696,1.0
Dmel_CG9621,0.35688043,0.2156915,0.7211813322742624,1.0
Dmel_CG4822,0.3568436,0.81843233,0.7212089099460532,1.0
Dmel_CG13827,0.3566693,0.1640385,0.7213393784605444,1.0
Dmel_CG10210,0.35665372,0.103730716,0.7213510467715695,1.0
Dmel_CG8547,0.35649365,0.28268465,0.721470915903207,1.0
Dmel_CG33484,0.35645327,0.27404222,0.7215011494637606,1.0
Dmel_CG10390,0.3564405,0.54228663,0.7215106969943423,1.0
Dmel_CG6574,0.35642704,0.12213196,0.7215207749903658,1.0
Dmel_CG7376,0.3564118,0.24444407,0.7215321790968049,1.0
Dmel_CG2650,0.35559824,0.7181968,0.7221414604682967,1.0
Dmel_CR43432,0.3554176,2.101891,0.7222767623683508,1.0
Dmel_CG10675,0.3552855,1.4349508,0.7223757239641175,1.0
Dmel_CG9852,0.3542665,0.012188559,0.723139184260289,1.0
Dmel_CG12548,0.35417545,0.50280434,0.7232073969513025,1.0
Dmel_CG4019,0.353347,0.050702453,0.7238283130920562,1.0
Dmel_CG31839,0.35308668,1.020827,0.7240234653815658,1.0
Dmel_CR43431,0.3529489,0.6367513,0.724126757322996,1.0
Dmel_CG11679,0.3528044,0.31769097,0.7242350997692404,1.0
Dmel_CG12015,0.35121903,-0.009487426,0.7254240424109881,1.0
Dmel_CG3495,0.3510717,0.13635805,0.7255345765614727,1.0
Dmel_CG3223,0.35055918,0.024618719,0.7259190992456024,1.0
Dmel_CG5013,0.35045254,0.14656419,0.7259990950255476,1.0
Dmel_CG6463,0.35025242,0.051931553,0.7261492612872291,1.0
Dmel_CG7137,0.3494183,0.13614683,0.7267752888393936,1.0
Dmel_CG13897,0.34876943,0.12769079,0.7272624139836997,1.0
Dmel_CG4337,0.3487085,0.016718589,0.727308154104843,1.0
Dmel_CG34424,0.34784782,0.5243761,0.7279544700500169,1.0
Dmel_CG1602,0.34768704,0.16563913,0.7280752435513813,1.0
Dmel_CG31184,0.34759387,0.089038126,0.7281452101445198,1.0
Dmel_CG11910,0.34742564,0.00019370709,0.728271581404879,1.0
Dmel_CG32407,0.34685397,-0.027454585,0.728701032818948,1.0
Dmel_CR43558,0.34632197,0.79298216,0.7291007598964587,1.0
Dmel_CG10388,0.3461739,0.6730103,0.7292120152907752,1.0
Dmel_CG3631,0.3459051,0.034539428,0.7294140462404539,1.0
Dmel_CG4033,0.34564972,0.2111283,0.7296059797341865,1.0
Dmel_CG4084,0.34536496,0.13473229,0.7298200281870153,1.0
Dmel_CG43343,0.3452137,0.015703427,0.7299337167093982,1.0
Dmel_CG10466,0.34517086,0.011277507,0.7299659339743467,1.0
Dmel_CG12535,0.344834,0.49893075,0.7302191622901513,1.0
Dmel_CG9018,0.34367013,-0.0075275204,0.7310943709259525,1.0
Dmel_CG42677,0.34342504,0.7051944,0.7312787261157707,1.0
Dmel_CG11307,0.34293732,0.123594165,0.7316456177850217,1.0
Dmel_CG31102,0.3428778,1.2982655,0.7316903843693672,1.0
Dmel_CG3885,0.34286365,0.015938604,0.7317010432145541,1.0
Dmel_CG17612,0.34254205,0.088393256,0.731943012924176,1.0
Dmel_CG4413,0.34225407,0.09023429,0.7321596890403275,1.0
Dmel_CG7861,0.34212196,-0.023423972,0.7322591060171906,1.0
Dmel_CG6796,0.3420313,0.16918164,0.7323273411808979,1.0
Dmel_CG30054,0.34193072,0.16637787,0.7324030420416736,1.0
Dmel_CG10159,0.34180814,-0.030483162,0.7324952726650973,1.0
Dmel_CG8798,0.34174475,-0.042804383,0.7325429888682491,1.0
Dmel_CG5780,0.34162468,0.7229048,0.7326333592591021,1.0
Dmel_CG3561,0.34135407,0.15718427,0.7328370394522287,1.0
Dmel_CG7609,0.34094816,0.15445624,0.7331425950160138,1.0
Dmel_CG3437,0.34004852,0.04530578,0.7338199805337942,1.0
Dmel_CG9342,0.33884782,0.12187759,0.7347243730001014,1.0
Dmel_CG31156,0.33761594,0.011509542,0.7356526247988654,1.0
Dmel_CR44347,0.3375862,0.30571058,0.7356750485418795,1.0
Dmel_CG9338,0.33746895,0.6802704,0.7357634109594589,1.0
Dmel_CR43152,0.33743706,0.50964046,0.7357874375990209,1.0
Dmel_CG6098,0.33732834,0.037907995,0.7358693970804491,1.0
Dmel_CG4953,0.33690438,0.018592268,0.7361889876719336,1.0
Dmel_CG4866,0.336581,0.012693308,0.7364327829512598,1.0
Dmel_CG13281,0.33614323,0.08156633,0.7367628700954244,1.0
Dmel_CR44027,0.3360412,0.38848954,0.7368397905851418,1.0
Dmel_CG2708,0.33539268,0.029140413,0.7373288849226707,1.0
Dmel_CG5969,0.33513483,0.0012790909,0.7375233769062983,1.0
Dmel_CG10367,0.33489504,0.04879621,0.7377042588477292,1.0
Dmel_CG11009,0.3344275,-0.031772453,0.7380569803205869,1.0
Dmel_CG8598,0.33419943,0.8494881,0.7382290856678627,1.0
Dmel_CR45557,0.33407545,0.13438043,0.7383226266861138,1.0
Dmel_CG31075,0.33382043,0.2565454,0.7385150661040556,1.0
Dmel_CG31038,0.33378997,-0.03678371,0.7385380530189425,1.0
Dmel_CG6204,0.33368194,0.15365118,0.7386195782640155,1.0
Dmel_CG9360,0.3324922,0.51115054,0.7395176193611068,1.0
Dmel_CG4186,0.3323803,0.01397309,0.7396021214351123,1.0
Dmel_CG9203,0.33227685,0.1300129,0.7396802084246901,1.0
Dmel_CG11337,0.33218548,0.2032736,0.7397492053266139,1.0
Dmel_CG3975,0.33160958,0.10508792,0.7401840944413038,1.0
Dmel_CG12189,0.33090898,0.12597801,0.740713241261827,1.0
Dmel_CR44178,0.3306582,0.35018736,0.7409026724800694,1.0
Dmel_CG12512,0.33007273,0.77931327,0.7413450073452421,1.0
Dmel_CG3169,0.33006528,0.0014880112,0.7413506273946594,1.0
Dmel_CG32165,0.32947734,0.11056966,0.7417949225493086,1.0
Dmel_CG4933,0.32919115,0.086326316,0.7420112130315946,1.0
Dmel_CR45267,0.32899565,0.3455425,0.7421589875533185,1.0
Dmel_CG4813,0.32893613,0.13891731,0.7422039642947382,1.0
Dmel_CG14561,0.32833967,0.21480907,0.7426548511992332,1.0
Dmel_CG10800,0.32784805,0.05239518,0.743026551221044,1.0
Dmel_CG6291,0.3276405,0.15332787,0.743183497320069,1.0
Dmel_CG6404,0.32740355,0.0073840427,0.7433626860336471,1.0
Dmel_CG6697,0.32726505,-0.03161988,0.7434674201048981,1.0
Dmel_CG12756,0.3272438,0.013857306,0.7434834922495352,1.0
Dmel_CG4619,0.32664168,0.11134874,0.7439389161041745,1.0
Dmel_CG14301,0.3265673,1.0110816,0.7439951805644736,1.0
Dmel_CR45813,0.32556635,0.90287083,0.7447524722779854,1.0
Dmel_CG4852,0.325079,0.009137398,0.7451212925233286,1.0
Dmel_CG11160,0.32507616,0.5001988,0.7451234369980217,1.0
Dmel_CG4539,0.3243444,-0.004289991,0.7456773136679582,1.0
Dmel_CG5757,0.32395336,0.16286121,0.745973340402175,1.0
Dmel_CG4713,0.32393283,0.04358195,0.7459888935685268,1.0
Dmel_CG10053,0.32387686,0.064448126,0.7460312630639245,1.0
Dmel_CR46204,0.32371393,0.8148404,0.7461546216631472,1.0
Dmel_CG13176,0.32367888,0.067181095,0.7461811714299904,1.0
Dmel_CG31235,0.32333496,0.3806274,0.7464415896558583,1.0
Dmel_CG4920,0.32278913,0.53206944,0.7468549389887424,1.0
Dmel_CG4957,0.32263684,0.024367834,0.7469702928164044,1.0
Dmel_CG15009,0.3222901,-0.0981296,0.7472329451131978,1.0
Dmel_CG14937,0.3213437,0.4995496,0.7479499554401114,1.0
Dmel_CG10072,0.32127744,-0.0029191903,0.748000143601601,1.0
Dmel_CG2977,0.32115453,2.0487676,0.7480932763349808,1.0
Dmel_CG42489,0.3204529,0.045476537,0.7486250352985762,1.0
Dmel_CG8811,0.3198391,0.08459248,0.7490903217986611,1.0
Dmel_CG30438,0.31941086,1.3299459,0.7494149756618738,1.0
Dmel_CG4743,0.31923696,0.002763852,0.7495468370186624,1.0
Dmel_CG9596,0.31890258,0.24340619,0.7498003751412741,1.0
Dmel_CG4633,0.3187439,0.11274859,0.7499207077793755,1.0
Dmel_CG42382,0.3184039,0.07067981,0.7501785839235938,1.0
Dmel_CG2198,0.31834367,2.441278,0.7502242524014593,1.0
Dmel_CG31548,0.31824946,0.023000307,0.750295711893841,1.0
Dmel_CG1041,0.31816587,0.15161723,0.7503591138388037,1.0
Dmel_CG8525,0.31791157,0.9039445,0.7505520165639711,1.0
Dmel_CG2097,0.31788605,0.15883568,0.7505713614304328,1.0
Dmel_CG18398,0.31777343,0.10469421,0.7506568031330368,1.0
Dmel_CG17875,0.31757438,0.59529877,0.7508078113554476,1.0
Dmel_CG3906,0.3174706,22.11888,0.7508865436277149,1.0
Dmel_CG6816,0.31730732,2.164602,0.7510104245700102,1.0
Dmel_CG43845,0.3170555,0.08834224,0.7512014986491049,1.0
Dmel_CR44785,0.31687024,0.2892721,0.7513420593638112,1.0
Dmel_CG32452,0.31670165,0.09738358,0.7514699955993491,1.0
Dmel_CG17218,0.31652775,0.06670623,0.751601970596464,1.0
Dmel_CG2292,0.31637862,0.46267086,0.7517151362062163,1.0
Dmel_CG2397,0.31615973,0.47276965,0.7518812654650254,1.0
Dmel_CG17611,0.31612962,0.031437423,0.7519041158581298,1.0
Dmel_CG4200,0.31599078,0.04211641,0.7520094993084712,1.0
Dmel_CG13609,0.31558985,0.27414733,0.7523138468527273,1.0
Dmel_CG33082,0.31554982,0.30552754,0.7523442299503478,1.0
Dmel_CG5786,0.3153504,0.10809702,0.7524956134022125,1.0
Dmel_CG7175,0.31498525,0.13788301,0.7527728607043452,1.0
Dmel_CG1603,0.31426835,0.115344405,0.7533172294157215,1.0
Dmel_CG7864,0.313747,0.076393254,0.7537132109880494,1.0
Dmel_CG10225,0.31287214,0.067747824,0.7543778092601667,1.0
Dmel_CG6479,0.31258276,0.20879969,0.754597677984175,1.0
Dmel_CG15118,0.31236494,-0.015201952,0.7547631981622611,1.0
Dmel_CG13608,0.31232384,-0.03290089,0.7547944194911008,1.0
Dmel_CG7999,0.3120118,-0.03478423,0.7550315531734021,1.0
Dmel_CG5276,0.3120079,0.063748345,0.7550345141258616,1.0
Dmel_CG12149,0.3118032,0.07474816,0.7551901037813135,1.0
Dmel_CR44914,0.31175432,0.5161559,0.7552272529534876,1.0
Dmel_CG18085,0.3116445,0.33826742,0.7553107060564213,1.0
Dmel_CG1368,0.31161866,2.142367,0.7553303583315885,1.0
Dmel_CG43740,0.31134275,-0.043870747,0.755540082194602,1.0
Dmel_CR45177,0.31070873,1.8190612,0.7560220576428462,1.0
Dmel_CG8161,0.31055927,-0.047329266,0.7561356992123565,1.0
Dmel_CG3173,0.31012395,0.0045205294,0.7564666901311561,1.0
Dmel_CG2843,0.30946127,-0.04419285,0.7569706685122326,1.0
Dmel_CG15343,0.30893883,0.5600587,0.7573680519755431,1.0
Dmel_CG30263,0.30777922,0.26345694,0.7582503376150233,1.0
Dmel_CG31374,0.3073889,0.24525383,0.7585473782072248,1.0
Dmel_CG4317,0.30652362,0.37571916,0.7592060081071204,1.0
Dmel_CG10825,0.30651227,0.10332429,0.7592146364293464,1.0
Dmel_CG7800,0.30574438,1.1605229,0.7597992750176837,1.0
Dmel_CG17209,0.3054019,0.21983752,0.7600600875327532,1.0
Dmel_CG9336,0.30462655,0.29435584,0.7606505901293023,1.0
Dmel_CG5854,0.30461663,0.1050411,0.7606581442873477,1.0
Dmel_CR45242,0.30450684,0.79065156,0.76074178113341,1.0
Dmel_CG12272,0.3043974,0.038601756,0.7608251509660944,1.0
Dmel_CG7322,0.30274367,0.465652,0.7620852093705622,1.0
Dmel_CG14516,0.30252126,0.647883,0.7622547407021578,1.0
Dmel_CG18466,0.30248156,0.17259373,0.762284976788263,1.0
Dmel_CG7082,0.30217448,0.020393614,0.7625190487621624,1.0
Dmel_CG4919,0.3018844,-0.017875614,0.7627401816850686,1.0
Dmel_CG4553,0.30173033,0.111752614,0.7628576411131213,1.0
Dmel_CG10472,0.30170164,0.18770023,0.7628795134718394,1.0
Dmel_CG17594,0.30157202,-0.05300698,0.7629783464899178,1.0
Dmel_CG10903,0.3013379,0.038496774,0.7631568497900814,1.0
Dmel_CG9109,0.30089623,0.005807784,0.7634936368948017,1.0
Dmel_CG1245,0.30079812,0.054789957,0.7635684545429332,1.0
Dmel_CG42388,0.30049315,0.15747535,0.7638010245768261,1.0
Dmel_CG10160,0.30043116,0.2814608,0.763848297515776,1.0
Dmel_CG1233,0.3003759,0.05034845,0.7638904387063535,1.0
Dmel_CG3897,0.29948086,0.24398315,0.7645731693121537,1.0
Dmel_CG11513,0.29930165,0.18102308,0.7647098995477856,1.0
Dmel_CR43730,0.29873636,0.69185287,0.7651412152803743,1.0
Dmel_CG7845,0.2979458,0.038564492,0.7657445308520122,1.0
Dmel_CG7339,0.29788205,0.07766355,0.7657931915311201,1.0
Dmel_CG15602,0.2972399,-0.006298917,0.7662833642050214,1.0
Dmel_CG6045,0.29692537,0.37457982,0.7665234829300038,1.0
Dmel_CG3299,0.29645252,0.04874849,0.7668845144222488,1.0
Dmel_CG1825,0.29630625,-0.030839533,0.7669962145686304,1.0
Dmel_CG31251,0.29615006,0.094072506,0.767115492951369,1.0
Dmel_CG10907,0.2961139,0.052787695,0.7671430819345273,1.0
Dmel_CG3584,0.29484203,-0.014333716,0.7681145642956234,1.0
Dmel_CG31161,0.294796,0.30977786,0.7681497403692465,1.0
Dmel_CG13397,0.2945314,0.5702756,0.7683518767524806,1.0
Dmel_CG7067,0.29443577,0.17263225,0.7684249419723288,1.0
Dmel_CG17246,0.29408193,-0.019038228,0.7686953011696881,1.0
Dmel_CG9664,0.29399195,0.7461201,0.7687640456330204,1.0
Dmel_CG14881,0.2939151,0.059131548,0.7688227775793518,1.0
Dmel_CG7810,0.29360378,-0.0012474254,0.7690606961289739,1.0
Dmel_CG4854,0.29338026,0.14718385,0.7692315020373363,1.0
Dmel_CG2038,0.2933608,-0.043830432,0.7692463905632873,1.0
Dmel_CG15737,0.2928008,0.47083336,0.7696744043648891,1.0
Dmel_CG3032,0.29269278,0.30733702,0.7697569831019343,1.0
Dmel_CG6136,0.29195216,0.04991759,0.7703231915298796,1.0
Dmel_CG8765,0.29134545,0.029142648,0.7707871350245096,1.0
Dmel_CG43374,0.29094627,0.04554618,0.7710924128754117,1.0
Dmel_CG13097,0.29066116,0.017529951,0.7713104901938248,1.0
Dmel_CG18787,0.2905864,0.21313237,0.7713676538227603,1.0
Dmel_CG7698,0.29036257,0.15348636,0.7715388812186987,1.0
Dmel_CG1071,0.2901543,-0.00042180147,0.771698197714532,1.0
Dmel_CG8620,0.2901419,0.037090424,0.771707681142938,1.0
Dmel_CR45464,0.2896131,1.5891353,0.7721122488473784,1.0
Dmel_CG11886,0.2893531,-0.038760897,0.7723111682214853,1.0
Dmel_CG15085,0.28918734,0.7565097,0.7724380074611934,1.0
Dmel_CG42578,0.288587,1.2702825,0.7728974440356602,1.0
Dmel_CG16936,0.28854272,-0.11327479,0.7729313289426025,1.0
Dmel_CG4159,0.2884811,0.036997497,0.7729784974537249,1.0
Dmel_CG42317,0.2883982,-0.023778193,0.7730419322908865,1.0
Dmel_CG3091,0.2882668,0.22426908,0.7731425094351798,1.0
Dmel_CR44628,0.28809077,0.08387545,0.7732772508251341,1.0
Dmel_CG2065,0.28755736,1.0400035,0.77368558334597,1.0
Dmel_CG5974,0.28696054,0.2626764,0.7741425236558778,1.0
Dmel_CG8249,0.28672996,1.1989068,0.7743190835800821,1.0
Dmel_CG9542,0.28668746,0.017397571,0.7743516304626996,1.0
Dmel_CG5224,0.28655076,0.3659737,0.7744563256244343,1.0
Dmel_CG6845,0.28629965,0.50517553,0.7746486390803576,1.0
Dmel_CG14044,0.28584805,0.25803667,0.7749945125887154,1.0
Dmel_CG13788,0.28566244,1.1312301,0.77513667276866,1.0
Dmel_CG31365,0.2856334,0.0051755025,0.7751589198911811,1.0
Dmel_CG5911,0.28552857,0.44614083,0.7752392281127743,1.0
Dmel_CG2988,0.28491545,1.1472358,0.7757089165333815,1.0
Dmel_CG14709,0.28453398,0.75707436,0.7760011904355371,1.0
Dmel_CG8363,0.28432715,0.028080814,0.776159688344964,1.0
Dmel_CG14075,0.28420565,0.5985492,0.7762527830724377,1.0
Dmel_CG17180,0.28387377,0.011535411,0.7765071136211086,1.0
Dmel_CG6945,0.28368676,0.06933039,0.7766504395782824,1.0
Dmel_CG31719,0.28363365,0.13627899,0.7766911585669338,1.0
Dmel_CR46194,0.28286362,0.19013998,0.7772813812813273,1.0
Dmel_CG3004,0.28279775,0.041319318,0.7773318846919726,1.0
Dmel_CG4749,0.282785,0.25858366,0.7773416596543326,1.0
Dmel_CR45139,0.2827184,0.096054725,0.7773927072525991,1.0
Dmel_CG9305,0.28254557,0.032389928,0.777525218268626,1.0
Dmel_CG12836,0.28211343,0.47565344,0.7778565241137929,1.0
Dmel_CG2155,0.28175995,1.0141286,0.7781275731946395,1.0
Dmel_CG9092,0.28147733,0.59870046,0.7783443232477691,1.0
Dmel_CG11975,0.28131333,0.0165914,0.7784700896436141,1.0
Dmel_CG2910,0.28052524,0.016231272,0.7790745554738934,1.0
Dmel_CG11168,0.28002796,0.13577989,0.7794560490003647,1.0
Dmel_CG11279,0.27937695,-0.005600895,0.7799555488753904,1.0
Dmel_CG16979,0.27935997,0.073993705,0.7799685947040234,1.0
Dmel_CG12825,0.27916515,0.45796254,0.7801180825787408,1.0
Dmel_CG8594,0.27898735,-0.028210176,0.780254531335563,1.0
Dmel_CG2543,0.27857047,0.5668055,0.7805744785590866,1.0
Dmel_CG12655,0.27842987,0.5512205,0.7806824045697005,1.0
Dmel_CR42875,0.27831334,0.35496548,0.7807718477149364,1.0
Dmel_CG10620,0.2782276,0.012723747,0.7808376405731448,1.0
Dmel_CG3857,0.27784118,0.074783795,0.7811342716531542,1.0
Dmel_CG5069,0.27772748,0.3362182,0.7812215541412482,1.0
Dmel_CG30158,0.27661568,-0.048887596,0.7820752186414942,1.0
Dmel_CG9684,0.27605322,0.325713,0.7825071821262825,1.0
Dmel_CG7393,0.27547944,-0.01896612,0.782947919280343,1.0
Dmel_CR32989,0.27525806,1.2118617,0.7831179753947981,1.0
Dmel_CR44500,0.27525666,1.189566,0.783119063787311,1.0
Dmel_CG9706,0.2750282,0.094367415,0.7832945726309394,1.0
Dmel_CG4886,0.2747877,0.021361649,0.783479345018425,1.0
Dmel_CG12846,0.2746733,0.3020216,0.7835672454481704,1.0
Dmel_CG10756,0.27442288,-0.017313546,0.7837596563369326,1.0
Dmel_CG7574,0.2742706,0.0831902,0.7838766878144788,1.0
Dmel_CR45124,0.27388984,0.6307976,0.7841692878911151,1.0
Dmel_CG2034,0.27375808,0.065128885,0.7842705482358913,1.0
Dmel_CR44597,0.27343115,1.0097374,0.7845218094320909,1.0
Dmel_CG8079,0.27297,-0.04188973,0.7848762810688308,1.0
Dmel_CG15293,0.2727844,0.63962,0.7850189535263851,1.0
Dmel_CG43756,0.2725315,-0.02518281,0.7852133699896634,1.0
Dmel_CG13502,0.27249858,0.933334,0.7852386941290389,1.0
Dmel_CG15068,0.27240294,1.4339448,0.7853122171118506,1.0
Dmel_CG33155,0.27224568,0.35066733,0.7854331257367133,1.0
Dmel_CR46104,0.2720987,0.33259782,0.7855461418571907,1.0
Dmel_CG3097,0.27206007,0.5874774,0.7855758263589455,1.0
Dmel_CG6331,0.27194533,0.029753804,0.7856640647002352,1.0
Dmel_CG4114,0.27126917,0.83045626,0.7861840187045392,1.0
Dmel_CG11330,0.27104852,0.60355717,0.7863537257612963,1.0
Dmel_CG5541,0.27096704,0.6411995,0.786416381012593,1.0
Dmel_CG9495,0.2708661,-0.06646762,0.7864940209600484,1.0
Dmel_CR44816,0.27085724,0.06821112,0.7865008315830426,1.0
Dmel_CG11257,0.27078286,0.14239107,0.7865580414610319,1.0
Dmel_CR44116,0.27057886,1.2385852,0.7867149658973093,1.0
Dmel_CG7122,0.27050093,0.2153751,0.7867749046004904,1.0
Dmel_CG33962,0.2703897,1.0319933,0.786860455665217,1.0
Dmel_CG17359,0.27031994,0.042842753,0.78691413073582,1.0
Dmel_CG17032,0.27030045,0.37533382,0.7869291163424171,1.0
Dmel_CG31855,0.2700504,-0.033926282,0.7871214840435631,1.0
Dmel_CG15162,0.26999444,0.0046830266,0.7871645369515016,1.0
Dmel_CG5602,0.2699647,0.27606755,0.7871874261041281,1.0
Dmel_CG43236,0.26978403,0.55556554,0.7873263999052844,1.0
Dmel_CG12202,0.26975322,0.0024624693,0.7873501078771168,1.0
Dmel_CG33914,0.26963386,0.93803686,0.7874419440647482,1.0
Dmel_CR44727,0.2696052,1.3996565,0.7874640178917287,1.0
Dmel_CG2813,0.26954815,0.027807001,0.7875078935362484,1.0
Dmel_CR44663,0.26951414,0.26337245,0.7875340557322091,1.0
Dmel_CG6550,0.2694929,0.10123693,0.7875504072264368,1.0
Dmel_CG7488,0.2692634,-0.042422064,0.7877270093298756,1.0
Dmel_CG10805,0.26835558,0.3426976,0.7884256211279449,1.0
Dmel_CG33158,0.2678236,0.045098066,0.788835109129436,1.0
Dmel_CG8771,0.26711485,0.10815541,0.7893807293775841,1.0
Dmel_CG4752,0.26669335,1.1950048,0.7897052601857704,1.0
Dmel_CG2958,0.2666374,1.3138726,0.7897483518948553,1.0
Dmel_CG12653,0.26661968,0.8529389,0.7897619886455978,1.0
Dmel_CG13531,0.266585,0.14927438,0.7897887168638291,1.0
Dmel_CG9620,0.26641995,0.11431009,0.7899158156525655,1.0
Dmel_CG10128,0.2664178,-0.028867036,0.789917452154108,1.0
Dmel_CG9437,0.26623824,-0.0024196291,0.7900557398808076,1.0
Dmel_CG4926,0.26586738,0.008992264,0.7903413372306867,1.0
Dmel_CG5840,0.26576716,1.4151045,0.7904185379118702,1.0
Dmel_CG1463,0.2656673,-0.0017640122,0.7904954678448535,1.0
Dmel_CG13533,0.26564354,-0.021767993,0.7905137458241156,1.0
Dmel_CG34334,0.26550612,0.7821052,0.790619596685853,1.0
Dmel_CG4900,0.26539135,-0.033657033,0.790707990570938,1.0
Dmel_CG1227,0.26480624,0.08184521,0.7911587320913516,1.0
Dmel_CG7878,0.26473716,-0.021662075,0.7912119416644963,1.0
Dmel_CG6984,0.26448748,0.077760145,0.7914043228522576,1.0
Dmel_CG14575,0.26442018,0.59216934,0.7914561724386164,1.0
Dmel_CG14696,0.26435146,0.6257061,0.7915091145472,1.0
Dmel_CG11334,0.26420802,0.061876602,0.7916196411204145,1.0
Dmel_CG42369,0.2640327,0.52728343,0.7917547348429428,1.0
Dmel_CG14629,0.2638485,0.44778746,0.7918966582162619,1.0
Dmel_CG33958,0.26306716,0.13962634,0.7924988174736672,1.0
Dmel_CG32164,0.26306468,0.1429624,0.7925007284210024,1.0
Dmel_CG5661,0.26282525,0.38221875,0.792685277205483,1.0
Dmel_CG3713,0.26191676,0.2331909,0.7933856307365074,1.0
Dmel_CG7143,0.26143435,0.006051168,0.7937575821471932,1.0
Dmel_CG3753,0.26134828,0.41788104,0.7938239484561559,1.0
Dmel_CG1785,0.26131746,0.11609933,0.7938477095963794,1.0
Dmel_CG3945,0.2610943,0.23321423,0.7940197787336195,1.0
Dmel_CG9395,0.26093882,-0.04725392,0.7941396868057687,1.0
Dmel_CG4276,0.26092148,0.24000557,0.7941530709243526,1.0
Dmel_CG14397,0.26079255,0.77149916,0.7942524977024311,1.0
Dmel_CG11170,0.26074934,0.029552115,0.7942858228102052,1.0
Dmel_CG3730,0.26055595,0.10921225,0.794434970925102,1.0
Dmel_CG4690,0.26049078,0.06990188,0.7944852349868631,1.0
Dmel_CG17932,0.260257,0.52107894,0.7946655370094825,1.0
Dmel_CG5205,0.26022866,0.04506865,0.7946873925457075,1.0
Dmel_CG32641,0.26016173,1.9525832,0.7947390268901133,1.0
Dmel_CG31683,0.26002112,1.2785066,0.7948474892611979,1.0
Dmel_CG30053,0.25979832,0.7979669,0.795019343302514,1.0
Dmel_CG18525,0.25953373,0.07713222,0.7952234499733135,1.0
Dmel_CG5853,0.2591505,1.4745021,0.7955191152758828,1.0
Dmel_CG10711,0.2589812,0.03359117,0.795649742019093,1.0
Dmel_CG9577,0.2589589,0.09524169,0.795666958941809,1.0
Dmel_CG1772,0.25839326,0.2740503,0.7961034274719906,1.0
Dmel_CG15918,0.25837624,0.38433096,0.7961165471136119,1.0
Dmel_CG4139,0.25785205,0.84476316,0.796521097662788,1.0
Dmel_CG32095,0.2566974,0.046160042,0.7974123949963708,1.0
Dmel_CG11836,0.2565961,0.45653492,0.7974906011889964,1.0
Dmel_CG4140,0.25646785,0.03190554,0.797589592361591,1.0
Dmel_CG6137,0.25621215,0.4873736,0.7977870375135302,1.0
Dmel_CG1925,0.25582606,0.14068931,0.7980851440341852,1.0
Dmel_CR44900,0.25519562,0.1093353,0.7985720234708785,1.0
Dmel_CR43910,0.25512514,0.34938166,0.7986264603698574,1.0
Dmel_CG13279,0.2550217,0.37007898,0.7987063394006139,1.0
Dmel_CG6868,0.25497034,0.19916965,0.7987460061405884,1.0
Dmel_CG30499,0.2546452,0.10354898,0.7989971496892571,1.0
Dmel_CG6958,0.25458747,0.24967285,0.799041744890557,1.0
Dmel_CG18368,0.2541741,0.012266301,0.7993610437820111,1.0
Dmel_CG4435,0.25403032,0.1194436,0.7994721359262835,1.0
Dmel_CG15877,0.25397012,0.0607738,0.7995186535468941,1.0
Dmel_CG30338,0.25372076,0.28221282,0.7997112987937025,1.0
Dmel_CG43103,0.2531622,0.31808308,0.8001428793058409,1.0
Dmel_CG30023,0.25302407,0.14178485,0.8002496207465638,1.0
Dmel_CG8357,0.25294685,-0.05121651,0.800309288100661,1.0
Dmel_CG7101,0.2525799,0.06873193,0.8005928608073137,1.0
Dmel_CG7391,0.25254908,0.1120018,0.8006166755421913,1.0
Dmel_CG30149,0.25235853,0.0059690513,0.8007639477886543,1.0
Dmel_CG5599,0.25221118,0.3532468,0.8008778285820075,1.0
Dmel_CG5335,0.25203055,0.2455268,0.8010174478289478,1.0
Dmel_CG31359,0.25187364,0.18044391,0.8011387300984074,1.0
Dmel_CG31381,0.2511819,0.56993973,0.8016734695361569,1.0
Dmel_CR45789,0.2509935,0.5928666,0.8018191494389248,1.0
Dmel_CG17374,0.25090778,0.5225675,0.80188541964486,1.0
Dmel_CG10307,0.2506988,0.4484519,0.8020469934745615,1.0
Dmel_CG13232,0.25038,0.36443558,0.8022934783310602,1.0
Dmel_CG2611,0.25036514,0.03463888,0.8023049814383564,1.0
Dmel_CG10246,0.25033113,0.90913,0.8023312744159083,1.0
Dmel_CG32343,0.2501877,-0.06382897,0.8024422003783089,1.0
Dmel_CG7655,0.2501824,0.044427358,0.8024463088237541,1.0
Dmel_CG10208,0.2498668,0.48775926,0.8026903602755826,1.0
Dmel_CG4193,0.24977931,5.4828873,0.8027580187998653,1.0
Dmel_CG9300,0.24950516,0.10726236,0.8029700433439585,1.0
Dmel_CG16863,0.2494322,0.086101554,0.803026476093252,1.0
Dmel_CG4573,0.24886267,0.38745266,0.8034670155483725,1.0
Dmel_CG31777,0.24840187,0.8756318,0.8038234927418484,1.0
Dmel_CR44137,0.24742784,0.3208354,0.8045771336932575,1.0
Dmel_CG9930,0.2474126,0.6898754,0.8045889193413551,1.0
Dmel_CG8782,0.24737222,0.19898435,0.8046201652279907,1.0
Dmel_CG6506,0.2473687,0.21677063,0.8046229061101293,1.0
Dmel_CG9386,0.24685228,0.037744433,0.8050225524088921,1.0
Dmel_CR43629,0.2465845,0.16997086,0.805229796480115,1.0
Dmel_CG9793,0.24644354,0.07473482,0.8053389066624111,1.0
Dmel_CG14514,0.2458237,0.021445135,0.8058187074384179,1.0
Dmel_CG9263,0.24568203,0.3275429,0.8059283864591171,1.0
Dmel_CG9629,0.24560057,0.19561385,0.8059914536248569,1.0
Dmel_CG3520,0.2454727,0.27562714,0.8060904441989662,1.0
Dmel_CG8323,0.2454603,0.09529437,0.8061000417882952,1.0
Dmel_CG10541,0.24535759,0.5872433,0.8061795657946573,1.0
Dmel_CR43724,0.24532004,0.56717455,0.806208633690294,1.0
Dmel_CG33777,0.24466726,0.760319,0.8067140739196423,1.0
Dmel_CG7146,0.24455287,0.017332356,0.8068026645478794,1.0
Dmel_CG32512,0.24433646,0.19137844,0.8069702529787035,1.0
Dmel_CG4035,0.24425924,0.04621592,0.8070300493596061,1.0
Dmel_CG9943,0.24421497,-0.010490941,0.8070643367840109,1.0
Dmel_CG3995,0.24339749,-0.0090852985,0.8076974863391466,1.0
Dmel_CR44206,0.2431283,0.064450584,0.8079060033879659,1.0
Dmel_CG3034,0.24265653,-0.02722131,0.8082714898632497,1.0
Dmel_CG31991,0.24257684,0.79764664,0.808333231576703,1.0
Dmel_CG9200,0.24248226,0.08729415,0.8084064999585524,1.0
Dmel_CG6454,0.24188226,-0.047958132,0.8088713954044138,1.0
Dmel_CG14869,0.24182843,0.9238567,0.8089131130549208,1.0
Dmel_CG33494,0.2417937,1.1384501,0.8089400102491546,1.0
Dmel_CG2794,0.24144626,0.12534621,0.8092092690877749,1.0
Dmel_CG11907,0.24043894,0.0014258508,0.8099900002595934,1.0
Dmel_CG42351,0.24010989,0.41413566,0.810245069141579,1.0
Dmel_CG6225,0.23999017,0.32457453,0.8103378763841906,1.0
Dmel_CG3253,0.23967849,-0.0408793,0.8105795172134375,1.0
Dmel_CG32221,0.23952228,0.032895546,0.8107006190114926,1.0
Dmel_CG32645,0.23908982,1.3721342,0.8110359380959491,1.0
Dmel_CG8667,0.23906255,0.8997791,0.8110570855073875,1.0
Dmel_CG6477,0.23898144,0.944143,0.8111199792730185,1.0
Dmel_CG1829,0.23857448,0.5862335,0.8114355650785786,1.0
Dmel_CG34002,0.238193,1.6217234,0.8117314030954291,1.0
Dmel_CG9765,0.23751934,0.04250957,0.8122539236084704,1.0
Dmel_CG8631,0.23739891,0.10405259,0.8123473377737143,1.0
Dmel_CG9948,0.23702914,0.0404981,0.8126341908952766,1.0
Dmel_CG3619,0.23662677,0.18460463,0.8129463508242717,1.0
Dmel_CG8607,0.23641567,0.18858379,0.8131101367619127,1.0
Dmel_CG33056,0.23633987,0.023046775,0.8131689478014504,1.0
Dmel_CG4184,0.23580965,0.101346135,0.8135803797046846,1.0
Dmel_CG5861,0.23575014,-0.03169091,0.813626555635977,1.0
Dmel_CG7771,0.23558332,0.087233216,0.8137560166108934,1.0
Dmel_CG12809,0.23523197,0.34986728,0.8140286984030352,1.0
Dmel_CG17721,0.23519336,0.03443964,0.8140586617893424,1.0
Dmel_CG10913,0.23494153,0.15236117,0.8142541177075502,1.0
Dmel_CG12366,0.23464684,0.03784928,0.814482851552539,1.0
Dmel_CG1609,0.2346061,0.066105925,0.8145144686531481,1.0
Dmel_CG15351,0.23432523,1.5252118,0.8147324974039829,1.0
Dmel_CG8923,0.23425156,0.995968,0.8147896876493491,1.0
Dmel_CG10126,0.23410316,0.102559164,0.8149048959957275,1.0
Dmel_CG4414,0.23370044,0.49304876,0.8152175459654916,1.0
Dmel_CG3368,0.2332244,-0.015980655,0.8155871543245606,1.0
Dmel_CR42721,0.23313586,0.6685217,0.8156559104084679,1.0
Dmel_CG31174,0.2328603,0.44276887,0.8158698884209543,1.0
Dmel_CG7952,0.2321204,0.07727164,0.8164445065260819,1.0
Dmel_CG5888,0.23208037,0.12776259,0.8164755920835371,1.0
Dmel_CG45218,0.23194082,0.53682715,0.8165839811527479,1.0
Dmel_CG15427,0.23161674,0.21624283,0.8168357104156481,1.0
Dmel_CG16844,0.23149206,0.07530142,0.8169325555598865,1.0
Dmel_CG3691,0.23108368,-0.009210754,0.8172497979980773,1.0
Dmel_CG42494,0.23031083,0.7613617,0.8178502467691531,1.0
Dmel_CG13895,0.23030658,0.0030651563,0.8178535492580515,1.0
Dmel_CG5745,0.23012452,-0.033654213,0.8179950088998835,1.0
Dmel_CG7265,0.22934318,0.03442288,0.8186021967098811,1.0
Dmel_CG8272,0.22908461,0.040128186,0.8188031486592321,1.0
Dmel_CG12234,0.22902724,0.05383008,0.8188477450896978,1.0
Dmel_CG8025,0.22872865,0.123160236,0.8190798211566228,1.0
Dmel_CG10965,0.2286525,1.3343343,0.819139012726599,1.0
Dmel_CG4026,0.22859654,0.36861014,0.8191825123048236,1.0
Dmel_CG11822,0.22858946,1.3865069,0.8191880186202298,1.0
Dmel_CG6406,0.22823066,-0.025925428,0.81946692515275,1.0
Dmel_CG10236,0.2282041,0.68599004,0.8194875756071223,1.0
Dmel_CG17904,0.22797246,-0.046723746,0.8196676528729983,1.0
Dmel_CG14723,0.22777481,0.1995239,0.819821304297403,1.0
Dmel_CG30330,0.22776207,1.3888851,0.8198312175301148,1.0
Dmel_CG40300,0.22750811,0.85799986,0.8200286620763821,1.0
Dmel_CG9552,0.22747658,0.86829937,0.8200531713308697,1.0
Dmel_CG1120,0.2271348,0.12596944,0.8203189290207928,1.0
Dmel_CG1542,0.22706927,-0.017586555,0.8203698797440002,1.0
Dmel_CG5751,0.22619158,0.44502345,0.8210524170267393,1.0
Dmel_CG17530,0.22605735,0.0061141886,0.8211568202828119,1.0
Dmel_CR43857,0.22599395,0.42278877,0.8212061305739919,1.0
Dmel_CG3140,0.22592735,0.0022670552,0.8212579209142572,1.0
Dmel_CG42323,0.22582677,1.4525368,0.8213361588631644,1.0
Dmel_CG14513,0.22579914,0.019037483,0.8213576470616654,1.0
Dmel_CG4082,0.22538367,0.56472784,0.8216808126651897,1.0
Dmel_CG33289,0.22528662,0.43551123,0.8217563049857826,1.0
Dmel_CG14789,0.22510067,0.08286918,0.8219009572908941,1.0
Dmel_CG32602,0.22508402,0.002073798,0.8219139074116678,1.0
Dmel_CG2525,0.22504471,0.11299423,0.82194449193207,1.0
Dmel_CR44268,0.22471036,1.005934,0.8222046090556502,1.0
Dmel_CG33213,0.22408555,0.08478317,0.8226907277372775,1.0
Dmel_CG8400,0.22394672,-0.043765537,0.8227987633606991,1.0
Dmel_CR44384,0.22389854,0.35936007,0.8228362458925991,1.0
Dmel_CG6000,0.22385286,1.1701616,0.822871799550118,1.0
Dmel_CG16873,0.2238185,1.3034769,0.8228985339352214,1.0
Dmel_CG3249,0.22373703,-0.059913244,0.8229619255668419,1.0
Dmel_CG4631,0.22349264,0.07318772,0.8231521073926206,1.0
Dmel_CG16807,0.2230708,-0.0519401,0.8234804021954527,1.0
Dmel_CG6414,0.22303432,2.3251257,0.8235087952217214,1.0
Dmel_CG8432,0.2230244,0.0314115,0.8235165137542387,1.0
Dmel_CG10562,0.2226518,0.7305753,0.8238065224112266,1.0
Dmel_CG4279,0.2224623,-0.03448658,0.8239540170342798,1.0
Dmel_CG11474,0.22224979,-0.0040877685,0.8241194389613511,1.0
Dmel_CG5772,0.22203657,1.3693866,0.8242854201472376,1.0
Dmel_CG31037,0.2218754,-0.037813056,0.824410876258181,1.0
Dmel_CG3894,0.22168627,-0.025301764,0.824558120580423,1.0
Dmel_CG3590,0.22101542,0.096681885,0.8250804189178509,1.0
Dmel_CG5105,0.22092688,0.039362572,0.8251493658829444,1.0
Dmel_CG33107,0.21967623,-0.019443458,0.8261233166366013,1.0
Dmel_CG33134,0.21924731,0.21004237,0.8264574067635404,1.0
Dmel_CG6852,0.21889418,-0.035130702,0.8267324822525706,1.0
Dmel_CG33466,0.21858142,-0.013433616,0.8269761225335533,1.0
Dmel_CG6619,0.21845923,-0.045614544,0.8270713206013165,1.0
Dmel_CG15642,0.21826796,-0.036950976,0.8272203313739661,1.0
Dmel_CG10123,0.2180636,0.111242734,0.8273795590186684,1.0
Dmel_CG11970,0.21805297,0.032648515,0.8273878379464844,1.0
Dmel_CG5669,0.21727163,-0.0011597961,0.8279966676117028,1.0
Dmel_CR43653,0.21678355,0.62763965,0.8283770316350991,1.0
Dmel_CR43492,0.21646266,0.23587362,0.8286271332545956,1.0
Dmel_CG13565,0.21626644,-0.084929034,0.8287800737111968,1.0
Dmel_CG9992,0.21578403,-0.010852685,0.8291561029200887,1.0
Dmel_CG6992,0.21548189,0.4149015,0.829391624266579,1.0
Dmel_CG10050,0.21547659,0.12713458,0.8293957660453273,1.0
Dmel_CG4719,0.21512948,-0.061434075,0.8296663725260305,1.0
Dmel_CG13088,0.21491554,0.16752826,0.8298331645467625,1.0
Dmel_CG33096,0.21488863,0.16429342,0.8298541521655528,1.0
Dmel_CG5589,0.21461731,-0.0067706625,0.8300656920464576,1.0
Dmel_CG46121,0.21421142,0.79818195,0.830382196377714,1.0
Dmel_CG44159,0.21418521,0.73658156,0.8304026347766256,1.0
Dmel_CG7351,0.21414696,0.064825706,0.8304324639971744,1.0
Dmel_CG17292,0.21348709,0.1034644,0.8309470564787892,1.0
Dmel_CG1363,0.21340173,0.1860722,0.8310136301032707,1.0
Dmel_CG11755,0.21313149,0.047877833,0.8312244085362228,1.0
Dmel_CG2931,0.21309748,-0.014682718,0.8312509293565081,1.0
Dmel_CG31989,0.21283573,0.08140384,0.8314550908521188,1.0
Dmel_CR44894,0.21238025,1.1197809,0.8318103976421886,1.0
Dmel_CG13585,0.21206573,-0.009165875,0.8320557617440542,1.0
Dmel_CG5397,0.21145085,1.3908589,0.832535484761513,1.0
Dmel_CG44239,0.21140905,0.014344743,0.8325680949284325,1.0
Dmel_CG8262,0.21111153,0.25618273,0.8328002434227648,1.0
Dmel_CG42584,0.2104407,0.04354419,0.8333237364794263,1.0
Dmel_CG15504,0.2102211,0.12652992,0.8334951177504367,1.0
Dmel_CG9886,0.20988178,0.01141081,0.8337599450109185,1.0
Dmel_CG4107,0.2098591,-0.017632471,0.8337776376923809,1.0
Dmel_CG3695,0.20980775,0.38533956,0.8338177229851667,1.0
Dmel_CG32816,0.20976277,0.41233963,0.8338528325274756,1.0
Dmel_CG9870,0.20965722,0.34775022,0.8339352168485556,1.0
Dmel_CG7161,0.2094787,0.787049,0.8340745555536717,1.0
Dmel_CR44969,0.2094688,1.0189526,0.8340822967456643,1.0
Dmel_CG8344,0.20879087,0.08834742,0.8346115005952186,1.0
Dmel_CG5285,0.20864849,0.013032818,0.8347226595199716,1.0
Dmel_CG2765,0.20864636,-0.05261568,0.8347243186334188,1.0
Dmel_CR45759,0.2086329,1.332849,0.8347348263690006,1.0
Dmel_CG15525,0.2085486,-0.03739324,0.8348006386471178,1.0
Dmel_CG32077,0.20842393,0.64267075,0.834897976574293,1.0
Dmel_CG13578,0.20827092,0.48904023,0.835017440214503,1.0
Dmel_CG31077,0.20780693,2.3536782,0.8353797259072648,1.0
Dmel_CR42746,0.20772971,1.6998582,0.8354400180637989,1.0
Dmel_CG33119,0.20769925,1.6372888,0.835463803309004,1.0
Dmel_CG1320,0.20768544,-0.03433065,0.8354745896907272,1.0
Dmel_CG3066,0.20761035,0.2913364,0.8355332238967241,1.0
Dmel_CG6658,0.2075852,1.0430593,0.8355528610285444,1.0
Dmel_CG10131,0.207163,0.5267647,0.8358825588778483,1.0
Dmel_CG9882,0.20716229,0.089262374,0.8358831120864084,1.0
Dmel_CG18343,0.20664376,1.0652796,0.8362880825146901,1.0
Dmel_CG31904,0.2064355,0.7199732,0.8364507467927192,1.0
Dmel_CG12818,0.20605792,-0.02268639,0.8367456627843409,1.0
Dmel_CG31915,0.20598851,0.19176823,0.8367998899867337,1.0
Dmel_CR44753,0.205861,2.1327398,0.8368994929907299,1.0
Dmel_CG9906,0.20586029,0.10433804,0.8369000463480565,1.0
Dmel_CG15067,0.20543243,0.69521165,0.8372342889072996,1.0
Dmel_CG3647,0.20515332,-0.014781563,0.8374523371424035,1.0
Dmel_CG7736,0.20506088,-0.025752924,0.8375245614558963,1.0
Dmel_CR43411,0.20474494,0.1743675,0.8377714073726221,1.0
Dmel_CG7777,0.20453313,0.78104603,0.8379369027031456,1.0
Dmel_CR43461,0.20416158,0.39330006,0.8382272287168274,1.0
Dmel_CG15473,0.20395829,2.2797766,0.8383861008940321,1.0
Dmel_CG3668,0.20384777,-0.03818041,0.8384724592665965,1.0
Dmel_CG17807,0.20357363,-0.050461967,0.8386867028571503,1.0
Dmel_CR45961,0.20338094,0.059332963,0.8388372894877802,1.0
Dmel_CG9670,0.20335262,0.020337224,0.8388594350783729,1.0
Dmel_CG15481,0.20316064,0.08022204,0.8390094748145989,1.0
Dmel_CG3924,0.20283337,-0.039176725,0.8392652756028957,1.0
Dmel_CG11961,0.2025872,0.6437057,0.8394576910667357,1.0
Dmel_CG4426,0.20241755,0.09763318,0.8395903110520839,1.0
Dmel_CG8075,0.202227,-0.025145631,0.8397392717060379,1.0
Dmel_CG10376,0.20211649,-0.027465539,0.8398256604402957,1.0
Dmel_CG31868,0.20204033,0.32248512,0.8398851922616083,1.0
Dmel_CG14031,0.20193939,1.1214349,0.8399641079481222,1.0
Dmel_CG11305,0.20189121,-0.005358625,0.8400017665269663,1.0
Dmel_CG4937,0.2015395,0.1827224,0.8402767406267607,1.0
Dmel_CG5408,0.2009551,1.1306539,0.8407336893177058,1.0
Dmel_CG1567,0.20085344,0.27301165,0.8408131761796116,1.0
Dmel_CG10638,0.20083325,-0.033926006,0.8408289629621045,1.0
Dmel_CG44257,0.20061825,0.09084296,0.8409970823166371,1.0
Dmel_CG13203,0.19982381,0.28714165,0.8416183835699732,1.0
Dmel_CG42741,0.1997009,0.66818565,0.8417145098819296,1.0
Dmel_CG6517,0.19958827,0.53510296,0.8418026046546683,1.0
Dmel_CG5323,0.1992702,-0.0061252415,0.8420513861170157,1.0
Dmel_CG9761,0.19913915,0.00027973193,0.842153895316808,1.0
Dmel_CG31778,0.19899641,1.0775203,0.8422655502727561,1.0
Dmel_CG3193,0.19897056,-0.009443716,0.8422857759515179,1.0
Dmel_CG5545,0.19892734,-0.029928299,0.8423195780030709,1.0
Dmel_CG8643,0.19870067,0.012874819,0.8424969049994917,1.0
Dmel_CG10658,0.19755805,0.41110957,0.8433908653126201,1.0
Dmel_CG42445,0.19748579,0.37724462,0.8434474027674455,1.0
Dmel_CG34001,0.19725876,0.18588686,0.8436250575679114,1.0
Dmel_CR43481,0.19722192,0.6502454,0.8436538821861003,1.0
Dmel_CG4585,0.19710185,-0.04818411,0.8437478408085871,1.0
Dmel_CG42266,0.19706501,0.7343362,0.8437766663185093,1.0
Dmel_CG10916,0.19685745,0.0032875543,0.8439390908902957,1.0
Dmel_CG5562,0.19681354,0.090496734,0.8439734614458843,1.0
Dmel_CG3095,0.19675261,0.49270022,0.8440211372245241,1.0
Dmel_CR45902,0.19611719,0.8259223,0.8445184407160986,1.0
Dmel_CG31869,0.1960754,0.028383804,0.8445511529306424,1.0
Dmel_CG10621,0.19603856,0.847462,0.8445799842572408,1.0
Dmel_CG5796,0.19597197,0.24461533,0.844632102952879,1.0
Dmel_CG9653,0.19583277,0.029068545,0.844741055401565,1.0
Dmel_CG9689,0.19516583,0.021714274,0.8452631257350558,1.0
Dmel_CG10184,0.19504718,0.02458782,0.8453560131392777,1.0
Dmel_CR44127,0.19492781,0.5217903,0.8454494572641857,1.0
Dmel_CG8254,0.19480243,0.43344605,0.8455476175291357,1.0
Dmel_CG6147,0.19475886,-0.029133448,0.8455817246232075,1.0
Dmel_CR45641,0.19473903,0.44831356,0.8455972531521557,1.0
Dmel_CG3893,0.19466785,0.20622033,0.8456529899732389,1.0
Dmel_CG8389,0.1946388,0.016461613,0.8456757285997213,1.0
Dmel_CG5632,0.19453502,0.017822126,0.8457569786444566,1.0
Dmel_CG15890,0.1938185,0.16564012,0.8463180091640722,1.0
Dmel_CG42867,0.19330987,1.0485048,0.8467162966172954,1.0
Dmel_CG43843,0.19285509,0.44963896,0.847072458676408,1.0
Dmel_CG2139,0.19261707,-0.05378441,0.8472588737070348,1.0
Dmel_CG10018,0.19260609,0.07368206,0.8472674734162388,1.0
Dmel_CG7123,0.19249381,0.31046906,0.8473554134217751,1.0
Dmel_CG12910,0.1924846,0.2874623,0.8473626262510614,1.0
Dmel_CG14485,0.19226572,0.83071893,0.847534073417215,1.0
Dmel_CR44332,0.19212121,0.0809186,0.8476472657923678,1.0
Dmel_CG43065,0.19211128,-0.04835208,0.8476550340118076,1.0
Dmel_CG32042,0.19211058,0.15187077,0.8476555888851911,1.0
Dmel_CG17260,0.19194482,0.03852588,0.8477854313325407,1.0
Dmel_CG8654,0.19141069,1.1093707,0.848203840637316,1.0
Dmel_CG3992,0.19136323,0.9966014,0.8482410223152059,1.0
Dmel_CG6685,0.19116277,0.045911774,0.8483980770077466,1.0
Dmel_CR31781,0.19103844,0.55099624,0.8484954761396951,1.0
Dmel_CG7908,0.19100372,-0.03751339,0.8485226706124889,1.0
Dmel_CG11450,0.1909683,0.41849482,0.8485504202603766,1.0
Dmel_CG17064,0.19056594,0.2816922,0.8488656694295084,1.0
Dmel_CG9355,0.19055426,1.5785639,0.8488748275574082,1.0
Dmel_CG7281,0.19049865,0.0014009699,0.848918398324034,1.0
Dmel_CG31152,0.19039877,0.27487862,0.848996660350465,1.0
Dmel_CG10110,0.19021991,0.019505866,0.849136814151918,1.0
Dmel_CG10514,0.19018945,0.020594543,0.8491606824033199,1.0
Dmel_CG6372,0.19007008,0.19222017,0.8492542139766427,1.0
Dmel_CG15077,0.18995638,-0.03857502,0.8493433068550822,1.0
Dmel_CG34246,0.1893571,-0.01700176,0.8498129496907243,1.0
Dmel_CG8297,0.1893061,0.004266878,0.8498529217570768,1.0
Dmel_CG10726,0.18918815,0.11386054,0.849945358638543,1.0
Dmel_CG3298,0.18918672,0.12113205,0.8499464690040132,1.0
Dmel_CG7386,0.1891212,0.055000734,0.8499978237321618,1.0
Dmel_CG12908,0.18867493,1.8836601,0.8503476079865707,1.0
Dmel_CG6386,0.18842416,0.15067002,0.8505441663540079,1.0
Dmel_CG5381,0.18824777,0.5464287,0.8506824290755046,1.0
Dmel_CG10361,0.18818048,0.19266203,0.8507351811231861,1.0
Dmel_CG2031,0.18815815,0.001019335,0.8507526727391189,1.0
Dmel_CG9236,0.18800975,0.44478106,0.850869007735358,1.0
Dmel_CG14966,0.18772392,0.026375948,0.8510930797483567,1.0
Dmel_CG3929,0.18754612,0.9500004,0.8512324713798675,1.0
Dmel_CG7673,0.18748485,0.6587108,0.8512805098121414,1.0
Dmel_CG4282,0.18747067,0.0378057,0.8512916170426709,1.0
Dmel_CG14121,0.18733113,0.34796083,0.8514010248394738,1.0
Dmel_CG17498,0.18723726,0.42042014,0.8514746129107348,1.0
Dmel_CG15638,0.18721813,0.47186342,0.8514896083744594,1.0
Dmel_CG1650,0.18671128,1.1007428,0.8518870077121756,1.0
Dmel_CG11788,0.18642226,0.05925603,0.8521136338220339,1.0
Dmel_CR44619,0.18630822,0.4867482,0.8522030656234283,1.0
Dmel_CG15658,0.18602274,0.16160111,0.8524269311944934,1.0
Dmel_CG15021,0.1857571,1.3300496,0.852635253508928,1.0
Dmel_CG6011,0.18571317,-0.011447015,0.8526696971222729,1.0
Dmel_CG3616,0.18558212,0.03739742,0.8527724740897193,1.0
Dmel_CG17266,0.18550137,0.18689516,0.8528358081685645,1.0
Dmel_CG15524,0.18534765,0.21243243,0.8529563677647316,1.0
Dmel_CR45967,0.18527009,0.44931075,0.8530172044411426,1.0
Dmel_CG3469,0.18458755,0.030088678,0.8535525492873327,1.0
Dmel_CG33980,0.18448201,-0.12052888,0.8536353434648674,1.0
Dmel_CG4936,0.1844728,-0.0061818594,0.8536425671944197,1.0
Dmel_CG13741,0.18440124,0.5480408,0.853698690434318,1.0
Dmel_CG4788,0.18415757,0.10034363,0.8538898484094612,1.0
Dmel_CG31873,0.18387917,0.06552151,0.8541082457801878,1.0
Dmel_CG9890,0.18381329,-0.028926596,0.8541599292372466,1.0
Dmel_CG5814,0.18348424,0.5660971,0.8544180780196778,1.0
Dmel_CG7995,0.18332805,0.04641336,0.8545406277319881,1.0
Dmel_CG15728,0.18328519,0.4216709,0.8545742530966409,1.0
Dmel_CG11900,0.18319274,0.08472796,0.8546467847411425,1.0
Dmel_CG30096,0.18307728,0.002111688,0.8547373815472367,1.0
Dmel_CR45251,0.18297032,0.3078537,0.8548213103587099,1.0
Dmel_CG32154,0.18295614,0.5033732,0.8548324268807928,1.0
Dmel_CG9883,0.1819258,1.1765133,0.8556409530582734,1.0
Dmel_CG1674,0.18182486,0.25972888,0.8557201739982134,1.0
Dmel_CG10669,0.18169203,0.030109053,0.8558244142922724,1.0
Dmel_CR45910,0.18156843,0.024164302,0.8559214295193606,1.0
Dmel_CG6662,0.18147598,0.27792215,0.855993983877419,1.0
Dmel_CG2669,0.18134245,0.1896767,0.856098786765578,1.0
Dmel_CG13090,0.18069641,0.16628252,0.856605879518999,1.0
Dmel_CR46117,0.18043147,0.36122653,0.8568138491579825,1.0
Dmel_CG33193,0.18034221,0.09022976,0.8568839160352915,1.0
Dmel_CG18259,0.18033867,0.025756735,0.8568866964902002,1.0
Dmel_CG9663,0.180282,0.3139399,0.8569311840102548,1.0
Dmel_CG6962,0.18027847,0.35485435,0.8569339644953511,1.0
Dmel_CR45597,0.18024871,0.327287,0.8569573206402501,1.0
Dmel_CR45161,0.18006028,0.00081425067,0.8571052457991288,1.0
Dmel_CG2736,0.17995438,1.0488063,0.8571883863907299,1.0
Dmel_CG9117,0.17981306,0.23192872,0.8572993356680991,1.0
Dmel_CG12005,0.1797245,-0.00045061304,0.857368854196035,1.0
Dmel_CG4721,0.17945106,0.39862382,0.8575835343910716,1.0
Dmel_CG4123,0.17941494,0.16598172,0.8576118996609988,1.0
Dmel_CG13436,0.17905402,0.26367152,0.8578952843568273,1.0
Dmel_CG17642,0.17890632,-0.03628541,0.858011257665318,1.0
Dmel_CG8581,0.17889853,-0.066578224,0.8580173762463348,1.0
Dmel_CG12935,0.1787604,0.048326954,0.8581258434162007,1.0
Dmel_CG6565,0.17863572,0.0054976204,0.8582237442897513,1.0
Dmel_CG12018,0.17836583,0.058059428,0.8584356848978777,1.0
Dmel_CR45135,0.17806867,0.88681555,0.8586690538777059,1.0
Dmel_CG42550,0.17800066,0.64453596,0.8587224606733745,1.0
Dmel_CG2411,0.17758448,0.17533596,0.8590493132118141,1.0
Dmel_CG3345,0.1774003,0.27235883,0.859193970560195,1.0
Dmel_CG12817,0.17718779,-0.016626414,0.8593608887581616,1.0
Dmel_CG18188,0.1769016,0.55826676,0.8595856818616262,1.0
Dmel_CG9424,0.17685768,0.0228651,0.8596201808208961,1.0
Dmel_CG5630,0.17665863,0.41471952,0.8597765423658417,1.0
Dmel_CG5167,0.17653465,0.35603455,0.8598739233310553,1.0
Dmel_CR46378,0.17632285,2.3787963,0.860040310596378,1.0
Dmel_CG13879,0.17588578,0.0033517308,0.8603836778646688,1.0
Dmel_CG6234,0.17544836,0.32383618,0.8607273498178211,1.0
Dmel_CG11770,0.17509523,0.09797629,0.8610048111168634,1.0
Dmel_CG9122,0.1746369,0.12391339,0.8613649519622989,1.0
Dmel_CG4711,0.17443112,0.41579065,0.8615266629136664,1.0
Dmel_CG5140,0.17437764,0.27841684,0.8615686920117305,1.0
Dmel_CG8149,0.17430148,-0.027384566,0.861628535443608,1.0
Dmel_CG32237,0.1742689,0.9631746,0.8616541431083103,1.0
Dmel_CG31659,0.17418034,0.81871283,0.8617237298880966,1.0
Dmel_CG11010,0.17403619,-0.041469447,0.861837019461273,1.0
Dmel_CG9377,0.17391293,0.0349786,0.861933888475826,1.0
Dmel_CG5576,0.17341883,-0.031191902,0.8623222204433338,1.0
Dmel_CG30156,0.17338802,0.08965249,0.8623464400994476,1.0
Dmel_CG6838,0.17322403,-0.026653653,0.8624753353881396,1.0
Dmel_CG42267,0.17301117,0.08013614,0.862642654171824,1.0
Dmel_CG3766,0.17296016,-0.05993886,0.8626827447791542,1.0
Dmel_CG11820,0.17278661,0.008686349,0.862819166855509,1.0
Dmel_CG16789,0.17253512,0.049033042,0.8630168469175626,1.0
Dmel_CG12110,0.1725245,0.2963473,0.8630251997851917,1.0
Dmel_CG18468,0.17250325,0.0015859149,0.8630419055663863,1.0
Dmel_CG2711,0.1724565,-0.015189292,0.8630786585005783,1.0
Dmel_CG4482,0.17242178,0.26275194,0.8631059449615801,1.0
Dmel_CG5001,0.1719911,0.14625703,0.8634445333992791,1.0
Dmel_CG2712,0.17187385,0.077807665,0.863536702854085,1.0
Dmel_CR46364,0.17182037,0.38287842,0.8635787505637212,1.0
Dmel_CR45601,0.17160574,20.723782,0.8637475022114293,1.0
Dmel_CG7034,0.1714265,0.032806378,0.8638884118147834,1.0
Dmel_CG30106,0.17087255,0.021883082,0.8643239779403747,1.0
Dmel_CG5339,0.17057645,-0.00062436226,0.864556816649243,1.0
Dmel_CG3757,0.17054918,1.7130738,0.8645782629115897,1.0
Dmel_CG12863,0.17048967,0.15330413,0.8646250551029429,1.0
Dmel_CR45141,0.17047374,0.14711714,0.8646375888062388,1.0
Dmel_CG2245,0.17046311,-0.026034012,0.8646459446273561,1.0
Dmel_CR43716,0.17042556,1.0243261,0.8646754686498446,1.0
Dmel_CG4357,0.17029132,0.034670036,0.8647810325016186,1.0
Dmel_CG6751,0.17002603,0.04610528,0.8649896605070464,1.0
Dmel_CG5577,0.17002392,0.012394293,0.86499133179744,1.0
Dmel_CR46003,0.1699637,-0.11060263,0.8650386852761768,1.0
Dmel_CG18600,0.16994068,0.023838338,0.8650567911461268,1.0
Dmel_CG12857,0.16949546,1.0713342,0.8654069447354641,1.0
Dmel_CG30467,0.16939983,0.014384261,0.8654821601734634,1.0
Dmel_CR45185,0.16905627,0.30159134,0.8657523886463048,1.0
Dmel_CG11594,0.16905627,-0.02753966,0.8657523886463048,1.0
Dmel_CG13659,0.16877715,0.095715895,0.8659719260132961,1.0
Dmel_CG8431,0.1687297,0.020933414,0.8660092595390155,1.0
Dmel_CG13970,0.1686918,2.2869751,0.8660390708525971,1.0
Dmel_CG18111,0.16867408,1.9439826,0.8660530014383035,1.0
Dmel_CG17820,0.16865072,1.849823,0.8660713898751529,1.0
Dmel_CG5359,0.16863088,0.0836285,0.8660869922420591,1.0
Dmel_CG4604,0.16848671,0.006380992,0.8662003895833694,1.0
Dmel_CG8012,0.16839781,0.049180284,0.8662703239606678,1.0
Dmel_CG7422,0.16839604,0.105771795,0.8662717170863912,1.0
Dmel_CR44330,0.1683617,0.623422,0.8662987438076298,1.0
Dmel_CG12128,0.16823313,-0.035653032,0.866399886429728,1.0
Dmel_CG3820,0.16821045,0.017125238,0.8664177189646634,1.0
Dmel_CG9204,0.16791718,-0.025887677,0.8666484335126148,1.0
Dmel_CG10178,0.16766146,0.2836149,0.8668496214139998,1.0
Dmel_CG31127,0.16754669,0.20949002,0.8669399079862339,1.0
Dmel_CR43609,0.16748223,0.42869622,0.8669906252790863,1.0
Dmel_CG32179,0.16726193,0.06822102,0.8671639599395866,1.0
Dmel_CG1832,0.16710998,-0.058094725,0.8672835144165985,1.0
Dmel_CG2641,0.16658507,0.887564,0.8676965441327131,1.0
Dmel_CG16790,0.16654469,0.106436186,0.8677283171467556,1.0
Dmel_CG2961,0.16640867,0.55000883,0.8678353436078754,1.0
Dmel_CG4533,0.16639416,0.21853802,0.8678467710554787,1.0
Dmel_CG42856,0.16637929,-0.055910762,0.8678584772499476,1.0
Dmel_CG7831,0.165797,0.14306326,0.8683167138857784,1.0
Dmel_CG3135,0.16564114,0.8755403,0.8684393638055368,1.0
Dmel_CG6019,0.1653408,0.19833396,0.8686757525795289,1.0
Dmel_CG4237,0.16464764,-0.038869355,0.8692213313512696,1.0
Dmel_CR44589,0.16464233,0.7847104,0.8692255133404392,1.0
Dmel_CG11043,0.16433914,0.430335,0.8694641715796768,1.0
Dmel_CG1362,0.16428778,0.004461928,0.8695045996794094,1.0
Dmel_CG6744,0.16427715,0.107403286,0.8695129641564285,1.0
Dmel_CG42349,0.16389428,1.8072184,0.8698143738797388,1.0
Dmel_CR43423,0.16387728,1.6469848,0.8698277579141244,1.0
Dmel_CG11527,0.16377385,1.0067123,0.8699091782599051,1.0
Dmel_CG14864,0.16348873,0.0030762656,0.8701336490236519,1.0
Dmel_CG10217,0.16338849,-0.02410957,0.8702125648348706,1.0
Dmel_CG5465,0.16292875,0.040384416,0.8705745344660751,1.0
Dmel_CR45865,0.16258164,0.50056773,0.8708478422941783,1.0
Dmel_CG8913,0.16208081,0.0055182087,0.871242213620435,1.0
Dmel_CG32396,0.16194941,0.24486734,0.8713456925909909,1.0
Dmel_CG14871,0.16191931,0.066493094,0.8713694010210584,1.0
Dmel_CG11576,0.16173972,-0.015442485,0.8715108172332322,1.0
Dmel_CG5354,0.16173442,0.4097295,0.871515001207415,1.0
Dmel_CG7720,0.16169475,0.6124356,0.871546241661612,1.0
Dmel_CG8589,0.16154245,0.37521997,0.8716661845522371,1.0
Dmel_CG9512,0.16114858,0.07937986,0.8719763761229277,1.0
Dmel_CG12375,0.1609885,-0.023229925,0.8721024668164148,1.0
Dmel_CR45822,0.16093288,-0.023220222,0.8721462645656908,1.0
Dmel_CG31710,0.16079511,0.063882284,0.872254784244342,1.0
Dmel_CG6814,0.16065909,0.17903513,0.8723619114265825,1.0
Dmel_CR45145,0.16032544,0.30832365,0.8726247177062865,1.0
Dmel_CG3709,0.1599964,0.1930272,0.8728839109166738,1.0
Dmel_CG7795,0.15991458,0.8763128,0.8729483625857575,1.0
Dmel_CG3603,0.15973607,0.53962374,0.8730889873357476,1.0
Dmel_CG6370,0.15966098,0.014138829,0.8731481402146626,1.0
Dmel_CG1868,0.15934078,0.23053163,0.873400384974555,1.0
Dmel_CR44023,0.15916263,-0.0010789512,0.8735407435512821,1.0
Dmel_CG5978,0.15897101,-0.032863896,0.873691710200403,1.0
Dmel_CG34388,0.1589101,0.76248235,0.8737397079546002,1.0
Dmel_CR45805,0.15866818,0.4045047,0.8739303082722113,1.0
Dmel_CG5300,0.15821871,-0.022037456,0.8742844591717187,1.0
Dmel_CR45180,0.15745898,0.11875311,0.8748831402623494,1.0
Dmel_CG18249,0.15714657,1.198179,0.875129332027722,1.0
Dmel_CR44843,0.1569886,0.08757481,0.8752538281579045,1.0
Dmel_CG10961,0.15689191,-0.025992783,0.8753300347117864,1.0
Dmel_CG1600,0.15653701,0.040845904,0.8756097477910332,1.0
Dmel_CG17878,0.15620336,1.1533813,0.8758727257566638,1.0
Dmel_CG11125,0.1561977,1.1364161,0.8758771925921589,1.0
Dmel_CG4656,0.15606453,-0.027848788,0.87598216436424,1.0
Dmel_CG14935,0.15581942,0.45990393,0.8761753627950549,1.0
Dmel_CG6907,0.15516311,-0.041245043,0.8766927353571926,1.0
Dmel_CG32356,0.15503453,0.17041552,0.87679409406704,1.0
Dmel_CG3663,0.15480147,0.41561672,0.8769778293295477,1.0
Dmel_CG13475,0.15478802,0.28862855,0.8769884403831326,1.0
Dmel_CG9431,0.15472709,-0.043913383,0.8770364696389724,1.0
Dmel_CG4078,0.1546513,0.09643361,0.877096227600948,1.0
Dmel_CG7051,0.15443312,0.27795562,0.8772682450828195,1.0
Dmel_CG5454,0.1541278,-0.006339021,0.8775089675863592,1.0
Dmel_CG6760,0.15396063,0.18159637,0.8776407833173873,1.0
Dmel_CR45164,0.1536291,0.26865885,0.8779021906462467,1.0
Dmel_CG10625,0.15329014,0.9010152,0.8781694766485678,1.0
Dmel_CG18107,0.15325649,0.93819535,0.878196010500058,1.0
Dmel_CG1172,0.15325436,-0.047138285,0.8781976863268515,1.0
Dmel_CG15825,0.15325011,0.8938381,0.878201037982076,1.0
Dmel_CR44766,0.15313464,0.63051325,0.8782920921174027,1.0
Dmel_CG7049,0.15282579,0.010167614,0.8785356558737818,1.0
Dmel_CG6579,0.15274645,0.08632327,0.8785982245671549,1.0
Dmel_CG9451,0.15223217,0.71483195,0.8790038221468086,1.0
Dmel_CG8089,0.15219817,0.6096127,0.8790306396360472,1.0
Dmel_CG9401,0.15216912,-0.017884783,0.8790535463513403,1.0
Dmel_CG31720,0.1520232,0.43482056,0.8791686401599706,1.0
Dmel_CG32755,0.15166263,0.046634324,0.8794530333783266,1.0
Dmel_CG6484,0.1515199,1.8233439,0.8795656216331662,1.0
Dmel_CR45175,0.15136404,0.8579224,0.8796885495555258,1.0
Dmel_CG10733,0.15130383,-0.0032592125,0.8797360452114061,1.0
Dmel_CG10516,0.15125212,0.06074438,0.8797768359436133,1.0
Dmel_CG15101,0.15087774,0.15683252,0.88007215917877,1.0
Dmel_CG9096,0.150837,0.29310662,0.8801042909066652,1.0
Dmel_CG1137,0.15060218,0.123919055,0.8802895411513998,1.0
Dmel_CR45549,0.15051788,1.389961,0.8803560428378367,1.0
Dmel_CR44565,0.15042225,0.85901815,0.8804314869490699,1.0
Dmel_CG7131,0.1504003,0.21990654,0.8804488113056343,1.0
Dmel_CG17167,0.15034433,0.10748156,0.8804929607310474,1.0
Dmel_CG8734,0.15033795,0.005922322,0.8804979904359956,1.0
Dmel_CG10215,0.15029226,0.080757424,0.8805340367958552,1.0
Dmel_CG3688,0.1501134,0.0142997475,0.8806751508952121,1.0
Dmel_CG8152,0.1500624,-0.0010076552,0.8807153900655167,1.0
Dmel_CG9723,0.14977373,-0.014693019,0.8809431383931242,1.0
Dmel_CG43925,0.14956193,1.1912829,0.8811102532461839,1.0
Dmel_CG32695,0.14950632,1.128676,0.8811541287592151,1.0
Dmel_CG6674,0.14935082,0.011794514,0.8812768144541491,1.0
Dmel_CG9493,0.14934374,0.6230405,0.8812824038475373,1.0
Dmel_CG13889,0.14924988,0.4963712,0.8813564638680649,1.0
Dmel_CG8950,0.14912379,0.058405828,0.8814559574531241,1.0
Dmel_CG14174,0.14893925,0.32988045,0.8816015680099873,1.0
Dmel_CG9967,0.14885035,0.30149236,0.8816717196302527,1.0
Dmel_CG4860,0.14860879,1.3620017,0.8818623354921016,1.0
Dmel_CG3858,0.14853795,0.9879743,0.8819182358698867,1.0
Dmel_CG3225,0.14851564,0.19635545,0.8819358446107249,1.0
Dmel_CG4120,0.14837857,0.53794336,0.8820440138700791,1.0
Dmel_CR45243,0.14763476,1.2317121,0.8826310171515601,1.0
Dmel_CG3394,0.1474814,0.6643411,0.8827520596642784,1.0
Dmel_CG8490,0.14715767,-0.027318876,0.8830075717830285,1.0
Dmel_CG5859,0.1470964,0.029049471,0.8830559359509874,1.0
Dmel_CG7110,0.14706805,0.11958788,0.8830783010315593,1.0
Dmel_CG17985,0.14705814,-0.031090073,0.883086128831779,1.0
Dmel_CG7288,0.14690939,-0.06650339,0.8832035472046071,1.0
Dmel_CG10009,0.14684492,-0.02884712,0.8832544292965725,1.0
Dmel_CG9449,0.14667916,1.2269496,0.8833852711728061,1.0
Dmel_CG8791,0.14649002,0.52461565,0.8835345689942061,1.0
Dmel_CG30385,0.14580643,1.891131,0.8840742004442799,1.0
Dmel_CG9548,0.14575826,-0.014166424,0.8841122283189672,1.0
Dmel_CG14701,0.14569238,0.0035452908,0.8841642374622091,1.0
Dmel_CG6362,0.14568564,1.0257081,0.8841695502522579,1.0
Dmel_CR13130,0.14560454,0.16429038,0.8842335837630177,1.0
Dmel_CG7780,0.14506546,0.09974103,0.884659188126665,1.0
Dmel_CG10938,0.1450095,-0.058729865,0.8847033723546798,1.0
Dmel_CG14358,0.14421044,0.12887104,0.8853342950604854,1.0
Dmel_CG3775,0.14387538,1.7520719,0.8855988791659933,1.0
Dmel_CG11875,0.14366215,0.11520982,0.8857672575125106,1.0
Dmel_CR46083,0.14363028,0.5657487,0.8857924307983914,1.0
Dmel_CG4901,0.14358601,0.08913878,0.8858273938866483,1.0
Dmel_CG5032,0.14351234,0.07330365,0.8858855729581141,1.0
Dmel_CG4445,0.14335684,-0.028419498,0.8860083663825445,1.0
Dmel_CG4805,0.14324775,0.27145413,0.8860945192118435,1.0
Dmel_CG43663,0.1429683,-0.01002052,0.8863152220471772,1.0
Dmel_CG6023,0.14267395,0.16771115,0.8865476828567099,1.0
Dmel_CG13162,0.14249474,0.42655024,0.8866892341736248,1.0
Dmel_CG17977,0.1424703,-0.014454039,0.8867085369061176,1.0
Dmel_CG15329,0.14174385,0.61363614,0.8872823342768585,1.0
Dmel_CG33122,0.14171906,0.5964561,0.8873019188492725,1.0
Dmel_CG9084,0.14167656,0.56089264,0.8873354925620743,1.0
Dmel_CG9996,0.1415781,0.04833763,0.8874132724399985,1.0
Dmel_CG10889,0.1414095,0.11335652,0.8875464520144786,1.0
Dmel_CG5116,0.14119273,0.22344607,0.8877176875609827,1.0
Dmel_CG9749,0.14080313,-0.04921845,0.8880254770402541,1.0
Dmel_CG7246,0.14047797,0.013952208,0.8882823542788615,1.0
Dmel_CG1028,0.14023854,0.28663513,0.8884715219269934,1.0
Dmel_CG5164,0.1401801,-0.0101676695,0.8885176954686494,1.0
Dmel_CG16838,0.14000016,1.1671621,0.8886598563834607,1.0
Dmel_CG6847,0.13973807,0.5544406,0.8888669475871369,1.0
Dmel_CG1827,0.13960312,0.016445706,0.8889735745305647,1.0
Dmel_CG11838,0.13958825,0.31742653,0.8889853288047678,1.0
Dmel_CR44129,0.13893867,0.7587541,0.889498622546165,1.0
Dmel_CG17834,0.13890466,0.6753256,0.8895254919805825,1.0
Dmel_CG32556,0.13827597,0.12371599,0.8900223194611008,1.0
Dmel_CG43673,0.1382317,4.508144,0.8900573089420538,1.0
Dmel_CG10895,0.13806522,0.9543657,0.8901888713061648,1.0
Dmel_CG14961,0.13806097,1.0089955,0.8901922303848513,1.0
Dmel_CG14257,0.1378605,0.5212839,0.8903506691675666,1.0
Dmel_CG8586,0.1373997,0.20385082,0.8907148710162941,1.0
Dmel_CG11268,0.13705152,0.115422875,0.8909900672654633,1.0
Dmel_CG17453,0.1369559,0.6115325,0.8910656575486611,1.0
Dmel_CG2867,0.1369311,0.5419836,0.8910852551911284,1.0
Dmel_CR43889,0.13687514,0.5033923,0.8911294901143951,1.0
Dmel_CG14495,0.13684751,0.5153179,0.8911513277330931,1.0
Dmel_CR44340,0.13648906,0.26136652,0.8914346643158185,1.0
Dmel_CG44158,0.13629073,0.2112884,0.8915914573176369,1.0
Dmel_CG14565,0.13626699,1.8425009,0.8916102167643706,1.0
Dmel_CR43838,0.13625884,0.18135089,0.8916166565884306,1.0
Dmel_CG12114,0.13620926,-0.00972788,0.8916558556716585,1.0
Dmel_CG14563,0.13610017,0.8216562,0.891742094586577,1.0
Dmel_CG42711,0.136069,0.8333815,0.8917667345117777,1.0
Dmel_CG6698,0.13602969,0.65670204,0.891797814566465,1.0
Dmel_CG32536,0.13602224,0.6376052,0.8918036945955107,1.0
Dmel_CG8247,0.13577998,0.1385929,0.8919952187922794,1.0
Dmel_CR44218,0.13569604,0.32317117,0.8920615817166759,1.0
Dmel_CG16908,0.13536522,0.22564858,0.8923231205968059,1.0
Dmel_CG34437,0.13531387,1.8364222,0.8923637245788614,1.0
Dmel_CG31752,0.13528553,1.5194988,0.8923861268966524,1.0
Dmel_CG30039,0.13525082,1.1224793,0.892413569852978,1.0
Dmel_CR46254,0.13510631,0.61432123,0.8925278235453059,1.0
Dmel_CR44806,0.1351017,0.1587387,0.8925314640182646,1.0
Dmel_CG34213,0.1350971,0.023678461,0.8925351044934878,1.0
Dmel_CG12919,0.13507938,0.032163028,0.8925491063423737,1.0
Dmel_CG9001,0.13503689,0.56971306,0.8925827109163521,1.0
Dmel_CG6644,0.13486546,0.39081186,0.8927182513218876,1.0
Dmel_CG32187,0.13466747,0.03746088,0.8928747987889054,1.0
Dmel_CG43885,0.13444397,0.1120321,0.8930515148085894,1.0
Dmel_CG6983,0.13437065,-0.043703936,0.8931094877819847,1.0
Dmel_CG31956,0.13417089,0.75078624,0.8932674460269268,1.0
Dmel_CG1487,0.13413866,-0.057831477,0.893292932594475,1.0
Dmel_CG4950,0.13403913,0.53461516,0.8933716335698483,1.0
Dmel_CG17524,0.13401327,-0.03762011,0.8933920791908051,1.0
Dmel_CR44429,0.13366759,0.22706474,0.8936654411424001,1.0
Dmel_CG18094,0.13323902,0.7403928,0.8940043602761748,1.0
Dmel_CG33183,0.13311185,-0.053889938,0.8941049193481215,1.0
Dmel_CG3267,0.13295707,0.3724124,0.8942273292060221,1.0
Dmel_CG4935,0.13258128,0.024285903,0.8945245407342031,1.0
Dmel_CG6763,0.13250442,0.21669821,0.8945853294602957,1.0
Dmel_CG4259,0.13246652,2.01288,0.8946153038526903,1.0
Dmel_CG1264,0.13231918,0.66832983,0.8947318412375868,1.0
Dmel_CG15399,0.1321605,0.56307346,0.8948573455776001,1.0
Dmel_CG11110,0.13212225,-0.016491394,0.894887601481982,1.0
Dmel_CG1616,0.13211764,0.1573857,0.8948912434067101,1.0
Dmel_CG11194,0.13205035,0.42060533,0.8949444717901305,1.0
Dmel_CG6729,0.13179426,-0.046164766,0.8951470241191118,1.0
Dmel_CG32169,0.1316625,0.16845256,0.8952512445793522,1.0
Dmel_CG12267,0.13165471,0.06652484,0.8952574082115996,1.0
Dmel_CG3790,0.13156581,0.071698874,0.8953277300997549,1.0
Dmel_CR34077,0.13145247,1.331632,0.8954173846956774,1.0
Dmel_CG3926,0.13136746,0.84887135,0.8954846265192822,1.0
Dmel_CG16836,0.13127112,0.6638568,0.8955608348270898,1.0
Dmel_CR45938,0.13123995,0.61984795,0.8955854906624672,1.0
Dmel_CG40733,0.13049473,1.2772247,0.8961750192513814,1.0
Dmel_CG43351,0.13047844,1.1886462,0.8961879088260198,1.0
Dmel_CG18367,0.1304455,0.97557545,0.8962139682671375,1.0
Dmel_CR45943,0.1303187,0.63717455,0.8963142841498946,1.0
Dmel_CG3425,0.13014445,0.39918506,0.8964521511398849,1.0
Dmel_CG31473,0.130001,0.27984378,0.8965656415573829,1.0
Dmel_CG30381,0.12984586,0.033641193,0.8966883817242877,1.0
Dmel_CR45501,0.12949592,1.0000807,0.8969652567459112,1.0
Dmel_CG5114,0.12929757,0.032470595,0.8971221955300266,1.0
Dmel_CG14855,0.12922248,0.29155087,0.8971816091203217,1.0
Dmel_CG6583,0.12917572,-0.04977215,0.897218602779111,1.0
Dmel_CG17036,0.12905459,0.3501325,0.8973144510250953,1.0
Dmel_CG31040,0.12890017,-0.035816085,0.8974366456983864,1.0
Dmel_CG13053,0.12862885,1.634734,0.897651333054603,1.0
Dmel_CG9330,0.12854314,-0.06686873,0.8977191601221715,1.0
Dmel_CG13287,0.12850064,0.8055672,0.8977527936560116,1.0
Dmel_CG3770,0.12847018,0.7047154,0.8977768978015985,1.0
Dmel_CG31753,0.12845849,-0.14021857,0.8977861470918086,1.0
Dmel_CG6768,0.12829237,0.31757745,0.8979176006260216,1.0
Dmel_CG8092,0.12774125,-0.06315156,0.8983537436977528,1.0
Dmel_CG7942,0.12760383,0.17439829,0.8984625039561767,1.0
Dmel_CG3246,0.12716392,0.31472087,0.8988106617211338,1.0
Dmel_CG9867,0.12707183,0.048227623,0.89888354745674,1.0
Dmel_CG8199,0.12685153,0.11704994,0.8990579160224367,1.0
Dmel_CG10603,0.12678707,-0.016855057,0.8991089379716115,1.0
Dmel_CG8169,0.12668611,0.03160277,0.8991888358176396,1.0
Dmel_CR43256,0.12647963,0.0014820929,0.899352279154844,1.0
Dmel_CR45593,0.12578186,1.7507018,0.8999045977887657,1.0
Dmel_CG13295,0.1257082,-0.009622695,0.8999629164988101,1.0
Dmel_CG32262,0.125654,-0.0117201,0.9000058147408799,1.0
Dmel_CG14270,0.1256409,-0.04319134,0.9000161888694302,1.0
Dmel_CG5896,0.12558742,0.16451359,0.9000585267062733,1.0
Dmel_CG7236,0.12558706,0.6335135,0.9000588070902467,1.0
Dmel_CG6759,0.12531433,0.04912787,0.9002747064493,1.0
Dmel_CG42514,0.12514856,0.13840048,0.9004059320037253,1.0
Dmel_CG6813,0.12509508,0.05040372,0.9004482724538219,1.0
Dmel_CG45783,0.12476463,0.17548321,0.9007098922413905,1.0
Dmel_CG9741,0.12445329,-0.03243178,0.9009563799165293,1.0
Dmel_CG4730,0.12439131,0.022560917,0.901005454257684,1.0
Dmel_CG14185,0.12380831,1.1406164,0.9014670519802646,1.0
Dmel_CG8191,0.12379556,1.0491437,0.9014771480506203,1.0
Dmel_CG11983,0.12351929,0.0782653,0.901695900152271,1.0
Dmel_CG5618,0.12343783,-0.0004560155,0.901760405402993,1.0
Dmel_CG5933,0.12309957,0.026475003,0.9020282493557663,1.0
Dmel_CG4880,0.12305317,0.20460987,0.9020649911245447,1.0
Dmel_CG43323,0.12296108,0.2129213,0.902137914340348,1.0
Dmel_CG4945,0.122844554,1.0417204,0.9022301914391894,1.0
Dmel_CG5733,0.1227684,0.09289753,0.9022904948163211,1.0
Dmel_CG8736,0.122708194,0.5763285,0.9023381769555213,1.0
Dmel_CR43856,0.122515514,0.079443775,0.902490762167607,1.0
Dmel_CR32863,0.12249532,0.25798208,0.9025067501649511,1.0
Dmel_CG18336,0.122109964,0.1975661,0.9028119321431918,1.0
Dmel_CG13337,0.12188045,-0.0044949595,0.9029937017656801,1.0
Dmel_CG42872,0.12162507,0.37300834,0.9031959544974598,1.0
Dmel_CG11909,0.121598154,0.3838355,0.9032172741530169,1.0
Dmel_CG15784,0.121586114,0.4401866,0.9032268119162548,1.0
Dmel_CG11275,0.12115542,0.16092122,0.9035679363841354,1.0
Dmel_CG4199,0.12095707,-0.050096244,0.9037250391688176,1.0
Dmel_CG1620,0.120954946,-0.035752468,0.9037267224333584,1.0
Dmel_CG3361,0.12078245,-0.07153366,0.9038633488473964,1.0
Dmel_CG5619,0.12076403,0.5462603,0.9038779374623358,1.0
Dmel_CR43460,0.12002059,1.2930961,0.9044668395519843,1.0
Dmel_CG43662,0.11994479,0.8402321,0.9045268830272432,1.0
Dmel_CG9538,0.119942665,0.1071816,0.9045285664970351,1.0
Dmel_CG12127,0.11993275,0.007238736,0.9045364226950708,1.0
Dmel_CG5695,0.119862266,-0.039004877,0.9045922580859832,1.0
Dmel_CG30147,0.11978965,0.54019964,0.9046497774492849,1.0
Dmel_CG14877,0.11978257,0.46857873,0.9046553891212755,1.0
Dmel_CG7347,0.11973015,0.110908814,0.9046969156419785,1.0
Dmel_CG3773,0.11938375,0.0044019185,0.904971333926552,1.0
Dmel_CG3050,0.11914715,0.13096538,0.9051587754351902,1.0
Dmel_CG1213,0.11906533,0.05535057,0.9052235955103537,1.0
Dmel_CG6276,0.11867183,-0.04014315,0.905535358019447,1.0
Dmel_CG4531,0.11862366,-0.036259014,0.9055735225680577,1.0
Dmel_CG17795,0.11815825,1.7559879,0.9059422706760645,1.0
Dmel_CG8196,0.11813416,1.3887886,0.9059613540835146,1.0
Dmel_CG15196,0.11790323,0.5255166,0.9061443330389773,1.0
Dmel_CG18642,0.11790146,-0.006158748,0.9061457362710882,1.0
Dmel_CR45530,0.1178501,0.4615375,0.9061864301297368,1.0
Dmel_CG3303,0.11754054,0.24960552,0.9064317210836543,1.0
Dmel_CG7183,0.11753204,-0.01627222,0.906438456888039,1.0
Dmel_CG12814,0.117203705,-0.033354707,0.9066986324777428,1.0
Dmel_CG9379,0.117114805,-0.004675148,0.906769080882124,1.0
Dmel_CG2684,0.11702696,0.13685527,0.9068386879941027,1.0
Dmel_CG11626,0.11625837,1.5128517,0.90744778068762,1.0
Dmel_CG3174,0.11619461,1.1809552,0.9074983069550332,1.0
Dmel_CG3171,0.11618044,0.16415726,0.9075095350652957,1.0
Dmel_CG9156,0.116176195,0.1259904,0.9075129035019786,1.0
Dmel_CG8062,0.11612236,0.1644994,0.9075555705105729,1.0
Dmel_CG1809,0.11609615,0.67623955,0.9075763427034113,1.0
Dmel_CG13391,0.11599697,7.8759485e-06,0.9076549407617643,1.0
Dmel_CG7068,0.11598847,0.52046937,0.9076616777802777,1.0
Dmel_CG10359,0.11593818,0.459754,0.9077015386090499,1.0
Dmel_CG10958,0.115690246,-0.02671871,0.9078980390474534,1.0
Dmel_CG4475,0.11538493,0.2003406,0.908140023044328,1.0
Dmel_CG3781,0.11532472,0.026850393,0.9081877471134646,1.0
Dmel_CG10718,0.11524184,1.1838325,0.90825343843297,1.0
Dmel_CG17048,0.11497301,0.4359798,0.9084665184390754,1.0
Dmel_CR44018,0.11495565,-0.03602427,0.908480274818783,1.0
Dmel_CG13568,0.11477076,0.2710188,0.908626824076763,1.0
Dmel_CG14722,0.11475553,-0.05370078,0.9086388962807783,1.0
Dmel_CG3152,0.11453062,-0.030896647,0.9088171743066502,1.0
Dmel_CG12493,0.11415447,0.6053442,0.909115344035028,1.0
Dmel_CG5987,0.11415305,0.6245577,0.9091164671090814,1.0
Dmel_CG11163,0.11408009,0.51119703,0.9091743056683248,1.0
Dmel_CR45922,0.11400925,0.43160656,0.9092304600699427,1.0
Dmel_CG6241,0.11389095,-0.0041274414,0.9093242389315999,1.0
Dmel_CG11668,0.11351551,-0.03862585,0.9096218688304872,1.0
Dmel_CG34291,0.113440774,3.6051035,0.90968111554247,1.0
Dmel_CG3397,0.113423064,2.7082758,0.9096951551213073,1.0
Dmel_CG7669,0.11336321,1.3641266,0.9097426091065006,1.0
Dmel_CG4610,0.113342665,0.013151804,0.9097588951638134,1.0
Dmel_CG31628,0.11324632,0.0923146,0.909835271662526,1.0
Dmel_CG44006,0.11320028,0.634989,0.9098717754305214,1.0
Dmel_CG9193,0.113135815,0.5091767,0.9099228810253497,1.0
Dmel_CG9438,0.11306214,0.37994635,0.9099812878758153,1.0
Dmel_CG1633,0.11299839,-0.007104063,0.9100318326583264,1.0
Dmel_CG18247,0.11298989,0.4207437,0.9100385719901779,1.0
Dmel_CG13418,0.11289071,0.065855004,0.9101171980066027,1.0
Dmel_CG10799,0.11283192,-0.04824816,0.9101638124177458,1.0
Dmel_CG2211,0.112797916,0.014295019,0.9101907702906337,1.0
Dmel_CR44996,0.112389885,1.1609541,0.9105142728212451,1.0
Dmel_CG3430,0.11236439,0.13924028,0.9105344922225487,1.0
Dmel_CR44657,0.112333216,0.8452866,0.9105592049028227,1.0
Dmel_CG6908,0.112247504,0.6068819,0.9106271652196576,1.0
Dmel_CG1644,0.112214915,0.570056,0.9106530015447301,1.0
Dmel_CG5916,0.11221386,-0.032219086,0.9106538440351818,1.0
Dmel_CG14273,0.112070404,0.3899372,0.9107675811679589,1.0
Dmel_CG33260,0.111708425,0.10099442,0.9110546000315021,1.0
Dmel_CG8449,0.111519285,-0.040856298,0.9112045734107593,1.0
Dmel_CG10932,0.11149343,0.08597285,0.9112250756354704,1.0
Dmel_CG11777,0.11123983,-0.05194282,0.9114261690797206,1.0
Dmel_CG15106,0.11086899,0.060170952,0.9117202363229956,1.0
Dmel_CG8257,0.11050736,0.052080095,0.9120070126811763,1.0
Dmel_CG7014,0.110468045,0.76556903,0.9120381908218705,1.0
Dmel_CG17490,0.1104305,0.8338581,0.9120679646682109,1.0
Dmel_CR33945,0.1103887,0.7399638,0.9121011092838603,1.0
Dmel_CG5707,0.11034904,0.4690876,0.9121325687215234,1.0
Dmel_CG2556,0.11009614,0.33311483,0.9123331258719078,1.0
Dmel_CG14968,0.10996297,0.25016057,0.9124387436474937,1.0
Dmel_CG4917,0.10993286,-0.038482804,0.912462620220754,1.0
Dmel_CG1623,0.109802164,0.21151462,0.9125662735546741,1.0
Dmel_CR44217,0.1095769,1.680701,0.9127449315718609,1.0
Dmel_CG6067,0.10943345,0.7267582,0.9128587019476911,1.0
Dmel_CG1544,0.10943274,0.59913665,0.9128592637811411,1.0
Dmel_CR43585,0.109150454,-0.023265775,0.9130831578748798,1.0
Dmel_CG4879,0.10898823,-0.053756893,0.9132118228479034,1.0
Dmel_CG4395,0.108907476,0.0074868174,0.9132758752548318,1.0
Dmel_CR32207,0.10884656,0.05030457,0.9133241958644432,1.0
Dmel_CG31806,0.108780324,0.18989678,0.913376730844251,1.0
Dmel_CR44499,0.10861775,1.5147841,0.913505681944442,1.0
Dmel_CR46357,0.10861704,1.7353739,0.9135062438278593,1.0
Dmel_CR45152,0.10852424,0.8423608,0.9135798509292045,1.0
Dmel_CG1092,0.1084109,0.5913244,0.9136697537379185,1.0
Dmel_CG11237,0.1084024,0.52271074,0.9136764964931187,1.0
Dmel_CG5008,0.10834077,0.38805738,0.913725381654108,1.0
Dmel_CG31852,0.108140655,-0.006549199,0.9138841202024983,1.0
Dmel_CG9008,0.10809815,-0.02192172,0.91391783502696,1.0
Dmel_CG11857,0.10801846,-0.048321016,0.9139810507402899,1.0
Dmel_CR44317,0.10794053,-0.034779847,0.9140428621861717,1.0
Dmel_CG15435,0.107865445,0.060147204,0.9141024264349977,1.0
Dmel_CG18372,0.10767418,1.6851606,0.9142541488701512,1.0
Dmel_CG8346,0.10728316,0.3963127,0.9145643466779897,1.0
Dmel_CG5112,0.10681704,-0.017638167,0.9149341284538438,1.0
Dmel_CG4790,0.10675187,2.6064856,0.9149858319339665,1.0
Dmel_CG13500,0.10674479,2.2070234,0.9149914518991363,1.0
Dmel_CG4472,0.106621526,0.857467,0.915089239973125,1.0
Dmel_CG6556,0.10657831,-0.06610556,0.9151235223033815,1.0
Dmel_CG14016,0.10650819,0.4468093,0.9151791611753932,1.0
Dmel_CG4715,0.106503226,0.5963039,0.9151830952527853,1.0
Dmel_CG34195,0.106394134,0.4045118,0.9152696454808857,1.0
Dmel_CG15861,0.106346674,0.39434806,0.9153073007639116,1.0
Dmel_CG6913,0.10602861,0.23065157,0.9155596522626613,1.0
Dmel_CG7203,0.10587773,0.117166355,0.91567936764407,1.0
Dmel_CG3313,0.10580901,0.0015327669,0.9157338865503133,1.0
Dmel_CG31759,0.105668046,0.123789914,0.9158457358561646,1.0
Dmel_CG32548,0.10557879,0.5705667,0.9159165558762102,1.0
Dmel_CG2916,0.10549024,0.50556743,0.9159868144920624,1.0
Dmel_CG30051,0.10545411,-0.044644296,0.9160154801958669,1.0
Dmel_CR44943,0.10517217,0.23884042,0.9162391888488494,1.0
Dmel_CG3639,0.105022706,0.0012520343,0.9163577908515427,1.0
Dmel_CG2533,0.10484561,2.685707,0.9164983169609746,1.0
Dmel_CG6172,0.104786105,1.2848811,0.9165455343196062,1.0
Dmel_CG9707,0.10476769,1.1563475,0.9165601492759998,1.0
Dmel_CG15353,0.104389414,0.33913472,0.9168603242263378,1.0
Dmel_CG10670,0.104388,0.31636363,0.9168614484993954,1.0
Dmel_CR44431,0.103903465,3.4718127,0.917245959622614,1.0
Dmel_CG31897,0.1038305,0.06390094,0.9173038628306343,1.0
Dmel_CG7635,0.103824474,1.2495947,0.9173086412703118,1.0
Dmel_CG3651,0.10380677,-0.071678735,0.9173226955219705,1.0
Dmel_CG15582,0.10379331,1.0338999,0.9173333767705113,1.0
Dmel_CG17949,0.1037462,0.868394,0.9173707612578981,1.0
Dmel_CG15616,0.10373274,0.7791212,0.9173814425735705,1.0
Dmel_CG30356,0.10346674,0.3510743,0.9175925421589968,1.0
Dmel_CR42454,0.1034292,0.24932164,0.9176223383077325,1.0
Dmel_CG13016,0.10313486,0.02917904,0.9178559328758091,1.0
Dmel_CG1859,0.1028841,1.409086,0.9180549576697854,1.0
Dmel_CG11085,0.102790944,-0.07968353,0.9181288905050313,1.0
Dmel_CR45181,0.10269921,0.59976554,0.9182016995783702,1.0
Dmel_CG13192,0.10268575,0.01962979,0.9182123820483927,1.0
Dmel_CG33544,0.102529906,0.3427983,0.9183360748812529,1.0
Dmel_CG9273,0.102464736,0.12910576,0.9183878015612446,1.0
Dmel_CG4005,0.10232767,-0.0069571203,0.9184965973901921,1.0
Dmel_CG18104,0.10221326,0.20303322,0.9185874023124856,1.0
Dmel_CG6672,0.101985164,0.055718873,0.9187684530654368,1.0
Dmel_CG31337,0.101926014,1.2760712,0.918815403250012,1.0
Dmel_CG16713,0.10191539,1.1530175,0.9188238374449024,1.0
Dmel_CG8587,0.10181444,0.08635136,0.9189039627517662,1.0
Dmel_CG13091,0.101813026,0.68210006,0.9189050873233385,1.0
Dmel_CG31195,0.10176946,-0.012833651,0.9189396679783625,1.0
Dmel_CR43859,0.1016168,0.3911494,0.9190608420521647,1.0
Dmel_CG4043,0.10132991,0.02753908,0.9192885756736008,1.0
Dmel_CG13689,0.10127324,-0.030775446,0.9193335608762803,1.0
Dmel_CG6332,0.100797206,0.56322914,0.9197114467578319,1.0
Dmel_CG5096,0.10058327,0.3238967,0.9198812763829908,1.0
Dmel_CG4067,0.10054856,0.00042117547,0.9199088318656208,1.0
Dmel_CG7788,0.10041822,-0.021756161,0.9200123063730297,1.0
Dmel_CR44441,0.10006899,0.1324504,0.9202895572405272,1.0
Dmel_CG34423,0.09991456,0.634895,0.9204121580787583,1.0
Dmel_CG8938,0.099714085,-0.033536844,0.9205713170341956,1.0
Dmel_CG12800,0.099104874,1.880006,0.9210549997894592,1.0
Dmel_CG33926,0.09909,1.5592244,0.9210668110134207,1.0
Dmel_CG34057,0.0989377,0.08736995,0.9211877364503583,1.0
Dmel_CG7466,0.09865931,-0.07172107,0.9214087816077606,1.0
Dmel_CR45364,0.098156705,2.0730383,0.9218078594113975,1.0
Dmel_CG7560,0.09808339,1.008593,0.9218660774830857,1.0
Dmel_CG11320,0.09803274,0.88006413,0.9219062960090221,1.0
Dmel_CG30008,0.09797111,0.56919837,0.9219552335057015,1.0
Dmel_CG17669,0.0978815,0.4350052,0.9220263902779908,1.0
Dmel_CG9522,0.09722199,-0.07035891,0.92255010078475,1.0
Dmel_CG10531,0.097221285,2.8054032,0.9225506633275563,1.0
Dmel_CG13599,0.097122826,0.89781016,0.9226288571544683,1.0
Dmel_CR44855,0.09700523,0.5519853,0.9227222406900614,1.0
Dmel_CG10998,0.09694785,0.42145357,0.9227678077418038,1.0
Dmel_CG3322,0.096892595,0.39243382,0.9228116873645363,1.0
Dmel_CG14685,0.09688764,-0.044489484,0.9228156252908861,1.0
Dmel_CG14704,0.09669815,0.04012065,0.92296611175021,1.0
Dmel_CG10753,0.09669567,-0.017247042,0.9229680807502081,1.0
Dmel_CG42345,0.096658126,0.2520472,0.9229978970935818,1.0
Dmel_CG8828,0.09627524,3.3608406,0.9233019737097965,1.0
Dmel_CG3675,0.09623592,1.5551586,0.9233331977534511,1.0
Dmel_CG2941,0.09609213,0.0035173346,0.9234474056217693,1.0
Dmel_CG31449,0.096018456,0.13343437,0.9235059166682821,1.0
Dmel_CR45939,0.09592353,0.3652165,0.923581306511456,1.0
Dmel_CR44901,0.095838524,0.020331737,0.9236488203864941,1.0
Dmel_CG9874,0.09574785,-0.03438942,0.9237208357927751,1.0
Dmel_CG18143,0.09557359,-0.043675896,0.9238592421566758,1.0
Dmel_CG1815,0.09537808,-0.03063898,0.9240145300892154,1.0
Dmel_CG15920,0.095276065,1.6970695,0.9240955510300362,1.0
Dmel_CG4702,0.09521231,0.9368047,0.9241461895179706,1.0
Dmel_CR45384,0.09512731,0.5792385,0.9242137079800057,1.0
Dmel_CG9728,0.094924,0.11087699,0.924375191848563,1.0
Dmel_CG15475,0.09490417,0.34766272,0.9243909465392842,1.0
Dmel_CG3433,0.094446555,-0.011721068,0.924754437983458,1.0
Dmel_CG43402,0.09438315,19.895643,0.9248047991069964,1.0
Dmel_CG5493,0.09427016,0.99140775,0.9248945495657259,1.0
Dmel_CG2617,0.09426521,0.052505173,0.9248984884792378,1.0
Dmel_CG13377,0.09421951,0.7899422,0.9249347828403709,1.0
Dmel_CR45444,0.09395068,0.31639498,0.925148331894271,1.0
Dmel_CG9362,0.09389543,0.29152977,0.9251922240681355,1.0
Dmel_CR45896,0.09388799,0.17570724,0.9251981326473951,1.0
Dmel_CG2260,0.09375659,0.023201847,0.9253025182277173,1.0
Dmel_CG15145,0.09337618,1.6302563,0.9256047090652842,1.0
Dmel_CG11821,0.09337123,1.6107936,0.9256086483091813,1.0
Dmel_CG15434,0.093359895,1.3802503,0.9256176523020806,1.0
Dmel_CG32640,0.09335493,1.2899051,0.9256215915519701,1.0
Dmel_CR43628,0.09330747,0.959024,0.925659295893155,1.0
Dmel_CG32191,0.093256466,0.7174236,0.9256998141772736,1.0
Dmel_CG15105,0.093209006,0.6330769,0.9257375188647755,1.0
Dmel_CG12278,0.09319484,0.55273926,0.9257487740277041,1.0
Dmel_CG33350,0.093134984,0.0686772,0.925796327255081,1.0
Dmel_CG8159,0.09309496,-0.0052834,0.9258281233479153,1.0
Dmel_CG4459,0.092836395,0.25302547,0.9260335345878705,1.0
Dmel_CG5649,0.09268764,-0.04096876,0.9261517186325312,1.0
Dmel_CG14980,0.092667446,-0.067047335,0.9261677580213772,1.0
Dmel_CG42703,0.092433326,1.840622,0.9263537608434267,1.0
Dmel_CG34172,0.09241066,1.4209024,0.9263717704077192,1.0
Dmel_CG31955,0.092166975,0.395585,0.9265653756046296,1.0
Dmel_CG7075,0.0921305,0.4032115,0.9265943604780867,1.0
Dmel_CG3672,0.09209508,0.344079,0.9266225012251347,1.0
Dmel_CR44050,0.091639936,0.023695393,0.9269841179807332,1.0
Dmel_CG9760,0.09150464,0.023369014,0.9270916209707535,1.0
Dmel_CR43598,0.09146355,1.6136718,0.927124266121315,1.0
Dmel_CG3288,0.09146284,1.3583841,0.9271248289698145,1.0
Dmel_CG15322,0.091418214,1.0660475,0.927160288498785,1.0
Dmel_CR31386,0.09134809,0.7492406,0.9272160109080018,1.0
Dmel_CG31627,0.09094501,0.22680114,0.9275362809613557,1.0
Dmel_CG9198,0.09090818,0.09505201,0.9275655505156,1.0
Dmel_CG6856,0.09069425,0.19351177,0.9277355410169894,1.0
Dmel_CG14022,0.090517156,1.5914614,0.9278762641263345,1.0
Dmel_CR46044,0.09050723,1.4183015,0.9278841446871992,1.0
Dmel_CG32694,0.09040558,0.7235867,0.9279649208437587,1.0
Dmel_CG9313,0.09028835,0.35544547,0.9280580817230424,1.0
Dmel_CG10575,0.09020759,-0.04246808,0.9281222535368102,1.0
Dmel_CG14984,0.090182796,0.3731818,0.9281419555032717,1.0
Dmel_CG43448,0.08957429,1.7750142,0.9286255118301356,1.0
Dmel_CG44002,0.08953038,-0.000112116984,0.9286604144729143,1.0
Dmel_CG13329,0.08949708,0.9382652,0.9286868730193809,1.0
Dmel_CR44390,0.089490704,0.94059503,0.9286919395585502,1.0
Dmel_CG5044,0.08940287,-0.035480052,0.928761745503516,1.0
Dmel_CG12263,0.089220814,-0.014120506,0.9289064256988615,1.0
Dmel_CG11723,0.08916343,-0.03794376,0.9289520257807918,1.0
Dmel_CR44517,0.089045845,0.16912009,0.9290454785293607,1.0
Dmel_CG10142,0.08900972,0.21250525,0.929074190112531,1.0
Dmel_CR45745,0.08850534,0.77318215,0.929475035957714,1.0
Dmel_CG30401,0.08845576,0.57936907,0.929514445927083,1.0
Dmel_CG10424,0.08843309,0.0089051025,0.9295324619706595,1.0
Dmel_CG11295,0.08841751,0.027926534,0.9295448480215688,1.0
Dmel_CG7833,0.08833923,0.03677535,0.9296070600353572,1.0
Dmel_CG2118,0.0883194,0.32213154,0.9296228242338773,1.0
Dmel_CG10344,0.08802081,0.21482818,0.9298601350556733,1.0
Dmel_CG16766,0.087968744,0.18868552,0.9299015172972608,1.0
Dmel_CR43126,0.08782565,-0.073223256,0.9300152490595937,1.0
Dmel_CG31202,0.08768646,2.5242968,0.9301258855365123,1.0
Dmel_CG6563,0.08767866,-0.01452706,0.930132078967011,1.0
Dmel_CG34221,0.08756957,0.6931207,0.9302187874381219,1.0
Dmel_CG18608,0.087502986,-0.04197589,0.930271713795198,1.0
Dmel_CR45925,0.087467566,0.45336524,0.9302998662384495,1.0
Dmel_CG7356,0.0874371,0.47929415,0.9303240774094035,1.0
Dmel_CG14745,0.08743427,0.33724362,0.9303263296146312,1.0
Dmel_CG11294,0.08731562,-0.030964952,0.9304206412092197,1.0
Dmel_CG15701,0.08727913,0.2952313,0.9304496387019241,1.0
Dmel_CG4152,0.08723026,-0.005687571,0.9304884898562832,1.0
Dmel_CG7222,0.08719696,-0.035358924,0.9305149537809152,1.0
Dmel_CG18106,0.087073,0.080295525,0.9306134903458665,1.0
Dmel_CG14544,0.08692069,0.17663528,0.930734551010162,1.0
Dmel_CG1628,0.08689271,0.037897862,0.9307567925623698,1.0
Dmel_CG14285,0.0868534,0.12928846,0.9307880434422814,1.0
Dmel_CR44197,0.0866639,0.9971939,0.9309386685484636,1.0
Dmel_CG31414,0.08651266,0.42227703,0.9310588888664058,1.0
Dmel_CG5171,0.08649708,0.44021064,0.9310712769979772,1.0
Dmel_CG1638,0.0864096,0.34360966,0.9311408197737525,1.0
Dmel_CG6789,0.086396135,0.3367301,0.9311515187090077,1.0
Dmel_CG6539,0.086227186,-0.03019956,0.9312858195591651,1.0
Dmel_CG10031,0.08590877,0.11262132,0.9315389411520132,1.0
Dmel_CG33166,0.085899204,0.045098383,0.9315465433537994,1.0
Dmel_CG9885,0.08580782,0.022611478,0.9316191869301589,1.0
Dmel_CR46094,0.08571149,1.0804334,0.9316957730228196,1.0
Dmel_CG14414,0.08565091,-0.040503345,0.9317439212210592,1.0
Dmel_CG1895,0.085324,0.27541557,0.9320038131724,1.0
Dmel_CG42556,0.08527441,0.22169375,0.932043234037249,1.0
Dmel_CG10469,0.08510936,0.18823878,0.9321744504019744,1.0
Dmel_CG31216,0.08489968,0.001023627,0.9323411485274095,1.0
Dmel_CG14271,0.08478669,1.4541651,0.9324309752684024,1.0
Dmel_CG7428,0.084708415,0.83964044,0.9324932068381374,1.0
Dmel_CG6749,0.08470345,0.8665788,0.9324971491234253,1.0
Dmel_CG5940,0.084678665,0.6427977,0.9325168605747001,1.0
Dmel_CG6071,0.084678665,0.6415559,0.9325168605747001,1.0
Dmel_CG5052,0.08463262,0.4969478,0.9325534676654231,1.0
Dmel_CR44603,0.08448456,0.024453172,0.9326711745081375,1.0
Dmel_CG6985,0.0844116,0.319169,0.9327291836852849,1.0
Dmel_CG15666,0.084312074,0.22840588,0.9328083132844924,1.0
Dmel_CG5835,0.08383994,-0.02033741,0.9331836951136956,1.0
Dmel_CG10604,0.08376768,-0.016406167,0.933241144208615,1.0
Dmel_CG5154,0.08373509,0.74591434,0.9332670527377562,1.0
Dmel_CG14920,0.08372447,0.64240855,0.9332755011864577,1.0
Dmel_CG33288,0.08368763,0.45010287,0.9333047892001409,1.0
Dmel_CR45279,0.08351691,0.2926294,0.933440529057202,1.0
Dmel_CG5529,0.08339578,0.23651437,0.9335368435738085,1.0
Dmel_CG14086,0.08310853,0.064418755,0.9337652424107303,1.0
Dmel_CG34208,0.083064966,-0.0252545,0.9337998829082759,1.0
Dmel_CG13056,0.08280357,0.81580484,0.9340077285237449,1.0
Dmel_CG12885,0.08280145,0.8284025,0.934009418343952,1.0
Dmel_CG13526,0.08270475,0.4367891,0.9340863054778129,1.0
Dmel_CG5041,0.08266898,0.06073741,0.9341147510568212,1.0
Dmel_CG5807,0.08250959,-0.045241684,0.9342414898069417,1.0
Dmel_CG11619,0.08248091,0.29016307,0.9342643029590637,1.0
Dmel_CG44402,0.08230912,-0.05185007,0.9344009013566227,1.0
Dmel_CG9081,0.08226697,0.20256302,0.9344344175473449,1.0
Dmel_CG33172,0.08197618,0.1391581,0.9346656542620373,1.0
Dmel_CG8568,0.08176933,0.5278833,0.9348301426869335,1.0
Dmel_CG9752,0.08175871,0.3633491,0.9348385925099777,1.0
Dmel_CG18004,0.08169283,-0.021747412,0.9348909815766603,1.0
Dmel_CG3014,0.08159436,0.29607126,0.9349692840406001,1.0
Dmel_CG8985,0.081463665,-0.0802454,0.9350732188581916,1.0
Dmel_CG31370,0.081436396,0.2231337,0.9350949072930717,1.0
Dmel_CG2917,0.08120688,0.025789825,0.935277430054512,1.0
Dmel_CG4182,0.08111479,0.08492531,0.9353506654526929,1.0
Dmel_CG16926,0.08100605,2.1528938,0.9354371402617543,1.0
Dmel_CR45538,0.08099189,1.5998346,0.935448407393963,1.0
Dmel_CG10874,0.08098515,-0.023054851,0.9354537592862913,1.0
Dmel_CR45740,0.08098409,1.4810939,0.9354546043221887,1.0
Dmel_CG15412,0.08092069,0.93188596,0.9355050249289772,1.0
Dmel_CG6124,0.08087677,0.59689057,0.9355399533222295,1.0
Dmel_CG18596,0.08075174,0.07501705,0.9356393872498693,1.0
Dmel_CG44405,0.08072376,0.38373175,0.9356616403060521,1.0
Dmel_CG42561,0.0804482,0.20910725,0.9358807933390174,1.0
Dmel_CG5483,0.08029519,-0.029855292,0.9360024845255991,1.0
Dmel_CG3919,0.08016591,0.06398678,0.9361053034759428,1.0
Dmel_CG13724,0.08005576,2.2755966,0.9361929116964067,1.0
Dmel_CG34112,0.079980664,1.0358675,0.9362526322124018,1.0
Dmel_CG18013,0.07994596,0.697892,0.9362802389872613,1.0
Dmel_CG7497,0.079944536,0.66079533,0.9362813657960259,1.0
Dmel_CG43394,0.07994312,0.10827507,0.9362824926049181,1.0
Dmel_CG33801,0.07972352,0.37946492,0.9364571495247814,1.0
Dmel_CR32218,0.07937429,-0.030293355,0.9367349166630908,1.0
Dmel_CG1968,0.079124585,-0.043484844,0.9369335277070163,1.0
Dmel_CG32598,0.07910829,2.368935,0.9369464868619938,1.0
Dmel_CG7768,0.078905694,0.47043774,0.9371076325310338,1.0
Dmel_CG7900,0.07887984,0.4479474,0.9371281985099615,1.0
Dmel_CR44598,0.078783855,0.28609776,0.9372045465519353,1.0
Dmel_CG14815,0.07866662,-0.04515371,0.9372977990026173,1.0
Dmel_CG6776,0.078378305,-0.04235756,0.9375271304371604,1.0
Dmel_CG1971,0.07824867,0.09588774,0.9376302467525804,1.0
Dmel_CG34305,0.07816933,4.0629663,0.9376933567076167,1.0
Dmel_CG11458,0.07816295,2.6610637,0.9376984280602841,1.0
Dmel_CG4783,0.07809212,1.126244,0.9377547765932474,1.0
Dmel_CG14168,0.078085035,1.1306942,0.9377604114636927,1.0
Dmel_CG3777,0.07807795,1.0022837,0.9377660463372549,1.0
Dmel_CG7163,0.078049615,0.6427849,0.9377885858626669,1.0
Dmel_CG9302,0.07797736,0.06372758,0.9378460618780482,1.0
Dmel_CG17652,0.07778999,0.016549278,0.9379951065827273,1.0
Dmel_CG32195,0.07769047,-0.12831189,0.9380742786612534,1.0
Dmel_CG14286,0.07750062,-0.022989228,0.9382252989848332,1.0
Dmel_CG12622,0.07722258,19.276096,0.9384464801464644,1.0
Dmel_CG13437,0.07713722,1.0209821,0.9385143851254659,1.0
Dmel_CG8292,0.077078775,0.76969117,0.9385608763440734,1.0
Dmel_CG42364,0.07705823,0.66628873,0.9385772187615811,1.0
Dmel_CR45673,0.07703486,0.57967466,0.93859581533711,1.0
Dmel_CG17286,0.07696933,0.46969506,0.9386479422803147,1.0
Dmel_CG43329,0.07694454,0.4243953,0.9386676660571238,1.0
Dmel_CG2723,0.07691124,0.29518977,0.9386941523308842,1.0
Dmel_CG8956,0.07690841,0.33606505,0.9386964064849747,1.0
Dmel_CG7332,0.07689389,-0.041897044,0.9387079590323979,1.0
Dmel_CG14892,0.076841824,0.19323812,0.9387493792474745,1.0
Dmel_CG9640,0.07655351,0.06276802,0.9389787431627816,1.0
Dmel_CG3589,0.07653793,0.037137836,0.9389911413566456,1.0
Dmel_CG10617,0.07647523,-0.05530599,0.9390410160586065,1.0
Dmel_CG3823,0.076249264,0.08848122,0.9392207923909791,1.0
Dmel_CG4476,0.07619507,1.1913115,0.9392639053578595,1.0
Dmel_CG32284,0.07617665,0.95421773,0.9392785581714562,1.0
Dmel_CG18550,0.076172404,0.71307844,0.9392819395928983,1.0
Dmel_CG8234,0.07617027,0.72659165,0.9392836303040298,1.0
Dmel_CR43437,0.07609873,0.6025261,0.9393405510717847,1.0
Dmel_CG13888,0.0760541,0.51292413,0.9393760562621013,1.0
Dmel_CG3239,0.07603426,0.29473773,0.9393918363853728,1.0
Dmel_CG30099,0.07600593,0.4369216,0.9394143794598993,1.0
Dmel_CG13690,0.07598397,0.4172667,0.9394318503760514,1.0
Dmel_CG7079,0.07579483,0.22981277,0.9395823268920743,1.0
Dmel_CG7054,0.07568858,0.08300594,0.9396668652073494,1.0
Dmel_CG13651,0.075142056,-0.027995236,0.9401016846630085,1.0
Dmel_CG13875,0.07513639,0.6000904,0.9401061935780902,1.0
Dmel_CG15767,0.075130016,0.4773147,0.940111266109852,1.0
Dmel_CG4847,0.07509885,0.3974129,0.9401360651889922,1.0
Dmel_CG9578,0.07506024,-0.010753329,0.9401667823106771,1.0
Dmel_CG3902,0.07500109,-0.07819363,0.9402138444954469,1.0
Dmel_CG5018,0.07444111,-0.080219075,0.9406593956200736,1.0
Dmel_CG14857,0.07429944,1.249178,0.9407721249768153,1.0
Dmel_CG8046,0.07429731,1.2536348,0.9407738159262055,1.0
Dmel_CG4914,0.07419035,0.5763104,0.940858927390267,1.0
Dmel_CG5958,0.07399483,0.16731746,0.9410144971091844,1.0
Dmel_CG17525,0.073975705,0.2718781,0.9410297160069856,1.0
Dmel_CG15365,0.07390983,0.26856375,0.9410821368197534,1.0
Dmel_CG31326,0.0738652,0.04344262,0.9411176478379523,1.0
Dmel_CG14439,0.07355847,0.04119618,0.9413617187931397,1.0
Dmel_CG13323,0.073350914,1.2568724,0.9415268784771055,1.0
Dmel_CG31288,0.073282555,0.81018925,0.9415812746234744,1.0
Dmel_CG7219,0.07316744,0.4390585,0.9416728749674769,1.0
Dmel_CG31436,0.073054455,0.27566993,0.9417627849784835,1.0
Dmel_CG7024,0.07289401,0.25613463,0.9418904641060619,1.0
Dmel_CG5435,0.072548315,0.11595498,0.9421655570981065,1.0
Dmel_CG6680,0.072498016,-0.011057655,0.9422055814492756,1.0
Dmel_CG34446,0.072424345,1.9746337,0.9422642089313137,1.0
Dmel_CG14173,0.07234643,0.9573517,0.9423262191084849,1.0
Dmel_CG3048,0.07229755,0.69660157,0.9423651165798754,1.0
Dmel_CR44526,0.072225295,0.40588802,0.9424226174415158,1.0
Dmel_CR44493,0.07206661,0.2923698,0.9425488948962281,1.0
Dmel_CG15917,0.07195505,-0.11672257,0.9426376845963845,1.0
Dmel_CG6185,0.071947604,0.04115872,0.9426436039350848,1.0
Dmel_CR45670,0.07147512,2.0902095,0.9430196293571995,1.0
Dmel_CG18146,0.07147299,1.933487,0.9430213206547144,1.0
Dmel_CG32572,0.07147157,2.0051033,0.9430224481865338,1.0
Dmel_CG4210,0.07139613,0.9389723,0.943082489420767,1.0
Dmel_CG14866,0.071393296,0.8129915,0.9430847444969008,1.0
Dmel_CG14105,0.07126968,0.39139402,0.9431831226370401,1.0
Dmel_CR43159,0.07124666,0.40548226,0.9432014453090704,1.0
Dmel_CG34386,0.07107842,0.2690525,0.9433353426702019,1.0
Dmel_CG15523,0.070990935,-0.078625746,0.9434049699310206,1.0
Dmel_CG42482,0.070532255,2.6530988,0.943770026804487,1.0
Dmel_CR44060,0.07052942,2.4450545,0.9437722820188675,1.0
Dmel_CR44991,0.070528716,2.3364544,0.9437728458225332,1.0
Dmel_CG16761,0.0705273,2.2269156,0.9437739734299487,1.0
Dmel_CR44106,0.07045717,1.0051528,0.9438297901378033,1.0
Dmel_CG1373,0.0704345,0.8203787,0.9438478319609528,1.0
Dmel_CG16868,0.070425294,-0.031198738,0.9438551614598362,1.0
Dmel_CG17142,0.070425294,0.562106,0.9438551614598362,1.0
Dmel_CG4611,0.07018869,0.04454374,0.9440434748285786,1.0
Dmel_CG8094,0.07011289,0.13142744,0.9441038034259791,1.0
Dmel_CG10700,0.070043474,0.18215036,0.9441590579366738,1.0
Dmel_CG3642,0.06971832,0.012873429,0.944417855594302,1.0
Dmel_CG8197,0.06958515,3.1459148,0.9445238572014623,1.0
Dmel_CG14300,0.06958302,2.5915723,0.9445255487244378,1.0
Dmel_CR46107,0.06952387,1.262226,0.944572629547602,1.0
Dmel_CR44568,0.069492,0.77083737,0.9445980025266109,1.0
Dmel_CG11201,0.069454804,0.6790308,0.9446276044064916,1.0
Dmel_CG7457,0.06938751,0.4626095,0.9446811699072788,1.0
Dmel_CG9211,0.0693868,0.40733948,0.9446817337559862,1.0
Dmel_CG15864,0.06936342,0.21184668,0.944700340778878,1.0
Dmel_CG4877,0.06935776,-0.032901276,0.9447048515768504,1.0
Dmel_CG18547,0.069300026,0.37402156,0.9447508054322046,1.0
Dmel_CG1143,0.06925327,0.17759933,0.9447880197320165,1.0
Dmel_CG9928,0.06922777,0.21592042,0.9448083184917964,1.0
Dmel_CG13263,0.06873155,-0.041829865,0.9452033056426646,1.0
Dmel_CG9518,0.06868834,0.119564466,0.945237702022175,1.0
Dmel_CG12990,0.06864229,19.211443,0.9452743540143337,1.0
Dmel_CG34214,0.06855587,0.966597,0.9453431472969338,1.0
Dmel_CG5690,0.06855516,0.9715856,0.9453437111779842,1.0
Dmel_CG17177,0.06854737,0.9372754,0.9453499138713459,1.0
Dmel_CR44741,0.06854666,0.8887903,0.945350477752725,1.0
Dmel_CR32730,0.0685417,0.7600641,0.9453544249231445,1.0
Dmel_CG10337,0.06853391,0.65895855,0.9453606276222286,1.0
Dmel_CR45873,0.06847511,0.5953904,0.9454074299129919,1.0
Dmel_CG7597,0.06837098,-0.05834425,0.9454903211794005,1.0
Dmel_CR34151,0.06836531,0.3972043,0.9454948322856696,1.0
Dmel_CG9358,0.068267554,0.14744261,0.9455726491437936,1.0
Dmel_CG14142,0.068193175,-0.004219207,0.9456318579707321,1.0
Dmel_CG15231,0.0679711,-0.054722697,0.9458086403968198,1.0
Dmel_CG7883,0.06796295,-0.065168336,0.9458151252893988,1.0
Dmel_CR43611,0.06762541,1.3564814,0.9460838285550199,1.0
Dmel_CG5948,0.06762116,1.2505441,0.9460872120560837,1.0
Dmel_CG13912,0.067594945,0.80215585,0.9461080770007958,1.0
Dmel_CG5712,0.06759424,0.7764873,0.9461086409187335,1.0
Dmel_CG8870,0.06747807,0.4778256,0.9462011238256536,1.0
Dmel_CG42596,0.06741608,-0.057343498,0.946250467136692,1.0
Dmel_CG8136,0.06722588,0.18750902,0.9464018818974369,1.0
Dmel_CG2163,0.06713131,-0.009033015,0.9464771670525142,1.0
Dmel_CG10806,0.06702505,0.08048555,0.9465617576845786,1.0
Dmel_CG6321,0.06693261,-0.1098956,0.9466353520245702,1.0
Dmel_CG10061,0.06672328,0.028434768,0.946801998361495,1.0
Dmel_CG8147,0.066668026,1.0827681,0.9468459866156541,1.0
Dmel_CG14990,0.06666661,1.0854701,0.9468471145217381,1.0
Dmel_CG8563,0.06666378,0.9570966,0.9468493703342258,1.0
Dmel_CG34003,0.06666236,0.92204404,0.9468504982406295,1.0
Dmel_CR45321,0.066650316,0.7355452,0.9468600854493611,1.0
Dmel_CG13950,0.06664111,0.5970882,0.9468674168494657,1.0
Dmel_CG11921,0.066585146,0.6049381,0.9469119693006727,1.0
Dmel_CG3401,0.066507936,0.47800735,0.9469734406767571,1.0
Dmel_CG17028,0.06647535,0.4369004,0.9469993828201225,1.0
Dmel_CG14247,0.066416554,0.21739458,0.9470461916122616,1.0
Dmel_CG14087,0.06639176,0.12108807,0.94706593031435,1.0
Dmel_CG31293,0.066259295,-0.013157006,0.9471713919300493,1.0
Dmel_CG5475,0.06605953,0.13262293,0.9473304320522945,1.0
Dmel_CG15860,0.065987274,0.10700484,0.9473879577200759,1.0
Dmel_CG10240,0.065708525,0.9011234,0.9476098852901678,1.0
Dmel_CG13874,0.06564017,0.67445,0.9476643103346482,1.0
Dmel_CG16889,0.06558845,0.0034457461,0.947705481774079,1.0
Dmel_CG9878,0.06557358,0.20776573,0.9477173256386876,1.0
Dmel_CR44771,0.06554843,0.38438144,0.947737347436084,1.0
Dmel_CR45693,0.065527886,0.36305338,0.9477537032950698,1.0
Dmel_CG18327,0.06537098,0.26557994,0.9478786289438202,1.0
Dmel_CG8819,0.06526118,-0.06526502,0.9479660494602858,1.0
Dmel_CG4496,0.06494843,0.007064924,0.9482150603611796,1.0
Dmel_CG7811,0.064817026,-0.1330894,0.9483196859308035,1.0
Dmel_CG31053,0.06479294,1.8771598,0.9483388626817627,1.0
Dmel_CR44514,0.06478019,1.3670149,0.9483490150914454,1.0
Dmel_CR31514,0.06477452,1.012767,0.9483535272762186,1.0
Dmel_CR34606,0.064773105,1.2212795,0.9483546553226706,1.0
Dmel_CG3038,0.06469235,0.6708265,0.9484189541414866,1.0
Dmel_CG2328,0.064686686,0.64587086,0.9484234663519168,1.0
Dmel_CG4398,0.064676054,0.5779788,0.9484319267509315,1.0
Dmel_CG6018,0.06466118,0.3944046,0.9484437713193198,1.0
Dmel_CG14032,0.06466118,0.36833945,0.9484437713193198,1.0
Dmel_CG7208,0.06462576,0.47353646,0.9484719727184779,1.0
Dmel_CG3534,0.06456342,-0.02756039,0.9485216073377605,1.0
Dmel_CG8051,0.064447954,0.17970343,0.9486135447169438,1.0
Dmel_CG33912,0.064438745,0.2280946,0.948620877175433,1.0
Dmel_CG8889,0.0644175,-0.039869078,0.9486377982500904,1.0
Dmel_CG10214,0.06428361,-0.040755294,0.9487444015527893,1.0
Dmel_CG11592,0.06424182,0.17608973,0.9487776800204683,1.0
Dmel_CG10420,0.0641979,-0.04385859,0.9488126507099034,1.0
Dmel_CG8711,0.06402505,-0.029178431,0.9489502782510914,1.0
Dmel_CG15335,0.063843355,1.6863285,0.9490949580255448,1.0
Dmel_CG30371,0.06383556,1.5424422,0.9491011626538273,1.0
Dmel_CG31832,0.06383485,1.466151,0.9491017267110968,1.0
Dmel_CR44067,0.06376153,0.92173195,0.9491601067763875,1.0
Dmel_CG10630,0.06375516,0.75545776,0.9491651833167064,1.0
Dmel_CG13455,0.06367263,0.43826395,0.9492308964969903,1.0
Dmel_CG16984,0.0636358,0.3630533,0.9492602278134111,1.0
Dmel_CG14523,0.06344453,0.25055352,0.9494125261377174,1.0
Dmel_CG11395,0.063416556,0.0333787,0.9494348069735895,1.0
Dmel_CG17329,0.06289731,2.1686957,0.9498482787545813,1.0
Dmel_CG6347,0.062895186,2.0502412,0.949849971027074,1.0
Dmel_CG13258,0.06289164,1.7838857,0.9498527914817312,1.0
Dmel_CG43996,0.06288881,1.7348083,0.9498550478459092,1.0
Dmel_CG31201,0.06282718,0.7789483,0.9499041238662279,1.0
Dmel_CG12206,0.062824346,0.9740885,0.9499063802395488,1.0
Dmel_CG33632,0.06282222,0.8717996,0.949908072519803,1.0
Dmel_CR46075,0.06280026,0.72569805,0.9499255594289918,1.0
Dmel_CG6530,0.062762715,0.4189171,0.9499554564586221,1.0
Dmel_CG10993,0.06269825,0.35980973,0.9500067892587014,1.0
Dmel_CG3093,0.06269082,-0.01260208,0.9500127122874499,1.0
Dmel_CG32032,0.06264938,-0.115934744,0.9500457120695988,1.0
Dmel_CG11835,0.062271807,0.18291436,0.9503463806906909,1.0
Dmel_CG8500,0.062134378,0.002847164,0.9504558190565567,1.0
Dmel_CG14228,0.06200191,0.033749208,0.9505613094999474,1.0
Dmel_CG16824,0.06195622,3.0247526,0.9505976954421724,1.0
Dmel_CR45339,0.061951973,2.5302932,0.9506010801862217,1.0
Dmel_CG45095,0.06195126,2.4543777,0.9506016443103166,1.0
Dmel_CR42715,0.061947722,2.144674,0.9506044649311622,1.0
Dmel_CG9505,0.06194701,1.8835464,0.9506050290554056,1.0
Dmel_CG14254,0.061945595,1.9468029,0.9506061573039667,1.0
Dmel_CG15221,0.06187865,1.0853603,0.9506594671613079,1.0
Dmel_CG7902,0.061860945,0.7372182,0.9506735703351176,1.0
Dmel_CG14342,0.06185315,0.6770798,0.9506797757364888,1.0
Dmel_CG31875,0.061850317,0.5711681,0.9506820322468198,1.0
Dmel_CR45169,0.061848193,0.6258814,0.9506837246298276,1.0
Dmel_CG18174,0.061753977,-0.04115192,0.9507587538332598,1.0
Dmel_CR45200,0.0617515,0.33433545,0.9507607282918796,1.0
Dmel_CG14667,0.061659053,-0.053950705,0.9508343476075072,1.0
Dmel_CG5252,0.061631426,0.048757933,0.9508563488637635,1.0
Dmel_CG13679,0.06158432,0.24109441,0.950893863912742,1.0
Dmel_CR43635,0.061411474,0.19713737,0.9510315140466521,1.0
Dmel_CG7910,0.061007343,3.4010787,0.9513533615504695,1.0
Dmel_CG11034,0.06100451,2.7872567,0.9513556181780451,1.0
Dmel_CG10694,0.0610038,2.6257048,0.9513561823350001,1.0
Dmel_CG10063,0.061003093,2.584678,0.9513567464919793,1.0
Dmel_CG12781,0.060980424,-0.18524815,0.9513747995281868,1.0
Dmel_CG30456,0.060939338,1.1514221,0.9514075207199126,1.0
Dmel_CG14977,0.06093863,-0.064115204,0.9514080848791092,1.0
Dmel_CG7458,0.06092375,0.9562051,0.9514199322278636,1.0
Dmel_CG4653,0.060919505,0.8081012,0.9514233171866229,1.0
Dmel_CG13658,0.060913127,0.68760365,0.951428394626405,1.0
Dmel_CG17118,0.06082529,0.46486908,0.9514983506640508,1.0
Dmel_CG31769,0.060822453,0.445467,0.9515006073166523,1.0
Dmel_CR43051,0.060777117,0.21387802,0.951536713811157,1.0
Dmel_CR31845,0.060755868,0.34315768,0.9515536387647083,1.0
Dmel_CG6345,0.060481723,0.026467144,0.9517719726220174,1.0
Dmel_CG3326,0.060062006,19.449373,0.9521062504585082,1.0
Dmel_CG8484,0.060062006,19.397345,0.9521062504585082,1.0
Dmel_CG42656,0.060062006,19.136267,0.9521062504585082,1.0
Dmel_CG11672,0.060062006,19.529684,0.9521062504585082,1.0
Dmel_CG33120,0.059971686,0.7705606,0.9521781847676422,1.0
Dmel_CG43915,0.059971686,0.8091007,0.9521781847676422,1.0
Dmel_CR43471,0.059969563,0.7905359,0.952179877344316,1.0
Dmel_CG18531,0.059963185,0.66968524,0.9521849550756314,1.0
Dmel_CG4927,0.059943352,0.55622077,0.9522007524743592,1.0
Dmel_CR44095,0.05992316,0.66981256,0.9522168319887815,1.0
Dmel_CG5127,0.05990262,-0.0025191952,0.9522331936199157,1.0
Dmel_CG30187,0.05990191,0.6173124,0.9522337578144519,1.0
Dmel_CR44595,0.059882075,0.44218698,0.9522495552711842,1.0
Dmel_CR46124,0.05984949,0.22903955,0.9522755082765466,1.0
Dmel_CG14050,0.05977192,0.19791205,0.9523372879168186,1.0
Dmel_CG44008,0.059325643,0.13860424,0.9526927379758484,1.0
Dmel_CG9873,0.059288807,0.09867094,0.952722077132291,1.0
Dmel_CG14100,0.05921726,-0.008505528,0.9527790629845911,1.0
Dmel_CG7056,0.05904725,1.2332835,0.9529144758788115,1.0
Dmel_CR43767,0.059025288,0.90695745,0.9529319668101975,1.0
Dmel_CG34025,0.059022453,0.78108484,0.9529342237062215,1.0
Dmel_CG44102,0.05901962,0.71069455,0.9529364806026229,1.0
Dmel_CR45132,0.059018914,0.6708139,0.9529370448267822,1.0
Dmel_CG12985,0.059018914,0.70537305,0.9529370448267822,1.0
Dmel_CR44984,0.059014663,0.63165206,0.9529404301722336,1.0
Dmel_CG12952,0.05898491,-0.0034026548,0.9529641276141656,1.0
Dmel_CG7758,0.058966137,-0.030668378,0.9529790795929742,1.0
Dmel_CG15040,0.05894949,0.57190454,0.952992338908783,1.0
Dmel_CG7408,0.058943115,0.4630213,0.9529974169480707,1.0
Dmel_CG5280,0.058933906,0.4565242,0.9530047518970773,1.0
Dmel_CR43890,0.058918323,0.32790378,0.9530171648967725,1.0
Dmel_CG1951,0.058836505,-0.03160012,0.9530823333320956,1.0
Dmel_CG12011,0.058751144,0.34194013,0.9531503232461783,1.0
Dmel_CG13154,0.058098722,1.1198877,0.953669991824109,1.0
Dmel_CG9709,0.058089513,1.1070949,0.9536773271355499,1.0
Dmel_CG1712,0.058088098,1.0505931,0.9536784556453506,1.0
Dmel_CG17174,0.05808597,0.9466064,0.9536801484102257,1.0
Dmel_CG34008,0.05808243,0.8906913,0.9536829696854822,1.0
Dmel_CG11648,0.058073223,0.5803669,0.953690305003865,1.0
Dmel_CR43936,0.058004864,0.5362648,0.9537447557590737,1.0
Dmel_CG8354,0.057997778,0.55342615,0.9537503983367307,1.0
Dmel_CG5106,0.0579744,0.32507432,0.9537690188594453,1.0
Dmel_CG8160,0.057961296,0.40613693,0.9537794576483704,1.0
Dmel_CG43442,0.057891168,0.19527642,0.9538353194102969,1.0
Dmel_CG12075,0.057877,0.25031504,0.9538466046422718,1.0
Dmel_CG1124,0.057857163,0.21821518,0.9538624039825823,1.0
Dmel_CR43517,0.057763305,0.10177754,0.9539371689637806,1.0
Dmel_CG4038,0.057672277,-0.02205909,0.9540096772761328,1.0
Dmel_CR43468,0.057572395,0.027748452,0.9540892393642347,1.0
Dmel_CG3358,0.05723166,-0.06925271,0.9543606567337191,1.0
Dmel_CG4437,0.057147365,1.2057331,0.9544278065474244,1.0
Dmel_CG10951,0.05713745,0.84885204,0.9544357065467839,1.0
Dmel_CG5048,0.05713532,0.8113664,0.9544373994043719,1.0
Dmel_CG1774,0.057086445,0.78114235,0.9544763351856129,1.0
Dmel_CG7930,0.05705669,0.56117874,0.9545000352795658,1.0
Dmel_CG1842,0.057053857,0.5642349,0.9545022924334695,1.0
Dmel_CG17269,0.057046067,0.63814485,0.9545084996085861,1.0
Dmel_CG32814,0.057038274,0.5081339,0.9545147067864618,1.0
Dmel_CG44815,0.05691714,0.20792209,0.9546112005425413,1.0
Dmel_CR45036,0.05688668,0.2773797,0.9546354651590405,1.0
Dmel_CG42534,0.056800257,0.2603085,0.954704309183489,1.0
Dmel_CG30377,0.05636106,0.03942626,0.9550541774704335,1.0
Dmel_CG13664,0.05620309,1.3275744,0.9551800193142236,1.0
Dmel_CG34330,0.056190338,1.0609521,0.9551901770006123,1.0
Dmel_CG33508,0.05610923,0.49070993,0.9552547913426834,1.0
Dmel_CR45640,0.056025993,0.37545055,0.9553210989426639,1.0
Dmel_CG9812,0.055974282,0.2513029,0.9553622944584107,1.0
Dmel_CG7342,0.055943113,0.14265782,0.9553871246898885,1.0
Dmel_CG43342,0.0558489,0.0021352707,0.9554621799708979,1.0
Dmel_CG32099,0.05556342,-0.055924807,0.9556896055241771,1.0
Dmel_CG8306,0.055442996,0.020026928,0.9557855429447095,1.0
Dmel_CR44897,0.055260234,1.606903,0.9559311433120932,1.0
Dmel_CG3259,0.055259526,1.6600988,0.9559317076574664,1.0
Dmel_CG11828,0.055253856,1.3004792,0.9559362224212474,1.0
Dmel_CR45517,0.05525244,1.2069396,0.9559373511124136,1.0
Dmel_CR45849,0.055251732,1.2918947,0.9559379154580298,1.0
Dmel_CR45996,0.055250317,1.0996485,0.9559390441493285,1.0
Dmel_CG4753,0.05524819,1.1824131,0.9559407371864421,1.0
Dmel_CG31801,0.055184435,0.70239305,0.9559915283922514,1.0
Dmel_CG10303,0.055184435,0.716222,0.9559915283922514,1.0
Dmel_CG44162,0.05491525,-0.0059859487,0.9562059821177509,1.0
Dmel_CG4319,0.054432135,-0.059778538,0.9565908780600133,1.0
Dmel_CG42477,0.0543195,2.1604114,0.9566806133229858,1.0
Dmel_CG32971,0.054318085,2.1265886,0.9566817420719308,1.0
Dmel_CG13075,0.05431525,1.9482809,0.9566839995700812,1.0
Dmel_CR44170,0.054313835,1.7268746,0.9566851283192868,1.0
Dmel_CG1878,0.054305334,1.1982943,0.9566919008163438,1.0
Dmel_CR45402,0.05423839,0.7764269,0.9567452343398813,1.0
Dmel_CR32652,0.05419943,0.4242917,0.9567762751041207,1.0
Dmel_CG1911,0.05417499,0.5204597,0.9567957461624184,1.0
Dmel_CG15614,0.054121863,0.33385524,0.9568380746389437,1.0
Dmel_CG9345,0.054111235,0.31927848,0.9568465403488581,1.0
Dmel_CG17137,0.05410911,0.3088513,0.956848233491425,1.0
Dmel_CR34078,0.054085027,0.25590196,0.9568674224541229,1.0
Dmel_CG17122,0.05403296,0.26621372,0.9569089045618359,1.0
Dmel_CG12420,0.054027647,0.25979272,0.9569131374365335,1.0
Dmel_CG46335,0.054025166,0.21775837,0.9569151127784749,1.0
Dmel_CG15717,0.05399683,0.22626941,0.9569376881337357,1.0
Dmel_CG32096,0.05358349,0.0006089701,0.9572670100462757,1.0
Dmel_CG32155,0.05351903,0.002703483,0.9573183702493707,1.0
Dmel_CG14786,0.053493172,-0.012624269,0.9573389708201936,1.0
Dmel_CG14671,0.05348361,-0.02088801,0.9573465902166208,1.0
Dmel_CG6249,0.053450316,-0.04436539,0.95737311703458,1.0
Dmel_CR44655,0.053375226,3.0680184,0.9574329436483284,1.0
Dmel_CG12310,0.053374518,2.6625721,0.9574335080514871,1.0
Dmel_CG14069,0.053373102,3.0525436,0.9574346368578686,1.0
Dmel_CR45366,0.053370975,2.5940864,0.9574363300676008,1.0
Dmel_CR45622,0.053370975,2.3340712,0.9574363300676008,1.0
Dmel_CG8975,0.053366724,1.8175105,0.9574397164876414,1.0
Dmel_CG4804,0.053366724,1.9215716,0.9574397164876414,1.0
Dmel_CG1158,0.053363893,1.3345699,0.9574419741014285,1.0
Dmel_CG5921,0.05328243,0.70077705,0.9575068806437261,1.0
Dmel_CG17244,0.053147126,0.23187771,0.9576146825667443,1.0
Dmel_CG3597,0.053123042,0.15749863,0.9576338725191922,1.0
Dmel_CG16876,0.05298845,0.16594473,0.95774111094042,1.0
Dmel_CG10242,0.052982073,0.09655455,0.957746190674097,1.0
Dmel_CG8908,0.052950904,0.1208767,0.957771024952325,1.0
Dmel_CG13168,0.052511,0.002058959,0.9581215312848048,1.0
Dmel_CR44125,0.05242812,3.307476,0.9581875696182549,1.0
Dmel_CG18635,0.05242741,3.37311,0.9581881340496927,1.0
Dmel_CG45061,0.052426703,2.949505,0.9581886984811516,1.0
Dmel_CG5506,0.05242599,3.1550107,0.9581892629126314,1.0
Dmel_CG14455,0.05242316,2.398055,0.9581915206387601,1.0
Dmel_CR44272,0.052349135,0.91867626,0.9582505038526482,1.0
Dmel_CG14590,0.05232859,0.50632334,0.958266872440574,1.0
Dmel_CG12165,0.05232859,0.4848007,0.958266872440574,1.0
Dmel_CG10560,0.052326467,0.65327674,0.9582685657437776,1.0
Dmel_CG17885,0.052325755,0.40921897,0.9582691301782207,1.0
Dmel_CG34349,0.052270148,0.06663987,0.9583134383472612,1.0
Dmel_CG3999,0.0521097,0.15946512,0.9584412836583278,1.0
Dmel_CG14834,0.051730007,0.08607919,0.9587438269243855,1.0
Dmel_CG34409,0.051642522,0.0638192,0.9588135368977104,1.0
Dmel_CR43866,0.05148172,19.071321,0.9589416686009298,1.0
Dmel_CG34199,0.05148172,18.77863,0.9589416686009298,1.0
Dmel_CR45482,0.05148172,18.921726,0.9589416686009298,1.0
Dmel_CG9547,0.05142434,0.004377332,0.9589873898621127,1.0
Dmel_CG33307,0.051410172,0.995813,0.9589986790831785,1.0
Dmel_CR46111,0.051387504,0.7101681,0.9590167418539858,1.0
Dmel_CG11325,0.05136342,0.2966433,0.9590359335710227,1.0
Dmel_CG12344,0.051358107,-0.046688203,0.9590401670412128,1.0
Dmel_CR45856,0.05131879,0.52862453,0.959071494756513,1.0
Dmel_CG11994,0.051291164,0.34730428,0.9590935088645404,1.0
Dmel_CG13424,0.051252913,0.37565044,0.9591239899886884,1.0
Dmel_CG44085,0.051134966,-0.039240956,0.9592179738308159,1.0
Dmel_CG12311,0.050451376,0.750626,0.9597626961097643,1.0
Dmel_CG12743,0.050450668,0.711826,0.9597632605985978,1.0
Dmel_CG9654,0.050449252,0.78355867,0.9597643895763255,1.0
Dmel_CG34099,0.050439335,0.6085068,0.9597722924226778,1.0
Dmel_CG5322,0.050363183,0.51259667,0.959832975124545,1.0
Dmel_CG7103,0.050361056,0.4628267,0.9598346685986345,1.0
Dmel_CG13188,0.050332367,0.41940185,0.9598575305165782,1.0
Dmel_CG5458,0.05014819,0.24738145,0.9600042991703025,1.0
Dmel_CG6405,0.050136853,0.2266522,0.9600133311317831,1.0
Dmel_CG8596,0.049850315,0.006062487,0.9602416721099217,1.0
Dmel_CR46355,0.049751848,-0.0489972,0.9603201386140687,1.0
Dmel_CG15439,0.04967322,-0.058684025,0.9603827991920236,1.0
Dmel_CG12507,0.04951029,1.0041671,0.9605126372041437,1.0
Dmel_CG11451,0.04950604,0.8072653,0.9605160242967532,1.0
Dmel_CG4723,0.04950533,0.851701,0.9605165888122574,1.0
Dmel_CG34396,0.049501788,0.8216785,0.9605194113900755,1.0
Dmel_CG11425,0.04949187,0.55048877,0.9605273146105986,1.0
Dmel_CG32721,0.04945681,-0.02971943,0.960555258171405,1.0
Dmel_CG15598,0.049438745,0.48815575,0.9605696533580075,1.0
Dmel_CG8319,0.04941395,-0.066717096,0.9605894114781967,1.0
Dmel_CG3831,0.04933036,0.33644846,0.9606560247474266,1.0
Dmel_CG5768,0.04933036,0.28417075,0.9606560247474266,1.0
Dmel_CR43933,0.049320444,0.17541127,0.9606639280348941,1.0
Dmel_CG32019,0.049175225,0.21565868,0.9607796551865698,1.0
Dmel_CG6293,0.048881248,0.07920095,0.9610139346307536,1.0
Dmel_CR43941,0.04857062,1.1371689,0.9612614841588711,1.0
Dmel_CG31445,0.048569202,0.96626216,0.96126261324169,1.0
Dmel_CR45478,0.0485522,0.6434317,0.9612761622415764,1.0
Dmel_CR46058,0.048473217,0.4713331,0.961339108783495,1.0
Dmel_CG1131,0.04845055,0.25012544,0.9613571742032796,1.0
Dmel_CG8712,0.048429653,-0.0019205069,0.9613738282797201,1.0
Dmel_CG1621,0.04841513,-0.036000066,0.9613854014614103,1.0
Dmel_CG9389,0.048407692,0.3551299,0.9613913291917687,1.0
Dmel_CG12640,0.048371565,0.21265203,0.9614201210552921,1.0
Dmel_CG2108,0.04836023,0.24232484,0.96142915380716,1.0
Dmel_CG6125,0.048358813,0.21290846,0.9614302829014916,1.0
Dmel_CR44114,0.048308518,0.020048648,0.961470365800366,1.0
Dmel_CG6025,0.048086796,-0.016032415,0.9616470704437832,1.0
Dmel_CR45556,0.047907926,-0.07246469,0.9617896210902129,1.0
Dmel_CG5791,0.047640868,-0.028063832,0.9620024613571737,1.0
Dmel_CR45831,0.047627408,1.2930954,0.9620131881267824,1.0
Dmel_CG6349,0.047627408,1.5687774,0.9620131881267824,1.0
Dmel_CR43436,0.04762245,1.2220845,0.9620171400962663,1.0
Dmel_CG32939,0.047621742,1.2106842,0.9620177046634116,1.0
Dmel_CG43291,0.047621034,1.1535281,0.962018269230576,1.0
Dmel_CR44701,0.047618907,1.026974,0.9620199629321834,1.0
Dmel_CR44219,0.0476182,1.0973935,0.9620205274994239,1.0
Dmel_CG6367,0.047615364,0.99342036,0.9620227857685766,1.0
Dmel_CG14400,0.04761324,0.83327705,0.962024479470641,1.0
Dmel_CG13488,0.04754665,0.6173442,0.962077548888766,1.0
Dmel_CG12621,0.04753532,0.48995122,0.9620865819979527,1.0
Dmel_CG9254,0.047514774,0.24256052,0.9621029545207576,1.0
Dmel_CG14410,0.047509108,0.20311122,0.9621074710815855,1.0
Dmel_CG8942,0.047509108,0.3651056,0.9621074710815855,1.0
Dmel_CG31371,0.04729376,0.1561325,0.9622791012927953,1.0
Dmel_CG42639,0.047239214,0.089520276,0.9623225736964216,1.0
Dmel_CG10158,0.047222212,-0.057967335,0.9623361235594169,1.0
Dmel_CG17533,0.047180418,0.08310238,0.9623694336855145,1.0
Dmel_CG8435,0.047177587,-0.025073832,0.9623716920015264,1.0
Dmel_CG5688,0.04714004,-0.052987568,0.9624016147171777,1.0
Dmel_CG32365,0.04693107,-0.040492408,0.9625681666482119,1.0
Dmel_CG9062,0.04680214,-0.028620314,0.962670921536118,1.0
Dmel_CR43899,0.046685614,2.101787,0.9627637966798521,1.0
Dmel_CG13314,0.04668207,1.5026892,0.9627666196404677,1.0
Dmel_CR46262,0.046675697,1.2683288,0.962771700970752,1.0
Dmel_CG34124,0.046675697,1.1400253,0.962771700970752,1.0
Dmel_CG14417,0.046675697,1.277463,0.962771700970752,1.0
Dmel_CR46136,0.046674278,1.041397,0.962772830155465,1.0
Dmel_CR45566,0.046583254,0.46157396,0.9628453804296921,1.0
Dmel_CG7709,0.046567667,0.25576684,0.9628578015191749,1.0
Dmel_CG3829,0.046567667,0.24778053,0.9628578015191749,1.0
Dmel_CG8317,0.0465535,0.2819093,0.962869093426527,1.0
Dmel_CG18011,0.04619364,-0.031314984,0.9631559103641442,1.0
Dmel_CG31133,0.046068966,0.061096188,0.9632552811257797,1.0
Dmel_CG7066,0.045889746,-0.027053008,0.9633981275951714,1.0
Dmel_CR44281,0.045741692,2.3771267,0.9635161320866416,1.0
Dmel_CR44634,0.04573744,1.7754818,0.9635195197872045,1.0
Dmel_CR34591,0.04573461,1.7722013,0.9635217782546124,1.0
Dmel_CG12702,0.04573319,1.3834856,0.9635229074884261,1.0
Dmel_CG17687,0.045732483,1.3062526,0.9635234721053604,1.0
Dmel_CG17876,0.045731068,1.4792393,0.9635246013392837,1.0
Dmel_CG7227,0.04573036,1.5176796,0.9635251659562729,1.0
Dmel_CG10793,0.045729652,1.1103386,0.9635257305732804,1.0
Dmel_CG31019,0.045684315,0.9922109,0.9635618660997883,1.0
Dmel_CG4269,0.045670856,0.7874271,0.9635725938486314,1.0
Dmel_CG33767,0.04565669,0.6375957,0.9635838862229584,1.0
Dmel_CG15130,0.045631185,0.4127832,0.963604212515153,1.0
Dmel_CG10399,0.045534138,0.23031344,0.9636815655655082,1.0
Dmel_CR43582,0.04551147,0.22125533,0.9636996334805572,1.0
Dmel_CG3715,0.0455012,-0.026961988,0.963707820510701,1.0
Dmel_CR46080,0.045396004,0.10221896,0.9637916672119357,1.0
Dmel_CG11700,0.045136027,0.0918008,0.9639988860275647,1.0
Dmel_CG4195,0.04508219,-0.06663659,0.9640417981302678,1.0
Dmel_CR45742,0.044793524,2.195686,0.9642718878226603,1.0
Dmel_CR44313,0.044792105,2.3385725,0.9642730171045767,1.0
Dmel_CR45144,0.044791397,2.2313063,0.9642735817455618,1.0
Dmel_CG13033,0.044789273,2.126525,0.9642752756686245,1.0
Dmel_CR45577,0.044787858,1.7400067,0.9642764049507558,1.0
Dmel_CG9187,0.04478573,1.6505954,0.9642780988740872,1.0
Dmel_CR46247,0.044785023,1.4221902,0.9642786635152335,1.0
Dmel_CG31626,0.044784315,1.2221521,0.9642792281563978,1.0
Dmel_CG34247,0.044784315,1.1688739,0.9642792281563978,1.0
Dmel_CR44974,0.044724457,0.85172033,0.9643269403994535,1.0
Dmel_CG5783,0.04469258,0.40080327,0.964352349338423,1.0
Dmel_CR44133,0.04469187,0.4079492,0.9643529139819225,1.0
Dmel_CG14508,0.044665307,0.64033973,0.964374088126054,1.0
Dmel_CG42566,0.044656098,0.5717341,0.9643814285018846,1.0
Dmel_CG8646,0.044550903,0.2939737,0.9644652783936765,1.0
Dmel_CG33293,0.04442481,0.01608409,0.9645657858524138,1.0
Dmel_CG44004,0.04440816,0.18429078,0.9645790551376675,1.0
Dmel_CR43820,0.044208046,0.111630626,0.964738569652626,1.0
Dmel_CG11686,0.0441999,0.08386696,0.9647450631937905,1.0
Dmel_CG5662,0.04384748,3.2558048,0.9650259816638073,1.0
Dmel_CG9681,0.04384606,2.9298801,0.9650271109930738,1.0
Dmel_CR44760,0.04384606,2.9629087,0.9650271109930738,1.0
Dmel_CG8664,0.04384535,2.7434042,0.9650276756577334,1.0
Dmel_CR32876,0.04384535,2.810702,0.9650276756577334,1.0
Dmel_CG10191,0.04384323,1.6742405,0.9650293696518173,1.0
Dmel_CG18243,0.04384323,2.3488348,0.9650293696518173,1.0
Dmel_CG44261,0.04384323,1.9691932,0.9650293696518173,1.0
Dmel_CR45908,0.04384323,2.0667825,0.9650293696518173,1.0
Dmel_CG15870,0.04374972,0.42739922,0.9651039055476579,1.0
Dmel_CG32296,0.043714304,-0.093557425,0.9651321389211966,1.0
Dmel_CG44884,0.043685965,0.4498907,0.9651547256515037,1.0
Dmel_CG16736,0.04367959,0.4618032,0.9651598076696766,1.0
Dmel_CG15266,0.04366259,-0.07345927,0.9651733597250559,1.0
Dmel_CG11120,0.04365338,0.2620032,0.9651807004259203,1.0
Dmel_CR44054,0.04364488,0.21724501,0.9651874764601066,1.0
Dmel_CG42807,0.043629296,0.16769281,0.9651998991959772,1.0
Dmel_CG3505,0.04359246,0.027122494,0.9652292620597887,1.0
Dmel_CG45081,0.043560583,0.22255193,0.9652546722684527,1.0
Dmel_CG5072,0.043535788,0.18912587,0.9652744357884758,1.0
Dmel_CG13067,0.04332894,-0.011190847,0.9654393208429144,1.0
Dmel_CG16721,0.042949956,-0.060923636,0.9657414257135778,1.0
Dmel_CG14983,0.042901434,18.453032,0.9657801067866926,1.0
Dmel_CR33662,0.042901434,18.839397,0.9657801067866926,1.0
Dmel_CG15550,0.042901434,19.397253,0.9657801067866926,1.0
Dmel_CR43144,0.042901434,18.798355,0.9657801067866926,1.0
Dmel_CG32656,0.042901434,18.484234,0.9657801067866926,1.0
Dmel_CR43257,0.042901434,18.588182,0.9657801067866926,1.0
Dmel_CG2471,0.042901434,18.40718,0.9657801067866926,1.0
Dmel_CR32205,0.042901434,18.86397,0.9657801067866926,1.0
Dmel_CR46063,0.042901434,18.59045,0.9657801067866926,1.0
Dmel_CR43916,0.04282103,0.69764435,0.9658441989609573,1.0
Dmel_CG12169,0.04281678,0.7003619,0.965847587099662,1.0
Dmel_CG16783,0.042815365,0.5795466,0.9658487164793672,1.0
Dmel_CR45535,0.042813946,0.69713104,0.9658498458591409,1.0
Dmel_CR44748,0.0428097,0.57065606,0.9658532339988732,1.0
Dmel_CR45162,0.042724337,0.41001707,0.9659212792689316,1.0
Dmel_CG43813,0.042689625,0.12172177,0.9659489492007857,1.0
Dmel_CR43574,0.04268396,0.055723693,0.9659534667445746,1.0
Dmel_CG34115,0.042570263,0.049393907,0.9660441001975273,1.0
Dmel_CG33519,0.04254618,0.029868912,0.9660632998638444,1.0
Dmel_CG30001,0.042407334,0.023401745,0.9661739806764741,1.0
Dmel_CG13482,0.042384665,0.078454934,0.9661920510751708,1.0
Dmel_CG16988,0.04221253,-0.17312627,0.9663292737311141,1.0
Dmel_CG13220,0.04206625,-0.048433006,0.9664458855374121,1.0
Dmel_CR43363,0.04187109,0.6864115,0.9666014631803436,1.0
Dmel_CG12309,0.04187109,0.72272325,0.9666014631803436,1.0
Dmel_CG13716,0.04186684,0.67719835,0.9666048514553364,1.0
Dmel_CG5966,0.0418548,0.35862365,0.9666144515710899,1.0
Dmel_CG8854,0.04184842,0.35589713,0.9666195339872714,1.0
Dmel_CG12014,0.041826107,0.07430362,0.9666373224545839,1.0
Dmel_CG42831,0.04178396,0.32479957,0.9666709229381308,1.0
Dmel_CG10923,0.041771207,0.28371885,0.9666810878019578,1.0
Dmel_CR45151,0.04170887,0.32111934,0.9667307827696826,1.0
Dmel_CG16734,0.04155692,0.048044,0.9668519147944389,1.0
Dmel_CG14511,0.04134122,0.0446474,0.9670238727579145,1.0
Dmel_CG43273,0.041141808,-0.062328104,0.9671828434709845,1.0
Dmel_CG9933,0.041131537,-0.037906125,0.9671910320510816,1.0
Dmel_CG7863,0.04093319,1.0236665,0.9673491570337895,1.0
Dmel_CG45603,0.040931772,1.0200864,0.967350286502577,1.0
Dmel_CG14642,0.040928233,0.7136979,0.967353110174832,1.0
Dmel_CG7309,0.040926814,0.66364,0.9673542396438487,1.0
Dmel_CG5992,0.040926814,0.73846644,0.9673542396438487,1.0
Dmel_CG7194,0.040922564,0.7136716,0.9673576280512917,1.0
Dmel_CG12105,0.040914066,0.56719494,0.9673644048679454,1.0
Dmel_CG4060,0.040863417,0.5521736,0.96740478344935,1.0
Dmel_CG4274,0.04082835,0.46621618,0.9674327379008234,1.0
Dmel_CR45217,0.040791515,0.40406346,0.9674621042363836,1.0
Dmel_CG17129,0.040729884,0.23131995,0.9675112364733752,1.0
Dmel_CG5050,0.04071607,0.26817718,0.9675222488882476,1.0
Dmel_CG12077,0.04027758,-0.0032537994,0.96787182567574,1.0
Dmel_CG11137,0.04006294,-0.03379563,0.9680429454857762,1.0
Dmel_CG7881,0.03998608,0.91609836,0.9681042214195263,1.0
Dmel_CG9747,0.03998325,0.8402399,0.968106480443727,1.0
Dmel_CG13563,0.039979,0.6879464,0.9681098689805078,1.0
Dmel_CG42636,0.039976873,0.68442166,0.9681115632491142,1.0
Dmel_CG4978,0.03989612,0.26541835,0.968175945562744,1.0
Dmel_CG30324,0.03989116,0.40327832,0.9681798988694674,1.0
Dmel_CR34559,0.039889034,0.26085812,0.968181593144017,1.0
Dmel_CG31217,0.039874867,0.28188267,0.96819288831135,1.0
Dmel_CG9396,0.03978915,0.17563958,0.9682612242097173,1.0
Dmel_CG5526,0.039733898,0.27025,0.9683052755735605,1.0
Dmel_CG4148,0.03957168,-0.023186835,0.9684346064179917,1.0
Dmel_CG12868,0.039085727,-0.046908498,0.9688220391428637,1.0
Dmel_CG4563,0.03905031,1.4260554,0.9688502779684927,1.0
Dmel_CG10853,0.03904464,1.1413376,0.9688547961842188,1.0
Dmel_CG17387,0.039039683,0.93291855,0.9688587496237993,1.0
Dmel_CR45020,0.039036144,0.90984315,0.9688615735096824,1.0
Dmel_CR43565,0.03903118,0.61220115,0.9688655269505748,1.0
Dmel_CG13283,0.039029058,0.5543945,0.96886722128262,1.0
Dmel_CG30384,0.03902835,0.5933097,0.9688677860599997,1.0
Dmel_CG7643,0.038974512,0.010644804,0.9689107091865202,1.0
Dmel_CG9433,0.03897097,0.0149467895,0.9689135330795818,1.0
Dmel_CG10877,0.038947947,0.34192252,0.9689318883939816,1.0
Dmel_CG18371,0.03890155,0.3551756,0.9689688814622348,1.0
Dmel_CR44396,0.038830712,-0.05024096,0.9690253595577967,1.0
Dmel_CG1960,0.038719494,-0.0856297,0.9691140304811405,1.0
Dmel_CG5509,0.038564358,0.1511075,0.9692377185850165,1.0
Dmel_CG3756,0.038376283,-0.018086107,0.9693876702235704,1.0
Dmel_CG13617,0.03810391,1.4840562,0.9696048337416749,1.0
Dmel_CG10207,0.038102493,1.7373132,0.969605963336752,1.0
Dmel_CG3100,0.03809966,1.2959235,0.9696082225270891,1.0
Dmel_CG11159,0.038098242,1.3031942,0.9696093521223491,1.0
Dmel_CG30148,0.038097534,1.2197279,0.969609916920002,1.0
Dmel_CG14545,0.03809541,1.0838188,0.969611611313052,1.0
Dmel_CG6611,0.03809541,1.1029164,0.969611611313052,1.0
Dmel_CG4779,0.0380947,0.84769374,0.9696121761107659,1.0
Dmel_CG5700,0.038093284,0.8931577,0.9696133057062393,1.0
Dmel_CR45952,0.038093284,0.9916144,0.9696133057062393,1.0
Dmel_CG5988,0.03809187,0.8450228,0.9696144353017736,1.0
Dmel_CR45611,0.03809116,0.95821875,0.9696150000995636,1.0
Dmel_CG14620,0.03809116,0.6318842,0.9696150000995636,1.0
Dmel_CG31447,0.03808691,0.44462293,0.9696183888866239,1.0
Dmel_CG31004,0.038035907,0.66200465,0.9696590543741186,1.0
Dmel_CG14245,0.038009696,0.43540004,0.9696799519469971,1.0
Dmel_CR45804,0.03800757,0.4707803,0.9696816463457106,1.0
Dmel_CG4969,0.037952315,-0.05357241,0.9697257007602794,1.0
Dmel_CG15544,0.037921146,0.25787622,0.9697505520092616,1.0
Dmel_CG6653,0.03790344,0.23351482,0.9697646720501798,1.0
Dmel_CG11323,0.037875813,0.24303102,0.9697866993329366,1.0
Dmel_CG44015,0.037866604,-0.068368584,0.9697940417656451,1.0
Dmel_CR45409,0.03733496,-0.047395177,0.970217930374606,1.0
Dmel_CR44119,0.037294935,0.072371714,0.9702498423840789,1.0
Dmel_CR45937,0.037160344,2.2352874,0.9703571574553386,1.0
Dmel_CG6955,0.037159637,2.4600172,0.9703577222729247,1.0
Dmel_CG14957,0.03715751,1.981741,0.9703594167257723,1.0
Dmel_CR44232,0.0371568,1.5149751,0.970359981543418,1.0
Dmel_CR45165,0.037155386,1.9652616,0.9703611111787538,1.0
Dmel_CG13749,0.03715468,1.6438025,0.970361675996444,1.0
Dmel_CG1494,0.03715326,1.4380271,0.9703628056318689,1.0
Dmel_CG31557,0.03715255,1.4108405,0.9703633704496037,1.0
Dmel_CG13580,0.03714972,1.0117025,0.9703656297206916,1.0
Dmel_CR45412,0.03714901,1.0273424,0.9703661945385007,1.0
Dmel_CG33766,0.0371483,0.99691147,0.9703667593563247,1.0
Dmel_CG8343,0.03714547,0.57722604,0.9703690186277693,1.0
Dmel_CG13330,0.03709482,0.84503824,0.9704094031449385,1.0
Dmel_CG9070,0.037060816,0.40884498,0.970436514471765,1.0
Dmel_CG7855,0.037054442,0.33371103,0.9704415978493495,1.0
Dmel_CG2555,0.037053023,0.2866031,0.9704427274889758,1.0
Dmel_CG6569,0.037040982,0.1659325,0.9704523294281933,1.0
Dmel_CG4536,0.036997415,0.38192183,0.970487065891127,1.0
Dmel_CG10680,0.03692233,0.11625981,0.9705469369992673,1.0
Dmel_CG2092,0.03686105,0.11492388,0.9705957942058069,1.0
Dmel_CR44566,0.036802966,0.23162742,0.9706421098098531,1.0
Dmel_CG9028,0.036788087,-0.01501844,0.9706539711390161,1.0
Dmel_CG14098,0.03666554,0.06730152,0.9707516861450766,1.0
Dmel_CG15436,0.036394227,-0.025760757,0.970968016302216,1.0
Dmel_CG6325,0.0363326,-0.045040302,0.9710171568711888,1.0
Dmel_CG2137,0.036213238,2.948168,0.971112331734205,1.0
Dmel_CR44714,0.03621111,2.310477,0.9711140262458833,1.0
Dmel_CG4910,0.036209695,1.7606672,0.971115155920408,1.0
Dmel_CG13309,0.036208987,1.594011,0.971115720757692,1.0
Dmel_CG11767,0.036208987,1.7440195,0.971115720757692,1.0
Dmel_CG13607,0.036208987,1.6411008,0.971115720757692,1.0
Dmel_CG7715,0.03620828,1.5664014,0.9711162855949906,1.0
Dmel_CG31807,0.036207568,1.5799578,0.9711168504323037,1.0
Dmel_CG30037,0.03620686,1.5366197,0.9711174152696312,1.0
Dmel_CR46091,0.03620686,1.3596764,0.9711174152696312,1.0
Dmel_CG31803,0.036205444,1.3185445,0.9711185449443298,1.0
Dmel_CG9359,0.03616117,-0.020793077,0.971153847307847,1.0
Dmel_CG3994,0.036138855,0.6806274,0.9711716397204853,1.0
Dmel_CG16800,0.03612823,0.5393524,0.9711801123029754,1.0
Dmel_CG34266,0.036127523,0.51663405,0.9711806771419238,1.0
Dmel_CR43243,0.036121145,0.49319378,0.9711857606931092,1.0
Dmel_CR46351,0.036112648,0.30889884,0.9711925387631776,1.0
Dmel_CG15627,0.036094937,0.23441808,0.971206659749169,1.0
Dmel_CG1150,0.03607227,0.44015774,0.9712247346244088,1.0
Dmel_CG34045,0.036068726,0.4820428,0.9712275588250003,1.0
Dmel_CG15080,0.03599647,0.33953604,0.971285172595773,1.0
Dmel_CG6449,0.035990097,0.039932765,0.971290256170981,1.0
Dmel_CG6620,0.035985846,0.3115945,0.9712936452217678,1.0
Dmel_CG7144,0.035732243,0.13585474,0.9714958595213811,1.0
Dmel_CG1314,0.0355509,0.07100214,0.97164046081536,1.0
Dmel_CG3567,0.03546802,-0.06190955,0.9717065484361815,1.0
Dmel_CG13738,0.035266835,3.1795733,0.9718669670580419,1.0
Dmel_CG43175,0.035266835,2.8173854,0.9718669670580419,1.0
Dmel_CR43868,0.035266127,2.5195446,0.9718675319143588,1.0
Dmel_CG15169,0.035266127,2.9318397,0.9718675319143588,1.0
Dmel_CG15115,0.035266127,3.026966,0.9718675319143588,1.0
Dmel_CG15732,0.035266127,2.6849427,0.9718675319143588,1.0
Dmel_CG3206,0.03526542,2.6386914,0.97186809677069,1.0
Dmel_CG7384,0.03526471,2.1861997,0.9718686616270352,1.0
Dmel_CG14515,0.03526471,2.0017037,0.9718686616270352,1.0
Dmel_CG14424,0.03526471,2.341134,0.9718686616270352,1.0
Dmel_CG14666,0.035264004,2.0720873,0.9718692264833946,1.0
Dmel_CG3978,0.035264004,2.138886,0.9718692264833946,1.0
Dmel_CG33285,0.035264004,2.0161843,0.9718692264833946,1.0
Dmel_CG7916,0.035263296,1.7810897,0.971869791339768,1.0
Dmel_CG13641,0.035263296,1.6882819,0.971869791339768,1.0
Dmel_CR45436,0.035263296,1.8998678,0.971869791339768,1.0
Dmel_CG13618,0.035214063,1.1205796,0.9719090488922755,1.0
Dmel_CG43680,0.035194937,0.9138173,0.9719243000461434,1.0
Dmel_CG9492,0.03518431,0.62239015,0.9719327729138398,1.0
Dmel_CG46304,0.035182893,0.5495837,0.9719339026297721,1.0
Dmel_CG5553,0.035181478,0.44943875,0.9719350323457605,1.0
Dmel_CG2678,0.035172977,0.30509454,0.9719418106428741,1.0
Dmel_CG11842,0.03516306,0.2581446,0.9719497186587347,1.0
Dmel_CG5104,0.035104617,0.34755892,0.9719963195224661,1.0
Dmel_CG6761,0.03509541,0.25178158,0.9720036626975957,1.0
Dmel_CG4000,0.035053615,0.10306397,0.9720369894453101,1.0
Dmel_CR45195,0.034895997,0.18271868,0.9721626712631779,1.0
Dmel_CG5583,0.03464948,-0.05475037,0.9723592446598609,1.0
Dmel_CG33968,0.034497533,-0.055057336,0.972480409271735,1.0
Dmel_CG42615,0.034321144,18.894806,0.9726210626944899,1.0
Dmel_CG3524,0.034321144,18.168123,0.9726210626944899,1.0
Dmel_CG9411,0.034321144,18.453394,0.9726210626944899,1.0
Dmel_CR45046,0.034321144,18.498268,0.9726210626944899,1.0
Dmel_CR45150,0.034321144,18.390665,0.9726210626944899,1.0
Dmel_CG34138,0.034321144,18.41757,0.9726210626944899,1.0
Dmel_CR45247,0.034321144,18.49786,0.9726210626944899,1.0
Dmel_CR34551,0.034321144,18.502823,0.9726210626944899,1.0
Dmel_CG12943,0.034321144,17.968616,0.9726210626944899,1.0
Dmel_CG32859,0.034321144,18.706125,0.9726210626944899,1.0
Dmel_CG15625,0.034321144,18.157381,0.9726210626944899,1.0
Dmel_CG4231,0.034321144,17.907602,0.9726210626944899,1.0
Dmel_CG13190,0.034321144,18.509964,0.9726210626944899,1.0
Dmel_CG8527,0.034321144,18.41813,0.9726210626944899,1.0
Dmel_CG11853,0.034321144,18.608902,0.9726210626944899,1.0
Dmel_CG7691,0.034321144,18.59145,0.9726210626944899,1.0
Dmel_CG14540,0.034321144,18.474037,0.9726210626944899,1.0
Dmel_CG45063,0.034321144,18.298832,0.9726210626944899,1.0
Dmel_CG12812,0.034321144,18.18821,0.9726210626944899,1.0
Dmel_CG3221,0.034321144,18.152645,0.9726210626944899,1.0
Dmel_CG18747,0.034321144,18.80693,0.9726210626944899,1.0
Dmel_CG17440,0.034248184,0.88979656,0.9726792448816277,1.0
Dmel_CG2047,0.034247473,0.79768974,0.9726798097579442,1.0
Dmel_CG43085,0.03424464,0.87913954,0.9726820692633469,1.0
Dmel_CG18095,0.034229055,0.45787466,0.97269449654698,1.0
Dmel_CG42763,0.034229055,0.43361947,0.97269449654698,1.0
Dmel_CG16820,0.034224097,0.3606529,0.9726984506840719,1.0
Dmel_CG16756,0.03421914,0.27469233,0.9727024048218348,1.0
Dmel_CR45815,0.03417097,-0.1048871,0.972740816480719,1.0
Dmel_CG4740,0.034129884,0.15849653,0.9727735794162043,1.0
Dmel_CG31776,0.03412705,0.1696832,0.9727758389306905,1.0
Dmel_CG34027,0.03400379,0.24246259,0.9728741280220677,1.0
Dmel_CG6416,0.033987496,-0.056724537,0.9728871202891426,1.0
Dmel_CG7993,0.033632245,-0.04015808,0.9731704099822233,1.0
Dmel_CG8339,0.033480294,-0.05874327,0.973291578792777,1.0
Dmel_CG6951,0.03343496,0.007786649,0.9733277318441218,1.0
Dmel_CG5023,0.03330072,0.77148694,0.9734347790906631,1.0
Dmel_CG12708,0.03328726,0.45653513,0.9734455120864001,1.0
Dmel_CR45926,0.03327805,0.37098002,0.9734528557178329,1.0
Dmel_CG3850,0.03319836,0.2540745,0.9735164064684038,1.0
Dmel_CG31634,0.033195525,0.23362133,0.973518666053744,1.0
Dmel_CG3494,0.033182066,0.12820183,0.9735293990870124,1.0
Dmel_CR32657,0.033160817,0.02652643,0.9735463459914053,1.0
Dmel_CG6936,0.033110876,0.2337841,0.973586171263725,1.0
Dmel_CG14695,0.033078644,0.29846716,0.9736118741340244,1.0
Dmel_CG17219,0.03303189,0.18140915,0.9736491574671126,1.0
Dmel_CG14962,0.032881357,-0.042067938,0.9737691988924028,1.0
Dmel_CG13671,0.032652903,-0.010251338,0.973951380542663,1.0
Dmel_CG12788,0.03236247,1.2350647,0.9741829932837287,1.0
Dmel_CG9460,0.03236247,1.235024,0.9741829932837287,1.0
Dmel_CG32500,0.03235326,0.8581225,0.9741903371380586,1.0
Dmel_CG1246,0.03234901,0.7299865,0.9741937266100258,1.0
Dmel_CR46133,0.0323483,0.7041455,0.9741942915220656,1.0
Dmel_CG7487,0.032281004,0.4695139,0.9742479582248391,1.0
Dmel_CG13780,0.03224771,0.14284034,0.9742745091630182,1.0
Dmel_CG5371,0.032108158,0.2395939,0.9743857974477509,1.0
Dmel_CG1667,0.032013234,0.20649679,0.9744614963630582,1.0
Dmel_CG30125,0.03197569,-0.15392049,0.9744914370423369,1.0
Dmel_CG10573,0.031746175,-0.028250523,0.9746744714088108,1.0
Dmel_CR43855,0.031415004,1.323894,0.9749385742701088,1.0
Dmel_CR43981,0.031405795,0.87493986,0.9749459183462925,1.0
Dmel_CG15347,0.03140438,0.662447,0.9749470482043555,1.0
Dmel_CR43978,0.03140438,0.6744617,0.9749470482043555,1.0
Dmel_CR45699,0.03140438,0.8053099,0.9749470482043555,1.0
Dmel_CG12398,0.031400837,0.6410154,0.9749498728497329,1.0
Dmel_CG30380,0.03139942,0.6061276,0.9749510027079717,1.0
Dmel_CG4525,0.031334605,0.4160122,0.9750026937761163,1.0
Dmel_CG42633,0.03132894,0.41817313,0.9750072132187622,1.0
Dmel_CG6220,0.031281475,-0.055419814,0.9750450635824081,1.0
Dmel_CR44046,0.031171322,0.041795306,0.9751329105383314,1.0
Dmel_CG1442,0.03112209,0.07912317,0.9751721734233033,1.0
Dmel_CG33278,0.031004144,0.053135846,0.9752662351116752,1.0
Dmel_CG15261,0.030535549,-0.1902959,0.9756399430425232,1.0
Dmel_CG13976,0.030470377,1.3060865,0.9756919179647594,1.0
Dmel_CR45461,0.03046471,1.0961816,0.9756964375280955,1.0
Dmel_CG7071,0.030463293,1.0227405,0.9756975674190514,1.0
Dmel_CR45876,0.030462585,0.95330423,0.9756981323645477,1.0
Dmel_CR45270,0.03046046,0.8983373,0.9756998272011097,1.0
Dmel_CG17782,0.03046046,0.9153677,0.9756998272011097,1.0
Dmel_CG1279,0.030457627,0.5547206,0.975702086983363,1.0
Dmel_CG15066,0.030456917,0.59023607,0.9757026519289568,1.0
Dmel_CG9550,0.030451251,0.4576523,0.9757071714941459,1.0
Dmel_CR44999,0.030448418,0.05111784,0.9757094312770329,1.0
Dmel_CG11922,0.03037687,0.37231633,0.975766490859495,1.0
Dmel_CG6545,0.030374745,0.32606283,0.9757681857004759,1.0
Dmel_CG9972,0.030370494,0.288024,0.9757715753827659,1.0
Dmel_CG17577,0.030341452,0.08818784,0.9757947382234555,1.0
Dmel_CG12158,0.030292572,0.38821027,0.9758337196355652,1.0
Dmel_CR43700,0.030261405,0.3007499,0.975858577377779,1.0
Dmel_CG9455,0.029520081,1.1693201,0.9764498030347483,1.0
Dmel_CG6802,0.029517248,1.0581465,0.9764520628807303,1.0
Dmel_CG7912,0.029517248,0.8199265,0.9764520628807303,1.0
Dmel_CR44733,0.02951654,0.90715414,0.9764526278422553,1.0
Dmel_CG14759,0.029515123,0.92474496,0.9764537577653407,1.0
Dmel_CR32690,0.029515123,0.7628757,0.9764537577653407,1.0
Dmel_CG42486,0.029514415,0.7274758,0.9764543227269012,1.0
Dmel_CR43874,0.029514415,0.80794907,0.9764543227269012,1.0
Dmel_CR45574,0.029513706,0.86141294,0.9764548876884734,1.0
Dmel_CG32845,0.029513706,0.67989385,0.9764548876884734,1.0
Dmel_CG12232,0.02951229,0.6030707,0.9764560176116535,1.0
Dmel_CG33550,0.02951229,0.54346967,0.9764560176116535,1.0
Dmel_CG2081,0.029507332,0.5621702,0.9764599723431555,1.0
Dmel_CR43603,0.029451014,0.5770706,0.9765048868343659,1.0
Dmel_CG9918,0.029434014,0.36499298,0.9765184459406975,1.0
Dmel_CR45226,0.02941843,0.2882971,0.9765308751274621,1.0
Dmel_CG3481,0.029417012,0.21798255,0.9765320050538142,1.0
Dmel_CG8936,0.029414887,0.33301863,0.9765336999434306,1.0
Dmel_CG7529,0.029405678,0.11728657,0.9765410444663263,1.0
Dmel_CG12869,0.02934157,0.15817037,0.9765921737000276,1.0
Dmel_CG7328,0.029335903,0.14813662,0.9765966934159237,1.0
Dmel_CR44840,0.028989857,0.030562773,0.9768726799861094,1.0
Dmel_CG31300,0.028627519,-0.12888324,0.9771616637729754,1.0
Dmel_CG1854,0.028576162,1.4478112,0.9772026245727043,1.0
Dmel_CR45159,0.028574036,1.5561781,0.9772043195036443,1.0
Dmel_CG33191,0.028572619,1.2156713,0.9772054494576614,1.0
Dmel_CR45160,0.028572619,1.2272118,0.9772054494576614,1.0
Dmel_CG5400,0.028571911,1.1650064,0.9772060144346871,1.0
Dmel_CR44321,0.028571911,1.1148702,0.9772060144346871,1.0
Dmel_CG12723,0.028571203,1.0547166,0.9772065794117243,1.0
Dmel_CG30479,0.028571203,1.0097624,0.9772065794117243,1.0
Dmel_CG30036,0.028571203,0.9019925,0.9772065794117243,1.0
Dmel_CG31747,0.028571203,1.0791007,0.9772065794117243,1.0
Dmel_CG10919,0.028570494,0.9177331,0.9772071443887729,1.0
Dmel_CG8539,0.028570494,0.78196734,0.9772071443887729,1.0
Dmel_CG13010,0.028570494,1.3050799,0.9772071443887729,1.0
Dmel_CG6641,0.028570494,0.91940564,0.9772071443887729,1.0
Dmel_CG16826,0.028569786,0.86644346,0.9772077093658329,1.0
Dmel_CG12342,0.028569786,0.85369784,0.9772077093658329,1.0
Dmel_CG13478,0.028569078,0.77697027,0.9772082743429044,1.0
Dmel_CG14239,0.02856837,0.91201806,0.9772088393199871,1.0
Dmel_CG14959,0.028501073,0.549726,0.9772625121949583,1.0
Dmel_CG11362,0.028496822,0.54090714,0.9772659020642047,1.0
Dmel_CR44442,0.028493281,0.45298502,0.9772687269555571,1.0
Dmel_CR45531,0.028491864,0.43569952,0.9772698569121778,1.0
Dmel_CG5785,0.02848053,0.17168604,0.9772788965667858,1.0
Dmel_CG18003,0.028462112,0.067755975,0.9772935860117468,1.0
Dmel_CG11390,0.028450424,-0.19260474,0.9773029081635047,1.0
Dmel_CG13795,0.028365772,0.117602706,0.977370423233836,1.0
Dmel_CG5923,0.028048417,0.09515817,0.9776235355643212,1.0
Dmel_CG6875,0.027632242,2.3413227,0.9779554664172492,1.0
Dmel_CG15452,0.027631532,2.3348913,0.9779560314092055,1.0
Dmel_CG7016,0.027630825,1.9528131,0.9779565964011728,1.0
Dmel_CG15286,0.027630117,1.6408057,0.9779571613931513,1.0
Dmel_CG14079,0.027629407,1.4420056,0.9779577263851408,1.0
Dmel_CR45481,0.027629407,1.5936407,0.9779577263851408,1.0
Dmel_CG12920,0.0276287,1.4865069,0.9779582913771413,1.0
Dmel_CR44035,0.0276287,1.559799,0.9779582913771413,1.0
Dmel_CR44636,0.027627992,1.1442062,0.9779588563691529,1.0
Dmel_CR34608,0.027627992,1.2861189,0.9779588563691529,1.0
Dmel_CR45806,0.027627992,1.4174678,0.9779588563691529,1.0
Dmel_CG46282,0.027627284,1.0614176,0.9779594213611756,1.0
Dmel_CG31698,0.027627284,1.1432316,0.9779594213611756,1.0
Dmel_CR45870,0.027626574,1.0385422,0.9779599863532094,1.0
Dmel_CG17217,0.027625866,1.041871,0.9779605513452542,1.0
Dmel_CG5527,0.027625158,0.45043543,0.97796111633731,1.0
Dmel_CG7730,0.027625158,0.88017666,0.97796111633731,1.0
Dmel_CG43244,0.027625158,0.8688074,0.97796111633731,1.0
Dmel_CG31029,0.027572384,0.8274544,0.9780032082765455,1.0
Dmel_CR43907,0.027558925,0.62640935,0.9780139431433386,1.0
Dmel_CR45198,0.027551131,0.5227573,0.9780201580680388,1.0
Dmel_CG31802,0.027536256,0.2522805,0.9780320229279894,1.0
Dmel_CG10646,0.026998239,-0.08397814,0.9784611386087319,1.0
Dmel_CG14549,0.026870375,-0.043343246,0.9785631215977146,1.0
Dmel_CG5147,0.026702844,-0.05155414,0.9786967452684537,1.0
Dmel_CG14122,0.026686197,2.8344336,0.9787100229174971,1.0
Dmel_CG12330,0.026686197,2.9618237,0.9787100229174971,1.0
Dmel_CG42564,0.026686197,2.9506729,0.9787100229174971,1.0
Dmel_CG42568,0.026686197,3.866841,0.9787100229174971,1.0
Dmel_CG31620,0.026686197,3.4539402,0.9787100229174971,1.0
Dmel_CR43971,0.026685487,2.5270696,0.9787105879239703,1.0
Dmel_CG30195,0.026685487,2.538223,0.9787105879239703,1.0
Dmel_CR46225,0.026685487,2.7480319,0.9787105879239703,1.0
Dmel_CR46101,0.026685487,2.3995342,0.9787105879239703,1.0
Dmel_CG9891,0.026685487,2.4265225,0.9787105879239703,1.0
Dmel_CG31528,0.026685487,2.3365514,0.9787105879239703,1.0
Dmel_CG34205,0.026685487,2.2274137,0.9787105879239703,1.0
Dmel_CG15905,0.02668478,2.0789363,0.9787111529304541,1.0
Dmel_CG44625,0.026684072,1.6162859,0.9787117179369486,1.0
Dmel_CG17298,0.026684072,1.8343432,0.9787117179369486,1.0
Dmel_CR44553,0.026684072,1.9839776,0.9787117179369486,1.0
Dmel_CG9989,0.026684072,1.8160512,0.9787117179369486,1.0
Dmel_CR44558,0.026683362,1.6778587,0.9787122829434537,1.0
Dmel_CR34066,0.026683362,1.6225826,0.9787122829434537,1.0
Dmel_CG17855,0.026683362,1.715292,0.9787122829434537,1.0
Dmel_CG14564,0.026683362,1.3135098,0.9787122829434537,1.0
Dmel_CG6132,0.026683362,1.2763346,0.9787122829434537,1.0
Dmel_CR43469,0.026683362,1.6086177,0.9787122829434537,1.0
Dmel_CG14111,0.026683362,1.8456906,0.9787122829434537,1.0
Dmel_CR44759,0.026683362,1.7548263,0.9787122829434537,1.0
Dmel_CG45989,0.026683362,1.6007478,0.9787122829434537,1.0
Dmel_CG7367,0.026683362,0.9895202,0.9787122829434537,1.0
Dmel_CG4415,0.026683362,1.7468247,0.9787122829434537,1.0
Dmel_CR34601,0.026610399,0.6655329,0.9787704786706363,1.0
Dmel_CG31622,0.026598357,0.3946884,0.9787800838015286,1.0
Dmel_CR34560,0.026597649,0.43385747,0.9787806488093239,1.0
Dmel_CR33942,0.02657073,-0.09121225,0.9788021191134338,1.0
Dmel_CG5292,0.026477577,-0.04431904,0.9788764177842357,1.0
Dmel_CG11335,0.026398594,0.064270556,0.978939416420561,1.0
Dmel_CG31672,0.026370257,-0.012259559,0.9789620168602464,1.0
Dmel_CG9372,0.026322795,-0.061236456,0.9789998726345431,1.0
Dmel_CG9144,0.026322087,-0.027883764,0.9790004376464582,1.0
Dmel_CG4203,0.026194934,-0.04364519,0.9791018574556135,1.0
Dmel_CG13688,0.026144283,-0.05822715,0.9791422559695871,1.0
Dmel_CG12858,0.025999065,0.003969448,0.9792580841729943,1.0
Dmel_CG6465,0.025807448,-0.17451131,0.9794109215687604,1.0
Dmel_CG17666,0.02574086,18.077368,0.9794640334473059,1.0
Dmel_CR46105,0.02574086,17.862194,0.9794640334473059,1.0
Dmel_CG8719,0.02574086,18.023544,0.9794640334473059,1.0
Dmel_CG14566,0.02574086,18.090805,0.9794640334473059,1.0
Dmel_CR44021,0.02574086,17.922773,0.9794640334473059,1.0
Dmel_CG10232,0.02574086,18.009565,0.9794640334473059,1.0
Dmel_CG30391,0.02574086,17.777729,0.9794640334473059,1.0
Dmel_CG8881,0.02574086,18.031174,0.9794640334473059,1.0
Dmel_CG11459,0.02574086,17.619316,0.9794640334473059,1.0
Dmel_CR34542,0.02574086,18.177235,0.9794640334473059,1.0
Dmel_CR45269,0.02574086,17.818779,0.9794640334473059,1.0
Dmel_CG43333,0.02574086,17.972767,0.9794640334473059,1.0
Dmel_CR34595,0.02574086,17.689129,0.9794640334473059,1.0
Dmel_CG7126,0.02574086,18.020098,0.9794640334473059,1.0
Dmel_CG13965,0.02574086,18.004425,0.9794640334473059,1.0
Dmel_CR43593,0.02574086,17.767797,0.9794640334473059,1.0
Dmel_CR43009,0.02574086,17.9327,0.9794640334473059,1.0
Dmel_CG4995,0.02574086,17.79357,0.9794640334473059,1.0
Dmel_CG6244,0.02574086,18.226236,0.9794640334473059,1.0
Dmel_CG33062,0.02574086,17.92932,0.9794640334473059,1.0
Dmel_CG14176,0.02574086,17.941845,0.9794640334473059,1.0
Dmel_CG15140,0.02574086,17.975193,0.9794640334473059,1.0
Dmel_CG14125,0.02574086,18.361963,0.9794640334473059,1.0
Dmel_CG42826,0.02574086,17.521814,0.9794640334473059,1.0
Dmel_CR43681,0.02574086,17.421217,0.9794640334473059,1.0
Dmel_CG32181,0.02574086,18.002249,0.9794640334473059,1.0
Dmel_CG42815,0.02574086,17.969168,0.9794640334473059,1.0
Dmel_CG17003,0.02574086,17.996008,0.9794640334473059,1.0
Dmel_CG11852,0.02574086,18.128677,0.9794640334473059,1.0
Dmel_CG11470,0.02574086,18.092083,0.9794640334473059,1.0
Dmel_CR44891,0.02574086,17.913685,0.9794640334473059,1.0
Dmel_CR44019,0.02574086,18.343386,0.9794640334473059,1.0
Dmel_CG6298,0.02574086,18.081572,0.9794640334473059,1.0
Dmel_CR46362,0.02574086,18.054739,0.9794640334473059,1.0
Dmel_CR34594,0.02574086,18.071592,0.9794640334473059,1.0
Dmel_CG8358,0.02574086,18.055998,0.9794640334473059,1.0
Dmel_CR45647,0.02574086,18.0136,0.9794640334473059,1.0
Dmel_CR45625,0.02574086,18.0104,0.9794640334473059,1.0
Dmel_CG12838,0.02574086,18.185678,0.9794640334473059,1.0
Dmel_CG5999,0.02574086,17.778105,0.9794640334473059,1.0
Dmel_CG32159,0.02574086,17.986374,0.9794640334473059,1.0
Dmel_CG4226,0.02574086,17.970003,0.9794640334473059,1.0
Dmel_CG5172,0.02574086,18.025427,0.9794640334473059,1.0
Dmel_CG15323,0.02574086,17.656326,0.9794640334473059,1.0
Dmel_CG10348,0.02574086,17.859404,0.9794640334473059,1.0
Dmel_CR45045,0.025671083,0.71661294,0.9795196880134549,1.0
Dmel_CG4052,0.025649833,0.3400684,0.9795366386625561,1.0
Dmel_CG10175,0.025599184,0.40041456,0.9795770377468195,1.0
Dmel_CG8767,0.025562348,0.21981461,0.9796064189319171,1.0
Dmel_CG4928,0.02550851,-0.19739802,0.9796493607137375,1.0
Dmel_CG11546,0.025152901,0.08790424,0.9799330039585192,1.0
Dmel_CG9297,0.025049832,0.006601303,0.9800152157732228,1.0
Dmel_CG34309,0.02472256,0.7253552,0.9802762608763521,1.0
Dmel_CG17975,0.024718309,0.6957355,0.9802796510864503,1.0
Dmel_CG5882,0.024717601,0.63605475,0.9802802161215013,1.0
Dmel_CG6486,0.024712643,0.6374963,0.9802841713671354,1.0
Dmel_CG5367,0.024709808,0.5104436,0.9802864315077153,1.0
Dmel_CG10396,0.024708392,0.3280807,0.9802875615780646,1.0
Dmel_CR46118,0.024699891,0.15410893,0.9802943420009911,1.0
Dmel_CG44877,0.02464322,0.32480672,0.9803395448568596,1.0
Dmel_CG31410,0.024626927,0.32912064,0.9803525406896118,1.0
Dmel_CG6348,0.024617719,0.20648934,0.9803598861626046,1.0
Dmel_CG11741,0.024614885,0.09830483,0.9803621463084758,1.0
Dmel_CR45960,0.02459505,0.018864188,0.9803779673339879,1.0
Dmel_CG5029,0.024517128,-0.010421679,0.9804401214374456,1.0
Dmel_CG6660,0.024473917,0.15674093,0.9804745887642049,1.0
Dmel_CG11400,0.024400245,-0.08909314,0.9805333528151537,1.0
Dmel_CR43944,0.023909336,-0.062368214,0.9809249274902648,1.0
Dmel_CR46139,0.02378041,0.82629395,0.9810277660495962,1.0
Dmel_CG13457,0.023779701,0.9587438,0.981028331097498,1.0
Dmel_CR45807,0.023759868,0.26761258,0.981044152442612,1.0
Dmel_CR44404,0.02375845,-0.028136661,0.981045282538977,1.0
Dmel_CG43202,0.023757743,0.031004718,0.9810458475871737,1.0
Dmel_CG32812,0.023666715,0.0699723,0.9811184563594779,1.0
Dmel_CG8721,0.023620315,0.2725922,0.9811554671168699,1.0
Dmel_CG34180,0.023591273,0.12801963,0.9811786341764948,1.0
Dmel_CG7357,0.023433303,-0.06906076,0.9813046406563004,1.0
Dmel_CG43117,0.023347588,-0.0092008505,0.9813730120806646,1.0
Dmel_CG6917,0.023319254,-0.14725694,0.9813956142345384,1.0
Dmel_CG32829,0.023213703,0.090671964,0.981479807389002,1.0
Dmel_CG14906,0.023148533,-0.0085975705,0.9815317925270421,1.0
Dmel_CG13947,0.022836136,1.1836064,0.9817809832412293,1.0
Dmel_CG32459,0.022832595,1.0474328,0.9817838085430114,1.0
Dmel_CR45329,0.022829052,0.9799961,0.9817866338450218,1.0
Dmel_CG33666,0.022826219,0.62600887,0.9817888940867947,1.0
Dmel_CG6481,0.022824094,0.604859,0.9817905892682204,1.0
Dmel_CG12898,0.022823386,0.5031593,0.9817911543287139,1.0
Dmel_CG8733,0.022822676,-0.15418467,0.9817917193892165,1.0
Dmel_CR43174,0.02282126,0.3009376,0.981792849510249,1.0
Dmel_CG4546,0.022820551,0.38689813,0.9817934145707791,1.0
Dmel_CR44995,0.022819843,0.40582874,0.9817939796313182,1.0
Dmel_CG1367,0.022819843,0.327354,0.9817939796313182,1.0
Dmel_CG16965,0.02281701,0.21039432,0.9817962398735661,1.0
Dmel_CG8526,0.022815593,0.23917407,0.981797369994745,1.0
Dmel_CR45142,0.022814885,0.10509646,0.9817979350553481,1.0
Dmel_CR44049,0.022722794,0.15785557,0.9818713930114069,1.0
Dmel_CR45480,0.022719253,0.072747774,0.9818742183204828,1.0
Dmel_CG7972,0.022697292,0.3621549,0.9818917352418269,1.0
Dmel_CR44496,0.022512404,0.0033811713,0.9820392167636809,1.0
Dmel_CG18473,0.021948533,-0.042082738,0.9824890109218395,1.0
Dmel_CR44713,0.021884779,0.9819382,0.9825398673981949,1.0
Dmel_CR44908,0.021881236,0.8199751,0.9825426927600749,1.0
Dmel_CG18810,0.021881236,0.71264476,0.9825426927600749,1.0
Dmel_CR46144,0.021881236,0.7410315,0.9825426927600749,1.0
Dmel_CR40341,0.021879818,0.7222402,0.9825438229048882,1.0
Dmel_CG1077,0.021877695,0.5627589,0.9825455181221738,1.0
Dmel_CG9514,0.021876985,0.3135855,0.9825460831946199,1.0
Dmel_CG8519,0.02187486,0.29531407,0.9825477784120106,1.0
Dmel_CG14567,0.02187486,0.2042874,0.9825477784120106,1.0
Dmel_CG6129,0.021872735,0.27204484,0.9825494736294802,1.0
Dmel_CR45167,0.021872027,0.14815657,0.9825500387019875,1.0
Dmel_CG14528,0.021869902,0.10002852,0.9825517339195621,1.0
Dmel_CG13869,0.021868486,-0.023468522,0.9825528640646556,1.0
Dmel_CG14006,0.021818545,0.59155256,0.9825927017015563,1.0
Dmel_CG34301,0.021804376,0.3868131,0.9826040031667413,1.0
Dmel_CR45734,0.021793041,0.20857853,0.9826130443414033,1.0
Dmel_CG18268,0.021790918,0.17389601,0.982614739561901,1.0
Dmel_CR34154,0.021787375,0.087949716,0.9826175649295716,1.0
Dmel_CG30484,0.021785958,0.08722423,0.9826186950767011,1.0
Dmel_CR45604,0.021680055,0.01762235,0.9827031736732191,1.0
Dmel_CG17462,0.021586902,0.017858315,0.982777481094071,1.0
Dmel_CG7924,0.021575568,0.003257084,0.9827865223113802,1.0
Dmel_CG7200,0.021519607,-0.069285296,0.9828311633542302,1.0
Dmel_CG42562,0.021369075,0.05986571,0.9829512423751356,1.0
Dmel_CG7189,0.020941213,1.2934309,0.9832925514334985,1.0
Dmel_CG17764,0.020939795,0.97153133,0.9832936816010578,1.0
Dmel_CR34044,0.020939795,1.1188653,0.9832936816010578,1.0
Dmel_CG15590,0.020939087,0.8996713,0.98329424668485,1.0
Dmel_CR43751,0.02093767,0.86753374,0.9832953768524596,1.0
Dmel_CG15545,0.02093767,0.8007774,0.9832953768524596,1.0
Dmel_CR44679,0.020936962,0.7060474,0.9832959419362769,1.0
Dmel_CG2861,0.020936253,0.7978859,0.9832965070201026,1.0
Dmel_CG15779,0.020936253,0.86898965,0.9832965070201026,1.0
Dmel_CR45245,0.020934837,0.70560217,0.9832976371877793,1.0
Dmel_CG10553,0.020934837,0.7060271,0.9832976371877793,1.0
Dmel_CR45885,0.020934837,0.5350782,0.9832976371877793,1.0
Dmel_CG14421,0.020934837,0.56246334,0.9832976371877793,1.0
Dmel_CG15153,0.020934127,0.7221009,0.9832982022716301,1.0
Dmel_CG33253,0.020934127,0.677394,0.9832982022716301,1.0
Dmel_CG13331,0.020934127,0.6010112,0.9832982022716301,1.0
Dmel_CG8642,0.02093342,0.4183683,0.9832987673554894,1.0
Dmel_CG14851,0.02093342,0.5377695,0.9832987673554894,1.0
Dmel_CR44185,0.020932712,0.74925256,0.9832993324393571,1.0
Dmel_CG7363,0.020932004,0.2390285,0.9832998975232331,1.0
Dmel_CR42868,0.020932004,0.2169263,0.9832998975232331,1.0
Dmel_CG43072,0.020931294,0.29061168,0.9833004626071175,1.0
Dmel_CR44781,0.020931294,0.2612899,0.9833004626071175,1.0
Dmel_CG14763,0.020929879,0.23905534,0.9833015927749114,1.0
Dmel_CR46140,0.020863289,0.36155167,0.983354710698989,1.0
Dmel_CR44717,0.020856915,0.34965673,0.983359796461552,1.0
Dmel_CG6122,0.020842746,0.06819405,0.9833710981585572,1.0
Dmel_CR34095,0.020804495,-0.12776884,0.9834016127571346,1.0
Dmel_CG13401,0.020694695,-0.0676716,0.9834892010914927,1.0
Dmel_CG7372,0.02064015,0.045005407,0.9835327127897165,1.0
Dmel_CG10016,0.020628106,0.14368165,0.9835423192751512,1.0
Dmel_CG6066,0.020520432,-0.07333351,0.983628212662579,1.0
Dmel_CG10692,0.020507682,-0.038034152,0.9836383842605195,1.0
Dmel_CG10927,0.020008272,-0.03233891,0.9840367739221604,1.0
Dmel_CR43253,0.019996937,1.3579497,0.9840458154362322,1.0
Dmel_CG32474,0.019995522,1.180766,0.9840469456256352,1.0
Dmel_CG18136,0.019994812,1.4171398,0.9840475107203488,1.0
Dmel_CR45857,0.019994812,0.9754839,0.9840475107203488,1.0
Dmel_CR44761,0.019994812,1.1198237,0.9840475107203488,1.0
Dmel_CG10612,0.019994104,1.4055145,0.9840480758150704,1.0
Dmel_CG30170,0.019994104,1.2095953,0.9840480758150704,1.0
Dmel_CG15824,0.019994104,1.2115625,0.9840480758150704,1.0
Dmel_CR45595,0.019994104,1.210238,0.9840480758150704,1.0
Dmel_CG1315,0.019993396,1.2700471,0.9840486409097999,1.0
Dmel_CG9624,0.019992687,0.9899738,0.9840492060045375,1.0
Dmel_CR44792,0.019992687,0.9051793,0.9840492060045375,1.0
Dmel_CG10841,0.019992687,0.9562167,0.9840492060045375,1.0
Dmel_CG32185,0.019992687,0.84712744,0.9840492060045375,1.0
Dmel_CG7953,0.019992687,0.72032297,0.9840492060045375,1.0
Dmel_CG8072,0.019991979,1.1233844,0.984049771099283,1.0
Dmel_CR44567,0.019991979,0.89095235,0.984049771099283,1.0
Dmel_CR34652,0.019991979,0.77610564,0.984049771099283,1.0
Dmel_CG14405,0.019991979,0.9013004,0.984049771099283,1.0
Dmel_CG14260,0.019991979,0.83911186,0.984049771099283,1.0
Dmel_CG8661,0.019991271,0.75326073,0.9840503361940366,1.0
Dmel_CG32718,0.019991271,0.78559166,0.9840503361940366,1.0
Dmel_CG7848,0.019990562,0.70497787,0.9840509012887981,1.0
Dmel_CG30488,0.019990562,0.6716592,0.9840509012887981,1.0
Dmel_CG8665,0.019990562,0.5690465,0.9840509012887981,1.0
Dmel_CR43656,0.019989854,0.46853027,0.9840514663835678,1.0
Dmel_CG32846,0.019989854,0.23802885,0.9840514663835678,1.0
Dmel_CG34192,0.019988436,0.4427962,0.9840525965731309,1.0
Dmel_CG6687,0.019987728,0.43451613,0.9840531616679244,1.0
Dmel_CR43786,0.019909453,0.26989973,0.9841156046918411,1.0
Dmel_CG34244,0.019903785,0.28236765,0.9841201254575359,1.0
Dmel_CG10717,0.019903077,0.29905754,0.9841206905532837,1.0
Dmel_CR33636,0.019887492,-0.0056253322,0.9841331226617485,1.0
Dmel_CR44620,0.019885367,-0.081328146,0.984134817949565,1.0
Dmel_CR44834,0.019883242,-0.20459531,0.9841365132374532,1.0
Dmel_CG7794,0.019800715,-0.021631066,0.98420234697244,1.0
Dmel_CR45414,0.019725272,0.059365913,0.9842625298371848,1.0
Dmel_CR45214,0.019574033,-0.004527566,0.9843831783847214,1.0
Dmel_CG31223,0.019523738,-0.09250435,0.9844233004634103,1.0
Dmel_CG10864,0.019249594,-0.13835388,0.9846419947372352,1.0
Dmel_CG10572,0.01916813,-0.0104022045,0.9847069816309212,1.0
Dmel_CG7129,0.019128107,-0.062180854,0.9847389100115432,1.0
Dmel_CG31907,0.019051246,3.0433097,0.9848002238729165,1.0
Dmel_CG18363,0.019050539,1.3794858,0.9848007889780478,1.0
Dmel_CR43498,0.019050539,1.4082873,0.9848007889780478,1.0
Dmel_CG14627,0.019050539,1.6554996,0.9848007889780478,1.0
Dmel_CG11333,0.01904983,1.6015493,0.9848013540831866,1.0
Dmel_CR30237,0.01904983,1.2758853,0.9848013540831866,1.0
Dmel_CG34382,0.01904983,1.3570601,0.9848013540831866,1.0
Dmel_CG13445,0.019049121,1.4552372,0.984801919188333,1.0
Dmel_CR43285,0.019049121,1.4612714,0.984801919188333,1.0
Dmel_CG12934,0.019049121,1.4046143,0.984801919188333,1.0
Dmel_CG31230,0.019049121,1.2784547,0.984801919188333,1.0
Dmel_CG7742,0.019049121,1.263708,0.984801919188333,1.0
Dmel_CR33938,0.019049121,1.2699766,0.984801919188333,1.0
Dmel_CG4781,0.019049121,1.3427982,0.984801919188333,1.0
Dmel_CG15676,0.019048413,1.1526603,0.9848024842934872,1.0
Dmel_CR44048,0.019048413,0.96981,0.9848024842934872,1.0
Dmel_CR44126,0.019048413,1.3802644,0.9848024842934872,1.0
Dmel_CG6938,0.019048413,1.0487053,0.9848024842934872,1.0
Dmel_CG42470,0.019048413,1.4336548,0.9848024842934872,1.0
Dmel_CG2574,0.019048413,0.9557465,0.9848024842934872,1.0
Dmel_CR45140,0.019048413,1.0637175,0.9848024842934872,1.0
Dmel_CG15483,0.019048413,1.2969998,0.9848024842934872,1.0
Dmel_CR43554,0.019048413,1.2919841,0.9848024842934872,1.0
Dmel_CR46253,0.019048413,1.215197,0.9848024842934872,1.0
Dmel_CG3238,0.019047705,0.81051993,0.9848030493986489,1.0
Dmel_CG5892,0.019047705,0.89334023,0.9848030493986489,1.0
Dmel_CR44959,0.019047705,1.0767895,0.9848030493986489,1.0
Dmel_CR46109,0.019046996,0.8358426,0.9848036145038183,1.0
Dmel_CG13222,0.019046996,0.99147975,0.9848036145038183,1.0
Dmel_CG11951,0.019046996,0.84871715,0.9848036145038183,1.0
Dmel_CG33773,0.019046996,0.8829353,0.9848036145038183,1.0
Dmel_CG30222,0.019046996,0.67045283,0.9848036145038183,1.0
Dmel_CG11131,0.019046996,0.96481395,0.9848036145038183,1.0
Dmel_CG13576,0.019046288,0.8509409,0.9848041796089952,1.0
Dmel_CG44329,0.019046288,0.6677957,0.9848041796089952,1.0
Dmel_CG7303,0.019046288,0.52822256,0.9848041796089952,1.0
Dmel_CG5731,0.019046288,0.11743803,0.9848041796089952,1.0
Dmel_CR34620,0.01904558,0.2283464,0.9848047447141798,1.0
Dmel_CG11512,0.01904558,0.55413324,0.9848047447141798,1.0
Dmel_CG30026,0.01904558,0.81654114,0.9848047447141798,1.0
Dmel_CR45884,0.01904558,0.33070156,0.9848047447141798,1.0
Dmel_CG17570,0.01904558,0.4559532,0.9848047447141798,1.0
Dmel_CG14626,0.01904558,0.37538043,0.9848047447141798,1.0
Dmel_CG6865,0.018978992,0.62693757,0.9848578646355346,1.0
Dmel_CR45327,0.018956324,0.1984946,0.9848759480283454,1.0
Dmel_CG9089,0.01894074,-0.037701067,0.9848883803654109,1.0
Dmel_CG14237,0.018935071,-0.026718859,0.984892901216163,1.0
Dmel_CG30203,0.018739559,0.15200067,0.9850488708631885,1.0
Dmel_CG5144,0.018726807,0.048446886,0.9850590428166042,1.0
Dmel_CG11709,0.018678637,-0.167919,0.9850974702180806,1.0
Dmel_CG10939,0.018558921,0.006588127,0.9851929737624796,1.0
Dmel_CG10366,0.018430704,-0.06344162,0.9852952588589312,1.0
Dmel_CG31612,0.018384658,-0.07239867,0.9853319911349645,1.0
Dmel_CG11301,0.018193396,-0.050981216,0.9854845716904521,1.0
Dmel_CG15623,0.018105555,2.465718,0.985554645901592,1.0
Dmel_CG9079,0.018105555,2.072738,0.985554645901592,1.0
Dmel_CR43151,0.018105555,2.65688,0.985554645901592,1.0
Dmel_CG13481,0.018105555,2.5380514,0.985554645901592,1.0
Dmel_CG14379,0.018105555,2.7724771,0.985554645901592,1.0
Dmel_CG5363,0.018105555,2.9440281,0.985554645901592,1.0
Dmel_CG32499,0.018105555,2.2266932,0.985554645901592,1.0
Dmel_CG30485,0.018105555,4.3866744,0.985554645901592,1.0
Dmel_CG9196,0.018105555,3.2245715,0.985554645901592,1.0
Dmel_CG15128,0.018105555,2.5184476,0.985554645901592,1.0
Dmel_CG4090,0.018105555,1.8313397,0.985554645901592,1.0
Dmel_CR44807,0.018105555,2.6008728,0.985554645901592,1.0
Dmel_CG11630,0.018105555,1.9912412,0.985554645901592,1.0
Dmel_CG7173,0.018105555,2.1480677,0.985554645901592,1.0
Dmel_CG10594,0.018104848,1.8865911,0.9855552110166518,1.0
Dmel_CG12729,0.018104848,1.6559237,0.9855552110166518,1.0
Dmel_CR45174,0.018104848,2.025895,0.9855552110166518,1.0
Dmel_CG3769,0.018104848,2.0424023,0.9855552110166518,1.0
Dmel_CG15122,0.018104848,1.8511012,0.9855552110166518,1.0
Dmel_CR32879,0.018104848,1.8703588,0.9855552110166518,1.0
Dmel_CG34333,0.018104848,2.6386688,0.9855552110166518,1.0
Dmel_CR46220,0.018104848,2.1585793,0.9855552110166518,1.0
Dmel_CG42544,0.018104848,2.0814762,0.9855552110166518,1.0
Dmel_CG15306,0.01810414,1.7011979,0.9855557761317186,1.0
Dmel_CG42460,0.01810414,1.6345868,0.9855557761317186,1.0
Dmel_CR44803,0.01810414,1.6996384,0.9855557761317186,1.0
Dmel_CG32639,0.01810414,1.6428683,0.9855557761317186,1.0
Dmel_CR34152,0.01810414,1.1606487,0.9855557761317186,1.0
Dmel_CG13074,0.01810414,1.608199,0.9855557761317186,1.0
Dmel_CG4371,0.01810414,1.4736347,0.9855557761317186,1.0
Dmel_CR42900,0.01810414,1.4878893,0.9855557761317186,1.0
Dmel_CG12172,0.01810414,1.6644655,0.9855557761317186,1.0
Dmel_CG9271,0.01810343,1.4642416,0.9855563412467928,1.0
Dmel_CR44430,0.01810343,1.2582707,0.9855563412467928,1.0
Dmel_CR45949,0.01810343,1.4084272,0.9855563412467928,1.0
Dmel_CG14693,0.01810343,1.1974335,0.9855563412467928,1.0
Dmel_CG15150,0.01810343,1.1601381,0.9855563412467928,1.0
Dmel_CG6821,0.01810343,1.1845528,0.9855563412467928,1.0
Dmel_CG13949,0.01810343,1.2291747,0.9855563412467928,1.0
Dmel_CR45118,0.01810343,1.219813,0.9855563412467928,1.0
Dmel_CG4717,0.01810343,1.4082083,0.9855563412467928,1.0
Dmel_CG33722,0.01810343,0.8027585,0.9855563412467928,1.0
Dmel_CG43295,0.01810343,1.225778,0.9855563412467928,1.0
Dmel_CG12224,0.01810343,1.1099777,0.9855563412467928,1.0
Dmel_CG30383,0.01810343,0.9828461,0.9855563412467928,1.0
Dmel_CG3457,0.01810343,1.2516904,0.9855563412467928,1.0
Dmel_CG43165,0.01810343,0.21620251,0.9855563412467928,1.0
Dmel_CG13144,0.01810343,1.2614057,0.9855563412467928,1.0
Dmel_CG5235,0.01810343,1.3118005,0.9855563412467928,1.0
Dmel_CG13442,0.01810343,1.2385453,0.9855563412467928,1.0
Dmel_CG32568,0.01810343,1.044159,0.9855563412467928,1.0
Dmel_CG32107,0.01810343,1.0390028,0.9855563412467928,1.0
Dmel_CG3258,0.01810343,1.4497591,0.9855563412467928,1.0
Dmel_CG13069,0.018023737,0.38248518,0.98561991673884,1.0
Dmel_CG31272,0.01801807,0.34812218,0.9856244376662014,1.0
Dmel_CG43317,0.01801807,0.23586975,0.9856244376662014,1.0
Dmel_CG8902,0.018017363,0.26926446,0.985625002782154,1.0
Dmel_CG17190,0.018017363,0.24862285,0.985625002782154,1.0
Dmel_CR43428,0.018004611,0.050037146,0.9856351748705346,1.0
Dmel_CG34454,0.017958213,0.3557595,0.9856721899896173,1.0
Dmel_CR44450,0.017930586,0.16843757,0.9856942295408248,1.0
Dmel_CG34450,0.017913584,0.034263447,0.9857077923469953,1.0
Dmel_CR44179,0.017538495,-0.07853995,0.9860070228019904,1.0
Dmel_CG6678,0.017482888,-0.02350067,0.9860513848038288,1.0
Dmel_CG17030,0.01739009,-0.05439983,0.986125415756371,1.0
Dmel_CG33546,0.017205909,-0.15127158,0.9862723477711461,1.0
Dmel_CG44025,0.01718395,-0.14089777,0.986289866619458,1.0
Dmel_CG10510,0.017160572,17.328129,0.9863085157233124,1.0
Dmel_CG9013,0.017160572,17.080473,0.9863085157233124,1.0
Dmel_CG15188,0.017160572,17.493248,0.9863085157233124,1.0
Dmel_CG10588,0.017160572,17.061277,0.9863085157233124,1.0
Dmel_CG15636,0.017160572,17.224785,0.9863085157233124,1.0
Dmel_CR45210,0.017160572,16.589521,0.9863085157233124,1.0
Dmel_CR34579,0.017160572,17.263872,0.9863085157233124,1.0
Dmel_CG6717,0.017160572,17.781515,0.9863085157233124,1.0
Dmel_CG11211,0.017160572,17.661514,0.9863085157233124,1.0
Dmel_CG6299,0.017160572,16.387688,0.9863085157233124,1.0
Dmel_CG14072,0.017160572,17.264437,0.9863085157233124,1.0
Dmel_CR43848,0.017160572,17.430729,0.9863085157233124,1.0
Dmel_CG34217,0.017160572,16.049812,0.9863085157233124,1.0
Dmel_CR43433,0.017160572,17.494812,0.9863085157233124,1.0
Dmel_CR34592,0.017160572,17.464075,0.9863085157233124,1.0
Dmel_CR44665,0.017160572,17.269808,0.9863085157233124,1.0
Dmel_CG15919,0.017160572,17.278294,0.9863085157233124,1.0
Dmel_CR44504,0.017160572,17.41735,0.9863085157233124,1.0
Dmel_CG15879,0.017160572,17.456896,0.9863085157233124,1.0
Dmel_CG33927,0.017160572,17.661814,0.9863085157233124,1.0
Dmel_CG31910,0.017160572,17.068785,0.9863085157233124,1.0
Dmel_CR45355,0.017160572,16.759163,0.9863085157233124,1.0
Dmel_CR46081,0.017160572,17.432367,0.9863085157233124,1.0
Dmel_CG11941,0.017160572,17.319899,0.9863085157233124,1.0
Dmel_CG18266,0.017160572,16.874338,0.9863085157233124,1.0
Dmel_CG16905,0.017160572,17.57489,0.9863085157233124,1.0
Dmel_CG3986,0.017160572,17.775478,0.9863085157233124,1.0
Dmel_CG7211,0.017160572,16.75221,0.9863085157233124,1.0
Dmel_CG6520,0.017160572,16.625603,0.9863085157233124,1.0
Dmel_CG10752,0.017160572,17.542675,0.9863085157233124,1.0
Dmel_CR45924,0.017160572,17.933708,0.9863085157233124,1.0
Dmel_CG8342,0.017160572,18.030409,0.9863085157233124,1.0
Dmel_CG15585,0.017160572,17.646305,0.9863085157233124,1.0
Dmel_CR45652,0.017160572,17.648935,0.9863085157233124,1.0
Dmel_CG30065,0.017160572,16.568182,0.9863085157233124,1.0
Dmel_CG8907,0.017160572,17.847641,0.9863085157233124,1.0
Dmel_CR43682,0.017160572,16.97973,0.9863085157233124,1.0
Dmel_CR34553,0.017160572,17.874083,0.9863085157233124,1.0
Dmel_CR44712,0.017160572,16.208872,0.9863085157233124,1.0
Dmel_CR34630,0.017160572,17.083149,0.9863085157233124,1.0
Dmel_CG7311,0.017160572,17.544731,0.9863085157233124,1.0
Dmel_CR45346,0.017160572,17.130829,0.9863085157233124,1.0
Dmel_CR45215,0.017160572,17.376432,0.9863085157233124,1.0
Dmel_CR44256,0.017160572,16.8305,0.9863085157233124,1.0
Dmel_CG8087,0.017160572,16.758575,0.9863085157233124,1.0
Dmel_CG14850,0.017160572,17.337418,0.9863085157233124,1.0
Dmel_CG13423,0.017160572,17.401714,0.9863085157233124,1.0
Dmel_CG10486,0.017160572,17.248852,0.9863085157233124,1.0
Dmel_CG12251,0.017160572,17.94894,0.9863085157233124,1.0
Dmel_CG8540,0.017160572,17.401495,0.9863085157233124,1.0
Dmel_CG32642,0.017160572,17.21283,0.9863085157233124,1.0
Dmel_CG9961,0.017160572,17.237219,0.9863085157233124,1.0
Dmel_CR33918,0.017160572,17.661257,0.9863085157233124,1.0
Dmel_CG13059,0.017160572,17.235058,0.9863085157233124,1.0
Dmel_CG1801,0.017160572,17.303759,0.9863085157233124,1.0
Dmel_CG13062,0.017160572,16.98863,0.9863085157233124,1.0
Dmel_CR44537,0.017160572,17.730011,0.9863085157233124,1.0
Dmel_CR43616,0.017160572,17.491924,0.9863085157233124,1.0
Dmel_CR45578,0.017160572,17.137932,0.9863085157233124,1.0
Dmel_CG15308,0.017160572,17.339981,0.9863085157233124,1.0
Dmel_CG7464,0.017160572,17.204046,0.9863085157233124,1.0
Dmel_CG11340,0.017160572,17.119091,0.9863085157233124,1.0
Dmel_CG11249,0.017160572,17.145248,0.9863085157233124,1.0
Dmel_CR45959,0.017160572,17.19074,0.9863085157233124,1.0
Dmel_CG14826,0.017160572,17.575449,0.9863085157233124,1.0
Dmel_CR43463,0.017160572,17.499231,0.9863085157233124,1.0
Dmel_CG32651,0.017160572,17.208399,0.9863085157233124,1.0
Dmel_CG3474,0.017160572,17.765472,0.9863085157233124,1.0
Dmel_CG31106,0.017160572,17.292305,0.9863085157233124,1.0
Dmel_CR45754,0.017160572,17.25404,0.9863085157233124,1.0
Dmel_CG11720,0.017160572,16.99007,0.9863085157233124,1.0
Dmel_CG14187,0.017160572,17.940697,0.9863085157233124,1.0
Dmel_CG12906,0.017160572,17.007025,0.9863085157233124,1.0
Dmel_CG12993,0.017160572,17.306452,0.9863085157233124,1.0
Dmel_CR44971,0.017160572,17.312702,0.9863085157233124,1.0
Dmel_CR45830,0.017160572,17.92853,0.9863085157233124,1.0
Dmel_CR45338,0.017160572,17.81549,0.9863085157233124,1.0
Dmel_CG34161,0.017160572,17.514116,0.9863085157233124,1.0
Dmel_CR44752,0.017160572,17.67637,0.9863085157233124,1.0
Dmel_CG30411,0.017160572,17.659016,0.9863085157233124,1.0
Dmel_CG3339,0.017072026,0.26034912,0.9863791563359684,1.0
Dmel_CG7496,0.017057149,-0.11659606,0.9863910239693867,1.0
Dmel_CR44472,0.016974976,0.12753971,0.9864565785700753,1.0
Dmel_CR45819,0.016871553,-0.033954516,0.9865390870767209,1.0
Dmel_CG32055,0.016787255,0.1288535,0.9866063372674406,1.0
Dmel_CR44165,0.016778754,0.075053535,0.986613118804568,1.0
Dmel_CG1584,0.016167067,-0.0012758551,0.9871011094222836,1.0
Dmel_CG15873,0.016146524,0.72228974,0.9871174983060359,1.0
Dmel_CG11833,0.016145814,0.703227,0.9871180634400554,1.0
Dmel_CG43331,0.01613873,0.5216638,0.9871237147806058,1.0
Dmel_CG9155,0.016137315,0.58220124,0.9871248450487934,1.0
Dmel_CR44363,0.016133064,0.3106423,0.9871282358535113,1.0
Dmel_CG1395,0.016131647,0.3450765,0.9871293661218022,1.0
Dmel_CG32161,0.01613094,0.29744714,0.9871299312559575,1.0
Dmel_CG12589,0.01613023,0.3878153,0.9871304963901191,1.0
Dmel_CG13501,0.01613023,0.33210197,0.9871304963901191,1.0
Dmel_CG13051,0.016128814,0.1787134,0.9871316266584617,1.0
Dmel_CG32579,0.016128814,0.26065037,0.9871316266584617,1.0
Dmel_CG15674,0.016125271,0.13659443,0.9871344523294313,1.0
Dmel_CG8925,0.016122438,0.081968814,0.9871367128663231,1.0
Dmel_CG43161,0.01611748,0.1715076,0.9871406688061324,1.0
Dmel_CR31625,0.016056912,0.2618276,0.9871889878107163,1.0
Dmel_CR45921,0.016052661,0.18668431,0.987192378619822,1.0
Dmel_CG43229,0.016029995,0.06930824,0.9872104629389588,1.0
Dmel_CG5704,0.016008034,-0.031118007,0.987227982129389,1.0
Dmel_CG15065,0.016004492,-0.03069159,0.9872308078058418,1.0
Dmel_CG7508,0.015926216,-0.0037963167,0.987293255296272,1.0
Dmel_CR43951,0.01592409,0.0008265441,0.9872949507043393,1.0
Dmel_CG32228,0.015845107,-0.0367016,0.9873579634114654,1.0
Dmel_CG13317,0.015830938,0.16870645,0.9873692661475539,1.0
Dmel_CG14505,0.015829876,0.1422692,0.9873701138528628,1.0
Dmel_CG31322,0.015499416,-0.011362165,0.9876337508908987,1.0
Dmel_CG12931,0.015194102,0.6416993,0.9878773267184385,1.0
Dmel_CR43937,0.015188435,0.315325,0.9878818478582395,1.0
Dmel_CG7554,0.015187727,0.3418388,0.987882413000742,1.0
Dmel_CG32260,0.01518631,0.34907877,0.9878835432857652,1.0
Dmel_CR34534,0.015183477,0.101801835,0.9878858038558846,1.0
Dmel_CG18806,0.015178518,0.016620047,0.9878897598538275,1.0
Dmel_CG17781,0.015177101,-0.05526618,0.9878908901390088,1.0
Dmel_CG2930,0.015004965,0.097424924,0.9880282199687188,1.0
Dmel_CG43779,0.014996463,0.031814795,0.9880350016979288,1.0
Dmel_CG13014,0.014839911,-0.03991048,0.9881598986982755,1.0
Dmel_CG5346,0.01482716,0.12616964,0.9881700713174589,1.0
Dmel_CG5613,0.0148200765,-0.11667677,0.988175722773392,1.0
Dmel_CG9127,0.014500596,-0.18228818,0.9884306040484139,1.0
Dmel_CG42368,0.014400005,-0.084730245,0.9885108551611393,1.0
Dmel_CG11421,0.014291269,-0.13342473,0.9885976056144199,1.0
Dmel_CR45371,0.014257266,1.3821933,0.9886247328197099,1.0
Dmel_CG31147,0.014251599,0.7087186,0.9886292540218709,1.0
Dmel_CG15927,0.014248766,0.6411834,0.9886315146230884,1.0
Dmel_CR45149,0.014248057,0.5866536,0.988632079773407,1.0
Dmel_CG6164,0.014248057,0.6980796,0.988632079773407,1.0
Dmel_CR43516,0.014246641,0.52133185,0.9886332100740614,1.0
Dmel_CG11312,0.014243807,0.35506964,0.9886354706754386,1.0
Dmel_CG6800,0.014243807,0.5008045,0.9886354706754386,1.0
Dmel_CG33477,0.014243099,0.29817966,0.9886360358257971,1.0
Dmel_CG43679,0.014243099,0.42756417,0.9886360358257971,1.0
Dmel_CG8606,0.014241681,0.12939122,0.9886371661265313,1.0
Dmel_CG7886,0.014241681,0.32194614,0.9886371661265313,1.0
Dmel_CG11475,0.014240265,0.079168804,0.9886382964272883,1.0
Dmel_CG15199,0.014238848,0.19866791,0.9886394267280681,1.0
Dmel_CG10790,0.01423814,0.12034229,0.9886399918784666,1.0
Dmel_CG14921,0.0142353065,-0.051783748,0.9886422524801174,1.0
Dmel_CR44333,0.0142353065,-0.24385752,0.9886422524801174,1.0
Dmel_CR44949,0.014233181,-0.1685519,0.9886439479314154,1.0
Dmel_CG9876,0.014186074,0.29250798,0.988681530448341,1.0
Dmel_CG14354,0.014175448,0.35349432,0.9886900077112724,1.0
Dmel_CG33234,0.014144279,0.038952824,0.9887148743565669,1.0
Dmel_CG11797,0.014139321,0.07035363,0.9887188304147843,1.0
Dmel_CG8859,0.014137903,-0.03430544,0.988719960717183,1.0
Dmel_CG6652,0.014017125,-0.10870157,0.9888163190796775,1.0
Dmel_CG9456,0.014014291,-0.09092249,0.9888185796883862,1.0
Dmel_CG8560,0.013932473,-0.02874552,0.9888838548034963,1.0
Dmel_CG4181,0.013906263,-0.07008399,0.9889047654621893,1.0
Dmel_CR44474,0.013827986,-0.059558757,0.9889672149071127,1.0
Dmel_CG32433,0.013713936,0.04857963,0.9890582047169847,1.0
Dmel_CG6106,0.013308387,0.9582717,0.9893817565830284,1.0
Dmel_CG6318,0.013307679,1.1066308,0.9893823217406696,1.0
Dmel_CG13694,0.013305554,0.94926226,0.9893840172136251,1.0
Dmel_CG34288,0.013304845,0.6799284,0.9893845823712877,1.0
Dmel_CG16995,0.01330272,0.70796144,0.9893862778443071,1.0
Dmel_CR45467,0.01330272,0.5921149,0.9893862778443071,1.0
Dmel_CG34212,0.013302012,0.6918164,0.9893868430019909,1.0
Dmel_CG15564,0.013301304,0.45433056,0.98938740815968,1.0
Dmel_CG34369,0.013301304,0.4862393,0.98938740815968,1.0
Dmel_CG17109,0.013299887,0.46122018,0.9893885384750742,1.0
Dmel_CG14418,0.0132984705,0.35585564,0.9893896687904897,1.0
Dmel_CG11321,0.013297053,0.14174996,0.9893907991059265,1.0
Dmel_CG31087,0.013296345,0.116829805,0.9893913642636529,1.0
Dmel_CG33655,0.013296345,0.3848465,0.9893913642636529,1.0
Dmel_CG32811,0.013294928,0.14744939,0.9893924945791217,1.0
Dmel_CR45892,0.01329422,-0.05931909,0.989393059736864,1.0
Dmel_CG13358,0.01329422,0.1367047,0.989393059736864,1.0
Dmel_CG31495,0.013293511,-0.04488029,0.9893936248946117,1.0
Dmel_CR45680,0.013289261,-0.0100491,0.9893970158412095,1.0
Dmel_CR43959,0.01323932,-0.10141596,0.9894368594780647,1.0
Dmel_CG30145,0.013231174,0.29202068,0.9894433587972166,1.0
Dmel_CG30274,0.013211339,0.19569713,0.9894591832293844,1.0
Dmel_CG2781,0.013207797,0.13859883,0.9894620090212795,1.0
Dmel_CG4680,0.013205672,0.047295723,0.9894637044964799,1.0
Dmel_CG9564,0.012982885,-0.037754633,0.9896414470758186,1.0
Dmel_CR44392,0.01285148,-0.098958775,0.989746284355479,1.0
Dmel_CG12181,0.012836604,-0.15859063,0.9897581527379509,1.0
Dmel_CG15539,0.012609214,0.009431222,0.9899395697219855,1.0
Dmel_CG8825,0.012428222,-0.017656114,0.9900839689709252,1.0
Dmel_CR45687,0.012360926,0.8719994,0.9901376595771055,1.0
Dmel_CG31321,0.012360926,1.1606134,0.9901376595771055,1.0
Dmel_CG15333,0.012360217,0.811135,0.990138224741619,1.0
Dmel_CG33717,0.012360217,0.88927805,0.990138224741619,1.0
Dmel_CG6661,0.012359508,0.67059,0.9901387899061376,1.0
Dmel_CG33223,0.0123588005,0.6759339,0.990139355070661,1.0
Dmel_CG13415,0.0123588005,0.7476537,0.990139355070661,1.0
Dmel_CG12963,0.012358092,0.95904315,0.9901399202351894,1.0
Dmel_CR44066,0.012357384,0.59335977,0.9901404853997228,1.0
Dmel_CR45014,0.012357384,0.6840524,0.9901404853997228,1.0
Dmel_CG5819,0.012357384,0.71140355,0.9901404853997228,1.0
Dmel_CG14655,0.012357384,0.670792,0.9901404853997228,1.0
Dmel_CG1455,0.012356675,0.53047675,0.990141050564261,1.0
Dmel_CR45732,0.012356675,0.72489494,0.990141050564261,1.0
Dmel_CR45518,0.012356675,0.64310944,0.990141050564261,1.0
Dmel_CR46085,0.0123559665,0.34455723,0.9901416157288043,1.0
Dmel_CG14212,0.012355259,0.38170666,0.9901421808933525,1.0
Dmel_CR44552,0.012355259,0.3695474,0.9901421808933525,1.0
Dmel_CG31332,0.012353841,0.3491095,0.9901433112224637,1.0
Dmel_CG14107,0.012353841,0.32770184,0.9901433112224637,1.0
Dmel_CG9570,0.012353841,0.20354734,0.9901433112224637,1.0
Dmel_CG14456,0.012353133,0.395672,0.9901438763870267,1.0
Dmel_CR46043,0.012351717,0.15617211,0.9901450067161676,1.0
Dmel_CG4421,0.012351717,0.2618678,0.9901450067161676,1.0
Dmel_CR46251,0.012349592,-0.17143093,0.990146702209916,1.0
Dmel_CG17801,0.0122869,0.35387185,0.9901967192954795,1.0
Dmel_CR45112,0.01226494,0.060682163,0.9902142394136685,1.0
Dmel_CG14837,0.012250064,-0.0812957,0.9902261078835102,1.0
Dmel_CG9768,0.01216187,0.008731971,0.990296470999047,1.0
Dmel_CG43366,0.012156202,-0.03787706,0.9903009923263266,1.0
Dmel_CR45380,0.012149828,-0.09535389,0.9903060788198884,1.0
Dmel_CG9201,0.012138139,-0.035453185,0.9903154040591082,1.0
Dmel_CG3131,0.012123617,-0.053788472,0.9903269899642242,1.0
Dmel_CG4904,0.012120429,-0.032676566,0.9903295332119618,1.0
Dmel_CG8714,0.012096698,-0.23944826,0.9903484662815395,1.0
Dmel_CG17262,0.012021256,-0.013030141,0.9904086565238619,1.0
Dmel_CG14534,0.012007442,0.0049725203,0.9904196772783788,1.0
Dmel_CR45558,0.011679815,-0.15557149,0.9906810675000011,1.0
Dmel_CG34331,0.0115742665,-0.23552306,0.9907652777533441,1.0
Dmel_CG31788,0.011514054,-0.11637534,0.9908133172057573,1.0
Dmel_CR33799,0.011416297,0.83706856,0.9908913107405279,1.0
Dmel_CR43833,0.01141488,1.1146188,0.9908924410822533,1.0
Dmel_CG14313,0.01141488,0.9752498,0.9908924410822533,1.0
Dmel_CG30030,0.01141488,1.1668009,0.9908924410822533,1.0
Dmel_CG43189,0.011414172,0.7822462,0.9908930062531228,1.0
Dmel_CG31551,0.011414172,1.1744988,0.9908930062531228,1.0
Dmel_CR45396,0.011413463,0.74397504,0.9908935714239969,1.0
Dmel_CG4744,0.011413463,0.66453457,0.9908935714239969,1.0
Dmel_CG18730,0.011412755,0.8863977,0.9908941365948756,1.0
Dmel_CG12057,0.011412755,0.9298971,0.9908941365948756,1.0
Dmel_CG30393,0.011412047,0.48573068,0.9908947017657588,1.0
Dmel_CG4735,0.011412047,0.50953186,0.9908947017657588,1.0
Dmel_CG1762,0.011412047,0.6405194,0.9908947017657588,1.0
Dmel_CG9312,0.011412047,0.3885048,0.9908947017657588,1.0
Dmel_CG14243,0.011411338,0.43878224,0.9908952669366465,1.0
Dmel_CG12184,0.011411338,0.440401,0.9908952669366465,1.0
Dmel_CG13031,0.011411338,0.4994924,0.9908952669366465,1.0
Dmel_CR43761,0.011411338,0.43130317,0.9908952669366465,1.0
Dmel_CG45066,0.011411338,0.4167871,0.9908952669366465,1.0
Dmel_CG10750,0.01141063,0.42406222,0.990895832107539,1.0
Dmel_CG1387,0.01141063,0.3869402,0.990895832107539,1.0
Dmel_CG34203,0.01141063,0.17242539,0.990895832107539,1.0
Dmel_CG14325,0.01141063,0.33394927,0.990895832107539,1.0
Dmel_CR45378,0.01141063,0.33716762,0.990895832107539,1.0
Dmel_CG1944,0.01141063,0.46674395,0.990895832107539,1.0
Dmel_CG14644,0.011409922,0.3850235,0.9908963972784358,1.0
Dmel_CG15120,0.011409922,0.4342145,0.9908963972784358,1.0
Dmel_CG7142,0.011409922,0.25654453,0.9908963972784358,1.0
Dmel_CG42792,0.011409213,0.27119845,0.9908969624493373,1.0
Dmel_CG32240,0.011409213,0.18150236,0.9908969624493373,1.0
Dmel_CG6576,0.011408505,0.1604213,0.9908975276202434,1.0
Dmel_CG45105,0.011408505,0.015860561,0.9908975276202434,1.0
Dmel_CG1365,0.011407796,-0.09275932,0.990898092791154,1.0
Dmel_CG9445,0.011407796,-0.10807678,0.990898092791154,1.0
Dmel_CG17264,0.011407796,-0.3892788,0.990898092791154,1.0
Dmel_CG16710,0.011342625,0.36495438,0.9909500885344338,1.0
Dmel_CG10177,0.011334833,0.27439684,0.9909563054193593,1.0
Dmel_CG34222,0.011333416,0.300971,0.990957435762132,1.0
Dmel_CR45563,0.011329874,0.19258948,0.9909602616191433,1.0
Dmel_CG15695,0.01131429,-0.021071622,0.9909726953913395,1.0
Dmel_CG6753,0.011311457,-0.052216522,0.990974956077429,1.0
Dmel_CG12923,0.011261869,0.10830208,0.9910145180957081,1.0
Dmel_CG12109,0.011220783,-0.031676132,0.9910472980704516,1.0
Dmel_CG32115,0.011198823,-0.052551843,0.9910648184079807,1.0
Dmel_CG17531,0.011085482,0.06973872,0.9911552460248402,1.0
Dmel_CG2209,0.011063523,0.17021272,0.991172766388782,1.0
Dmel_CG9777,0.011049354,-0.16988012,0.9911840698516492,1.0
Dmel_CR46095,0.011033771,-0.0070191897,0.9911965036628467,1.0
Dmel_CR44989,0.0106732035,0.07466933,0.9914841774308523,1.0
Dmel_CR45610,0.010470252,1.5029774,0.9916461003848976,1.0
Dmel_CG4677,0.010470252,1.8791665,0.9916461003848976,1.0
Dmel_CR44183,0.010470252,1.5619197,0.9916461003848976,1.0
Dmel_CG14690,0.010470252,2.9078681,0.9916461003848976,1.0
Dmel_CR44470,0.010470252,1.2494426,0.9916461003848976,1.0
Dmel_CG13405,0.010469544,0.9159974,0.991646665561609,1.0
Dmel_CR46039,0.010469544,1.4662043,0.991646665561609,1.0
Dmel_CR45940,0.010469544,1.4450192,0.991646665561609,1.0
Dmel_CG32241,0.010469544,1.152579,0.991646665561609,1.0
Dmel_CG44088,0.010469544,1.3116955,0.991646665561609,1.0
Dmel_CG9454,0.010469544,1.0829674,0.991646665561609,1.0
Dmel_CG6737,0.010468835,0.9692953,0.9916472307383245,1.0
Dmel_CG1372,0.010468835,0.80108136,0.9916472307383245,1.0
Dmel_CG15594,0.010468835,0.59246224,0.9916472307383245,1.0
Dmel_CG8927,0.010468835,1.0383668,0.9916472307383245,1.0
Dmel_CG15212,0.010468835,1.0695794,0.9916472307383245,1.0
Dmel_CR33646,0.010468835,0.9153862,0.9916472307383245,1.0
Dmel_CG12936,0.010468835,0.8232429,0.9916472307383245,1.0
Dmel_CG7629,0.010468126,0.74952257,0.9916477959150443,1.0
Dmel_CG42571,0.010468126,0.7200346,0.9916477959150443,1.0
Dmel_CR43712,0.010468126,0.7497299,0.9916477959150443,1.0
Dmel_CG43997,0.010468126,0.98142445,0.9916477959150443,1.0
Dmel_CG12446,0.010468126,1.0149369,0.9916477959150443,1.0
Dmel_CG14383,0.010468126,0.87165827,0.9916477959150443,1.0
Dmel_CG15707,0.010468126,0.77162987,0.9916477959150443,1.0
Dmel_CR43974,0.010468126,0.9317884,0.9916477959150443,1.0
Dmel_CG13214,0.010468126,1.0179462,0.9916477959150443,1.0
Dmel_CG7005,0.010468126,0.66312337,0.9916477959150443,1.0
Dmel_CG10205,0.010468126,0.8713647,0.9916477959150443,1.0
Dmel_CR45655,0.010468126,1.3302854,0.9916477959150443,1.0
Dmel_CR44375,0.010468126,0.6833,0.9916477959150443,1.0
Dmel_CR46092,0.010468126,0.7183681,0.9916477959150443,1.0
Dmel_CG42692,0.010468126,0.5884453,0.9916477959150443,1.0
Dmel_CG34054,0.010468126,0.53522,0.9916477959150443,1.0
Dmel_CG8252,0.0104674185,0.26136914,0.9916483610917681,1.0
Dmel_CG10920,0.0104674185,0.53545713,0.9916483610917681,1.0
Dmel_CR44494,0.0104674185,0.24195401,0.9916483610917681,1.0
Dmel_CG6055,0.0104674185,0.63108,0.9916483610917681,1.0
Dmel_CG43185,0.0104674185,0.31480715,0.9916483610917681,1.0
Dmel_CG15125,0.0104674185,0.3806832,0.9916483610917681,1.0
Dmel_CG10064,0.0104674185,0.4837484,0.9916483610917681,1.0
Dmel_CG42716,0.0104674185,0.09320288,0.9916483610917681,1.0
Dmel_CG3478,0.0104674185,0.28576815,0.9916483610917681,1.0
Dmel_CR34570,0.0104674185,0.3071203,0.9916483610917681,1.0
Dmel_CG43139,0.0104674185,0.39730582,0.9916483610917681,1.0
Dmel_CG42603,0.0104674185,0.12430959,0.9916483610917681,1.0
Dmel_CR43803,0.0104674185,0.5927969,0.9916483610917681,1.0
Dmel_CG10116,0.0104674185,0.73881614,0.9916483610917681,1.0
Dmel_CG10912,0.0104674185,0.15892757,0.9916483610917681,1.0
Dmel_CR44386,0.0104674185,0.4790837,0.9916483610917681,1.0
Dmel_CG7532,0.01046671,0.19801244,0.9916489262684962,1.0
Dmel_CG4354,0.01046671,0.49608138,0.9916489262684962,1.0
Dmel_CG32754,0.01046671,0.4693249,0.9916489262684962,1.0
Dmel_CG33542,0.01046671,0.42451847,0.9916489262684962,1.0
Dmel_CR43752,0.01046671,0.40312004,0.9916489262684962,1.0
Dmel_CR43626,0.010466002,0.050319068,0.9916494914452285,1.0
Dmel_CG14835,0.010466002,0.46284956,0.9916494914452285,1.0
Dmel_CR45974,0.010466002,0.027796837,0.9916494914452285,1.0
Dmel_CG32235,0.010466002,0.09345649,0.9916494914452285,1.0
Dmel_CG9416,0.010466002,0.32237923,0.9916494914452285,1.0
Dmel_CR43826,0.010466002,-0.27763095,0.9916494914452285,1.0
Dmel_CR43614,0.010466002,0.1258576,0.9916494914452285,1.0
Dmel_CR43420,0.010466002,0.073587015,0.9916494914452285,1.0
Dmel_CR42767,0.010396934,0.4559876,0.9917045961967036,1.0
Dmel_CR44410,0.010393392,0.32036868,0.9917074220824635,1.0
Dmel_CR45828,0.010376391,0.023909828,0.9917209863355586,1.0
Dmel_CG15361,0.010370015,0.006736991,0.9917260729310864,1.0
Dmel_CG5428,0.01035939,-0.33441347,0.9917345505910465,1.0
Dmel_CG7906,0.010315116,0.16747044,0.9917698741842478,1.0
Dmel_CG15909,0.010307324,0.14203216,0.9917760911383225,1.0
Dmel_CR44017,0.01026978,-0.07291727,0.9918060455604026,1.0
Dmel_CG11604,0.010224089,-0.07408544,0.9918424995424726,1.0
Dmel_CG1575,0.010095163,-0.06749201,0.9919453620330624,1.0
Dmel_CG4471,0.010089496,-0.26502374,0.9919498834643043,1.0
Dmel_CG6792,0.009800476,-0.014865557,0.9921804767972427,1.0
Dmel_CG33263,0.009524915,2.1186535,0.9924003323236928,1.0
Dmel_CG32673,0.009524915,1.3522785,0.9924003323236928,1.0
Dmel_CG6432,0.009524915,2.258776,0.9924003323236928,1.0
Dmel_CG15377,0.009524915,2.3432927,0.9924003323236928,1.0
Dmel_CR30024,0.009524915,1.5989615,0.9924003323236928,1.0
Dmel_CG4367,0.009524915,1.3642046,0.9924003323236928,1.0
Dmel_CG14608,0.009524915,1.4177614,0.9924003323236928,1.0
Dmel_CG30375,0.009524915,1.5570183,0.9924003323236928,1.0
Dmel_CG4623,0.009524915,1.5455062,0.9924003323236928,1.0
Dmel_CG34269,0.009524915,1.4964423,0.9924003323236928,1.0
Dmel_CR43269,0.009524915,1.8423934,0.9924003323236928,1.0
Dmel_CG43111,0.009524915,1.5197675,0.9924003323236928,1.0
Dmel_CG30151,0.009524915,1.2498968,0.9924003323236928,1.0
Dmel_CR43542,0.009524915,1.8583034,0.9924003323236928,1.0
Dmel_CR44646,0.009524915,2.0464146,0.9924003323236928,1.0
Dmel_CR45863,0.009524915,1.3457414,0.9924003323236928,1.0
Dmel_CG10241,0.009524915,1.3082013,0.9924003323236928,1.0
Dmel_CG13230,0.009524915,1.8786142,0.9924003323236928,1.0
Dmel_CR44931,0.009524915,2.054801,0.9924003323236928,1.0
Dmel_CR43424,0.009524915,1.7951863,0.9924003323236928,1.0
Dmel_CG34167,0.009524915,1.4789644,0.9924003323236928,1.0
Dmel_CR45685,0.009524915,1.4342766,0.9924003323236928,1.0
Dmel_CR44176,0.009524915,1.7380126,0.9924003323236928,1.0
Dmel_CR46087,0.009524915,1.8413243,0.9924003323236928,1.0
Dmel_CG18577,0.009524915,1.5161074,0.9924003323236928,1.0
Dmel_CG6893,0.009524915,2.9889638,0.9924003323236928,1.0
Dmel_CG10956,0.009524915,2.8632734,0.9924003323236928,1.0
Dmel_CR45605,0.009524915,1.9536989,0.9924003323236928,1.0
Dmel_CG9369,0.009524915,2.5441535,0.9924003323236928,1.0
Dmel_CR45372,0.009524915,2.0229743,0.9924003323236928,1.0
Dmel_CR46077,0.009524915,1.4239001,0.9924003323236928,1.0
Dmel_CR44805,0.009524915,1.6599759,0.9924003323236928,1.0
Dmel_CR34554,0.009524915,1.9026359,0.9924003323236928,1.0
Dmel_CG13742,0.009524915,2.852245,0.9924003323236928,1.0
Dmel_CR44284,0.009524207,0.7945082,0.9924008975057456,1.0
Dmel_CG10174,0.009524207,0.9756917,0.9924008975057456,1.0
Dmel_CG9568,0.009524207,1.2323091,0.9924008975057456,1.0
Dmel_CG8138,0.009524207,1.1989341,0.9924008975057456,1.0
Dmel_CR44124,0.009524207,1.1802864,0.9924008975057456,1.0
Dmel_CG15597,0.009524207,0.765495,0.9924008975057456,1.0
Dmel_CG12028,0.009524207,0.88715655,0.9924008975057456,1.0
Dmel_CG15142,0.009524207,0.9309707,0.9924008975057456,1.0
Dmel_CG11308,0.009524207,1.0567735,0.9924008975057456,1.0
Dmel_CR45686,0.009524207,0.73543334,0.9924008975057456,1.0
Dmel_CR44224,0.009524207,1.0225108,0.9924008975057456,1.0
Dmel_CG18131,0.009524207,1.0149385,0.9924008975057456,1.0
Dmel_CR44600,0.009524207,2.1470606,0.9924008975057456,1.0
Dmel_CR42836,0.009524207,1.3053784,0.9924008975057456,1.0
Dmel_CG30163,0.009524207,1.6336744,0.9924008975057456,1.0
Dmel_CG11911,0.009524207,1.2593536,0.9924008975057456,1.0
Dmel_CG12047,0.009524207,1.0253532,0.9924008975057456,1.0
Dmel_CR45755,0.009524207,1.3285855,0.9924008975057456,1.0
Dmel_CG42464,0.009524207,1.3087463,0.9924008975057456,1.0
Dmel_CR46195,0.009524207,1.0593388,0.9924008975057456,1.0
Dmel_CR34645,0.009524207,1.1875647,0.9924008975057456,1.0
Dmel_CG43131,0.009524207,1.297238,0.9924008975057456,1.0
Dmel_CR43506,0.009524207,1.6581295,0.9924008975057456,1.0
Dmel_CG8564,0.009524207,1.1282561,0.9924008975057456,1.0
Dmel_CR42991,0.009524207,1.5868261,0.9924008975057456,1.0
Dmel_CG3515,0.009524207,1.1530567,0.9924008975057456,1.0
Dmel_CG15256,0.009524207,1.2086792,0.9924008975057456,1.0
Dmel_CG15554,0.009524207,2.1392434,0.9924008975057456,1.0
Dmel_CR44853,0.009524207,0.82804894,0.9924008975057456,1.0
Dmel_CG14106,0.009524207,1.157523,0.9924008975057456,1.0
Dmel_CG12477,0.009524207,1.018208,0.9924008975057456,1.0
Dmel_CR46216,0.009524207,1.3945398,0.9924008975057456,1.0
Dmel_CG12444,0.009524207,1.109654,0.9924008975057456,1.0
Dmel_CR45415,0.009524207,1.4034489,0.9924008975057456,1.0
Dmel_CG10663,0.009524207,1.4992893,0.9924008975057456,1.0
Dmel_CG43337,0.009524207,1.0932171,0.9924008975057456,1.0
Dmel_CG12917,0.009524207,1.1532258,0.9924008975057456,1.0
Dmel_CG3599,0.009524207,1.0221678,0.9924008975057456,1.0
Dmel_CR44538,0.009524207,1.0568165,0.9924008975057456,1.0
Dmel_CG44037,0.009524207,1.5281087,0.9924008975057456,1.0
Dmel_CG34332,0.009524207,1.1874244,0.9924008975057456,1.0
Dmel_CG17732,0.009524207,1.3793094,0.9924008975057456,1.0
Dmel_CG8337,0.009523498,0.01670289,0.992401462687802,1.0
Dmel_CR46221,0.009523498,0.42573607,0.992401462687802,1.0
Dmel_CG15458,0.009523498,0.6842518,0.992401462687802,1.0
Dmel_CG14360,0.009523498,0.81413543,0.992401462687802,1.0
Dmel_CR45004,0.009523498,0.25016004,0.992401462687802,1.0
Dmel_CG30286,0.009523498,0.6868519,0.992401462687802,1.0
Dmel_CG43168,0.009523498,0.86706805,0.992401462687802,1.0
Dmel_CR44677,0.009523498,0.45230395,0.992401462687802,1.0
Dmel_CG44163,0.009523498,0.45962638,0.992401462687802,1.0
Dmel_CG5137,0.009523498,0.58319837,0.992401462687802,1.0
Dmel_CR45239,0.009523498,0.21974443,0.992401462687802,1.0
Dmel_CG14931,0.009523498,0.5434787,0.992401462687802,1.0
Dmel_CG17821,0.009523498,0.71304655,0.992401462687802,1.0
Dmel_CR45537,0.009523498,0.95705825,0.992401462687802,1.0
Dmel_CG12306,0.009523498,-0.07882605,0.992401462687802,1.0
Dmel_CG3942,0.009523498,0.30748817,0.992401462687802,1.0
Dmel_CR43413,0.009523498,0.3720306,0.992401462687802,1.0
Dmel_CG32072,0.009523498,0.63084495,0.992401462687802,1.0
Dmel_CG12496,0.009523498,-0.14432958,0.992401462687802,1.0
Dmel_CG15756,0.009523498,0.5653534,0.992401462687802,1.0
Dmel_CR44338,0.009523498,0.58615714,0.992401462687802,1.0
Dmel_CG4249,0.009523498,0.84343606,0.992401462687802,1.0
Dmel_CG31816,0.009523498,0.4918143,0.992401462687802,1.0
Dmel_CG31697,0.009523498,0.42386487,0.992401462687802,1.0
Dmel_CG11068,0.009523498,0.7202241,0.992401462687802,1.0
Dmel_CG8260,0.009523498,0.79671675,0.992401462687802,1.0
Dmel_CG12607,0.009523498,0.54934436,0.992401462687802,1.0
Dmel_CG31525,0.009523498,0.33258975,0.992401462687802,1.0
Dmel_CR34621,0.009523498,0.60758823,0.992401462687802,1.0
Dmel_CR44209,0.009523498,0.40158498,0.992401462687802,1.0
Dmel_CR44115,0.009523498,0.6623168,0.992401462687802,1.0
Dmel_CR45562,0.009523498,0.783709,0.992401462687802,1.0
Dmel_CG14329,0.009523498,0.6736556,0.992401462687802,1.0
Dmel_CG9295,0.009523498,0.53566295,0.992401462687802,1.0
Dmel_CR34530,0.009523498,0.8020026,0.992401462687802,1.0
Dmel_CG5609,0.009523498,0.85891753,0.992401462687802,1.0
Dmel_CG43125,0.009523498,1.0360675,0.992401462687802,1.0
Dmel_CG2901,0.009523498,-0.047576483,0.992401462687802,1.0
Dmel_CG34218,0.009523498,0.51136607,0.992401462687802,1.0
Dmel_CG31770,0.009523498,0.8557511,0.992401462687802,1.0
Dmel_CR45330,0.009523498,-0.20983253,0.992401462687802,1.0
Dmel_CR46350,0.009523498,0.61647254,0.992401462687802,1.0
Dmel_CG43055,0.009523498,0.44232827,0.992401462687802,1.0
Dmel_CG32088,0.009523498,1.0385976,0.992401462687802,1.0
Dmel_CG13170,0.009523498,0.21259902,0.992401462687802,1.0
Dmel_CG4681,0.009523498,0.16694553,0.992401462687802,1.0
Dmel_CR44449,0.009523498,0.85708094,0.992401462687802,1.0
Dmel_CR44226,0.009523498,0.3790016,0.992401462687802,1.0
Dmel_CR43193,0.009523498,0.4507268,0.992401462687802,1.0
Dmel_CG2336,0.009523498,0.4118504,0.992401462687802,1.0
Dmel_CR34543,0.009523498,0.91631424,0.992401462687802,1.0
Dmel_CG31231,0.009455494,0.42083076,0.9924557201829384,1.0
Dmel_CG12946,0.009442034,0.32117414,0.9924664586496612,1.0
Dmel_CG7178,0.009438492,0.14683247,0.9924692845621836,1.0
Dmel_CG43647,0.0094321165,-0.051971573,0.992474371204962,1.0
Dmel_CG14225,0.009429283,-0.097649306,0.9924766319351839,1.0
Dmel_CG9772,0.009428575,-0.1687084,0.9924771971177488,1.0
Dmel_CG6113,0.009424324,-0.255042,0.9924805882132175,1.0
Dmel_CR45104,0.009386072,0.2072949,0.9925111080785414,1.0
Dmel_CG7000,0.009376863,0.22111,0.992518455455165,1.0
Dmel_CG9572,0.009352778,0.0699104,0.9925376716739479,1.0
Dmel_CG8308,0.009348881,-0.016626272,0.9925407801803345,1.0
Dmel_CG8965,0.00933861,0.008856633,0.9925489753340782,1.0
Dmel_CG17119,0.00933011,-0.046907473,0.9925557575308744,1.0
Dmel_CG7729,0.009244395,-0.016263934,0.9926241447118772,1.0
Dmel_CR45199,0.009211809,0.10215335,0.9926501431585678,1.0
Dmel_CG1381,0.008932353,-0.068603404,0.992873108415713,1.0
Dmel_CG10194,0.0085941,-0.021523196,0.9931429847233453,1.0
Dmel_CG14193,0.008580286,16.666143,0.9931540058669276,1.0
Dmel_CR44146,0.008580286,17.02085,0.9931540058669276,1.0
Dmel_CG5842,0.008580286,16.16503,0.9931540058669276,1.0
Dmel_CG8693,0.008580286,16.727781,0.9931540058669276,1.0
Dmel_CR45778,0.008580286,16.48756,0.9931540058669276,1.0
Dmel_CG8695,0.008580286,16.281366,0.9931540058669276,1.0
Dmel_CG9184,0.008580286,16.442654,0.9931540058669276,1.0
Dmel_CG13471,0.008580286,14.855245,0.9931540058669276,1.0
Dmel_CG4569,0.008580286,15.5299225,0.9931540058669276,1.0
Dmel_CG31362,0.008580286,16.244879,0.9931540058669276,1.0
Dmel_CG9333,0.008580286,16.24117,0.9931540058669276,1.0
Dmel_CG14369,0.008580286,16.775877,0.9931540058669276,1.0
Dmel_CG30379,0.008580286,17.091846,0.9931540058669276,1.0
Dmel_CG1169,0.008580286,16.700903,0.9931540058669276,1.0
Dmel_CG10104,0.008580286,16.269741,0.9931540058669276,1.0
Dmel_CG33807,0.008580286,16.454073,0.9931540058669276,1.0
Dmel_CR34532,0.008580286,16.591541,0.9931540058669276,1.0
Dmel_CG33290,0.008580286,16.333445,0.9931540058669276,1.0
Dmel_CG7440,0.008580286,16.229733,0.9931540058669276,1.0
Dmel_CG31437,0.008580286,16.350225,0.9931540058669276,1.0
Dmel_CG6289,0.008580286,16.19038,0.9931540058669276,1.0
Dmel_CG14630,0.008580286,16.525496,0.9931540058669276,1.0
Dmel_CR45653,0.008580286,16.05774,0.9931540058669276,1.0
Dmel_CR44588,0.008580286,15.867146,0.9931540058669276,1.0
Dmel_CG10930,0.008580286,16.156319,0.9931540058669276,1.0
Dmel_CR45246,0.008580286,16.462818,0.9931540058669276,1.0
Dmel_CG13362,0.008580286,15.602818,0.9931540058669276,1.0
Dmel_CR34642,0.008580286,16.65533,0.9931540058669276,1.0
Dmel_CG12045,0.008580286,16.229744,0.9931540058669276,1.0
Dmel_CG8561,0.008580286,16.264164,0.9931540058669276,1.0
Dmel_CG13991,0.008580286,16.596163,0.9931540058669276,1.0
Dmel_CR45667,0.008580286,16.445675,0.9931540058669276,1.0
Dmel_CR43543,0.008580286,16.132881,0.9931540058669276,1.0
Dmel_CR45111,0.008580286,16.489237,0.9931540058669276,1.0
Dmel_CG9871,0.008580286,16.205807,0.9931540058669276,1.0
Dmel_CG34198,0.008580286,16.579428,0.9931540058669276,1.0
Dmel_CR44833,0.008580286,16.553392,0.9931540058669276,1.0
Dmel_CG6333,0.008580286,16.133965,0.9931540058669276,1.0
Dmel_CG43672,0.008580286,16.017727,0.9931540058669276,1.0
Dmel_CG34051,0.008580286,17.195477,0.9931540058669276,1.0
Dmel_CG5361,0.008580286,16.37144,0.9931540058669276,1.0
Dmel_CG31821,0.008580286,17.02943,0.9931540058669276,1.0
Dmel_CG32633,0.008580286,16.651632,0.9931540058669276,1.0
Dmel_CG11401,0.008580286,16.323563,0.9931540058669276,1.0
Dmel_CG12448,0.008580286,14.075305,0.9931540058669276,1.0
Dmel_CR45295,0.008580286,16.023252,0.9931540058669276,1.0
Dmel_CR43939,0.008580286,16.123,0.9931540058669276,1.0
Dmel_CG15336,0.008580286,16.263826,0.9931540058669276,1.0
Dmel_CG10788,0.008580286,16.84513,0.9931540058669276,1.0
Dmel_CG12689,0.008580286,14.849212,0.9931540058669276,1.0
Dmel_CG12540,0.008580286,16.28711,0.9931540058669276,1.0
Dmel_CR46259,0.008580286,15.084601,0.9931540058669276,1.0
Dmel_CG1082,0.008580286,16.63526,0.9931540058669276,1.0
Dmel_CG31335,0.008580286,17.09118,0.9931540058669276,1.0
Dmel_CG15754,0.008580286,16.497524,0.9931540058669276,1.0
Dmel_CG43230,0.008580286,17.046429,0.9931540058669276,1.0
Dmel_CR45903,0.008580286,16.382004,0.9931540058669276,1.0
Dmel_CG15880,0.008580286,15.593481,0.9931540058669276,1.0
Dmel_CR45942,0.008580286,16.22827,0.9931540058669276,1.0
Dmel_CG40298,0.008580286,15.637039,0.9931540058669276,1.0
Dmel_CR45468,0.008580286,16.446457,0.9931540058669276,1.0
Dmel_CG32106,0.008580286,16.539186,0.9931540058669276,1.0
Dmel_CG33492,0.008580286,14.825393,0.9931540058669276,1.0
Dmel_CR45868,0.008580286,16.517242,0.9931540058669276,1.0
Dmel_CG12442,0.008580286,16.516422,0.9931540058669276,1.0
Dmel_CG14507,0.008580286,15.060384,0.9931540058669276,1.0
Dmel_CG15418,0.008580286,16.525661,0.9931540058669276,1.0
Dmel_CR44113,0.008580286,16.555466,0.9931540058669276,1.0
Dmel_CG9506,0.008580286,16.55159,0.9931540058669276,1.0
Dmel_CR45550,0.008580286,16.440727,0.9931540058669276,1.0
Dmel_CR45082,0.008580286,15.640699,0.9931540058669276,1.0
Dmel_CR42967,0.008580286,15.832484,0.9931540058669276,1.0
Dmel_CR45956,0.008580286,16.905333,0.9931540058669276,1.0
Dmel_CG33225,0.008580286,16.533167,0.9931540058669276,1.0
Dmel_CG15605,0.008580286,16.35228,0.9931540058669276,1.0
Dmel_CG14420,0.008580286,17.073318,0.9931540058669276,1.0
Dmel_CR46113,0.008580286,16.176832,0.9931540058669276,1.0
Dmel_CG9400,0.008580286,15.391211,0.9931540058669276,1.0
Dmel_CG16793,0.008580286,14.837716,0.9931540058669276,1.0
Dmel_CG42825,0.008580286,16.948734,0.9931540058669276,1.0
Dmel_CG13930,0.008580286,15.592421,0.9931540058669276,1.0
Dmel_CG15696,0.008580286,15.587549,0.9931540058669276,1.0
Dmel_CG13977,0.008580286,15.531606,0.9931540058669276,1.0
Dmel_CR44056,0.008580286,16.966301,0.9931540058669276,1.0
Dmel_CG43120,0.008580286,16.984732,0.9931540058669276,1.0
Dmel_CG44406,0.008580286,16.709013,0.9931540058669276,1.0
Dmel_CG2330,0.008580286,16.195496,0.9931540058669276,1.0
Dmel_CG4520,0.008580286,15.461514,0.9931540058669276,1.0
Dmel_CG31279,0.008580286,15.437472,0.9931540058669276,1.0
Dmel_CR44886,0.008580286,17.06492,0.9931540058669276,1.0
Dmel_CG31882,0.008580286,16.45121,0.9931540058669276,1.0
Dmel_CG43318,0.008580286,16.694666,0.9931540058669276,1.0
Dmel_CG12227,0.008580286,16.612097,0.9931540058669276,1.0
Dmel_CG31028,0.008580286,17.229723,0.9931540058669276,1.0
Dmel_CG4377,0.008580286,15.946979,0.9931540058669276,1.0
Dmel_CG42249,0.008580286,17.165405,0.9931540058669276,1.0
Dmel_CG12951,0.008580286,16.401905,0.9931540058669276,1.0
Dmel_CG42329,0.008580286,16.738775,0.9931540058669276,1.0
Dmel_CG33796,0.008580286,16.212734,0.9931540058669276,1.0
Dmel_CG34345,0.008580286,16.193539,0.9931540058669276,1.0
Dmel_CG6897,0.008580286,16.005703,0.9931540058669276,1.0
Dmel_CR45352,0.008580286,16.757612,0.9931540058669276,1.0
Dmel_CG30033,0.008580286,16.696926,0.9931540058669276,1.0
Dmel_CG31872,0.008580286,17.187155,0.9931540058669276,1.0
Dmel_CR43586,0.008580286,16.656235,0.9931540058669276,1.0
Dmel_CG18039,0.008580286,16.37587,0.9931540058669276,1.0
Dmel_CG5011,0.008580286,16.502268,0.9931540058669276,1.0
Dmel_CR34687,0.008580286,16.78798,0.9931540058669276,1.0
Dmel_CR44522,0.008580286,16.297573,0.9931540058669276,1.0
Dmel_CG7557,0.008580286,16.720652,0.9931540058669276,1.0
Dmel_CR45483,0.008580286,14.950833,0.9931540058669276,1.0
Dmel_CG15563,0.008580286,16.453367,0.9931540058669276,1.0
Dmel_CR43753,0.008580286,16.260939,0.9931540058669276,1.0
Dmel_CG12115,0.008580286,16.388433,0.9931540058669276,1.0
Dmel_CR45936,0.008580286,17.148386,0.9931540058669276,1.0
Dmel_CR44645,0.008580286,16.512236,0.9931540058669276,1.0
Dmel_CG15282,0.008580286,16.24055,0.9931540058669276,1.0
Dmel_CG13992,0.008580286,16.59107,0.9931540058669276,1.0
Dmel_CG13787,0.008580286,16.057873,0.9931540058669276,1.0
Dmel_CR44295,0.008580286,16.730742,0.9931540058669276,1.0
Dmel_CG15252,0.008580286,16.98145,0.9931540058669276,1.0
Dmel_CG14499,0.008580286,16.332151,0.9931540058669276,1.0
Dmel_CG14861,0.008580286,16.215431,0.9931540058669276,1.0
Dmel_CG1385,0.008580286,16.983341,0.9931540058669276,1.0
Dmel_CR46228,0.008580286,16.30118,0.9931540058669276,1.0
Dmel_CG7538,0.008580286,15.815279,0.9931540058669276,1.0
Dmel_CG2990,0.008580286,16.50663,0.9931540058669276,1.0
Dmel_CG6980,0.008580286,16.016315,0.9931540058669276,1.0
Dmel_CR44970,0.008580286,16.537727,0.9931540058669276,1.0
Dmel_CR43440,0.008580286,16.036673,0.9931540058669276,1.0
Dmel_CG32198,0.008580286,16.612877,0.9931540058669276,1.0
Dmel_CG14327,0.008580286,16.617159,0.9931540058669276,1.0
Dmel_CR32661,0.008580286,16.800617,0.9931540058669276,1.0
Dmel_CR45450,0.008580286,17.004173,0.9931540058669276,1.0
Dmel_CG43062,0.008580286,16.60158,0.9931540058669276,1.0
Dmel_CG16723,0.008580286,16.640984,0.9931540058669276,1.0
Dmel_CG16888,0.008580286,16.534647,0.9931540058669276,1.0
Dmel_CG13202,0.008580286,15.906395,0.9931540058669276,1.0
Dmel_CG5715,0.008580286,15.48385,0.9931540058669276,1.0
Dmel_CG15213,0.008580286,16.51933,0.9931540058669276,1.0
Dmel_CG33772,0.008580286,16.566132,0.9931540058669276,1.0
Dmel_CG43449,0.008580286,16.07732,0.9931540058669276,1.0
Dmel_CR45392,0.008580286,16.444782,0.9931540058669276,1.0
Dmel_CR43035,0.008580286,14.4888525,0.9931540058669276,1.0
Dmel_CG8543,0.008580286,16.269932,0.9931540058669276,1.0
Dmel_CG5262,0.00854168,-0.109845124,0.9931848085571933,1.0
Dmel_CR45853,0.008505552,0.28903008,0.9932136331022393,1.0
Dmel_CG8799,0.00849776,0.20988588,0.9932198501621373,1.0
Dmel_CR44754,0.008497052,0.30069286,0.9932204153494212,1.0
Dmel_CG6733,0.008495634,0.17453307,0.9932215457239991,1.0
Dmel_CG8546,0.008489967,-0.042907164,0.9932260672224469,1.0
Dmel_CR43309,0.008485718,-0.23308128,0.9932294583464255,1.0
Dmel_CG43191,0.008485009,-0.16115111,0.9932300235337672,1.0
Dmel_CR45602,0.008485009,-0.1707131,0.9932300235337672,1.0
Dmel_CG18304,0.008479342,-0.23505867,0.9932345450326228,1.0
Dmel_CG9294,0.008477925,-0.43684974,0.9932356754073706,1.0
Dmel_CG8236,0.008447819,0.32826233,0.9932596958739686,1.0
Dmel_CG8129,0.008410275,0.06085051,0.9932896508173419,1.0
Dmel_CG30082,0.0083791055,-0.15063371,0.9933145190794053,1.0
Dmel_CG12964,0.008288079,-0.048856422,0.9933871457454784,1.0
Dmel_CG12323,0.00823495,-0.04527345,0.9934295348755516,1.0
Dmel_CG10563,0.00822149,-0.13120107,0.9934402734581191,1.0
Dmel_CG42846,0.008192093,-0.069697484,0.9934637287873304,1.0
Dmel_CG5924,0.0077273934,-0.29565448,0.9938344932825436,1.0
Dmel_CG12026,0.007563403,0.6560393,0.9939653350383943,1.0
Dmel_CR44109,0.0075619863,0.5068069,0.9939664654214464,1.0
Dmel_CR45266,0.007559861,0.33738932,0.9939681609960472,1.0
Dmel_CR45827,0.0075570275,0.36590502,0.9939704217622242,1.0
Dmel_CG13597,0.0075570275,0.35444838,0.9939704217622242,1.0
Dmel_CG33509,0.0075520687,0.16510664,0.9939743781031501,1.0
Dmel_CG10522,0.0075428598,-0.07636961,0.9939817255938342,1.0
Dmel_CR42719,0.0075421515,-0.1581701,0.9939822907854465,1.0
Dmel_CG2060,0.007535776,-0.42976174,0.9939873775100925,1.0
Dmel_CG42326,0.007454312,0.0055863853,0.9940523745686758,1.0
Dmel_CG30108,0.007265174,-0.05076195,0.9942032809344197,1.0
Dmel_CG15892,0.007131998,-0.098833054,0.9943095372267874,1.0
Dmel_CG18031,0.0066148783,0.52162856,0.9947221290888901,1.0
Dmel_CG7094,0.00661417,0.56483525,0.9947226942842149,1.0
Dmel_CR34546,0.0066120448,0.5364118,0.9947243898702053,1.0
Dmel_CG2241,0.006610628,0.3772739,0.9947255202608788,1.0
Dmel_CR44265,0.006608503,0.35980168,0.9947272158469089,1.0
Dmel_CG6971,0.006608503,0.2712695,0.9947272158469089,1.0
Dmel_CR44953,0.006608503,0.20659971,0.9947272158469089,1.0
Dmel_CR45798,0.0066070864,0.15115559,0.9947283462376089,1.0
Dmel_CR43989,0.0066063777,0.09783303,0.9947289114329628,1.0
Dmel_CG30046,0.0066056694,0.13426629,0.9947294766283195,1.0
Dmel_CG11825,0.006604961,0.04921011,0.9947300418236786,1.0
Dmel_CG6433,0.006604961,-0.044063054,0.9947300418236786,1.0
Dmel_CR45991,0.006604961,0.042087246,0.9947300418236786,1.0
Dmel_CG2345,0.006604961,0.10026508,0.9947300418236786,1.0
Dmel_CG17970,0.006604961,0.08028789,0.9947300418236786,1.0
Dmel_CG17241,0.006604253,0.044369586,0.9947306070190406,1.0
Dmel_CG2898,0.006604253,0.020788608,0.9947306070190406,1.0
Dmel_CR43631,0.006604253,-0.015230216,0.9947306070190406,1.0
Dmel_CG15020,0.006600711,-0.10732366,0.9947334329958897,1.0
Dmel_CR43990,0.0066000023,-0.13222592,0.9947339981912674,1.0
Dmel_CR32385,0.0065985858,-0.4112754,0.9947351285820308,1.0
Dmel_CG33051,0.006564583,-0.038719893,0.9947622579635179,1.0
Dmel_CG14662,0.0065316437,0.21014439,0.9947885395576086,1.0
Dmel_CG8622,0.0065096836,-0.04838622,0.9948060606234789,1.0
Dmel_CR46021,0.006501183,-0.14496768,0.9948128429722306,1.0
Dmel_CG34171,0.006393863,-0.06643931,0.994898470157295,1.0
Dmel_CR31144,0.006380404,-0.19132073,0.9949092088843411,1.0
Dmel_CG15579,0.006221018,-0.022417277,0.9950363780900016,1.0
Dmel_CR44779,0.006196224,-0.043295078,0.9950561599778522,1.0
Dmel_CG9104,0.005694689,-0.036147874,0.995456319945007,1.0
Dmel_CG13643,0.0056713126,0.5742247,0.9954749714975567,1.0
Dmel_CG13745,0.005669896,0.65133965,0.9954761018947605,1.0
Dmel_CG6431,0.0056691873,0.35762215,0.9954766670933659,1.0
Dmel_CR45542,0.0056677707,0.39316857,0.9954777974905833,1.0
Dmel_CG14979,0.0056663537,0.29876,0.9954789278878098,1.0
Dmel_CR44083,0.005664937,0.11544947,0.9954800582850454,1.0
Dmel_CG34283,0.00566352,0.14960483,0.99548118868229,1.0
Dmel_CG14258,0.005662812,0.16676757,0.9954817538809158,1.0
Dmel_CG13711,0.0056621036,0.09774911,0.9954823190795437,1.0
Dmel_CR44034,0.0056621036,-0.03658197,0.9954823190795437,1.0
Dmel_CG31924,0.0056613954,0.2452741,0.995482884278174,1.0
Dmel_CG34457,0.0056613954,0.04569888,0.995482884278174,1.0
Dmel_CR34558,0.0056606866,0.045948215,0.9954834494768064,1.0
Dmel_CR43904,0.0056606866,-0.08199985,0.9954834494768064,1.0
Dmel_CG1113,0.0056599784,-0.021021474,0.9954840146754412,1.0
Dmel_CG8630,0.005657853,-0.13581161,0.9954857102713592,1.0
Dmel_CR44868,0.0056564366,-0.24140315,0.9954868406686492,1.0
Dmel_CG6361,0.0056557283,-0.31095433,0.9954874058672976,1.0
Dmel_CG45428,0.00565502,-0.43422893,0.9954879710659482,1.0
Dmel_CG31644,0.005653603,-0.20147642,0.9954891014632563,1.0
Dmel_CG8157,0.005653603,-0.48263535,0.9954891014632563,1.0
Dmel_CR34624,0.0055615134,-0.14913128,0.9955625773075997,1.0
Dmel_CG7107,0.0055558463,-0.11172562,0.9955670988992563,1.0
Dmel_CG6352,0.0055161766,0.13075638,0.9955987500448308,1.0
Dmel_CG8483,0.005499884,0.04878161,0.9956117496244867,1.0
Dmel_CG43675,0.0054382547,-0.27465254,0.995660921958041,1.0
Dmel_CG31674,0.0050621033,0.0034445422,0.9959610431028638,1.0
Dmel_CG11881,0.00501535,-0.16327646,0.9959983463368008,1.0
Dmel_CR33963,0.0048453384,-0.0059167882,0.9961339945333392,1.0
Dmel_CG11415,0.0047234963,0.45554066,0.9962312091431565,1.0
Dmel_CG31658,0.0047234963,0.4664432,0.9962312091431565,1.0
Dmel_CR45976,0.0047220797,0.610891,0.9962323395459282,1.0
Dmel_CG31220,0.0047213715,0.34277683,0.9962329047473167,1.0
Dmel_CR45133,0.0047206627,0.3405952,0.9962334699487073,1.0
Dmel_CG11310,0.0047206627,0.29897827,0.9962334699487073,1.0
Dmel_CG2839,0.0047199544,0.22414583,0.9962340351500997,1.0
Dmel_CG18110,0.0047199544,0.09976991,0.9962340351500997,1.0
Dmel_CR44097,0.004719246,0.18082601,0.996234600351494,1.0
Dmel_CG2505,0.004718538,0.098454684,0.9962351655528903,1.0
Dmel_CG17290,0.004718538,0.15419516,0.9962351655528903,1.0
Dmel_CG5418,0.004718538,0.059486087,0.9962351655528903,1.0
Dmel_CG7104,0.004718538,0.10319663,0.9962351655528903,1.0
Dmel_CG13086,0.004718538,-0.062197275,0.9962351655528903,1.0
Dmel_CR44582,0.004717829,0.11446366,0.9962357307542883,1.0
Dmel_CG14394,0.004717829,0.18430647,0.9962357307542883,1.0
Dmel_CR45264,0.004717121,-0.21161646,0.9962362959556883,1.0
Dmel_CG5561,0.004717121,-0.0051629185,0.9962362959556883,1.0
Dmel_CG12766,0.0047164126,-0.16391145,0.9962368611570901,1.0
Dmel_CG5386,0.0047164126,-0.100490056,0.9962368611570901,1.0
Dmel_CR45553,0.0047164126,-0.21383722,0.9962368611570901,1.0
Dmel_CR45927,0.0047157044,-0.36100063,0.9962374263584939,1.0
Dmel_CG3108,0.0047157044,-0.06511435,0.9962374263584939,1.0
Dmel_CG9716,0.0047149956,-0.161528,0.9962379915598996,1.0
Dmel_CR45973,0.0047149956,-0.20077913,0.9962379915598996,1.0
Dmel_CR43495,0.0047142874,-0.29128549,0.996238556761307,1.0
Dmel_CG13125,0.0047142874,-0.16369171,0.996238556761307,1.0
Dmel_CG16898,0.004712871,-0.77804613,0.9962396871641278,1.0
Dmel_CR43945,0.004712162,-0.30113402,0.9962402523655409,1.0
Dmel_CG1631,0.004711454,-0.6235265,0.996240817566956,1.0
Dmel_CG11236,0.004711454,-0.36001214,0.996240817566956,1.0
Dmel_CG31623,0.0047107455,-0.53891194,0.996241382768373,1.0
Dmel_CG7568,0.004641678,0.21520329,0.9962964899155397,1.0
Dmel_CG34041,0.0046402616,0.095704734,0.9962976203187442,1.0
Dmel_CG5484,0.0045995293,-0.017209288,0.996330119414046,1.0
Dmel_CG12405,0.0045991754,-0.311653,0.9963304020149015,1.0
Dmel_CG15390,0.004558443,-0.03699017,0.9963629011163447,1.0
Dmel_CR45972,0.0045386087,0.017690616,0.9963787267679312,1.0
Dmel_CG42733,0.0045371917,0.040863447,0.9963798571716704,1.0
Dmel_CG2107,0.0045159403,-0.13827261,0.9963968132286312,1.0
Dmel_CG2904,0.0045145233,-0.12522312,0.9963979436324865,1.0
Dmel_CR44993,0.0038893756,-0.13618368,0.9968967350066089,1.0
Dmel_CG18519,0.0037785138,0.5561045,0.9969851893598146,1.0
Dmel_CG11762,0.0037785138,0.57614547,0.9969851893598146,1.0
Dmel_CG9241,0.0037785138,0.6403665,0.9969851893598146,1.0
Dmel_CR33218,0.0037778055,0.26008856,0.9969857545634698,1.0
Dmel_CG32985,0.0037778055,0.41664323,0.9969857545634698,1.0
Dmel_CG3956,0.003777097,0.43385142,0.9969863197671265,1.0
Dmel_CG33500,0.003777097,0.21477285,0.9969863197671265,1.0
Dmel_CG10041,0.003777097,0.32072914,0.9969863197671265,1.0
Dmel_CG6602,0.0037763887,0.22322549,0.9969868849707847,1.0
Dmel_CR45552,0.0037763887,0.28423494,0.9969868849707847,1.0
Dmel_CG15461,0.0037756802,0.24210219,0.9969874501744443,1.0
Dmel_CG17104,0.0037756802,0.04619964,0.9969874501744443,1.0
Dmel_CR43263,0.0037756802,0.192118,0.9969874501744443,1.0
Dmel_CG32238,0.0037756802,-0.012999615,0.9969874501744443,1.0
Dmel_CG13575,0.003774972,-0.0558927,0.9969880153781056,1.0
Dmel_CG11775,0.003774972,-0.049598783,0.9969880153781056,1.0
Dmel_CG4637,0.003774972,0.020997005,0.9969880153781056,1.0
Dmel_CR45833,0.003774972,-0.0368033,0.9969880153781056,1.0
Dmel_CG6864,0.0037742634,-0.09183077,0.9969885805817683,1.0
Dmel_CR45818,0.0037742634,-0.0024109182,0.9969885805817683,1.0
Dmel_CG10924,0.0037742634,-0.34454256,0.9969885805817683,1.0
Dmel_CR46008,0.0037735552,-0.01340068,0.9969891457854325,1.0
Dmel_CG9021,0.0037735552,-0.18031237,0.9969891457854325,1.0
Dmel_CG3526,0.0037735552,-0.24212125,0.9969891457854325,1.0
Dmel_CG13996,0.0037728467,-0.15284686,0.9969897109890983,1.0
Dmel_CG42272,0.0037721384,-0.38771915,0.9969902761927655,1.0
Dmel_CG32383,0.0037721384,-0.17726655,0.9969902761927655,1.0
Dmel_CG43110,0.0037714299,-0.47351244,0.9969908413964342,1.0
Dmel_CG17868,0.0037714299,-0.6211645,0.9969908413964342,1.0
Dmel_CG42370,0.0037714299,-0.23525117,0.9969908413964342,1.0
Dmel_CR45029,0.0037707216,-0.7972552,0.9969914066001045,1.0
Dmel_CG12297,0.0037062587,-0.08722543,0.9970428401403829,1.0
Dmel_CG11263,0.0036850073,-0.015104521,0.9970597962552664,1.0
Dmel_CR44103,0.0036722564,-0.10998905,0.9970699699248344,1.0
Dmel_CG9392,0.003671548,-0.24366923,0.9970705351287132,1.0
Dmel_CG11329,0.0036637557,-0.48012146,0.9970767523714777,1.0
Dmel_CG4792,0.003614169,-0.07428119,0.9971163166477585,1.0
Dmel_CG16840,0.0036081476,0.03062483,0.9971211208817916,1.0
Dmel_CR43966,0.003601418,-0.042525254,0.997126490319952,1.0
Dmel_CG9380,0.0035893756,0.00021957004,0.9971360987885639,1.0
Dmel_CR45471,0.0033896116,0.08564197,0.997295486386244,1.0
Dmel_CG31670,0.003283,-0.12139212,0.9973805496700049,1.0
Dmel_CR46036,0.0032521854,-0.115473405,0.9974051360732258,1.0
Dmel_CG5091,0.003177451,-0.02775661,0.9974647651762831,1.0
Dmel_CG15422,0.002834948,1.15684,0.9977380418578237,1.0
Dmel_CG7091,0.002834948,0.7502213,0.9977380418578237,1.0
Dmel_CG33463,0.002834948,1.5898542,0.9977380418578237,1.0
Dmel_CG31268,0.0028342395,0.48860502,0.9977386070632421,1.0
Dmel_CG43376,0.0028342395,0.7598051,0.9977386070632421,1.0
Dmel_CG33348,0.0028342395,0.95422536,0.9977386070632421,1.0
Dmel_CG14292,0.0028335312,0.5397648,0.9977391722686617,1.0
Dmel_CG18331,0.0028335312,0.81339043,0.9977391722686617,1.0
Dmel_CG15330,0.0028335312,0.5608719,0.9977391722686617,1.0
Dmel_CR45588,0.0028335312,0.41739824,0.9977391722686617,1.0
Dmel_CR44948,0.0028335312,0.42563012,0.9977391722686617,1.0
Dmel_CG12844,0.0028335312,0.5144538,0.9977391722686617,1.0
Dmel_CR46214,0.0028335312,0.46322656,0.9977391722686617,1.0
Dmel_CG13407,0.0028335312,0.5687661,0.9977391722686617,1.0
Dmel_CG14356,0.0028328227,0.60045284,0.9977397374740824,1.0
Dmel_CG9864,0.0028328227,0.47564045,0.9977397374740824,1.0
Dmel_CR34597,0.0028328227,0.30024666,0.9977397374740824,1.0
Dmel_CG15284,0.0028328227,0.55967677,0.9977397374740824,1.0
Dmel_CG8986,0.0028328227,0.33799648,0.9977397374740824,1.0
Dmel_CR43973,0.0028328227,0.5938679,0.9977397374740824,1.0
Dmel_CG6736,0.0028328227,0.5346122,0.9977397374740824,1.0
Dmel_CG15822,0.0028328227,-0.0037085777,0.9977397374740824,1.0
Dmel_CR44236,0.0028328227,0.41571212,0.9977397374740824,1.0
Dmel_CG13786,0.0028328227,-0.058536895,0.9977397374740824,1.0
Dmel_CG14052,0.0028321145,0.15663339,0.9977403026795043,1.0
Dmel_CG33127,0.0028321145,0.104875356,0.9977403026795043,1.0
Dmel_CR45375,0.0028321145,0.14980058,0.9977403026795043,1.0
Dmel_CG11382,0.0028321145,0.20187445,0.9977403026795043,1.0
Dmel_CG12242,0.0028321145,0.4514845,0.9977403026795043,1.0
Dmel_CG44426,0.0028321145,0.19145487,0.9977403026795043,1.0
Dmel_CG34185,0.0028321145,0.36270663,0.9977403026795043,1.0
Dmel_CG17148,0.002831406,0.2530277,0.9977408678849273,1.0
Dmel_CR44581,0.002831406,0.1857845,0.9977408678849273,1.0
Dmel_CR45834,0.002831406,0.24644049,0.9977408678849273,1.0
Dmel_CG13065,0.002831406,0.20361468,0.9977408678849273,1.0
Dmel_CG10794,0.002831406,0.1839386,0.9977408678849273,1.0
Dmel_CG14928,0.0028306977,0.032125674,0.9977414330903515,1.0
Dmel_CG12229,0.0028306977,-0.13112064,0.9977414330903515,1.0
Dmel_CG13177,0.0028306977,-0.09479338,0.9977414330903515,1.0
Dmel_CG5017,0.0028306977,-0.0031659326,0.9977414330903515,1.0
Dmel_CG31787,0.0028306977,0.0533692,0.9977414330903515,1.0
Dmel_CG32086,0.0028299892,-0.14971524,0.9977419982957767,1.0
Dmel_CR44149,0.0028299892,-0.10234569,0.9977419982957767,1.0
Dmel_CR45575,0.0028299892,-0.3359237,0.9977419982957767,1.0
Dmel_CG44250,0.0028299892,-0.024950158,0.9977419982957767,1.0
Dmel_CR43637,0.0028299892,-0.24352457,0.9977419982957767,1.0
Dmel_CG32762,0.002829281,-0.19334434,0.9977425635012032,1.0
Dmel_CG5111,0.002829281,-0.5540376,0.9977425635012032,1.0
Dmel_CG18290,0.002829281,-0.49550948,0.9977425635012032,1.0
Dmel_CG10934,0.002829281,-0.028450808,0.9977425635012032,1.0
Dmel_CG32119,0.002829281,-0.6041381,0.9977425635012032,1.0
Dmel_CG15531,0.002829281,-0.21852893,0.9977425635012032,1.0
Dmel_CR45485,0.002829281,-0.43091303,0.9977425635012032,1.0
Dmel_CG1979,0.0028285724,-0.49578625,0.9977431287066307,1.0
Dmel_CG14427,0.0028285724,-0.23985933,0.9977431287066307,1.0
Dmel_CR44904,0.0027474626,0.12873699,0.9978078447355018,1.0
Dmel_CR45504,0.0027432123,-0.016568314,0.9978112359688571,1.0
Dmel_CG13432,0.0027403787,-0.052008417,0.997813496791116,1.0
Dmel_CR44357,0.0027361284,-0.18748498,0.9978168880245372,1.0
Dmel_CG31146,0.002724086,-0.31794855,0.9978264965194444,1.0
Dmel_CR43806,0.0027233777,-0.48134872,0.9978270617250371,1.0
Dmel_CG1698,0.0026769785,0.076022215,0.9978640826937146,1.0
Dmel_CG34201,0.002640851,-0.09396689,0.9978929081839647,1.0
Dmel_CG13213,0.002596223,-0.071253225,0.9979285161463018,1.0
Dmel_CG17835,0.0024269195,0.08031226,0.9980636003577956,1.0
Dmel_CG34253,0.002374499,-0.15334195,0.9981054256062611,1.0
Dmel_CG30169,0.002368832,-0.094584465,0.9981099472550578,1.0
Dmel_CG12665,0.002329871,-0.2093579,0.99814103359217,1.0
Dmel_CG32638,0.0021038968,-0.07214003,0.998321334401579,1.0
Dmel_CG34299,0.0018892569,0.5889286,0.9984925919897235,1.0
Dmel_CG3429,0.0018892569,1.0512267,0.9984925919897235,1.0
Dmel_CG18157,0.0018892569,1.7427651,0.9984925919897235,1.0
Dmel_CG33795,0.0018892569,0.6444088,0.9984925919897235,1.0
Dmel_CG12200,0.0018892569,1.0197986,0.9984925919897235,1.0
Dmel_CG30448,0.0018892569,0.73493004,0.9984925919897235,1.0
Dmel_CG43109,0.0018892569,0.5959015,0.9984925919897235,1.0
Dmel_CG1786,0.0018892569,0.80251384,0.9984925919897235,1.0
Dmel_CG1546,0.0018892569,0.92662716,0.9984925919897235,1.0
Dmel_CG14323,0.0018892569,1.0683908,0.9984925919897235,1.0
Dmel_CG11409,0.0018885485,0.5630543,0.9984931571964044,1.0
Dmel_CG4818,0.0018885485,0.43959093,0.9984931571964044,1.0
Dmel_CG33140,0.0018885485,0.23682247,0.9984931571964044,1.0
Dmel_CR43853,0.0018885485,0.57865614,0.9984931571964044,1.0
Dmel_CG31668,0.0018885485,0.26222172,0.9984931571964044,1.0
Dmel_CR44523,0.0018885485,0.88180333,0.9984931571964044,1.0
Dmel_CR43410,0.0018885485,0.2322414,0.9984931571964044,1.0
Dmel_CG10546,0.0018885485,0.6119951,0.9984931571964044,1.0
Dmel_CG8100,0.0018885485,0.7676011,0.9984931571964044,1.0
Dmel_CG34202,0.0018885485,0.32558176,0.9984931571964044,1.0
Dmel_CG3927,0.0018885485,0.6286744,0.9984931571964044,1.0
Dmel_CG7366,0.0018885485,0.73247844,0.9984931571964044,1.0
Dmel_CG13324,0.0018885485,0.21307337,0.9984931571964044,1.0
Dmel_CG5093,0.0018885485,0.69612235,0.9984931571964044,1.0
Dmel_CG43153,0.0018885485,0.7934716,0.9984931571964044,1.0
Dmel_CR45984,0.0018878401,0.13310964,0.998493722403086,1.0
Dmel_CR42646,0.0018878401,0.41525853,0.998493722403086,1.0
Dmel_CG15302,0.0018878401,0.09626892,0.998493722403086,1.0
Dmel_CG10182,0.0018878401,0.2673422,0.998493722403086,1.0
Dmel_CG11637,0.0018878401,-0.07834188,0.998493722403086,1.0
Dmel_CG31128,0.0018878401,0.5451927,0.998493722403086,1.0
Dmel_CR45746,0.0018878401,-0.3242135,0.998493722403086,1.0
Dmel_CR34702,0.0018878401,0.132298,0.998493722403086,1.0
Dmel_CR44976,0.0018878401,0.0357377,0.998493722403086,1.0
Dmel_CG33771,0.0018878401,0.28160223,0.998493722403086,1.0
Dmel_CR45681,0.0018878401,0.25878686,0.998493722403086,1.0
Dmel_CG3216,0.0018878401,0.36893666,0.998493722403086,1.0
Dmel_CG42753,0.0018878401,-0.022076504,0.998493722403086,1.0
Dmel_CG31089,0.0018878401,0.49496567,0.998493722403086,1.0
Dmel_CR44260,0.0018878401,0.07527817,0.998493722403086,1.0
Dmel_CG43814,0.0018878401,0.22154169,0.998493722403086,1.0
Dmel_CG43124,0.0018878401,0.06821207,0.998493722403086,1.0
Dmel_CR43620,0.0018878401,0.09335109,0.998493722403086,1.0
Dmel_CG42523,0.0018878401,-0.12659912,0.998493722403086,1.0
Dmel_CR46030,0.0018878401,0.30262977,0.998493722403086,1.0
Dmel_CR46062,0.0018878401,-0.1394503,0.998493722403086,1.0
Dmel_CR44899,0.0018878401,0.06304824,0.998493722403086,1.0
Dmel_CG1946,0.0018878401,-0.3092952,0.998493722403086,1.0
Dmel_CR44817,0.0018878401,0.6555047,0.998493722403086,1.0
Dmel_CG7960,0.0018878401,0.18705572,0.998493722403086,1.0
Dmel_CG41503,0.0018878401,0.2980233,0.998493722403086,1.0
Dmel_CG4650,0.0018871317,-0.08770832,0.9984942876097683,1.0
Dmel_CG8750,0.0018871317,0.0160762,0.9984942876097683,1.0
Dmel_CG7333,0.0018871317,-0.39697263,0.9984942876097683,1.0
Dmel_CG12974,0.0018871317,-0.21590361,0.9984942876097683,1.0
Dmel_CG14936,0.0018871317,-0.1419385,0.9984942876097683,1.0
Dmel_CG8328,0.0018871317,-0.0077744015,0.9984942876097683,1.0
Dmel_CG30398,0.0018871317,-0.109509565,0.9984942876097683,1.0
Dmel_CG32601,0.0018871317,-0.37038565,0.9984942876097683,1.0
Dmel_CR44964,0.0018871317,-0.4088357,0.9984942876097683,1.0
Dmel_CG6059,0.0018871317,0.06786975,0.9984942876097683,1.0
Dmel_CG3758,0.0018871317,-0.3151465,0.9984942876097683,1.0
Dmel_CG5103,0.0018871317,-0.48006773,0.9984942876097683,1.0
Dmel_CR44201,0.0018871317,-0.3176202,0.9984942876097683,1.0
Dmel_CG32984,0.0018871317,-0.4631672,0.9984942876097683,1.0
Dmel_CG13044,0.0018871317,-0.017522996,0.9984942876097683,1.0
Dmel_CG40198,0.0018871317,-0.21568301,0.9984942876097683,1.0
Dmel_CG13545,0.0018871317,-0.017350435,0.9984942876097683,1.0
Dmel_CG8997,0.0018871317,-0.4846801,0.9984942876097683,1.0
Dmel_CG30502,0.0018871317,-0.21207577,0.9984942876097683,1.0
Dmel_CG43106,0.0018871317,-0.16773166,0.9984942876097683,1.0
Dmel_CR44772,0.0018864233,-0.5972891,0.9984948528164515,1.0
Dmel_CG33308,0.0018864233,-0.28916323,0.9984948528164515,1.0
Dmel_CG34286,0.0018864233,-0.88599765,0.9984948528164515,1.0
Dmel_CG11370,0.0018864233,-0.33508006,0.9984948528164515,1.0
Dmel_CG11269,0.0018864233,-0.61511356,0.9984948528164515,1.0
Dmel_CG9129,0.0018864233,-0.5940759,0.9984948528164515,1.0
Dmel_CG16837,0.0018864233,-0.7862469,0.9984948528164515,1.0
Dmel_CG1571,0.0018864233,-0.63820404,0.9984948528164515,1.0
Dmel_CG11748,0.0018864233,-0.5178279,0.9984948528164515,1.0
Dmel_CG11453,0.0018864233,-0.66876227,0.9984948528164515,1.0
Dmel_CG7225,0.0018864233,-0.6342307,0.9984948528164515,1.0
Dmel_CR46134,0.0018864233,-0.7337278,0.9984948528164515,1.0
Dmel_CR44541,0.0018864233,-0.59071994,0.9984948528164515,1.0
Dmel_CR43452,0.0018864233,-0.46291724,0.9984948528164515,1.0
Dmel_CG34206,0.0018864233,-0.43876678,0.9984948528164515,1.0
Dmel_CG3181,0.0018864233,-0.5996187,0.9984948528164515,1.0
Dmel_CG11669,0.0018864233,-0.3669988,0.9984948528164515,1.0
Dmel_CR34576,0.0018864233,-0.08381239,0.9984948528164515,1.0
Dmel_CR46048,0.0018864233,-0.8629951,0.9984948528164515,1.0
Dmel_CG30340,0.0018864233,-0.99263775,0.9984948528164515,1.0
Dmel_CR34557,0.0018864233,-0.64685184,0.9984948528164515,1.0
Dmel_CR45541,0.0018864233,-0.035408385,0.9984948528164515,1.0
Dmel_CG32182,0.0018864233,-0.26816678,0.9984948528164515,1.0
Dmel_CR45393,0.0018864233,-0.64978415,0.9984948528164515,1.0
Dmel_CR43992,0.0018864233,-0.43467012,0.9984948528164515,1.0
Dmel_CG30178,0.0018864233,0.009911927,0.9984948528164515,1.0
Dmel_CG12794,0.0018864233,-0.0685939,0.9984948528164515,1.0
Dmel_CR44411,0.001809918,0.22225899,0.9985558951426142,1.0
Dmel_CG42315,0.0018014174,-0.057723958,0.9985626776238273,1.0
Dmel_CG2652,0.0017907916,-0.19527255,0.9985711557254896,1.0
Dmel_CG8590,0.0017886666,-0.33469674,0.9985728513458414,1.0
Dmel_CR43581,0.0017652899,-0.623207,0.9985915031701355,1.0
Dmel_CR43883,0.0017305792,0.074132904,0.9986191983045951,1.0
Dmel_CG31861,0.0016335307,0.035166282,0.998696631648439,1.0
Dmel_CR45030,0.0016207799,-0.06095528,0.9987068053733758,1.0
Dmel_CG4666,0.0016144044,-0.064660765,0.998711892235923,1.0
Dmel_CG34056,0.0016059037,-0.031178772,0.9987186747194009,1.0
Dmel_CG4741,0.0015910277,0.07571819,0.9987305440657096,1.0
Dmel_CG4568,0.0015201895,-0.34563994,0.9987870647662267,1.0
Dmel_CG34234,0.001438017,0.050512567,0.9988526287864328,1.0
Dmel_CG9769,0.0011748528,0.01817586,0.9990626032631628,1.0
Dmel_CG2560,0.00094427424,0.37114424,0.9992465782623067,1.0
Dmel_CG6457,0.00094427424,0.38490766,0.9992465782623067,1.0
Dmel_CG18233,0.00094427424,0.9017898,0.9992465782623067,1.0
Dmel_CG4576,0.00094427424,0.33885917,0.9992465782623067,1.0
Dmel_CR44560,0.00094427424,0.30859807,0.9992465782623067,1.0
Dmel_CR44670,0.00094427424,0.6624414,0.9992465782623067,1.0
Dmel_CG18223,0.00094427424,0.32855624,0.9992465782623067,1.0
Dmel_CR45410,0.00094427424,1.2528336,0.9992465782623067,1.0
Dmel_CR34525,0.00094427424,1.2787286,0.9992465782623067,1.0
Dmel_CG2342,0.00094427424,0.56261826,0.9992465782623067,1.0
Dmel_CG5747,0.00094427424,0.4159358,0.9992465782623067,1.0
Dmel_CR45276,0.00094427424,0.3720481,0.9992465782623067,1.0
Dmel_CR44073,0.00094427424,0.58514464,0.9992465782623067,1.0
Dmel_CG30339,0.00094427424,0.5212676,0.9992465782623067,1.0
Dmel_CG13946,0.00094427424,0.9833936,0.9992465782623067,1.0
Dmel_CG9101,0.00094427424,1.5032917,0.9992465782623067,1.0
Dmel_CG43829,0.00094427424,1.6216047,0.9992465782623067,1.0
Dmel_CG12035,0.00094427424,0.2727376,0.9992465782623067,1.0
Dmel_CG12003,0.00094427424,1.1899475,0.9992465782623067,1.0
Dmel_CG17991,0.00094427424,1.3756167,0.9992465782623067,1.0
Dmel_CG43198,0.00094427424,0.62949836,0.9992465782623067,1.0
Dmel_CR43830,0.00094427424,0.28524998,0.9992465782623067,1.0
Dmel_CG14932,0.00094427424,0.87171936,0.9992465782623067,1.0
Dmel_CG1869,0.00094427424,0.90769386,0.9992465782623067,1.0
Dmel_CG13345,0.00094427424,2.0249374,0.9992465782623067,1.0
Dmel_CG32148,0.00094427424,0.17792891,0.9992465782623067,1.0
Dmel_CG14900,0.00094427424,1.1026219,0.9992465782623067,1.0
Dmel_CG8694,0.00094427424,0.18309684,0.9992465782623067,1.0
Dmel_CR43719,0.00094427424,0.4760882,0.9992465782623067,1.0
Dmel_CG31867,0.00094427424,1.1001829,0.9992465782623067,1.0
Dmel_CG12813,0.00094427424,0.22215977,0.9992465782623067,1.0
Dmel_CG7542,0.00094427424,1.3963329,0.9992465782623067,1.0
Dmel_CG4907,0.00094427424,1.0200342,0.9992465782623067,1.0
Dmel_CG43050,0.00094427424,0.58140975,0.9992465782623067,1.0
Dmel_CG44569,0.00094427424,0.96114194,0.9992465782623067,1.0
Dmel_CG31662,0.00094427424,0.6728437,0.9992465782623067,1.0
Dmel_CR43881,0.00094427424,0.1940084,0.9992465782623067,1.0
Dmel_CG31097,0.00094427424,0.5099069,0.9992465782623067,1.0
Dmel_CR46257,0.00094427424,1.199434,0.9992465782623067,1.0
Dmel_CR46070,0.00094427424,0.22458673,0.9992465782623067,1.0
Dmel_CR44982,0.00094427424,0.92450905,0.9992465782623067,1.0
Dmel_CG31178,0.00094427424,0.16820714,0.9992465782623067,1.0
Dmel_CG32261,0.00094427424,0.74719054,0.9992465782623067,1.0
Dmel_CG11550,0.00094427424,0.77671653,0.9992465782623067,1.0
Dmel_CG17084,0.00094427424,0.8116288,0.9992465782623067,1.0
Dmel_CG42607,0.00094427424,0.57363576,0.9992465782623067,1.0
Dmel_CR46249,0.00094427424,1.5035988,0.9992465782623067,1.0
Dmel_CG6914,0.00094427424,0.2253982,0.9992465782623067,1.0
Dmel_CG31219,0.00094427424,0.28114215,0.9992465782623067,1.0
Dmel_CG31404,0.00094427424,0.5448502,0.9992465782623067,1.0
Dmel_CG18493,0.00094427424,1.4076686,0.9992465782623067,1.0
Dmel_CG14518,0.00094427424,0.2972489,0.9992465782623067,1.0
Dmel_CR43525,0.00094427424,0.7979888,0.9992465782623067,1.0
Dmel_CG33769,0.00094427424,0.58308315,0.9992465782623067,1.0
Dmel_CG7329,0.00094427424,0.84869254,0.9992465782623067,1.0
Dmel_CG13983,0.00094427424,0.3622404,0.9992465782623067,1.0
Dmel_CG34428,0.00094427424,0.3731018,0.9992465782623067,1.0
Dmel_CG8316,0.00094427424,0.22362119,0.9992465782623067,1.0
Dmel_CG5873,0.00094427424,0.35782036,0.9992465782623067,1.0
Dmel_CG3264,0.00094427424,0.7711738,0.9992465782623067,1.0
Dmel_CG1555,0.00094427424,0.5618961,0.9992465782623067,1.0
Dmel_CG8425,0.00094427424,1.2680439,0.9992465782623067,1.0
Dmel_CR44923,0.00094427424,0.91493464,0.9992465782623067,1.0
Dmel_CG3759,0.00094427424,0.6588615,0.9992465782623067,1.0
Dmel_CG11498,0.00094427424,0.39047453,0.9992465782623067,1.0
Dmel_CG9626,0.00094427424,0.2604618,0.9992465782623067,1.0
Dmel_CG12837,0.00094427424,0.20811109,0.9992465782623067,1.0
Dmel_CG34284,0.00094427424,0.3107283,0.9992465782623067,1.0
Dmel_CG2010,0.00094427424,0.9442439,0.9992465782623067,1.0
Dmel_CG31025,0.00094427424,0.69811636,0.9992465782623067,1.0
Dmel_CR45305,0.00094427424,0.5435992,0.9992465782623067,1.0
Dmel_CG43400,0.00094427424,0.76712924,0.9992465782623067,1.0
Dmel_CG9029,0.00094427424,0.43661264,0.9992465782623067,1.0
Dmel_CG9447,0.00094427424,1.8023216,0.9992465782623067,1.0
Dmel_CR44130,0.00094427424,1.1606959,0.9992465782623067,1.0
Dmel_CG14339,0.00094427424,1.9350682,0.9992465782623067,1.0
Dmel_CG14631,0.00094427424,0.4753028,0.9992465782623067,1.0
Dmel_CG17636,0.00094427424,0.74936646,0.9992465782623067,1.0
Dmel_CR42407,0.00094427424,1.0852702,0.9992465782623067,1.0
Dmel_CG44038,0.00094356586,-0.13722344,0.9992471434697441,1.0
Dmel_CG12586,0.00094356586,0.1154538,0.9992471434697441,1.0
Dmel_CG32945,0.00094356586,-1.233377,0.9992471434697441,1.0
Dmel_CG13449,0.00094356586,-0.48695233,0.9992471434697441,1.0
Dmel_CR44671,0.00094356586,-0.36458904,0.9992471434697441,1.0
Dmel_CG10164,0.00094356586,-0.6162994,0.9992471434697441,1.0
Dmel_CG12944,0.00094356586,0.16031411,0.9992471434697441,1.0
Dmel_CG32401,0.00094356586,-0.7729181,0.9992471434697441,1.0
Dmel_CG10591,0.00094356586,-0.004478048,0.9992471434697441,1.0
Dmel_CG42812,0.00094356586,-0.5006247,0.9992471434697441,1.0
Dmel_CG14095,0.00094356586,0.090107486,0.9992471434697441,1.0
Dmel_CG13183,0.00094356586,-0.1949557,0.9992471434697441,1.0
Dmel_CR44196,0.00094356586,-0.5992184,0.9992471434697441,1.0
Dmel_CR45617,0.00094356586,-0.13891643,0.9992471434697441,1.0
Dmel_CG2616,0.00094356586,-0.34562758,0.9992471434697441,1.0
Dmel_CG13539,0.00094356586,-0.51230806,0.9992471434697441,1.0
Dmel_CR46114,0.00094356586,0.14141074,0.9992471434697441,1.0
Dmel_CR46361,0.00094356586,-0.95848525,0.9992471434697441,1.0
Dmel_CR45466,0.00094356586,-0.61772996,0.9992471434697441,1.0
Dmel_CG17207,0.00094356586,-0.8669923,0.9992471434697441,1.0
Dmel_CG2577,0.00094356586,-0.5916063,0.9992471434697441,1.0
Dmel_CR44198,0.00094356586,-0.11299044,0.9992471434697441,1.0
Dmel_CG17522,0.00094356586,-1.4960012,0.9992471434697441,1.0
Dmel_CR33684,0.00094356586,-0.7056628,0.9992471434697441,1.0
Dmel_CG7335,0.00094356586,0.12893106,0.9992471434697441,1.0
Dmel_CG13058,0.00094356586,0.0012812716,0.9992471434697441,1.0
Dmel_CR44169,0.00094356586,-0.9814978,0.9992471434697441,1.0
Dmel_CG8550,0.00094356586,-1.8242024,0.9992471434697441,1.0
Dmel_CG15180,0.00094356586,-0.17382756,0.9992471434697441,1.0
Dmel_CG4158,0.00094356586,-0.4040281,0.9992471434697441,1.0
Dmel_CR45762,0.00094356586,-0.17496315,0.9992471434697441,1.0
Dmel_CR43234,0.00094356586,-0.20784473,0.9992471434697441,1.0
Dmel_CR43472,0.00094356586,-0.6681028,0.9992471434697441,1.0
Dmel_CG5204,0.00094356586,-2.6361017,0.9992471434697441,1.0
Dmel_CG9314,0.00094356586,-0.66590434,0.9992471434697441,1.0
Dmel_CG32570,0.00094356586,0.049994633,0.9992471434697441,1.0
Dmel_CG12831,0.00094356586,0.066790685,0.9992471434697441,1.0
Dmel_CG13842,0.00094356586,-0.011780592,0.9992471434697441,1.0
Dmel_CG9632,0.00094356586,-0.21506396,0.9992471434697441,1.0
Dmel_CG31296,0.00094356586,-1.7490405,0.9992471434697441,1.0
Dmel_CR32027,0.00094356586,-0.6310251,0.9992471434697441,1.0
Dmel_CG13374,0.00094356586,-0.3883136,0.9992471434697441,1.0
Dmel_CG42398,0.00094356586,-0.15843974,0.9992471434697441,1.0
Dmel_CR45178,0.00094356586,-0.15681317,0.9992471434697441,1.0
Dmel_CG43450,0.00094356586,-0.9476028,0.9992471434697441,1.0
Dmel_CG10129,0.00094356586,-0.21093272,0.9992471434697441,1.0
Dmel_CR43605,0.00094356586,-0.7872354,0.9992471434697441,1.0
Dmel_CG31446,0.00094356586,-0.47378927,0.9992471434697441,1.0
Dmel_CG5656,0.00094356586,0.117012374,0.9992471434697441,1.0
Dmel_CG17916,0.00094356586,-0.82217205,0.9992471434697441,1.0
Dmel_CR44543,0.00094356586,-0.6529062,0.9992471434697441,1.0
Dmel_CR44108,0.00094356586,-0.23104769,0.9992471434697441,1.0
Dmel_CR43601,0.00094356586,0.08060991,0.9992471434697441,1.0
Dmel_CR45294,0.00094356586,0.0043860115,0.9992471434697441,1.0
Dmel_CG12164,0.00094356586,-0.2971984,0.9992471434697441,1.0
Dmel_CG18087,0.00094356586,0.090615705,0.9992471434697441,1.0
Dmel_CR46363,0.00094356586,-0.9684108,0.9992471434697441,1.0
Dmel_CG14963,0.00094356586,-0.15105194,0.9992471434697441,1.0
Dmel_CR44530,0.00094356586,-0.42354745,0.9992471434697441,1.0
Dmel_CG5878,0.00094356586,-0.2537399,0.9992471434697441,1.0
Dmel_CR45720,0.00094356586,-0.23856528,0.9992471434697441,1.0
Dmel_CG4213,0.00094356586,-0.3925914,0.9992471434697441,1.0
Dmel_CG42474,0.00094356586,-0.80349946,0.9992471434697441,1.0
Dmel_CG14054,0.00094356586,-0.46690786,0.9992471434697441,1.0
Dmel_CR43521,0.00094356586,-0.29012093,0.9992471434697441,1.0
Dmel_CR32908,0.00094356586,-0.8680012,0.9992471434697441,1.0
Dmel_CR44151,0.00094356586,-0.19009984,0.9992471434697441,1.0
Dmel_CR34604,0.00094356586,-0.3332894,0.9992471434697441,1.0
Dmel_CG6793,0.00094356586,-1.5935173,0.9992471434697441,1.0
Dmel_CG4485,0.00094356586,-0.6999696,0.9992471434697441,1.0
Dmel_CG14384,0.00094356586,-0.4177926,0.9992471434697441,1.0
Dmel_CG2196,0.00094356586,-0.96832883,0.9992471434697441,1.0
Dmel_CG17375,0.00094356586,-0.24069902,0.9992471434697441,1.0
Dmel_CG2056,0.00094356586,-1.2386994,0.9992471434697441,1.0
Dmel_CG14585,0.00094356586,-0.5148355,0.9992471434697441,1.0
Dmel_CG11404,0.00094356586,-2.0606084,0.9992471434697441,1.0
Dmel_CR44112,0.00094356586,-0.50830084,0.9992471434697441,1.0
Dmel_CR43839,0.00094356586,-0.0641962,0.9992471434697441,1.0
Dmel_CR43763,0.00094356586,0.014173071,0.9992471434697441,1.0
Dmel_CG11529,0.00094356586,-1.9815062,0.9992471434697441,1.0
Dmel_CG7539,0.00094356586,-0.21048477,0.9992471434697441,1.0
Dmel_CG33300,0.00094356586,0.1484264,0.9992471434697441,1.0
Dmel_CR44688,0.00094356586,-0.23152207,0.9992471434697441,1.0
Dmel_CG13577,0.00094356586,-0.23341794,0.9992471434697441,1.0
Dmel_CG18287,0.00094356586,-0.50531584,0.9992471434697441,1.0
Dmel_CG6048,0.00094356586,-1.852849,0.9992471434697441,1.0
Dmel_CG14610,0.00094356586,-0.44814336,0.9992471434697441,1.0
Dmel_CR45432,0.00094356586,-0.63737136,0.9992471434697441,1.0
Dmel_CG43919,0.00094356586,-0.5445428,0.9992471434697441,1.0
Dmel_CG13939,0.00094356586,-0.26967365,0.9992471434697441,1.0
Dmel_CG30088,0.00094356586,-0.60474235,0.9992471434697441,1.0
Dmel_CG15415,0.00094356586,-1.0965937,0.9992471434697441,1.0
Dmel_CR34656,0.00094356586,-0.17218468,0.9992471434697441,1.0
Dmel_CG31718,0.00094356586,-0.091032006,0.9992471434697441,1.0
Dmel_CG13463,0.00094356586,-0.09833751,0.9992471434697441,1.0
Dmel_CG9521,0.00094356586,0.004504279,0.9992471434697441,1.0
Dmel_CR42944,0.00094356586,-0.13669503,0.9992471434697441,1.0
Dmel_CG13443,0.00094356586,-0.089079514,0.9992471434697441,1.0
Dmel_CG12068,0.0008723734,0.24754937,0.9993039468190786,1.0
Dmel_CG7387,0.00087095663,0.30493933,0.9993050772340275,1.0
Dmel_CG13231,0.00086245604,0.11040935,0.99931185972375,1.0
Dmel_CG30062,0.00086245604,0.09720646,0.99931185972375,1.0
Dmel_CG6895,0.00086174766,0.09337869,0.9993124249312292,1.0
Dmel_CG15631,0.00086103927,-0.031080911,0.9993129901387087,1.0
Dmel_CG5142,0.00085395545,-0.23151198,0.9993186422135223,1.0
Dmel_CG1386,0.0008504135,-0.086598136,0.999321468250942,1.0
Dmel_CG13559,0.00084545487,-0.34124708,0.9993254247033438,1.0
Dmel_CR43842,0.00084545487,-0.29867584,0.9993254247033438,1.0
Dmel_CG42259,0.0007990558,-0.024266047,0.9993624457944659,1.0
Dmel_CG8509,0.00075796957,-0.15354557,0.9993952278305008,1.0
Dmel_CG13692,0.00073600974,-0.19437797,0.9994127492639763,1.0
Dmel_CG11175,0.00065277476,-0.09264769,0.9994791611514229,1.0
Dmel_CR46137,0.0005114524,-0.17681667,0.9995919200662131,1.0
Dmel_CG8395,0.00047815838,-0.06462132,0.9996184848243508,1.0
Dmel_CG3454,0.00028618664,-0.09359463,0.9997716560966938,1.0
Dmel_CG5718,0.00028122796,0.012242737,0.9997756125503587,1.0
Dmel_CR42735,0.00025253848,-0.2963898,0.999798503460954,1.0
Dmel_CG4965,0.00011298706,0.061486732,0.9999098493737698,1.0
Dmel_CR33765,0.0,0.0,1.0,1.0
Dmel_CR45115,0.0,0.0,1.0,1.0
Dmel_CR45025,0.0,0.0,1.0,1.0
Dmel_CR43467,0.0,0.0,1.0,1.0
Dmel_CR43766,0.0,0.0,1.0,1.0
Dmel_CG9040,0.0,0.0,1.0,1.0
Dmel_CG14500,0.0,0.0,1.0,1.0
Dmel_CG14841,0.0,0.0,1.0,1.0
Dmel_CR42998,0.0,0.0,1.0,1.0
Dmel_CR44374,0.0,0.0,1.0,1.0
Dmel_CG13073,0.0,0.0,1.0,1.0
Dmel_CR45695,0.0,0.0,1.0,1.0
Dmel_CG34230,0.0,0.0,1.0,1.0
Dmel_CG13613,0.0,0.0,1.0,1.0
Dmel_CR43166,0.0,0.0,1.0,1.0
Dmel_CG34210,0.0,0.0,1.0,1.0
Dmel_CG31014,0.0,0.0,1.0,1.0
Dmel_CG42579,0.0,0.0,1.0,1.0
Dmel_CG9698,0.0,0.0,1.0,1.0
Dmel_CR44515,0.0,0.0,1.0,1.0
Dmel_CG14731,0.0,0.0,1.0,1.0
Dmel_CG17350,0.0,0.0,1.0,1.0
Dmel_CG9675,0.0,0.0,1.0,1.0
Dmel_CG10910,0.0,0.0,1.0,1.0
Dmel_CG18444,0.0,0.0,1.0,1.0
Dmel_CG18211,0.0,0.0,1.0,1.0
Dmel_CG43694,0.0,0.0,1.0,1.0
Dmel_CG34143,0.0,0.0,1.0,1.0
Dmel_CR44266,0.0,0.0,1.0,1.0
Dmel_CG13207,0.0,0.0,1.0,1.0
Dmel_CR45743,0.0,0.0,1.0,1.0
Dmel_CR33754,0.0,0.0,1.0,1.0
Dmel_CR45626,0.0,0.0,1.0,1.0
Dmel_CR43717,0.0,0.0,1.0,1.0
Dmel_CG43134,0.0,0.0,1.0,1.0
Dmel_CG32783,0.0,0.0,1.0,1.0
Dmel_CR45971,0.0,0.0,1.0,1.0
Dmel_CR45590,0.0,0.0,1.0,1.0
Dmel_CG33483,0.0,0.0,1.0,1.0
Dmel_CR45395,0.0,0.0,1.0,1.0
Dmel_CG11650,0.0,0.0,1.0,1.0
Dmel_CR34615,0.0,0.0,1.0,1.0
Dmel_CG13495,0.0,0.0,1.0,1.0
Dmel_CG43678,0.0,0.0,1.0,1.0
Dmel_CR44032,0.0,0.0,1.0,1.0
Dmel_CG43403,0.0,0.0,1.0,1.0
Dmel_CR44955,0.0,0.0,1.0,1.0
Dmel_CR45097,0.0,0.0,1.0,1.0
Dmel_CR45362,0.0,0.0,1.0,1.0
Dmel_CG45078,0.0,0.0,1.0,1.0
Dmel_CG7567,0.0,0.0,1.0,1.0
Dmel_CG12374,0.0,0.0,1.0,1.0
Dmel_CG7587,0.0,0.0,1.0,1.0
Dmel_CG42570,0.0,0.0,1.0,1.0
Dmel_CG17575,0.0,0.0,1.0,1.0
Dmel_CR44715,0.0,0.0,1.0,1.0
Dmel_CG17752,0.0,0.0,1.0,1.0
Dmel_CG11977,0.0,0.0,1.0,1.0
Dmel_CG43192,0.0,0.0,1.0,1.0
Dmel_CG1678,0.0,0.0,1.0,1.0
Dmel_CG7179,0.0,0.0,1.0,1.0
Dmel_CR46233,0.0,0.0,1.0,1.0
Dmel_CR44968,0.0,0.0,1.0,1.0
Dmel_CG33469,0.0,0.0,1.0,1.0
Dmel_CG11905,0.0,0.0,1.0,1.0
Dmel_CG14053,0.0,0.0,1.0,1.0
Dmel_CG17134,0.0,0.0,1.0,1.0
Dmel_CG15404,0.0,0.0,1.0,1.0
Dmel_CG4312,0.0,0.0,1.0,1.0
Dmel_CG13023,0.0,0.0,1.0,1.0
Dmel_CR42790,0.0,0.0,1.0,1.0
Dmel_CR43929,0.0,0.0,1.0,1.0
Dmel_CG13810,0.0,0.0,1.0,1.0
Dmel_CR34561,0.0,0.0,1.0,1.0
Dmel_CG44476,0.0,0.0,1.0,1.0
Dmel_CG31274,0.0,0.0,1.0,1.0
Dmel_CR44764,0.0,0.0,1.0,1.0
Dmel_CG3669,0.0,0.0,1.0,1.0
Dmel_CR44889,0.0,0.0,1.0,1.0
Dmel_CR44888,0.0,0.0,1.0,1.0
Dmel_CR44842,0.0,0.0,1.0,1.0
Dmel_CR45166,0.0,0.0,1.0,1.0
Dmel_CG12796,0.0,0.0,1.0,1.0
Dmel_CG31748,0.0,0.0,1.0,1.0
Dmel_CG3088,0.0,0.0,1.0,1.0
Dmel_CG8329,0.0,0.0,1.0,1.0
Dmel_CR45024,0.0,0.0,1.0,1.0
Dmel_CR43877,0.0,0.0,1.0,1.0
Dmel_CG30395,0.0,0.0,1.0,1.0
Dmel_CG32847,0.0,0.0,1.0,1.0
Dmel_CG12209,0.0,0.0,1.0,1.0
Dmel_CG6441,0.0,0.0,1.0,1.0
Dmel_CG42714,0.0,0.0,1.0,1.0
Dmel_CR45241,0.0,0.0,1.0,1.0
Dmel_CG15649,0.0,0.0,1.0,1.0
Dmel_CG5737,-7.225505e-05,0.3162447,0.9999423488157552,1.0
Dmel_CG9120,-7.5088574e-05,0.16876525,0.9999400879850047,1.0
Dmel_CG17018,-8.21724e-05,0.1204896,0.9999344359081305,1.0
Dmel_CG32266,-8.358917e-05,0.013901721,0.999933305492756,1.0
Dmel_CR44423,-8.500594e-05,-0.009088532,0.9999321750773817,1.0
Dmel_CG42818,-8.500594e-05,-0.07600066,0.9999321750773817,1.0
Dmel_CG8579,-8.571432e-05,-0.035417475,0.9999316098696946,1.0
Dmel_CR44599,-9.421491e-05,-0.34594715,0.9999248273774521,1.0
Dmel_CG30018,-9.563168e-05,-0.4375327,0.9999236969620788,1.0
Dmel_CG13516,-9.634006e-05,-0.48077428,0.9999231317543923,1.0
Dmel_CG42626,-0.00018559629,-0.1283473,0.9998519155862886,1.0
Dmel_CG11165,-0.000205431,-0.23604797,0.9998360897712947,1.0
Dmel_CG5083,-0.00026493517,0.04138363,0.9997886123267248,1.0
Dmel_CG8892,-0.000582999,-0.073177606,0.9995348340981669,1.0
Dmel_CG5073,-0.0007491148,-0.06593414,0.9994022929246096,1.0
Dmel_CG11539,-0.0007845339,-0.07817906,0.9993740325484616,1.0
Dmel_CG33092,-0.0010175919,0.43320718,0.9991880792946358,1.0
Dmel_CG5267,-0.0010246757,0.08752906,0.999182427220691,1.0
Dmel_CG17058,-0.0010253841,0.17772187,0.9991818620132986,1.0
Dmel_CG32461,-0.0010275092,-0.06411288,0.9991801663911244,1.0
Dmel_CR43821,-0.0010317595,-0.107470274,0.999176775146787,1.0
Dmel_CG13674,-0.0010331763,-0.25273186,0.9991756447320111,1.0
Dmel_CG8823,-0.0010331763,-0.13643643,0.9991756447320111,1.0
Dmel_CG7362,-0.0010338847,-0.2936159,0.9991750795246239,1.0
Dmel_CR33751,-0.0010353015,-0.2987977,0.9991739491098506,1.0
Dmel_CG16704,-0.0010360099,-0.18805759,0.9991733839024645,1.0
Dmel_CG42366,-0.0010374266,-0.2824409,0.9991722534876937,1.0
Dmel_CG17047,-0.001038135,-0.26469466,0.9991716882803089,1.0
Dmel_CG43338,-0.001136246,-0.14808911,0.9990934070616543,1.0
Dmel_CG17637,-0.0011376628,-0.063258946,0.9990922766470066,1.0
Dmel_CR46110,-0.001141913,-0.20953898,0.9990888854030744,1.0
Dmel_CG3788,-0.0015513583,-0.098926246,0.9987621956572326,1.0
Dmel_CG6401,-0.0017072025,-0.018133115,0.9986378501307829,1.0
Dmel_CG17186,-0.0017231412,-0.033028275,0.9986251329764826,1.0
Dmel_CG12362,-0.0019693042,0.27751386,0.9984287236397279,1.0
Dmel_CG31008,-0.0019693042,0.12315229,0.9984287236397279,1.0
Dmel_CG33752,-0.0019700124,0.08573894,0.998428158433135,1.0
Dmel_CR45877,-0.0019714292,0.036677033,0.9984270280199519,1.0
Dmel_CG15148,-0.0019721377,-0.09466592,0.9984264628133614,1.0
Dmel_CG32141,-0.0019721377,-0.17439844,0.9984264628133614,1.0
Dmel_CG31675,-0.001972846,-0.08049878,0.9984258976067718,1.0
Dmel_CG13708,-0.001972846,-0.08908476,0.9984258976067718,1.0
Dmel_CG1076,-0.0019735545,-0.1494936,0.9984253324001829,1.0
Dmel_CR44913,-0.0019742628,-0.12317108,0.9984247671935949,1.0
Dmel_CG8502,-0.001976388,-0.08192186,0.9984230715738355,1.0
Dmel_CR45196,-0.0019770963,-0.48419294,0.9984225063672506,1.0
Dmel_CG2488,-0.0019778048,-0.28936943,0.9984219411606665,1.0
Dmel_CR45564,-0.001978513,-0.21891585,0.9984213759540832,1.0
Dmel_CG30281,-0.0019792216,-0.40574926,0.9984208107475007,1.0
Dmel_CG15650,-0.0019792216,-0.3082652,0.9984208107475007,1.0
Dmel_CG9826,-0.0019792216,-0.67306066,0.9984208107475007,1.0
Dmel_CG33329,-0.0019813466,-0.71925485,0.9984191151277579,1.0
Dmel_CG12998,-0.0019820551,-0.5243615,0.9984185499211785,1.0
Dmel_CG12763,-0.001983472,-0.5932343,0.9984174195080222,1.0
Dmel_CG9964,-0.0019848885,-0.8752446,0.9984162890948691,1.0
Dmel_CR43809,-0.0020536017,0.02317438,0.9983614640608014,1.0
Dmel_CG11765,-0.002057852,-0.09875386,0.9983580728218321,1.0
Dmel_CG8738,-0.002067061,-0.12723637,0.9983507251375004,1.0
Dmel_CR32111,-0.0020982297,-0.09547844,0.998325856053112,1.0
Dmel_CG13906,-0.0021471083,-0.015034021,0.9982868568104234,1.0
Dmel_CG31457,-0.0021697765,-0.043023963,0.9982687702065021,1.0
Dmel_CG31988,-0.0022753256,-0.2189336,0.9981845544688573,1.0
Dmel_CG31858,-0.002441087,-0.049494896,0.9980522962374974,1.0
Dmel_CG7825,-0.0026808747,-0.053747978,0.997860974062579,1.0
Dmel_CG30427,-0.0029118075,0.27353087,0.9976767170767226,1.0
Dmel_CG31244,-0.0029139325,0.15050885,0.9976750214608486,1.0
Dmel_CG4321,-0.002914641,-0.0009899315,0.9976744562555596,1.0
Dmel_CG11552,-0.0029153493,-0.055961426,0.9976738910502717,1.0
Dmel_CR33987,-0.0029153493,0.019592592,0.9976738910502717,1.0
Dmel_CG12526,-0.002916766,-0.14274773,0.9976727606396996,1.0
Dmel_CR44605,-0.0029181829,-0.18100119,0.9976716302291321,1.0
Dmel_CG13527,-0.0029188914,-0.30651498,0.9976710650238502,1.0
Dmel_CG7279,-0.0029195996,-0.2250576,0.9976704998185693,1.0
Dmel_CR46089,-0.0029203082,-0.2329837,0.9976699346132897,1.0
Dmel_CG43060,-0.0029203082,-0.35454446,0.9976699346132897,1.0
Dmel_CG31704,-0.0029210164,-0.34110335,0.9976693694080112,1.0
Dmel_CG34026,-0.0029217247,-0.4716712,0.9976688042027338,1.0
Dmel_CG33667,-0.0029224332,-0.52470344,0.9976682389974577,1.0
Dmel_CG7264,-0.0029224332,-0.4687461,0.9976682389974577,1.0
Dmel_CG15804,-0.0029252667,-0.95066804,0.9976659781763648,1.0
Dmel_CR45256,-0.002925975,-0.7510264,0.9976654129710946,1.0
Dmel_CR43964,-0.0029273918,-0.9920389,0.9976642825605575,1.0
Dmel_CR45275,-0.0029915005,0.050013866,0.9976131314886959,1.0
Dmel_CG11989,-0.0030042515,-0.07398666,0.9976029577960079,1.0
Dmel_CG13461,-0.0030212526,-0.30775368,0.9975893928730304,1.0
Dmel_CG34263,-0.0030563176,0.07784564,0.9975614152215942,1.0
Dmel_CR43818,-0.003081111,0.0226868,0.9975416330456186,1.0
Dmel_CR45121,-0.00310555,0.21543148,0.9975221334736358,1.0
Dmel_CR44353,-0.0032373094,-0.23383786,0.9974170053722158,1.0
Dmel_CG13135,-0.0033952787,-0.06849467,0.9972909647507497,1.0
Dmel_CG5581,-0.0035557274,-0.130818,0.9971629459824705,1.0
Dmel_CG7213,-0.003856436,0.12779322,0.9969230169670464,1.0
Dmel_CG14856,-0.0038578527,0.14015138,0.996921886560077,1.0
Dmel_CR43909,-0.0038578527,0.07168827,0.996921886560077,1.0
Dmel_CG30142,-0.003858561,0.018780624,0.9969213213565946,1.0
Dmel_CR44673,-0.003858561,0.21223713,0.9969213213565946,1.0
Dmel_CG18088,-0.003858561,-0.04977834,0.9969213213565946,1.0
Dmel_CG9476,-0.0038592694,0.011926614,0.9969207561531137,1.0
Dmel_CG32719,-0.0038592694,-0.07532289,0.9969207561531137,1.0
Dmel_CR44068,-0.0038592694,-0.08561018,0.9969207561531137,1.0
Dmel_CR45337,-0.0038606862,-0.11538735,0.9969196257461567,1.0
Dmel_CR44845,-0.0038606862,-0.18487804,0.9969196257461567,1.0
Dmel_CR46112,-0.0038606862,-0.12333261,0.9969196257461567,1.0
Dmel_CR45016,-0.0038606862,-0.37341174,0.9969196257461567,1.0
Dmel_CG3346,-0.0038606862,-0.23598287,0.9969196257461567,1.0
Dmel_CG30325,-0.0038613945,-0.12062888,0.9969190605426804,1.0
Dmel_CG11611,-0.0038613945,-0.24702597,0.9969190605426804,1.0
Dmel_CR45969,-0.0038613945,-0.32969007,0.9969190605426804,1.0
Dmel_CR45898,-0.0038613945,-0.28164405,0.9969190605426804,1.0
Dmel_CR43404,-0.003862103,-0.2066764,0.9969184953392057,1.0
Dmel_CR45658,-0.003862103,-0.35977006,0.9969184953392057,1.0
Dmel_CR44660,-0.003862103,-0.28281924,0.9969184953392057,1.0
Dmel_CR45682,-0.0038628113,-0.32934654,0.9969179301357326,1.0
Dmel_CG1438,-0.0038635198,-0.36615813,0.996917364932261,1.0
Dmel_CR45966,-0.0038656448,-0.7868413,0.9969156693218555,1.0
Dmel_CG13840,-0.0038656448,-0.7620508,0.9969156693218555,1.0
Dmel_CR46263,-0.0038663533,-0.8896907,0.9969151041183901,1.0
Dmel_CR46010,-0.0038670616,-0.63896394,0.9969145389149262,1.0
Dmel_CG17599,-0.0038670616,-0.5481818,0.9969145389149262,1.0
Dmel_CR45463,-0.0038670616,-0.56268084,0.9969145389149262,1.0
Dmel_CG34107,-0.0039379,0.02418754,0.9968580185764073,1.0
Dmel_CG17994,-0.0039464007,-0.062215097,0.9968512361368389,1.0
Dmel_CR44322,-0.0039485255,-0.07670946,0.9968495405269824,1.0
Dmel_CG12231,-0.003967652,-0.31974652,0.9968342800389145,1.0
Dmel_CG43071,-0.0039747357,-0.36139038,0.9968286280065904,1.0
Dmel_CG4486,-0.0040774513,-0.25955918,0.9967466735559175,1.0
Dmel_CG15617,-0.0041433307,-0.11119653,0.996694109684878,1.0
Dmel_CR44951,-0.0042325873,0.03452105,0.9966228941405941,1.0
Dmel_CG2469,-0.0042506508,-0.04489898,0.9966084814741728,1.0
Dmel_CR44676,-0.004800356,0.23933545,0.9961698848041945,1.0
Dmel_CG9672,-0.0048010643,0.5138197,0.9961693196030185,1.0
Dmel_CR43723,-0.0048024813,-0.030884648,0.9961681892006721,1.0
Dmel_CG15705,-0.0048024813,-0.0537267,0.9961681892006721,1.0
Dmel_CG1759,-0.0048024813,0.06377125,0.9961681892006721,1.0
Dmel_CG14736,-0.0048024813,0.38768822,0.9961681892006721,1.0
Dmel_CG13871,-0.0048031895,-0.03447444,0.9961676239995018,1.0
Dmel_CG4812,-0.0048031895,-0.14115116,0.9961676239995018,1.0
Dmel_CG2120,-0.0048031895,0.14506395,0.9961676239995018,1.0
Dmel_CG31034,-0.004803898,-0.26873025,0.9961670587983334,1.0
Dmel_CR43589,-0.004803898,-0.18877375,0.9961670587983334,1.0
Dmel_CR45053,-0.004803898,-0.21132103,0.9961670587983334,1.0
Dmel_CG7719,-0.004803898,-0.022689017,0.9961670587983334,1.0
Dmel_CR44030,-0.004804606,-0.22545141,0.9961664935971669,1.0
Dmel_CG8083,-0.004804606,-0.36904806,0.9961664935971669,1.0
Dmel_CG1916,-0.004804606,-0.26258054,0.9961664935971669,1.0
Dmel_CG3158,-0.004804606,-0.39245066,0.9961664935971669,1.0
Dmel_CR45306,-0.004804606,-0.20732364,0.9961664935971669,1.0
Dmel_CR44564,-0.004804606,-0.28393665,0.9961664935971669,1.0
Dmel_CG34282,-0.004804606,-0.21275146,0.9961664935971669,1.0
Dmel_CR46138,-0.004804606,-0.33030406,0.9961664935971669,1.0
Dmel_CG9308,-0.004805315,-0.4241843,0.9961659283960024,1.0
Dmel_CG8960,-0.004805315,-0.07078329,0.9961659283960024,1.0
Dmel_CG8541,-0.004805315,-0.42061022,0.9961659283960024,1.0
Dmel_CG17212,-0.004805315,-0.43206963,0.9961659283960024,1.0
Dmel_CG32201,-0.004806023,-0.7431043,0.9961653631948397,1.0
Dmel_CG4267,-0.004806023,-0.4508637,0.9961653631948397,1.0
Dmel_CR45968,-0.004806023,-0.43785024,0.9961653631948397,1.0
Dmel_CG33943,-0.004806023,-0.5989474,0.9961653631948397,1.0
Dmel_CG8028,-0.004806023,-0.6023298,0.9961653631948397,1.0
Dmel_CG6127,-0.004806023,-0.5607438,0.9961653631948397,1.0
Dmel_CG16827,-0.004806023,-0.49377322,0.9961653631948397,1.0
Dmel_CG32040,-0.004806023,-0.47883323,0.9961653631948397,1.0
Dmel_CG4761,-0.004806023,-0.4360378,0.9961653631948397,1.0
Dmel_CG10962,-0.0048067314,-0.49972785,0.9961647979936791,1.0
Dmel_CG1324,-0.0048067314,-0.42170098,0.9961647979936791,1.0
Dmel_CG12995,-0.0048067314,-0.68697,0.9961647979936791,1.0
Dmel_CG33302,-0.0048067314,-0.72092944,0.9961647979936791,1.0
Dmel_CG9497,-0.0048067314,-0.5201728,0.9961647979936791,1.0
Dmel_CR44847,-0.0048067314,-0.87243265,0.9961647979936791,1.0
Dmel_CG6131,-0.0048067314,-0.6577604,0.9961647979936791,1.0
Dmel_CG6541,-0.0048067314,-0.47229218,0.9961647979936791,1.0
Dmel_CR41257,-0.0048067314,-0.574523,0.9961647979936791,1.0
Dmel_CG32712,-0.0048067314,-0.973534,0.9961647979936791,1.0
Dmel_CG42255,-0.0048067314,-0.47151288,0.9961647979936791,1.0
Dmel_CG42282,-0.0048067314,-0.4949565,0.9961647979936791,1.0
Dmel_CG17564,-0.0048067314,-0.48659295,0.9961647979936791,1.0
Dmel_CR44957,-0.0048067314,-0.6411916,0.9961647979936791,1.0
Dmel_CG32199,-0.0048067314,-0.4938055,0.9961647979936791,1.0
Dmel_CG15829,-0.0048074396,-1.0244358,0.9961642327925203,1.0
Dmel_CR43591,-0.0048074396,-0.4500619,0.9961642327925203,1.0
Dmel_CG7936,-0.0048074396,-0.72098035,0.9961642327925203,1.0
Dmel_CG32236,-0.0048074396,-0.54630756,0.9961642327925203,1.0
Dmel_CG6536,-0.0048074396,-0.9165567,0.9961642327925203,1.0
Dmel_CR43503,-0.0048074396,-0.9312287,0.9961642327925203,1.0
Dmel_CG7046,-0.0048088566,-0.6998168,0.9961631023902086,1.0
Dmel_CG12970,-0.004872257,0.24900043,0.9961125168946742,1.0
Dmel_CG30154,-0.004882174,0.07739766,0.9961046040811384,1.0
Dmel_CG5697,-0.0048828823,0.014756295,0.9961040388801862,1.0
Dmel_CG31281,-0.0048998836,-0.22312558,0.9960904740579208,1.0
Dmel_CG4803,-0.0049055507,-0.4080122,0.9960859524507499,1.0
Dmel_CR32636,-0.0049144058,0.26378882,0.9960788874397971,1.0
Dmel_CG11908,-0.0049880776,-0.10826637,0.9960201065606421,1.0
Dmel_CR45944,-0.0049994113,-0.16725394,0.9960110633503736,1.0
Dmel_CR45048,-0.0050086207,-0.24087621,0.9960037157424078,1.0
Dmel_CG9665,-0.005019246,-0.24858122,0.9959952377336375,1.0
Dmel_CG9631,-0.0050362474,-0.29717618,0.9959816729205461,1.0
Dmel_CR45388,-0.005381584,-0.083008625,0.9957061379114907,1.0
Dmel_CR45125,-0.0057464014,-0.095465854,0.9954150604588089,1.0
Dmel_CG15731,-0.0057464014,0.04894696,0.9954150604588089,1.0
Dmel_CG2854,-0.0057464014,0.8292855,0.9954150604588089,1.0
Dmel_CG8008,-0.0057471097,-0.13891658,0.9954144952604527,1.0
Dmel_CR34065,-0.0057471097,0.079660855,0.9954144952604527,1.0
Dmel_CG2150,-0.0057471097,-0.19529314,0.9954144952604527,1.0
Dmel_CR44704,-0.0057471097,0.3883773,0.9954144952604527,1.0
Dmel_CR44220,-0.0057471097,0.10444931,0.9954144952604527,1.0
Dmel_CG31421,-0.0057471097,-0.15258688,0.9954144952604527,1.0
Dmel_CG15552,-0.0057471097,0.048677947,0.9954144952604527,1.0
Dmel_CG11656,-0.0057471097,-0.1313721,0.9954144952604527,1.0
Dmel_CG15878,-0.005747818,-0.42769974,0.9954139300620988,1.0
Dmel_CR44078,-0.005747818,-0.08476666,0.9954139300620988,1.0
Dmel_CR34052,-0.005747818,-0.1505664,0.9954139300620988,1.0
Dmel_CG13029,-0.005747818,-0.16395037,0.9954139300620988,1.0
Dmel_CR44473,-0.005747818,-0.11493769,0.9954139300620988,1.0
Dmel_CR32888,-0.005747818,-0.2099842,0.9954139300620988,1.0
Dmel_CG1089,-0.005747818,-0.13333975,0.9954139300620988,1.0
Dmel_CR33504,-0.005747818,-0.5046103,0.9954139300620988,1.0
Dmel_CR46123,-0.005747818,-0.106773935,0.9954139300620988,1.0
Dmel_CR44377,-0.005747818,-0.30524337,0.9954139300620988,1.0
Dmel_CG10505,-0.005747818,-0.43981776,0.9954139300620988,1.0
Dmel_CG12611,-0.005747818,-0.47406572,0.9954139300620988,1.0
Dmel_CG44878,-0.005747818,0.07640558,0.9954139300620988,1.0
Dmel_CG42284,-0.005748526,-0.5546696,0.9954133648637472,1.0
Dmel_CG8681,-0.005748526,-0.48569092,0.9954133648637472,1.0
Dmel_CR45314,-0.005748526,-0.12981793,0.9954133648637472,1.0
Dmel_CG9468,-0.005748526,-0.59141165,0.9954133648637472,1.0
Dmel_CG18241,-0.005748526,-0.030787714,0.9954133648637472,1.0
Dmel_CR44188,-0.005748526,-0.33366662,0.9954133648637472,1.0
Dmel_CG42682,-0.005748526,-0.5320842,0.9954133648637472,1.0
Dmel_CR43606,-0.005748526,-0.38441858,0.9954133648637472,1.0
Dmel_CG5849,-0.005748526,-0.62271255,0.9954133648637472,1.0
Dmel_CG42604,-0.005748526,-0.6923713,0.9954133648637472,1.0
Dmel_CG7663,-0.005748526,-0.14912024,0.9954133648637472,1.0
Dmel_CR45445,-0.005748526,-0.3091704,0.9954133648637472,1.0
Dmel_CG10481,-0.005748526,-0.34530276,0.9954133648637472,1.0
Dmel_CG14668,-0.005748526,-0.45675588,0.9954133648637472,1.0
Dmel_CG12609,-0.005748526,-0.37718377,0.9954133648637472,1.0
Dmel_CG10764,-0.005748526,-0.5114798,0.9954133648637472,1.0
Dmel_CG3849,-0.005749235,-0.59151083,0.995412799665398,1.0
Dmel_CR33686,-0.005749235,-0.6454685,0.995412799665398,1.0
Dmel_CG8170,-0.005749235,-0.59555,0.995412799665398,1.0
Dmel_CG6555,-0.005749235,-0.6717928,0.995412799665398,1.0
Dmel_CG6614,-0.005749235,-0.83330774,0.995412799665398,1.0
Dmel_CG32058,-0.005749235,-1.0595576,0.995412799665398,1.0
Dmel_CG7537,-0.005749235,-0.7016361,0.995412799665398,1.0
Dmel_CG6967,-0.005749235,-0.8335156,0.995412799665398,1.0
Dmel_CG13581,-0.005749235,-0.67906886,0.995412799665398,1.0
Dmel_CR44339,-0.005749235,-0.5695704,0.995412799665398,1.0
Dmel_CG14854,-0.005749235,-0.52102035,0.995412799665398,1.0
Dmel_CG4835,-0.005749235,-0.94315183,0.995412799665398,1.0
Dmel_CG33269,-0.005749235,-0.3587231,0.995412799665398,1.0
Dmel_CG43179,-0.005749235,-0.90993595,0.995412799665398,1.0
Dmel_CR46032,-0.005749235,-0.81834936,0.995412799665398,1.0
Dmel_CG9594,-0.005749235,-0.42178646,0.995412799665398,1.0
Dmel_CG14127,-0.005749235,-0.7396233,0.995412799665398,1.0
Dmel_CG42828,-0.005749235,-0.59746265,0.995412799665398,1.0
Dmel_CR43278,-0.005749943,-1.1257199,0.995412234467051,1.0
Dmel_CG31805,-0.005749943,-0.8109861,0.995412234467051,1.0
Dmel_CG6639,-0.005749943,-0.6973547,0.995412234467051,1.0
Dmel_CG13428,-0.005749943,-1.0271184,0.995412234467051,1.0
Dmel_CG32523,-0.005749943,-0.59600365,0.995412234467051,1.0
Dmel_CG11291,-0.005749943,-1.2920704,0.995412234467051,1.0
Dmel_CG33194,-0.005749943,-0.5928472,0.995412234467051,1.0
Dmel_CR43599,-0.0057506515,-1.2882745,0.9954116692687063,1.0
Dmel_CG13476,-0.0057506515,-1.0230261,0.9954116692687063,1.0
Dmel_CR46019,-0.0057506515,-1.1987485,0.9954116692687063,1.0
Dmel_CG15506,-0.0057506515,-1.387085,0.9954116692687063,1.0
Dmel_CR33661,-0.0057506515,-1.1916515,0.9954116692687063,1.0
Dmel_CG13676,-0.0057506515,-1.2746418,0.9954116692687063,1.0
Dmel_CG10391,-0.0057506515,-0.9980046,0.9954116692687063,1.0
Dmel_CR45698,-0.0057506515,-1.2690704,0.9954116692687063,1.0
Dmel_CG15403,-0.0057506515,-1.6304873,0.9954116692687063,1.0
Dmel_CG30431,-0.0057506515,-0.7060502,0.9954116692687063,1.0
Dmel_CG33136,-0.0057506515,-1.0494325,0.9954116692687063,1.0
Dmel_CR44138,-0.0058044884,0.39048988,0.9953687142012676,1.0
Dmel_CG13562,-0.005818656,0.13415918,0.9953574102383782,1.0
Dmel_CR45639,-0.005823615,0.06182048,0.9953534538515869,1.0
Dmel_CG9307,-0.005827157,0.010244771,0.9953506278610916,1.0
Dmel_CR46372,-0.005831407,-0.055793703,0.9953472366725743,1.0
Dmel_CG33468,-0.005834949,-0.15287651,0.9953444106822074,1.0
Dmel_CG32655,-0.0058363657,-0.030221015,0.995343280286077,1.0
Dmel_CG9270,-0.005837074,-0.10125911,0.9953427150880153,1.0
Dmel_CR44047,-0.0058391993,-0.189821,0.9953410194938442,1.0
Dmel_CG8994,-0.005842741,-0.20902774,0.9953381935036059,1.0
Dmel_CG12048,-0.005842741,-0.402104,0.9953381935036059,1.0
Dmel_CG12744,-0.0058505335,-0.5556917,0.9953319763252874,1.0
Dmel_CG14640,-0.0058639925,0.19077833,0.9953212375634051,1.0
Dmel_CG6097,-0.005878869,-0.081034765,0.9953093684065213,1.0
Dmel_CG7004,-0.006012045,-0.048945595,0.9952031112390666,1.0
Dmel_CG4201,-0.0060205455,-0.09326758,0.9951963288695445,1.0
Dmel_CG3883,-0.006162576,-0.099320486,0.9950830068305081,1.0
Dmel_CG15186,-0.0061799316,-0.07467878,0.9950691595058095,1.0
Dmel_CG5597,-0.0062004747,-0.25628725,0.9950527687968617,1.0
Dmel_CR43943,-0.006364465,-0.20221831,0.9949219257991408,1.0
Dmel_CG8824,-0.0066262125,-0.05058312,0.9947130859640531,1.0
Dmel_CG9481,-0.006691738,-0.4994173,0.9946608054119382,1.0
Dmel_CG14017,-0.006691738,-0.6271486,0.9946608054119382,1.0
Dmel_CG11786,-0.006691738,-0.33462065,0.9946608054119382,1.0
Dmel_CR43642,-0.006691738,-0.16052331,0.9946608054119382,1.0
Dmel_CR45039,-0.006691738,-0.62536424,0.9946608054119382,1.0
Dmel_CG13460,-0.006691738,-0.61066383,0.9946608054119382,1.0
Dmel_CR45006,-0.006691738,-0.5402809,0.9946608054119382,1.0
Dmel_CR44511,-0.006691738,0.517888,0.9946608054119382,1.0
Dmel_CR45117,-0.006691738,-0.19941962,0.9946608054119382,1.0
Dmel_CR45052,-0.006691738,-0.0649275,0.9946608054119382,1.0
Dmel_CG32121,-0.006691738,0.08766244,0.9946608054119382,1.0
Dmel_CG5681,-0.006691738,-0.2924239,0.9946608054119382,1.0
Dmel_CR34639,-0.006691738,0.076830894,0.9946608054119382,1.0
Dmel_CG2110,-0.006691738,-0.06125899,0.9946608054119382,1.0
Dmel_CG7294,-0.006691738,-0.45404845,0.9946608054119382,1.0
Dmel_CG5959,-0.006691738,-0.03560707,0.9946608054119382,1.0
Dmel_CG15599,-0.006691738,-0.31712043,0.9946608054119382,1.0
Dmel_CG14238,-0.006691738,-0.043962784,0.9946608054119382,1.0
Dmel_CG18605,-0.006691738,-0.6326298,0.9946608054119382,1.0
Dmel_CG11192,-0.006691738,-0.17433693,0.9946608054119382,1.0
Dmel_CG31559,-0.006691738,-0.16030669,0.9946608054119382,1.0
Dmel_CG17905,-0.006691738,0.19097723,0.9946608054119382,1.0
Dmel_CG6053,-0.006691738,-0.44721296,0.9946608054119382,1.0
Dmel_CG4763,-0.006691738,0.17237638,0.9946608054119382,1.0
Dmel_CG43799,-0.006691738,-0.30760682,0.9946608054119382,1.0
Dmel_CG33533,-0.006691738,0.6930652,0.9946608054119382,1.0
Dmel_CG15006,-0.006691738,-0.25531277,0.9946608054119382,1.0
Dmel_CG9897,-0.006691738,0.33404276,0.9946608054119382,1.0
Dmel_CG18193,-0.006691738,-0.051844656,0.9946608054119382,1.0
Dmel_CR34545,-0.006691738,-0.61034703,0.9946608054119382,1.0
Dmel_CG4772,-0.006691738,-0.0067847115,0.9946608054119382,1.0
Dmel_CR32265,-0.006691738,-0.229964,0.9946608054119382,1.0
Dmel_CR45119,-0.006691738,-0.41822165,0.9946608054119382,1.0
Dmel_CR45183,-0.006691738,-0.37830618,0.9946608054119382,1.0
Dmel_CG14720,-0.006691738,-0.30573738,0.9946608054119382,1.0
Dmel_CG8713,-0.0066924463,-0.8853357,0.9946602402169051,1.0
Dmel_CG14675,-0.0066924463,-0.44168097,0.9946602402169051,1.0
Dmel_CG17268,-0.0066924463,-1.0316181,0.9946602402169051,1.0
Dmel_CG9459,-0.0066924463,-0.75215805,0.9946602402169051,1.0
Dmel_CG10067,-0.0066924463,-0.98797244,0.9946602402169051,1.0
Dmel_CR43807,-0.0066924463,-0.86298263,0.9946602402169051,1.0
Dmel_CR44274,-0.0066924463,-1.0629622,0.9946602402169051,1.0
Dmel_CG42816,-0.0066924463,-0.9922402,0.9946602402169051,1.0
Dmel_CG3245,-0.0066924463,-0.6600424,0.9946602402169051,1.0
Dmel_CG8638,-0.0066924463,-0.3721236,0.9946602402169051,1.0
Dmel_CG7214,-0.0066924463,-0.9788939,0.9946602402169051,1.0
Dmel_CG14109,-0.0066924463,-0.8907395,0.9946602402169051,1.0
Dmel_CG5494,-0.0066924463,-0.73886126,0.9946602402169051,1.0
Dmel_CR45403,-0.0066924463,-0.971234,0.9946602402169051,1.0
Dmel_CG4815,-0.0066924463,-0.6217922,0.9946602402169051,1.0
Dmel_CG16880,-0.0066924463,-1.3283409,0.9946602402169051,1.0
Dmel_CG7140,-0.0066924463,-0.88066244,0.9946602402169051,1.0
Dmel_CG32483,-0.0066924463,-1.0830468,0.9946602402169051,1.0
Dmel_CG15764,-0.0066924463,-1.8943456,0.9946602402169051,1.0
Dmel_CR34623,-0.0066924463,-0.85096496,0.9946602402169051,1.0
Dmel_CG8838,-0.0066924463,-0.8422609,0.9946602402169051,1.0
Dmel_CG18396,-0.0066924463,-0.7018635,0.9946602402169051,1.0
Dmel_CR44720,-0.0066924463,-1.0353175,0.9946602402169051,1.0
Dmel_CG10953,-0.0066924463,-0.9407473,0.9946602402169051,1.0
Dmel_CR44058,-0.0066924463,-0.6739279,0.9946602402169051,1.0
Dmel_CG3650,-0.0066924463,-0.46015793,0.9946602402169051,1.0
Dmel_CR45791,-0.0066924463,-0.58344114,0.9946602402169051,1.0
Dmel_CG31380,-0.0066924463,-0.9087991,0.9946602402169051,1.0
Dmel_CG3473,-0.0066924463,-0.8377308,0.9946602402169051,1.0
Dmel_CG13239,-0.0066924463,-0.88739103,0.9946602402169051,1.0
Dmel_CG10972,-0.0066924463,-0.779382,0.9946602402169051,1.0
Dmel_CG3509,-0.0066924463,-0.7956441,0.9946602402169051,1.0
Dmel_CR44524,-0.0066924463,-0.76397073,0.9946602402169051,1.0
Dmel_CG2885,-0.0066924463,-0.9085833,0.9946602402169051,1.0
Dmel_CG4706,-0.0066924463,-0.44378868,0.9946602402169051,1.0
Dmel_CG13021,-0.0066924463,-0.8066114,0.9946602402169051,1.0
Dmel_CG15757,-0.0066924463,-0.8239475,0.9946602402169051,1.0
Dmel_CG10422,-0.0066924463,-0.6343682,0.9946602402169051,1.0
Dmel_CR46330,-0.0066924463,-0.5763042,0.9946602402169051,1.0
Dmel_CG5372,-0.0066924463,-0.72835535,0.9946602402169051,1.0
Dmel_CR44793,-0.0066924463,-0.6144671,0.9946602402169051,1.0
Dmel_CG18530,-0.0066924463,-1.143392,0.9946602402169051,1.0
Dmel_CG43207,-0.0066924463,-0.8029438,0.9946602402169051,1.0
Dmel_CR43502,-0.0066924463,-0.34363732,0.9946602402169051,1.0
Dmel_CR45824,-0.0066924463,-0.9703111,0.9946602402169051,1.0
Dmel_CR44075,-0.0066924463,-0.81367224,0.9946602402169051,1.0
Dmel_CG14634,-0.0066924463,-0.90315384,0.9946602402169051,1.0
Dmel_CG11044,-0.0066924463,-0.8022321,0.9946602402169051,1.0
Dmel_CR45638,-0.0066931546,-1.7671168,0.9946596750218746,1.0
Dmel_CG4115,-0.0066931546,-1.0761505,0.9946596750218746,1.0
Dmel_CG6931,-0.0066931546,-2.107831,0.9946596750218746,1.0
Dmel_CG17210,-0.0066931546,-1.6550378,0.9946596750218746,1.0
Dmel_CR34584,-0.0066931546,-1.6517388,0.9946596750218746,1.0
Dmel_CG32037,-0.0066931546,-1.7999818,0.9946596750218746,1.0
Dmel_CG8277,-0.0066931546,-1.1200953,0.9946596750218746,1.0
Dmel_CG16992,-0.0066931546,-1.5780014,0.9946596750218746,1.0
Dmel_CG5421,-0.0066931546,-1.0164537,0.9946596750218746,1.0
Dmel_CG8785,-0.0066931546,-2.0632086,0.9946596750218746,1.0
Dmel_CG43920,-0.0066931546,-1.5807639,0.9946596750218746,1.0
Dmel_CG33268,-0.0066931546,-2.7481027,0.9946596750218746,1.0
Dmel_CG34300,-0.0066931546,-1.9661578,0.9946596750218746,1.0
Dmel_CG9046,-0.0066931546,-1.7367367,0.9946596750218746,1.0
Dmel_CG3047,-0.0066931546,-1.3257346,0.9946596750218746,1.0
Dmel_CG31327,-0.0066931546,-0.9746435,0.9946596750218746,1.0
Dmel_CG1724,-0.0066931546,-1.2796658,0.9946596750218746,1.0
Dmel_CG18869,-0.0066931546,-2.3900914,0.9946596750218746,1.0
Dmel_CG13705,-0.0066931546,-1.1920221,0.9946596750218746,1.0
Dmel_CR45056,-0.0066931546,-1.3267367,0.9946596750218746,1.0
Dmel_CG12637,-0.0066931546,-2.5077512,0.9946596750218746,1.0
Dmel_CG4349,-0.0066931546,-0.95553154,0.9946596750218746,1.0
Dmel_CR46336,-0.0066931546,-1.2788304,0.9946596750218746,1.0
Dmel_CG4734,-0.0066931546,-0.9373402,0.9946596750218746,1.0
Dmel_CG18480,-0.0066931546,-1.3226557,0.9946596750218746,1.0
Dmel_CG6140,-0.0066931546,-1.4106554,0.9946596750218746,1.0
Dmel_CR46217,-0.0066931546,-1.3228836,0.9946596750218746,1.0
Dmel_CG13855,-0.0066931546,-1.2423437,0.9946596750218746,1.0
Dmel_CG14387,-0.0066931546,-3.7554436,0.9946596750218746,1.0
Dmel_CR43932,-0.0066931546,-1.2942458,0.9946596750218746,1.0
Dmel_CG33299,-0.0066931546,-1.5660734,0.9946596750218746,1.0
Dmel_CG14728,-0.0066931546,-1.6802925,0.9946596750218746,1.0
Dmel_CR44811,-0.0066931546,-1.3077327,0.9946596750218746,1.0
Dmel_CR44298,-0.0066931546,-1.2466323,0.9946596750218746,1.0
Dmel_CR34600,-0.0066931546,-1.2649459,0.9946596750218746,1.0
Dmel_CG5338,-0.0066931546,-1.4058353,0.9946596750218746,1.0
Dmel_CG18130,-0.0066931546,-4.350505,0.9946596750218746,1.0
Dmel_CG42751,-0.0066931546,-1.2132621,0.9946596750218746,1.0
Dmel_CG14925,-0.0066931546,-1.1155692,0.9946596750218746,1.0
Dmel_CG14282,-0.0066931546,-3.03607,0.9946596750218746,1.0
Dmel_CR44080,-0.0066931546,-1.4119426,0.9946596750218746,1.0
Dmel_CR43898,-0.0066931546,-1.3042881,0.9946596750218746,1.0
Dmel_CG14689,-0.0066931546,-1.5919538,0.9946596750218746,1.0
Dmel_CG42473,-0.0066931546,-2.537725,0.9946596750218746,1.0
Dmel_CG8213,-0.0066931546,-1.0243824,0.9946596750218746,1.0
Dmel_CG15468,-0.0066931546,-1.2694336,0.9946596750218746,1.0
Dmel_CR44160,-0.0066931546,-0.96866846,0.9946596750218746,1.0
Dmel_CR45005,-0.0066931546,-1.7725635,0.9946596750218746,1.0
Dmel_CG1924,-0.0066931546,-1.3775542,0.9946596750218746,1.0
Dmel_CG2657,-0.0066931546,-2.3853428,0.9946596750218746,1.0
Dmel_CR34638,-0.0066931546,-1.0545033,0.9946596750218746,1.0
Dmel_CG34175,-0.0066931546,-1.4493576,0.9946596750218746,1.0
Dmel_CG17284,-0.0066931546,-1.1767055,0.9946596750218746,1.0
Dmel_CG17717,-0.0066931546,-1.7230759,0.9946596750218746,1.0
Dmel_CG13873,-0.0066931546,-1.1660428,0.9946596750218746,1.0
Dmel_CG43935,-0.0066931546,-1.3372629,0.9946596750218746,1.0
Dmel_CG43348,-0.0066931546,-2.1002767,0.9946596750218746,1.0
Dmel_CG4434,-0.0066931546,-1.328337,0.9946596750218746,1.0
Dmel_CG34007,-0.0066931546,-1.1951035,0.9946596750218746,1.0
Dmel_CG17856,-0.0066931546,-2.0487616,0.9946596750218746,1.0
Dmel_CR44975,-0.0066931546,-1.700916,0.9946596750218746,1.0
Dmel_CR43429,-0.0066931546,-1.2643956,0.9946596750218746,1.0
Dmel_CG31373,-0.0066931546,-2.3316514,0.9946596750218746,1.0
Dmel_CR34697,-0.0066931546,-1.2128835,0.9946596750218746,1.0
Dmel_CG42866,-0.0066931546,-2.7874634,0.9946596750218746,1.0
Dmel_CG6012,-0.0066931546,-1.167863,0.9946596750218746,1.0
Dmel_CR44241,-0.0066931546,-2.3266602,0.9946596750218746,1.0
Dmel_CR46023,-0.00675443,0.2841813,0.9946107856619107,1.0
Dmel_CG32036,-0.006765764,0.12271311,0.9946017425455168,1.0
Dmel_CG11617,-0.0067742644,-0.044565707,0.9945949602086763,1.0
Dmel_CR43979,-0.0067799315,-0.17689359,0.9945904386509997,1.0
Dmel_CG40006,-0.0067813485,-0.26301804,0.9945893082616076,1.0
Dmel_CR44448,-0.0067848903,-0.30514693,0.9945864822881751,1.0
Dmel_CG9486,-0.006813226,-0.043388344,0.9945638745031624,1.0
Dmel_CG33137,-0.0068574995,-0.070685185,0.9945285498478246,1.0
Dmel_CG32668,-0.006863875,-0.091380775,0.9945234630983376,1.0
Dmel_CG8427,-0.0072680074,-0.034686897,0.9942010201633519,1.0
Dmel_CG11986,-0.0073289284,-0.0416209,0.9941524135966867,1.0
Dmel_CR46084,-0.007456083,-0.23758265,0.9940509615887201,1.0
Dmel_CG17924,-0.0076363664,-15.10879,0.9939071203276372,1.0
Dmel_CG14860,-0.0076363664,-15.912959,0.9939071203276372,1.0
Dmel_CG9726,-0.0076363664,-16.846577,0.9939071203276372,1.0
Dmel_CG2595,-0.0076363664,-16.089384,0.9939071203276372,1.0
Dmel_CG1690,-0.0076363664,-15.211199,0.9939071203276372,1.0
Dmel_CG18540,-0.0076363664,-15.39523,0.9939071203276372,1.0
Dmel_CR31526,-0.0076363664,-16.716057,0.9939071203276372,1.0
Dmel_CG15450,-0.0076363664,-16.65683,0.9939071203276372,1.0
Dmel_CG7249,-0.0076363664,-16.221241,0.9939071203276372,1.0
Dmel_CR46022,-0.0076363664,-16.767298,0.9939071203276372,1.0
Dmel_CG13639,-0.0076363664,-16.848433,0.9939071203276372,1.0
Dmel_CG11353,-0.0076363664,-14.984291,0.9939071203276372,1.0
Dmel_CG13722,-0.0076363664,-16.67003,0.9939071203276372,1.0
Dmel_CG33775,-0.0076363664,-16.229813,0.9939071203276372,1.0
Dmel_CR45127,-0.0076363664,-16.521408,0.9939071203276372,1.0
Dmel_CG9504,-0.0076363664,-16.1908,0.9939071203276372,1.0
Dmel_CR44653,-0.0076363664,-14.957616,0.9939071203276372,1.0
Dmel_CG10296,-0.0076363664,-16.783861,0.9939071203276372,1.0
Dmel_CG13028,-0.0076363664,-15.731972,0.9939071203276372,1.0
Dmel_CG5178,-0.0076363664,-16.319143,0.9939071203276372,1.0
Dmel_CG14503,-0.0076363664,-15.86716,0.9939071203276372,1.0
Dmel_CG14628,-0.0076363664,-16.422646,0.9939071203276372,1.0
Dmel_CG45413,-0.0076363664,-16.679089,0.9939071203276372,1.0
Dmel_CG33703,-0.0076363664,-15.170896,0.9939071203276372,1.0
Dmel_CG14676,-0.0076363664,-16.745422,0.9939071203276372,1.0
Dmel_CR44633,-0.0076363664,-15.4178295,0.9939071203276372,1.0
Dmel_CR44610,-0.0076363664,-16.433937,0.9939071203276372,1.0
Dmel_CR44848,-0.0076363664,-16.885582,0.9939071203276372,1.0
Dmel_CR43863,-0.0076363664,-16.003874,0.9939071203276372,1.0
Dmel_CR44503,-0.0076363664,-15.476247,0.9939071203276372,1.0
Dmel_CG31482,-0.0076363664,-16.54393,0.9939071203276372,1.0
Dmel_CR43918,-0.0076363664,-15.8982935,0.9939071203276372,1.0
Dmel_CG17302,-0.0076363664,-16.75695,0.9939071203276372,1.0
Dmel_CR45272,-0.0076363664,-15.33721,0.9939071203276372,1.0
Dmel_CG44475,-0.0076363664,-15.781237,0.9939071203276372,1.0
Dmel_CR31877,-0.0076363664,-16.782717,0.9939071203276372,1.0
Dmel_CG30457,-0.0076363664,-15.521949,0.9939071203276372,1.0
Dmel_CR46237,-0.0076363664,-15.803854,0.9939071203276372,1.0
Dmel_CR42755,-0.0076363664,-16.160133,0.9939071203276372,1.0
Dmel_CR45869,-0.0076363664,-16.579262,0.9939071203276372,1.0
Dmel_CG18469,-0.0076363664,-15.752747,0.9939071203276372,1.0
Dmel_CR43942,-0.0076363664,-16.164785,0.9939071203276372,1.0
Dmel_CR46211,-0.0076363664,-16.607374,0.9939071203276372,1.0
Dmel_CG13955,-0.0076363664,-15.595753,0.9939071203276372,1.0
Dmel_CR43876,-0.0076363664,-16.60773,0.9939071203276372,1.0
Dmel_CG32703,-0.0076363664,-15.240693,0.9939071203276372,1.0
Dmel_CG11854,-0.0076363664,-16.081366,0.9939071203276372,1.0
Dmel_CG32774,-0.0076363664,-16.044184,0.9939071203276372,1.0
Dmel_CG15577,-0.0076363664,-14.805573,0.9939071203276372,1.0
Dmel_CG31533,-0.0076363664,-16.91356,0.9939071203276372,1.0
Dmel_CG33679,-0.0076363664,-16.564428,0.9939071203276372,1.0
Dmel_CR43648,-0.0076363664,-16.041967,0.9939071203276372,1.0
Dmel_CG9573,-0.0076363664,-16.752436,0.9939071203276372,1.0
Dmel_CG10789,-0.0076363664,-16.198587,0.9939071203276372,1.0
Dmel_CG33710,-0.0076363664,-16.25479,0.9939071203276372,1.0
Dmel_CG17672,-0.0076363664,-16.425459,0.9939071203276372,1.0
Dmel_CG32557,-0.0076363664,-15.711277,0.9939071203276372,1.0
Dmel_CG5217,-0.0076363664,-15.373244,0.9939071203276372,1.0
Dmel_CG11693,-0.0076363664,-17.033697,0.9939071203276372,1.0
Dmel_CR44744,-0.0076363664,-16.595913,0.9939071203276372,1.0
Dmel_CG31929,-0.0076363664,-16.722956,0.9939071203276372,1.0
Dmel_CG7297,-0.0076363664,-16.505741,0.9939071203276372,1.0
Dmel_CG18808,-0.0076363664,-17.047762,0.9939071203276372,1.0
Dmel_CR45146,-0.0076363664,-15.021407,0.9939071203276372,1.0
Dmel_CG14020,-0.0076363664,-16.507828,0.9939071203276372,1.0
Dmel_CG16782,-0.0076363664,-16.540443,0.9939071203276372,1.0
Dmel_CG2707,-0.0076363664,-16.92241,0.9939071203276372,1.0
Dmel_CR43754,-0.0076363664,-15.592002,0.9939071203276372,1.0
Dmel_CG15269,-0.0076363664,-16.966688,0.9939071203276372,1.0
Dmel_CG15249,-0.0076363664,-15.323484,0.9939071203276372,1.0
Dmel_CG15121,-0.0076363664,-16.562263,0.9939071203276372,1.0
Dmel_CR34552,-0.0076363664,-16.040464,0.9939071203276372,1.0
Dmel_CR43607,-0.0076363664,-16.622099,0.9939071203276372,1.0
Dmel_CG1157,-0.0076363664,-16.587618,0.9939071203276372,1.0
Dmel_CG13198,-0.0076363664,-15.089099,0.9939071203276372,1.0
Dmel_CG13244,-0.0076363664,-16.546227,0.9939071203276372,1.0
Dmel_CG7526,-0.0076363664,-16.584723,0.9939071203276372,1.0
Dmel_CG13611,-0.0076363664,-15.720212,0.9939071203276372,1.0
Dmel_CR44695,-0.0076363664,-16.445854,0.9939071203276372,1.0
Dmel_CG4960,-0.0076363664,-16.189167,0.9939071203276372,1.0
Dmel_CG33459,-0.0076363664,-16.117567,0.9939071203276372,1.0
Dmel_CG33768,-0.0076363664,-15.850313,0.9939071203276372,1.0
Dmel_CG31050,-0.0076363664,-16.278584,0.9939071203276372,1.0
Dmel_CG18348,-0.0076363664,-16.9319,0.9939071203276372,1.0
Dmel_CG7573,-0.0076363664,-15.983751,0.9939071203276372,1.0
Dmel_CR34659,-0.0076363664,-16.325546,0.9939071203276372,1.0
Dmel_CG11162,-0.0076363664,-14.800013,0.9939071203276372,1.0
Dmel_CR44087,-0.0076363664,-14.915118,0.9939071203276372,1.0
Dmel_CG18446,-0.0076363664,-16.843788,0.9939071203276372,1.0
Dmel_CG17063,-0.0076363664,-15.328829,0.9939071203276372,1.0
Dmel_CG7631,-0.0076363664,-15.191199,0.9939071203276372,1.0
Dmel_CG7804,-0.0076363664,-16.633667,0.9939071203276372,1.0
Dmel_CR45189,-0.0076363664,-15.481571,0.9939071203276372,1.0
Dmel_CG14658,-0.0076363664,-16.681143,0.9939071203276372,1.0
Dmel_CR45722,-0.0076363664,-16.3372,0.9939071203276372,1.0
Dmel_CR45354,-0.0076363664,-16.815008,0.9939071203276372,1.0
Dmel_CR45803,-0.0076363664,-16.50434,0.9939071203276372,1.0
Dmel_CG8302,-0.0076363664,-15.475179,0.9939071203276372,1.0
Dmel_CG15641,-0.0076363664,-16.615618,0.9939071203276372,1.0
Dmel_CG42466,-0.0076363664,-15.616845,0.9939071203276372,1.0
Dmel_CR43297,-0.0076363664,-16.901829,0.9939071203276372,1.0
Dmel_CR45400,-0.0076363664,-16.486485,0.9939071203276372,1.0
Dmel_CR44076,-0.0076363664,-14.256753,0.9939071203276372,1.0
Dmel_CG8361,-0.0076363664,-16.608385,0.9939071203276372,1.0
Dmel_CR44400,-0.0076363664,-15.828455,0.9939071203276372,1.0
Dmel_CG43797,-0.0076363664,-16.276033,0.9939071203276372,1.0
Dmel_CR45654,-0.0076363664,-16.392368,0.9939071203276372,1.0
Dmel_CR44732,-0.0076363664,-16.086866,0.9939071203276372,1.0
Dmel_CG43922,-0.0076363664,-15.829124,0.9939071203276372,1.0
Dmel_CR44692,-0.0076363664,-16.568598,0.9939071203276372,1.0
Dmel_CR45964,-0.0076363664,-16.02404,0.9939071203276372,1.0
Dmel_CR45701,-0.0076363664,-16.033543,0.9939071203276372,1.0
Dmel_CG31928,-0.0076363664,-15.891297,0.9939071203276372,1.0
Dmel_CG18814,-0.0076363664,-15.957383,0.9939071203276372,1.0
Dmel_CG12193,-0.0076363664,-15.944986,0.9939071203276372,1.0
Dmel_CG6483,-0.0076363664,-15.347053,0.9939071203276372,1.0
Dmel_CG5480,-0.0076363664,-13.538689,0.9939071203276372,1.0
Dmel_CG33264,-0.0076363664,-13.816101,0.9939071203276372,1.0
Dmel_CG14227,-0.0076363664,-16.997595,0.9939071203276372,1.0
Dmel_CR44354,-0.0076363664,-15.79912,0.9939071203276372,1.0
Dmel_CG1894,-0.0076363664,-16.305344,0.9939071203276372,1.0
Dmel_CG6467,-0.0076363664,-15.236329,0.9939071203276372,1.0
Dmel_CG5430,-0.0076363664,-15.84233,0.9939071203276372,1.0
Dmel_CG43049,-0.0076363664,-16.182644,0.9939071203276372,1.0
Dmel_CG14902,-0.0076363664,-16.204279,0.9939071203276372,1.0
Dmel_CG31493,-0.0076363664,-16.803783,0.9939071203276372,1.0
Dmel_CG4983,-0.0076363664,-15.839892,0.9939071203276372,1.0
Dmel_CR33753,-0.0076363664,-15.404172,0.9939071203276372,1.0
Dmel_CG17110,-0.0076363664,-16.490295,0.9939071203276372,1.0
Dmel_CG14827,-0.0076363664,-16.794765,0.9939071203276372,1.0
Dmel_CG16853,-0.0076363664,-16.488293,0.9939071203276372,1.0
Dmel_CG1641,-0.0076363664,-16.427622,0.9939071203276372,1.0
Dmel_CG6688,-0.0076363664,-15.242473,0.9939071203276372,1.0
Dmel_CR45905,-0.0076363664,-15.033869,0.9939071203276372,1.0
Dmel_CG14810,-0.0076363664,-17.064444,0.9939071203276372,1.0
Dmel_CG33784,-0.0076363664,-15.9070425,0.9939071203276372,1.0
Dmel_CR45351,-0.0076363664,-14.449357,0.9939071203276372,1.0
Dmel_CG14156,-0.0076363664,-16.044462,0.9939071203276372,1.0
Dmel_CG31871,-0.0076363664,-16.7448,0.9939071203276372,1.0
Dmel_CR34574,-0.0076363664,-15.724114,0.9939071203276372,1.0
Dmel_CR44216,-0.0076363664,-16.13342,0.9939071203276372,1.0
Dmel_CG32853,-0.0076363664,-16.245634,0.9939071203276372,1.0
Dmel_CG17929,-0.0076363664,-17.008326,0.9939071203276372,1.0
Dmel_CR44350,-0.0076363664,-15.394729,0.9939071203276372,1.0
Dmel_CR44302,-0.0076363664,-16.022465,0.9939071203276372,1.0
Dmel_CR45618,-0.0076363664,-16.470694,0.9939071203276372,1.0
Dmel_CR45417,-0.0076363664,-16.29483,0.9939071203276372,1.0
Dmel_CG18180,-0.0076363664,-16.134586,0.9939071203276372,1.0
Dmel_CG42814,-0.0076363664,-16.570923,0.9939071203276372,1.0
Dmel_CG42704,-0.0076363664,-16.819288,0.9939071203276372,1.0
Dmel_CG42780,-0.0076363664,-15.606761,0.9939071203276372,1.0
Dmel_CG8822,-0.0076363664,-16.740902,0.9939071203276372,1.0
Dmel_CG16834,-0.0076363664,-16.28007,0.9939071203276372,1.0
Dmel_CG33177,-0.0076363664,-15.446012,0.9939071203276372,1.0
Dmel_CG15595,-0.0076363664,-16.008074,0.9939071203276372,1.0
Dmel_CG9188,-0.0076363664,-16.521233,0.9939071203276372,1.0
Dmel_CG43184,-0.0076363664,-16.70363,0.9939071203276372,1.0
Dmel_CG9334,-0.0076363664,-15.716575,0.9939071203276372,1.0
Dmel_CG45768,-0.0076363664,-15.436477,0.9939071203276372,1.0
Dmel_CG31664,-0.007712872,0.10991167,0.9938460796948885,1.0
Dmel_CG31477,-0.007712872,0.03406758,0.9938460796948885,1.0
Dmel_CR31850,-0.0077164136,-0.08731482,0.9938432537405383,1.0
Dmel_CG9593,-0.0077178306,-0.025065143,0.9938421233588198,1.0
Dmel_CR44947,-0.007719247,-0.12350796,0.9938409929771137,1.0
Dmel_CR45812,-0.0077213724,-0.24592917,0.9938392974045777,1.0
Dmel_CG15046,-0.0077234977,-0.21649927,0.9938376018320696,1.0
Dmel_CG41624,-0.0077249142,-0.26341408,0.9938364714504129,1.0
Dmel_CG12313,-0.007727748,-0.2596728,0.9938342106871367,1.0
Dmel_CG13936,-0.0077312896,-0.32527375,0.9938313847331112,1.0
Dmel_CG30345,-0.007797878,-0.026082322,0.9937782568118717,1.0
Dmel_CG17914,-0.007827629,-0.252683,0.9937545188134119,1.0
Dmel_CR45350,-0.007972849,-0.044225737,0.9936386548530448,1.0
Dmel_CG4042,-0.007988787,0.01817281,0.9936259380850325,1.0
Dmel_CG4103,-0.008259035,-0.009257357,0.9934103184676132,1.0
Dmel_CG43789,-0.008630227,-0.12590013,0.9931141602001675,1.0
Dmel_CG32150,-0.008655021,0.14118816,0.9930943786698513,1.0
Dmel_CG12590,-0.008660688,-0.046829447,0.9930898571778031,1.0
Dmel_CR42765,-0.008662105,-0.0049998583,0.9930887268048257,1.0
Dmel_CR45878,-0.008662105,-0.16561809,0.9930887268048257,1.0
Dmel_CG15172,-0.008662813,-0.18229699,0.9930881616183422,1.0
Dmel_CR43884,-0.008667063,-0.26812503,0.9930847704995142,1.0
Dmel_CG15109,-0.00866848,-0.27201754,0.9930836401265993,1.0
Dmel_CG42762,-0.008669188,-0.35534078,0.993083074940147,1.0
Dmel_CR44382,-0.0086713135,-0.43022808,0.9930813793808111,1.0
Dmel_CG4408,-0.008672022,-0.37895736,0.9930808141943727,1.0
Dmel_CG31041,-0.008674148,-0.35709995,0.9930791186350785,1.0
Dmel_CR30267,-0.008678397,-0.6190752,0.9930757275165837,1.0
Dmel_CR43695,-0.008681939,-0.619374,0.9930729015846002,1.0
Dmel_CG5107,-0.008775446,0.17766838,0.9929982970117757,1.0
Dmel_CG4594,-0.008777926,-0.37381124,0.9929963188610537,1.0
Dmel_CG3700,-0.008929165,0.0041164597,0.992875651748886,1.0
Dmel_CR45821,-0.009006024,-0.27010176,0.9928143291803878,1.0
Dmel_CG10165,-0.009039318,-0.29039422,0.9927877655002763,1.0
Dmel_CG1689,-0.009240145,-0.32612053,0.9926275358131759,1.0
Dmel_CG5399,-0.009600712,0.37128347,0.9923398578661456,1.0
Dmel_CR43571,-0.009601421,0.16126235,0.9923392926845065,1.0
Dmel_CR44041,-0.009604254,-0.10696775,0.9923370319579881,1.0
Dmel_CR44958,-0.009609212,-0.2909343,0.9923330756867289,1.0
Dmel_CR45475,-0.009609212,-0.31413072,0.9923330756867289,1.0
Dmel_CG43093,-0.009609212,-0.29095173,0.9923330756867289,1.0
Dmel_CG6898,-0.00961063,-0.3597291,0.9923319453235466,1.0
Dmel_CR34610,-0.009611337,-0.34812143,0.9923313801419613,1.0
Dmel_CG10345,-0.009612046,-0.30375034,0.9923308149603798,1.0
Dmel_CR34556,-0.009612754,-0.5167513,0.9923302497788021,1.0
Dmel_CG6577,-0.009617713,-0.6576476,0.9923262935078662,1.0
Dmel_CG7230,-0.009621255,-1.1641598,0.9923234676001703,1.0
Dmel_CG34109,-0.009626213,-1.1575181,0.9923195113295579,1.0
Dmel_CG11655,-0.009654903,-0.019804923,0.9922966214818676,1.0
Dmel_CR44985,-0.009697052,-0.18877065,0.9922629931986179,1.0
Dmel_CG30496,-0.009794809,-0.0594159,0.9921849982417356,1.0
Dmel_CR46055,-0.009810394,-0.1745515,0.9921725642699848,1.0
Dmel_CG1208,-0.00981606,-0.19992784,0.9921680428261829,1.0
Dmel_CG5130,-0.009918775,-0.20941474,0.992086091701011,1.0
Dmel_CR45454,-0.010541445,0.19187,0.9915893001468368,1.0
Dmel_CG1441,-0.010546403,-0.09262538,0.9915853439129346,1.0
Dmel_CR44447,-0.01054782,-0.1465533,0.9915842135604291,1.0
Dmel_CG14154,-0.01054782,0.021495849,0.9915842135604291,1.0
Dmel_CG6385,-0.010549945,-0.24893753,0.9915825180317025,1.0
Dmel_CG5084,-0.010551361,-0.15682,0.9915813876792392,1.0
Dmel_CG6157,-0.010553487,-0.27942556,0.9915796921505761,1.0
Dmel_CG44880,-0.010553487,-0.46474278,0.9915796921505761,1.0
Dmel_CG32371,-0.010554195,-0.53764963,0.9915791269743635,1.0
Dmel_CR32773,-0.010554195,-0.3617207,0.9915791269743635,1.0
Dmel_CG15484,-0.010554903,-0.46095282,0.9915785617981551,1.0
Dmel_CG1034,-0.010554903,-0.520859,0.9915785617981551,1.0
Dmel_CG43091,-0.010555612,-0.40613097,0.9915779966219509,1.0
Dmel_CR45623,-0.010556321,-0.5531589,0.991577431445751,1.0
Dmel_CG12715,-0.010558445,-0.7154354,0.9915757359171764,1.0
Dmel_CG5304,-0.010559154,-0.64282954,0.9915751707409934,1.0
Dmel_CR46097,-0.0105598625,-0.6006204,0.9915746055648146,1.0
Dmel_CR45484,-0.0105598625,-0.64794457,0.9915746055648146,1.0
Dmel_CG40813,-0.01056057,-0.83852655,0.99157404038864,1.0
Dmel_CG5247,-0.010561988,-0.023686595,0.9915729100363035,1.0
Dmel_CG32669,-0.010616887,-0.041823752,0.9915291088963137,1.0
Dmel_CG10445,-0.010623262,-0.006581349,0.991524022313967,1.0
Dmel_CR45340,-0.010631055,-0.025914308,0.9915178053804554,1.0
Dmel_CG4454,-0.010634596,-0.012671784,0.9915149795017568,1.0
Dmel_CR46024,-0.010657974,-0.34771606,0.9914963287050168,1.0
Dmel_CR45540,-0.010811692,-0.09973654,0.9913736857032754,1.0
Dmel_CG32202,-0.010871905,-0.062766306,0.9913256458731978,1.0
Dmel_CG4381,-0.010950889,-0.1696869,0.9912626289673357,1.0
Dmel_CG1171,-0.010971079,-0.44997865,0.9912465215158239,1.0
Dmel_CG5222,-0.011164113,-0.037522174,0.9910925118535047,1.0
Dmel_CG32110,-0.011267182,-0.3021337,0.9910102793069768,1.0
Dmel_CG13322,-0.011305435,-0.04951334,0.9909797600356097,1.0
Dmel_CR43546,-0.011492094,0.29412434,0.9908308374849348,1.0
Dmel_CR44230,-0.011492803,-0.21679077,0.9908302723145698,1.0
Dmel_CG8704,-0.011493511,-0.19719774,0.9908297071442093,1.0
Dmel_CG32282,-0.011494927,-0.22848025,0.990828576803502,1.0
Dmel_CG5927,-0.011495636,-0.4119392,0.9908280116331554,1.0
Dmel_CG43137,-0.011497761,-0.5260595,0.9908263161221428,1.0
Dmel_CR44301,-0.011497761,-0.46085587,0.9908263161221428,1.0
Dmel_CR45425,-0.011497761,-0.46077806,0.9908263161221428,1.0
Dmel_CG6553,-0.011497761,-0.5387964,0.9908263161221428,1.0
Dmel_CG7255,-0.01149847,-0.30375314,0.9908257509518146,1.0
Dmel_CG30047,-0.011499178,-0.57407635,0.9908251857814908,1.0
Dmel_CR34602,-0.011499178,-0.5765893,0.9908251857814908,1.0
Dmel_CG30280,-0.011499178,-0.7244204,0.9908251857814908,1.0
Dmel_CR44867,-0.011499886,-0.55032545,0.9908246206111717,1.0
Dmel_CR46122,-0.011500594,-0.69878703,0.9908240554408573,1.0
Dmel_CR45895,-0.011501303,-0.5086156,0.9908234902705474,1.0
Dmel_CG3491,-0.011501303,-1.0441833,0.9908234902705474,1.0
Dmel_CR45044,-0.0115027195,-0.8926541,0.9908223599299415,1.0
Dmel_CG32029,-0.0115027195,-0.8349566,0.9908223599299415,1.0
Dmel_CG10881,-0.011503428,-1.3143117,0.9908217947596454,1.0
Dmel_CG9540,-0.011574974,-0.12090045,0.9907647125835146,1.0
Dmel_CG12853,-0.011584892,-0.21278277,0.9907568002063887,1.0
Dmel_CG15632,-0.011585601,-0.23099089,0.9907562350366287,1.0
Dmel_CG15589,-0.011587726,-0.23141047,0.9907545395273768,1.0
Dmel_CG14416,-0.011590559,-0.21824151,0.9907522788484391,1.0
Dmel_CG7345,-0.012284774,-0.07980028,0.9901984147905817,1.0
Dmel_CG14598,-0.012437785,-0.17293735,0.9900763392568432,1.0
Dmel_CG15876,-0.012437785,-0.086994834,0.9900763392568432,1.0
Dmel_CR34629,-0.012439202,-0.5552267,0.9900752089289082,1.0
Dmel_CG46283,-0.01243991,-0.4752991,0.9900746437649482,1.0
Dmel_CG1919,-0.012440618,-0.44311133,0.9900740786009932,1.0
Dmel_CG13193,-0.012440618,-0.68269116,0.9900740786009932,1.0
Dmel_CG11226,-0.012440618,-0.55750346,0.9900740786009932,1.0
Dmel_CR43792,-0.012440618,-0.667856,0.9900740786009932,1.0
Dmel_CR34607,-0.012440618,-0.31463355,0.9900740786009932,1.0
Dmel_CG15398,-0.012440618,-0.7041717,0.9900740786009932,1.0
Dmel_CG15884,-0.012441327,-0.4687194,0.9900735134370432,1.0
Dmel_CG43646,-0.012441327,-0.5520778,0.9900735134370432,1.0
Dmel_CG42471,-0.012441327,-0.8936648,0.9900735134370432,1.0
Dmel_CG43277,-0.012441327,-0.5884473,0.9900735134370432,1.0
Dmel_CG34303,-0.012442036,-0.7742025,0.9900729482730981,1.0
Dmel_CG7242,-0.012442036,-0.8177619,0.9900729482730981,1.0
Dmel_CG12617,-0.012442036,-0.8280859,0.9900729482730981,1.0
Dmel_CG42694,-0.012442036,-0.82187355,0.9900729482730981,1.0
Dmel_CG13068,-0.012442743,-0.74957114,0.990072383109158,1.0
Dmel_CG44438,-0.012442743,-0.7595556,0.990072383109158,1.0
Dmel_CR45811,-0.012442743,-0.6791776,0.990072383109158,1.0
Dmel_CR32252,-0.012442743,-0.86111635,0.990072383109158,1.0
Dmel_CG10093,-0.012443452,-0.71217775,0.9900718179452228,1.0
Dmel_CG2444,-0.012443452,-0.77167827,0.9900718179452228,1.0
Dmel_CR44763,-0.012443452,-0.9698208,0.9900718179452228,1.0
Dmel_CR44207,-0.012443452,-1.1640677,0.9900718179452228,1.0
Dmel_CG5327,-0.012443452,-1.1484691,0.9900718179452228,1.0
Dmel_CG3344,-0.012443452,-0.9156011,0.9900718179452228,1.0
Dmel_CG11575,-0.012444161,-0.8904123,0.9900712527812927,1.0
Dmel_CG17988,-0.012444161,-0.974513,0.9900712527812927,1.0
Dmel_CR45367,-0.012444161,-0.8854877,0.9900712527812927,1.0
Dmel_CR44161,-0.012444161,-1.0312413,0.9900712527812927,1.0
Dmel_CG15147,-0.012446285,-1.6007031,0.9900695572895323,1.0
Dmel_CR46265,-0.0125139365,-0.011474453,0.9900155841586339,1.0
Dmel_CR44186,-0.012520311,-0.15686966,0.9900104976879169,1.0
Dmel_CG46025,-0.012544396,-0.5994298,0.9899912821355414,1.0
Dmel_CG8501,-0.012550063,-0.4545047,0.9899867608299434,1.0
Dmel_CG11893,-0.012558565,-0.65541077,0.9899799788721494,1.0
Dmel_CR45559,-0.012608505,-0.15371569,0.9899401348847472,1.0
Dmel_CG2053,-0.012614881,-0.14383377,0.9899350484200741,1.0
Dmel_CR44905,-0.012626924,-0.21376656,0.9899254406545857,1.0
Dmel_CG9020,-0.012627631,-0.086626,0.9899248754919554,1.0
Dmel_CG42697,-0.012629048,-0.25459734,0.9899237451667099,1.0
Dmel_CG43341,-0.012634007,-0.15158994,0.9899197890285101,1.0
Dmel_CG2727,-0.012648883,-0.3327351,0.9899079206153982,1.0
Dmel_CG31439,-0.012661988,0.026864659,0.9898974651104594,1.0
Dmel_CG1259,-0.012756557,-0.12742878,0.9898220159777136,1.0
Dmel_CR43287,-0.012784184,-0.024655534,0.9897999746751839,1.0
Dmel_CG10308,-0.013108623,-0.017867455,0.9895411312478821,1.0
Dmel_CG5290,-0.0131822955,-0.039875478,0.9894823547268241,1.0
Dmel_CG13066,-0.0133820595,-0.03989584,0.9893229802174894,1.0
Dmel_CG31941,-0.013382767,-0.23946781,0.9893224150604093,1.0
Dmel_CR44613,-0.013382767,0.12127896,0.9893224150604093,1.0
Dmel_CG14302,-0.013383476,-0.56751895,0.9893218499033345,1.0
Dmel_CG7968,-0.013383476,-0.97051823,0.9893218499033345,1.0
Dmel_CG15865,-0.013383476,-0.33995825,0.9893218499033345,1.0
Dmel_CR46248,-0.013383476,-0.3742773,0.9893218499033345,1.0
Dmel_CR44478,-0.013383476,-0.1723506,0.9893218499033345,1.0
Dmel_CR43279,-0.013383476,-0.21752812,0.9893218499033345,1.0
Dmel_CG18472,-0.013383476,-0.5424015,0.9893218499033345,1.0
Dmel_CG14740,-0.013383476,-0.5385325,0.9893218499033345,1.0
Dmel_CG32686,-0.013383476,-0.53139377,0.9893218499033345,1.0
Dmel_CR42858,-0.013383476,-0.8054513,0.9893218499033345,1.0
Dmel_CG15773,-0.013383476,-0.5630577,0.9893218499033345,1.0
Dmel_CG16956,-0.013383476,-0.7122511,0.9893218499033345,1.0
Dmel_CG33640,-0.013384185,-0.7902977,0.989321284746265,1.0
Dmel_CR44344,-0.013384185,-0.37893906,0.989321284746265,1.0
Dmel_CR45650,-0.013384185,-0.4364801,0.989321284746265,1.0
Dmel_CG33919,-0.013384185,-0.22808045,0.989321284746265,1.0
Dmel_CG30081,-0.013384185,-0.47021842,0.989321284746265,1.0
Dmel_CG4402,-0.013384185,-0.41244704,0.989321284746265,1.0
Dmel_CG32120,-0.013384185,-0.4756291,0.989321284746265,1.0
Dmel_CG33460,-0.013384185,-0.78331465,0.989321284746265,1.0
Dmel_CR43970,-0.013384185,-0.4924566,0.989321284746265,1.0
Dmel_CR44177,-0.013384893,-0.79012424,0.9893207195892009,1.0
Dmel_CR43455,-0.013384893,-1.1776167,0.9893207195892009,1.0
Dmel_CR34586,-0.013384893,-0.6958558,0.9893207195892009,1.0
Dmel_CG13285,-0.013384893,-0.86478597,0.9893207195892009,1.0
Dmel_CG4704,-0.013384893,-0.734236,0.9893207195892009,1.0
Dmel_CR46100,-0.013384893,-0.6769359,0.9893207195892009,1.0
Dmel_CG11411,-0.013384893,-0.864075,0.9893207195892009,1.0
Dmel_CG9702,-0.013384893,-0.7839509,0.9893207195892009,1.0
Dmel_CG31810,-0.013384893,-0.5044102,0.9893207195892009,1.0
Dmel_CR45894,-0.013384893,-0.6839401,0.9893207195892009,1.0
Dmel_CR34599,-0.013384893,-0.95469266,0.9893207195892009,1.0
Dmel_CG42537,-0.013385601,-0.9229304,0.989320154432142,1.0
Dmel_CR45240,-0.013385601,-1.2054464,0.989320154432142,1.0
Dmel_CR45881,-0.013385601,-1.0393821,0.989320154432142,1.0
Dmel_CG4478,-0.013385601,-1.1367345,0.989320154432142,1.0
Dmel_CG32786,-0.013385601,-0.9450113,0.989320154432142,1.0
Dmel_CR46208,-0.013385601,-1.0525345,0.989320154432142,1.0
Dmel_CG33645,-0.013386309,-1.0388515,0.9893195892750887,1.0
Dmel_CG15008,-0.013386309,-1.4102899,0.9893195892750887,1.0
Dmel_CG31546,-0.013386309,-1.3738483,0.9893195892750887,1.0
Dmel_CG43703,-0.013386309,-1.1355478,0.9893195892750887,1.0
Dmel_CG3964,-0.013386309,-1.3127317,0.9893195892750887,1.0
Dmel_CG33351,-0.013386309,-1.2287447,0.9893195892750887,1.0
Dmel_CG4286,-0.013386309,-1.7263379,0.9893195892750887,1.0
Dmel_CG8523,-0.013386309,-1.2116102,0.9893195892750887,1.0
Dmel_CG30445,-0.013386309,-0.9946587,0.9893195892750887,1.0
Dmel_CG17330,-0.013387018,-1.1487027,0.9893190241180406,1.0
Dmel_CG1941,-0.013387018,-1.1710784,0.9893190241180406,1.0
Dmel_CG13243,-0.013387018,-1.3859313,0.9893190241180406,1.0
Dmel_CR34678,-0.013387018,-1.4637792,0.9893190241180406,1.0
Dmel_CR45202,-0.013387727,-1.8805126,0.9893184589609979,1.0
Dmel_CG3610,-0.013387727,-2.124434,0.9893184589609979,1.0
Dmel_CG12971,-0.013387727,-1.6223307,0.9893184589609979,1.0
Dmel_CG33235,-0.013387727,-1.9481422,0.9893184589609979,1.0
Dmel_CG44303,-0.013387727,-1.5007067,0.9893184589609979,1.0
Dmel_CG10633,-0.013387727,-1.0938139,0.9893184589609979,1.0
Dmel_CG34169,-0.013387727,-1.458535,0.9893184589609979,1.0
Dmel_CG6738,-0.013387727,-1.1722441,0.9893184589609979,1.0
Dmel_CG8634,-0.013452898,0.0613816,0.9892664645360367,1.0
Dmel_CG32507,-0.013479816,-0.3464625,0.9892449885911909,1.0
Dmel_CG14027,-0.013493984,-0.57122725,0.9892336854654538,1.0
Dmel_CG8219,-0.013500359,-0.7969271,0.9892285990595769,1.0
Dmel_CG34316,-0.013563405,-0.15975066,0.9891783001806204,1.0
Dmel_CG15744,-0.013923264,-0.04585568,0.9888912017908162,1.0
Dmel_CG13982,-0.014151009,-0.058428302,0.9887095054208586,1.0
Dmel_CG3724,-0.014190324,-0.1008983,0.9886781395435261,1.0
Dmel_CG9499,-0.014327751,-1.1872493,0.9885685003984039,1.0
Dmel_CR46145,-0.014327751,-0.76693046,0.9885685003984039,1.0
Dmel_CG17107,-0.014327751,-1.0193983,0.9885685003984039,1.0
Dmel_CR44895,-0.014327751,-1.135626,0.9885685003984039,1.0
Dmel_CG2955,-0.014327751,-1.1488732,0.9885685003984039,1.0
Dmel_CR45567,-0.014327751,-0.8666865,0.9885685003984039,1.0
Dmel_CG31294,-0.014327751,-0.8473932,0.9885685003984039,1.0
Dmel_CG31785,-0.014327751,-0.7520668,0.9885685003984039,1.0
Dmel_CR45356,-0.014327751,-0.62726897,0.9885685003984039,1.0
Dmel_CG42264,-0.014327751,-0.9493488,0.9885685003984039,1.0
Dmel_CG43396,-0.014327751,-0.87476784,0.9885685003984039,1.0
Dmel_CG10950,-0.014327751,-0.62818253,0.9885685003984039,1.0
Dmel_CG7330,-0.014327751,-0.92023355,0.9885685003984039,1.0
Dmel_CG3510,-0.014327751,-1.1354703,0.9885685003984039,1.0
Dmel_CG6209,-0.014327751,-0.8843012,0.9885685003984039,1.0
Dmel_CR43793,-0.014327751,-1.0049458,0.9885685003984039,1.0
Dmel_CG33306,-0.014328458,-1.5076034,0.9885679352487288,1.0
Dmel_CG15446,-0.014328458,-1.4776103,0.9885679352487288,1.0
Dmel_CG13872,-0.014328458,-0.94079614,0.9885679352487288,1.0
Dmel_CG6280,-0.014328458,-1.4478999,0.9885679352487288,1.0
Dmel_CG12645,-0.014328458,-1.4624003,0.9885679352487288,1.0
Dmel_CG10899,-0.014328458,-1.3020709,0.9885679352487288,1.0
Dmel_CG13313,-0.014328458,-1.1774334,0.9885679352487288,1.0
Dmel_CG13997,-0.014328458,-1.1155556,0.9885679352487288,1.0
Dmel_CR46235,-0.014328458,-1.5102966,0.9885679352487288,1.0
Dmel_CG7963,-0.014328458,-1.1494259,0.9885679352487288,1.0
Dmel_CG5781,-0.014328458,-1.5628506,0.9885679352487288,1.0
Dmel_CR34544,-0.014328458,-0.76478606,0.9885679352487288,1.0
Dmel_CR43488,-0.014328458,-1.4600531,0.9885679352487288,1.0
Dmel_CG31809,-0.014328458,-1.0576612,0.9885679352487288,1.0
Dmel_CG30329,-0.014328458,-1.127008,0.9885679352487288,1.0
Dmel_CG1736,-0.014328458,-1.3213761,0.9885679352487288,1.0
Dmel_CG32391,-0.014328458,-1.3261039,0.9885679352487288,1.0
Dmel_CG1339,-0.014328458,-1.0209787,0.9885679352487288,1.0
Dmel_CG3868,-0.014328458,-1.2433921,0.9885679352487288,1.0
Dmel_CR46042,-0.014328458,-1.3009666,0.9885679352487288,1.0
Dmel_CG14664,-0.014328458,-1.4877601,0.9885679352487288,1.0
Dmel_CR45571,-0.014328458,-1.3120714,0.9885679352487288,1.0
Dmel_CG14829,-0.014328458,-1.0674303,0.9885679352487288,1.0
Dmel_CG3987,-0.014328458,-1.1918926,0.9885679352487288,1.0
Dmel_CG4770,-0.014328458,-1.1087145,0.9885679352487288,1.0
Dmel_CG14326,-0.014328458,-1.367103,0.9885679352487288,1.0
Dmel_CG13282,-0.014328458,-1.2948854,0.9885679352487288,1.0
Dmel_CR33656,-0.014328458,-1.0359225,0.9885679352487288,1.0
Dmel_CR42738,-0.014328458,-1.3116683,0.9885679352487288,1.0
Dmel_CG32832,-0.014328458,-1.5353553,0.9885679352487288,1.0
Dmel_CG3809,-0.014328458,-0.8446311,0.9885679352487288,1.0
Dmel_CG18581,-0.014328458,-1.3858355,0.9885679352487288,1.0
Dmel_CG6074,-0.014329167,-1.2603439,0.9885673700990595,1.0
Dmel_CR45982,-0.014329167,-1.4292803,0.9885673700990595,1.0
Dmel_CG15498,-0.014329167,-1.8681529,0.9885673700990595,1.0
Dmel_CG6034,-0.014329167,-1.9991491,0.9885673700990595,1.0
Dmel_CG15708,-0.014329167,-1.9223785,0.9885673700990595,1.0
Dmel_CR44412,-0.014329167,-1.7448593,0.9885673700990595,1.0
Dmel_CG6499,-0.014329167,-1.3691939,0.9885673700990595,1.0
Dmel_CG42355,-0.014329167,-1.8524395,0.9885673700990595,1.0
Dmel_CG1988,-0.014329167,-1.7587895,0.9885673700990595,1.0
Dmel_CG17962,-0.014329167,-1.7176685,0.9885673700990595,1.0
Dmel_CG6255,-0.014329167,-2.2172117,0.9885673700990595,1.0
Dmel_CG18179,-0.014329167,-1.2516551,0.9885673700990595,1.0
Dmel_CR46106,-0.014329167,-1.6082541,0.9885673700990595,1.0
Dmel_CR44539,-0.014329167,-1.8643624,0.9885673700990595,1.0
Dmel_CG31347,-0.014329167,-1.7885654,0.9885673700990595,1.0
Dmel_CG30090,-0.014329167,-1.7109287,0.9885673700990595,1.0
Dmel_CG14639,-0.014329167,-1.7905552,0.9885673700990595,1.0
Dmel_CG5639,-0.014329167,-1.697225,0.9885673700990595,1.0
Dmel_CG7856,-0.014329167,-1.5935752,0.9885673700990595,1.0
Dmel_CG42448,-0.014329167,-2.1448922,0.9885673700990595,1.0
Dmel_CR46007,-0.014329876,-2.2264347,0.9885668049493959,1.0
Dmel_CG14262,-0.014329876,-2.8281431,0.9885668049493959,1.0
Dmel_CR44642,-0.014329876,-3.2776115,0.9885668049493959,1.0
Dmel_CG12307,-0.014329876,-1.8533161,0.9885668049493959,1.0
Dmel_CG14870,-0.014329876,-2.3260746,0.9885668049493959,1.0
Dmel_CG11422,-0.014329876,-1.7555953,0.9885668049493959,1.0
Dmel_CG12020,-0.014329876,-3.0072072,0.9885668049493959,1.0
Dmel_CR34580,-0.014329876,-2.8684626,0.9885668049493959,1.0
Dmel_CG8303,-0.014329876,-1.8110304,0.9885668049493959,1.0
Dmel_CG43296,-0.014329876,-2.0080876,0.9885668049493959,1.0
Dmel_CR44131,-0.014329876,-1.9700428,0.9885668049493959,1.0
Dmel_CG32462,-0.014329876,-2.0036538,0.9885668049493959,1.0
Dmel_CG42640,-0.014329876,-1.9657009,0.9885668049493959,1.0
Dmel_CG44252,-0.014329876,-1.8911688,0.9885668049493959,1.0
Dmel_CG33192,-0.014329876,-3.350469,0.9885668049493959,1.0
Dmel_CG13793,-0.014329876,-2.5378914,0.9885668049493959,1.0
Dmel_CG17116,-0.014329876,-2.2141244,0.9885668049493959,1.0
Dmel_CG17267,-0.014329876,-1.6693645,0.9885668049493959,1.0
Dmel_CG34434,-0.014329876,-2.466074,0.9885668049493959,1.0
Dmel_CR46074,-0.014329876,-1.9626335,0.9885668049493959,1.0
Dmel_CR34060,-0.014329876,-1.941097,0.9885668049493959,1.0
Dmel_CG16964,-0.014329876,-1.7051961,0.9885668049493959,1.0
Dmel_CR45963,-0.014329876,-1.9141144,0.9885668049493959,1.0
Dmel_CG12161,-0.014329876,-1.7491773,0.9885668049493959,1.0
Dmel_CG1835,-0.014329876,-2.4591463,0.9885668049493959,1.0
Dmel_CG33017,-0.014329876,-2.4772582,0.9885668049493959,1.0
Dmel_CG31245,-0.014329876,-2.6669114,0.9885668049493959,1.0
Dmel_CG4374,-0.014329876,-2.3687634,0.9885668049493959,1.0
Dmel_CR46250,-0.01441311,-0.18360679,0.9885003999039347,1.0
Dmel_CG15887,-0.014417361,-0.37418637,0.9884970090101303,1.0
Dmel_CG6974,-0.014423736,-0.48623928,0.9884919226698131,1.0
Dmel_CR46067,-0.014426569,-0.45128575,0.9884896620742667,1.0
Dmel_CR44351,-0.014440738,-0.84151393,0.9884783590979214,1.0
Dmel_CG11142,-0.014467302,-0.14822826,0.9884571660235084,1.0
Dmel_CG17919,-0.014501304,-0.15910177,0.9884300389001468,1.0
Dmel_CR43661,-0.014514763,-0.25111285,0.9884193010841763,1.0
Dmel_CG2837,-0.014537431,-0.3504219,0.9884012163462318,1.0
Dmel_CG13896,-0.014743571,-0.012148935,0.9882367585352153,1.0
Dmel_CR34064,-0.014749238,-0.19804084,0.9882322373653075,1.0
Dmel_CG3842,-0.0147545505,-0.045288365,0.9882279987688621,1.0
Dmel_CG8679,-0.014772261,-0.01737276,0.9882138701164445,1.0
Dmel_CG18764,-0.014779698,-0.13148044,0.9882079360835311,1.0
Dmel_CG14993,-0.014856558,-0.16446833,0.9881466177816832,1.0
Dmel_CG18178,-0.014883122,-0.052371506,0.9881254248364785,1.0
Dmel_CG4330,-0.014969545,-0.15503958,0.9880564771794612,1.0
Dmel_CG4440,-0.015272733,-17.024696,0.9878145959439376,1.0
Dmel_CG9434,-0.015272733,-17.193556,0.9878145959439376,1.0
Dmel_CG32178,-0.015272733,-17.422777,0.9878145959439376,1.0
Dmel_CG44812,-0.015272733,-17.907646,0.9878145959439376,1.0
Dmel_CR45801,-0.015272733,-17.08549,0.9878145959439376,1.0
Dmel_CG13026,-0.015272733,-17.642134,0.9878145959439376,1.0
Dmel_CR44373,-0.015272733,-17.221464,0.9878145959439376,1.0
Dmel_CG34216,-0.015272733,-16.89074,0.9878145959439376,1.0
Dmel_CG13251,-0.015272733,-17.317114,0.9878145959439376,1.0
Dmel_CG34236,-0.015272733,-16.822815,0.9878145959439376,1.0
Dmel_CR43592,-0.015272733,-17.65712,0.9878145959439376,1.0
Dmel_CR43553,-0.015272733,-17.288149,0.9878145959439376,1.0
Dmel_CG45764,-0.015272733,-17.29402,0.9878145959439376,1.0
Dmel_CG18823,-0.015272733,-17.695864,0.9878145959439376,1.0
Dmel_CG13359,-0.015272733,-17.581606,0.9878145959439376,1.0
Dmel_CG45763,-0.015272733,-17.271671,0.9878145959439376,1.0
Dmel_CG15033,-0.015272733,-17.113089,0.9878145959439376,1.0
Dmel_CR44990,-0.015272733,-17.282423,0.9878145959439376,1.0
Dmel_CG33262,-0.015272733,-17.375963,0.9878145959439376,1.0
Dmel_CR44491,-0.015272733,-15.931321,0.9878145959439376,1.0
Dmel_CG6739,-0.015272733,-17.80354,0.9878145959439376,1.0
Dmel_CR46132,-0.015272733,-17.257942,0.9878145959439376,1.0
Dmel_CG11697,-0.015272733,-17.254232,0.9878145959439376,1.0
Dmel_CR34549,-0.015272733,-17.161034,0.9878145959439376,1.0
Dmel_CG33939,-0.015272733,-17.847324,0.9878145959439376,1.0
Dmel_CR45211,-0.015272733,-17.01379,0.9878145959439376,1.0
Dmel_CG33704,-0.015272733,-17.457535,0.9878145959439376,1.0
Dmel_CR44071,-0.015272733,-17.946833,0.9878145959439376,1.0
Dmel_CR44343,-0.015272733,-17.831518,0.9878145959439376,1.0
Dmel_CR45176,-0.015272733,-16.937346,0.9878145959439376,1.0
Dmel_CG31735,-0.015272733,-17.148037,0.9878145959439376,1.0
Dmel_CR44602,-0.015272733,-16.81946,0.9878145959439376,1.0
Dmel_CG16998,-0.015272733,-17.580477,0.9878145959439376,1.0
Dmel_CR46256,-0.015272733,-17.522753,0.9878145959439376,1.0
Dmel_CG15515,-0.015272733,-16.417833,0.9878145959439376,1.0
Dmel_CG1773,-0.015272733,-17.538046,0.9878145959439376,1.0
Dmel_CG42288,-0.015272733,-17.680237,0.9878145959439376,1.0
Dmel_CG10996,-0.015272733,-17.442957,0.9878145959439376,1.0
Dmel_CG33669,-0.015272733,-16.772385,0.9878145959439376,1.0
Dmel_CG43702,-0.015272733,-17.1598,0.9878145959439376,1.0
Dmel_CG17154,-0.015272733,-17.541962,0.9878145959439376,1.0
Dmel_CR46241,-0.015272733,-17.355341,0.9878145959439376,1.0
Dmel_CG18594,-0.015272733,-16.58316,0.9878145959439376,1.0
Dmel_CR33776,-0.015272733,-16.917988,0.9878145959439376,1.0
Dmel_CR44992,-0.015272733,-17.816534,0.9878145959439376,1.0
Dmel_CR46269,-0.015272733,-17.036253,0.9878145959439376,1.0
Dmel_CG3502,-0.015272733,-16.993986,0.9878145959439376,1.0
Dmel_CG30186,-0.015272733,-16.319983,0.9878145959439376,1.0
Dmel_CG14974,-0.015272733,-17.602886,0.9878145959439376,1.0
Dmel_CG13321,-0.015272733,-17.735588,0.9878145959439376,1.0
Dmel_CG13712,-0.015272733,-17.469763,0.9878145959439376,1.0
Dmel_CG33758,-0.015272733,-16.830263,0.9878145959439376,1.0
Dmel_CR42929,-0.015272733,-17.649498,0.9878145959439376,1.0
Dmel_CG15257,-0.015272733,-17.849115,0.9878145959439376,1.0
Dmel_CG10801,-0.015272733,-17.657133,0.9878145959439376,1.0
Dmel_CG4017,-0.015272733,-16.841686,0.9878145959439376,1.0
Dmel_CG7950,-0.015272733,-17.465696,0.9878145959439376,1.0
Dmel_CG32681,-0.015272733,-17.050133,0.9878145959439376,1.0
Dmel_CG13634,-0.015272733,-17.41689,0.9878145959439376,1.0
Dmel_CG11598,-0.015272733,-16.757345,0.9878145959439376,1.0
Dmel_CG43630,-0.015272733,-16.992128,0.9878145959439376,1.0
Dmel_CG11588,-0.015272733,-17.343039,0.9878145959439376,1.0
Dmel_CG3250,-0.015272733,-17.830622,0.9878145959439376,1.0
Dmel_CG8335,-0.015272733,-17.153664,0.9878145959439376,1.0
Dmel_CG3085,-0.015272733,-17.353504,0.9878145959439376,1.0
Dmel_CG1108,-0.015272733,-17.71282,0.9878145959439376,1.0
Dmel_CG17362,-0.015272733,-16.748655,0.9878145959439376,1.0
Dmel_CG13653,-0.015272733,-17.497774,0.9878145959439376,1.0
Dmel_CR46252,-0.015272733,-17.332064,0.9878145959439376,1.0
Dmel_CG14131,-0.015272733,-16.945871,0.9878145959439376,1.0
Dmel_CG31949,-0.015272733,-17.694166,0.9878145959439376,1.0
Dmel_CG7714,-0.015272733,-17.415705,0.9878145959439376,1.0
Dmel_CG14280,-0.015272733,-16.891663,0.9878145959439376,1.0
Dmel_CG33690,-0.015272733,-17.467705,0.9878145959439376,1.0
Dmel_CG3818,-0.015272733,-17.102797,0.9878145959439376,1.0
Dmel_CG13032,-0.015272733,-17.556799,0.9878145959439376,1.0
Dmel_CG9792,-0.015272733,-17.886875,0.9878145959439376,1.0
Dmel_CG9106,-0.015272733,-16.558693,0.9878145959439376,1.0
Dmel_CG18675,-0.015272733,-17.267414,0.9878145959439376,1.0
Dmel_CG4970,-0.015272733,-17.223373,0.9878145959439376,1.0
Dmel_CG8565,-0.015272733,-17.660862,0.9878145959439376,1.0
Dmel_CG6497,-0.015272733,-17.247448,0.9878145959439376,1.0
Dmel_CR34689,-0.015272733,-17.39137,0.9878145959439376,1.0
Dmel_CG17527,-0.015272733,-16.820492,0.9878145959439376,1.0
Dmel_CG31798,-0.015272733,-17.323616,0.9878145959439376,1.0
Dmel_CR45319,-0.015272733,-17.241201,0.9878145959439376,1.0
Dmel_CG12133,-0.015272733,-15.758642,0.9878145959439376,1.0
Dmel_CG30360,-0.015272733,-17.793732,0.9878145959439376,1.0
Dmel_CG2044,-0.015272733,-17.276724,0.9878145959439376,1.0
Dmel_CG9173,-0.015272733,-17.594833,0.9878145959439376,1.0
Dmel_CG13519,-0.015272733,-17.10538,0.9878145959439376,1.0
Dmel_CR42948,-0.015272733,-16.833923,0.9878145959439376,1.0
Dmel_CG32189,-0.015272733,-16.743511,0.9878145959439376,1.0
Dmel_CG30083,-0.015272733,-17.800903,0.9878145959439376,1.0
Dmel_CG32450,-0.015272733,-16.85368,0.9878145959439376,1.0
Dmel_CG33003,-0.015272733,-17.251894,0.9878145959439376,1.0
Dmel_CG11966,-0.015272733,-17.395752,0.9878145959439376,1.0
Dmel_CG2692,-0.015272733,-17.207827,0.9878145959439376,1.0
Dmel_CR43282,-0.015272733,-16.773533,0.9878145959439376,1.0
Dmel_CG2663,-0.015272733,-16.942127,0.9878145959439376,1.0
Dmel_CG2666,-0.015272733,-17.20154,0.9878145959439376,1.0
Dmel_CG7031,-0.015272733,-16.807186,0.9878145959439376,1.0
Dmel_CG33647,-0.015272733,-17.453537,0.9878145959439376,1.0
Dmel_CG14735,-0.015272733,-17.470327,0.9878145959439376,1.0
Dmel_CG12268,-0.015272733,-17.786509,0.9878145959439376,1.0
Dmel_CR44554,-0.015272733,-17.424572,0.9878145959439376,1.0
Dmel_CR44062,-0.015272733,-16.981903,0.9878145959439376,1.0
Dmel_CG17751,-0.015272733,-17.37697,0.9878145959439376,1.0
Dmel_CG33497,-0.015272733,-16.84856,0.9878145959439376,1.0
Dmel_CG10943,-0.015272733,-17.143188,0.9878145959439376,1.0
Dmel_CG42854,-0.015272733,-16.990055,0.9878145959439376,1.0
Dmel_CG14115,-0.015272733,-17.286335,0.9878145959439376,1.0
Dmel_CR45259,-0.015272733,-17.251856,0.9878145959439376,1.0
Dmel_CR44614,-0.015272733,-17.533587,0.9878145959439376,1.0
Dmel_CG17945,-0.015272733,-17.535517,0.9878145959439376,1.0
Dmel_CG31091,-0.015272733,-16.451227,0.9878145959439376,1.0
Dmel_CG10917,-0.015272733,-17.45353,0.9878145959439376,1.0
Dmel_CG33057,-0.015272733,-17.10587,0.9878145959439376,1.0
Dmel_CG13675,-0.015272733,-17.45459,0.9878145959439376,1.0
Dmel_CG13733,-0.015272733,-16.047997,0.9878145959439376,1.0
Dmel_CG15396,-0.015272733,-15.959101,0.9878145959439376,1.0
Dmel_CG10211,-0.015272733,-17.604155,0.9878145959439376,1.0
Dmel_CG18673,-0.015272733,-16.892279,0.9878145959439376,1.0
Dmel_CG15930,-0.015272733,-17.68292,0.9878145959439376,1.0
Dmel_CG43206,-0.015272733,-17.415565,0.9878145959439376,1.0
Dmel_CG17199,-0.015272733,-16.754972,0.9878145959439376,1.0
Dmel_CR43415,-0.015272733,-17.019033,0.9878145959439376,1.0
Dmel_CG42479,-0.015272733,-17.343573,0.9878145959439376,1.0
Dmel_CR31185,-0.015272733,-17.258093,0.9878145959439376,1.0
Dmel_CG16852,-0.015272733,-17.53775,0.9878145959439376,1.0
Dmel_CR33693,-0.015272733,-16.869429,0.9878145959439376,1.0
Dmel_CG11356,-0.015272733,-17.166502,0.9878145959439376,1.0
Dmel_CG33644,-0.015272733,-17.508524,0.9878145959439376,1.0
Dmel_CG5450,-0.015272733,-17.123232,0.9878145959439376,1.0
Dmel_CG12807,-0.015272733,-17.476969,0.9878145959439376,1.0
Dmel_CR46068,-0.015272733,-17.799202,0.9878145959439376,1.0
Dmel_CR43960,-0.015272733,-16.57967,0.9878145959439376,1.0
Dmel_CG5993,-0.015272733,-17.351782,0.9878145959439376,1.0
Dmel_CR46331,-0.015272733,-17.288542,0.9878145959439376,1.0
Dmel_CR44994,-0.015272733,-17.425938,0.9878145959439376,1.0
Dmel_CG9602,-0.015272733,-17.753487,0.9878145959439376,1.0
Dmel_CR44925,-0.015272733,-17.244339,0.9878145959439376,1.0
Dmel_CG8105,-0.015272733,-17.734434,0.9878145959439376,1.0
Dmel_CG6118,-0.015272733,-16.744804,0.9878145959439376,1.0
Dmel_CR34046,-0.015272733,-17.187757,0.9878145959439376,1.0
Dmel_CG14077,-0.015272733,-17.27617,0.9878145959439376,1.0
Dmel_CR43632,-0.015272733,-16.58209,0.9878145959439376,1.0
Dmel_CG4830,-0.015272733,-16.565338,0.9878145959439376,1.0
Dmel_CR44507,-0.015272733,-17.493547,0.9878145959439376,1.0
Dmel_CG4423,-0.015272733,-16.562975,0.9878145959439376,1.0
Dmel_CR44446,-0.015272733,-17.242064,0.9878145959439376,1.0
Dmel_CG10589,-0.015272733,-17.409445,0.9878145959439376,1.0
Dmel_CG13027,-0.015272733,-16.970886,0.9878145959439376,1.0
Dmel_CG45785,-0.015272733,-16.541267,0.9878145959439376,1.0
Dmel_CR40629,-0.015272733,-16.08825,0.9878145959439376,1.0
Dmel_CG31918,-0.015339675,-0.03079699,0.9877611900736483,1.0
Dmel_CR44111,-0.015353489,-0.23665236,0.9877501698215175,1.0
Dmel_CG7385,-0.015354197,-0.22713037,0.9877496046804456,1.0
Dmel_CG15629,-0.015368365,-0.51027316,0.9877383018602983,1.0
Dmel_CG8404,-0.015372615,-0.6615186,0.9877349110147339,1.0
Dmel_CG18190,-0.015382532,-1.3001992,0.9877269990426121,1.0
Dmel_CG14118,-0.015429285,-0.050036836,0.9876896997617366,1.0
Dmel_CG1443,-0.01544487,-0.108005196,0.9876772666740866,1.0
Dmel_CG14457,-0.015820313,-0.05087184,0.987377743201284,1.0
Dmel_CG15096,-0.015821021,-0.3620231,0.9873771780643243,1.0
Dmel_CG7459,-0.016192215,-0.36584908,0.9870810471754455,1.0
Dmel_CG1239,-0.016248176,-0.10193792,0.9870364016413957,1.0
Dmel_CG33834,-0.0162882,0.06674539,0.9870044716324409,1.0
Dmel_CG32454,-0.016293159,-0.045076128,0.9870005157035759,1.0
Dmel_CG44259,-0.016295284,-0.07892617,0.9869988203055889,1.0
Dmel_CR46037,-0.0162967,-0.18853965,0.9869976900402968,1.0
Dmel_CR46148,-0.016299535,-0.31872708,0.9869954295097909,1.0
Dmel_CR45401,-0.016303783,-0.22675242,0.9869920387142277,1.0
Dmel_CG13318,-0.016304493,-0.32532275,0.9869914735816567,1.0
Dmel_CG5317,-0.016305909,-0.4963669,0.9869903433165342,1.0
Dmel_CG7235,-0.016305909,-0.41509962,0.9869903433165342,1.0
Dmel_CR33750,-0.016306618,-0.46106848,0.9869897781839828,1.0
Dmel_CG12824,-0.016308744,-0.40712208,0.9869880827863677,1.0
Dmel_CR46079,-0.016312992,-0.74736565,0.9869846919913138,1.0
Dmel_CG5360,-0.016398354,-0.054259192,0.9869165935738362,1.0
Dmel_CR43875,-0.016403312,-0.30100262,0.9869126376520942,1.0
Dmel_CG17150,-0.01643023,-0.49459916,0.9868911626539689,1.0
Dmel_CG33514,-0.016487256,-0.15171821,0.9868456695972264,1.0
Dmel_CG12780,-0.016527988,-0.0318873,0.9868131745828743,1.0
Dmel_CG1488,-0.016789734,-0.2155274,0.986604359319294,1.0
Dmel_CG1119,-0.01685774,-0.07773609,0.9865501070594168,1.0
Dmel_CG34445,-0.017242745,-0.26966769,0.9862429613307816,1.0
Dmel_CG5925,-0.017242745,-0.3420756,0.9862429613307816,1.0
Dmel_CG14760,-0.01724558,-0.39451456,0.9862407008361416,1.0
Dmel_CR44757,-0.017246287,-0.4119697,0.9862401357124988,1.0
Dmel_CG33700,-0.017247705,-0.5304729,0.986239005465234,1.0
Dmel_CG13332,-0.017247705,-0.4928602,0.986239005465234,1.0
Dmel_CG10657,-0.017253371,-0.8506501,0.986234484476451,1.0
Dmel_CR43583,-0.017254788,-0.5294308,0.9862333542293243,1.0
Dmel_CG11041,-0.017255496,-0.82930607,0.9862327891057714,1.0
Dmel_CG31226,-0.017255496,-0.78605217,0.9862327891057714,1.0
Dmel_CG7589,-0.017330585,-0.18278493,0.9861728860483858,1.0
Dmel_CG11413,-0.017340856,-0.20607403,0.9861646917682875,1.0
Dmel_CR44065,-0.017342627,-0.33695295,0.9861632789615216,1.0
Dmel_CG12878,-0.017476512,-0.063351125,0.9860564708959699,1.0
Dmel_CG9134,-0.017550891,-0.038542945,0.985997133189639,1.0
Dmel_CG3982,-0.017571434,-0.22755873,0.985980744693909,1.0
Dmel_CG9597,-0.01757781,-0.08582089,0.9859756586102298,1.0
Dmel_CR43785,-0.017645815,-0.008385551,0.9859214070864918,1.0
Dmel_CR45381,-0.017681943,-0.1980624,0.9858925859909694,1.0
Dmel_CG7499,-0.017851247,-0.14594159,0.9857575226715976,1.0
Dmel_CR45000,-0.018182416,-0.19002402,0.9854933309607316,1.0
Dmel_CR43578,-0.018183831,-0.17341088,0.9854922007322101,1.0
Dmel_CG43064,-0.018187374,-0.35781103,0.985489375161034,1.0
Dmel_CG18105,-0.018188082,-0.3851282,0.9854888100468205,1.0
Dmel_CG18516,-0.018192332,-0.61738575,0.9854854193616931,1.0
Dmel_CR34622,-0.01819304,-0.78634745,0.9854848542475306,1.0
Dmel_CR32835,-0.01819375,-0.93227106,0.9854842891333755,1.0
Dmel_CG5717,-0.018194458,-0.87047654,0.9854837240192277,1.0
Dmel_CG30110,-0.018195165,-0.7865657,0.9854831589050871,1.0
Dmel_CR34641,-0.018195165,-0.7282597,0.9854831589050871,1.0
Dmel_CG11841,-0.01819729,-0.9448045,0.985481463562709,1.0
Dmel_CG43445,-0.018201541,-1.3104844,0.9854780728781497,1.0
Dmel_CG17010,-0.018274859,-0.1744489,0.9854195836108427,1.0
Dmel_CG10918,-0.018280527,-0.26248825,0.9854150627045511,1.0
Dmel_CR44606,-0.018280527,-0.32015035,0.9854150627045511,1.0
Dmel_CG33642,-0.018286193,-0.35329086,0.985410541798728,1.0
Dmel_CR45171,-0.018292923,0.07307937,0.9854051732236715,1.0
Dmel_CG12250,-0.01831382,-0.53808653,0.9853885023895518,1.0
Dmel_CR44809,-0.018345343,-0.09318231,0.9853633548721903,1.0
Dmel_CR46127,-0.018357385,-0.16353394,0.9853537479592832,1.0
Dmel_CG1750,-0.018438142,-0.02624913,0.9852893251864945,1.0
Dmel_CR43828,-0.018450892,0.052666847,0.9852791531784963,1.0
Dmel_CG1652,-0.018586902,0.006853656,0.9851706519090858,1.0
Dmel_CR45187,-0.018714057,-0.07229837,0.9850692147724487,1.0
Dmel_CG17928,-0.018746288,-0.34144,0.9850435023331989,1.0
Dmel_CR45551,-0.019129168,-0.5657502,0.9847380623551044,1.0
Dmel_CG17470,-0.019131294,-0.38555703,0.9847363670422785,1.0
Dmel_CG3347,-0.019132003,-0.6676575,0.9847358019380186,1.0
Dmel_CG14221,-0.019132711,-0.69893473,0.9847352368337663,1.0
Dmel_CG32279,-0.019132711,-0.48309597,0.9847352368337663,1.0
Dmel_CG4163,-0.019134127,-0.6633422,0.9847341066252846,1.0
Dmel_CG17941,-0.019134836,-0.6524806,0.9847335415210552,1.0
Dmel_CG14244,-0.019134836,-0.6682979,0.9847335415210552,1.0
Dmel_CG14419,-0.019134836,-0.6838655,0.9847335415210552,1.0
Dmel_CG18609,-0.019135544,-0.7498515,0.9847329764168335,1.0
Dmel_CG42246,-0.019135544,-0.97258496,0.9847329764168335,1.0
Dmel_CG17224,-0.019136252,-0.7758157,0.9847324113126196,1.0
Dmel_CR34080,-0.019136252,-0.97300494,0.9847324113126196,1.0
Dmel_CG5177,-0.019136252,-0.8448034,0.9847324113126196,1.0
Dmel_CG10814,-0.01913767,-0.9229139,0.9847312811042145,1.0
Dmel_CG14062,-0.01913767,-0.97027194,0.9847312811042145,1.0
Dmel_CG9458,-0.019139087,-1.3736811,0.98473015089584,1.0
Dmel_CR45271,-0.019139087,-0.92056054,0.98473015089584,1.0
Dmel_CG1031,-0.019139087,-1.0847003,0.98473015089584,1.0
Dmel_CG3440,-0.019139795,-1.0278083,0.9847295857916643,1.0
Dmel_CG9589,-0.01919859,-0.00478859,0.9846826821718156,1.0
Dmel_CG3389,-0.019204257,-0.17645654,0.9846781613437818,1.0
Dmel_CG18636,-0.019217009,-0.22708954,0.9846679894825047,1.0
Dmel_CR44069,-0.019226925,-0.4052308,0.9846600780365677,1.0
Dmel_CR34603,-0.019231176,-0.4529855,0.9846566874173424,1.0
Dmel_CG6570,-0.019316182,0.053618047,0.9845888750911143,1.0
Dmel_CG12275,-0.019350892,-0.3401844,0.9845611850898929,1.0
Dmel_CG3353,-0.01958466,-0.029041283,0.9843747018942745,1.0
Dmel_CR44031,-0.01968454,-0.18217947,0.9842950229704257,1.0
Dmel_CG10812,-0.019766005,-0.22028026,0.9842300367300503,1.0
Dmel_CG1287,-0.019910514,-0.19469619,0.9841147570483302,1.0
Dmel_CG17386,-0.020009689,-0.22159392,0.9840356437330455,1.0
Dmel_CR45387,-0.020070964,0.30856207,0.9839867630845187,1.0
Dmel_CG43315,-0.02007309,-0.21575904,0.9839850678029884,1.0
Dmel_CG42710,-0.02007309,-0.23989007,0.9839850678029884,1.0
Dmel_CG18341,-0.020073798,-0.5611592,0.983984502709161,1.0
Dmel_CR46069,-0.020074505,-0.2071357,0.9839839376153418,1.0
Dmel_CR34550,-0.020074505,-0.48982754,0.9839839376153418,1.0
Dmel_CG43108,-0.020074505,-0.7467538,0.9839839376153418,1.0
Dmel_CG7895,-0.020075923,-0.7378351,0.9839828074277271,1.0
Dmel_CR44022,-0.020075923,-0.60917413,0.9839828074277271,1.0
Dmel_CG12395,-0.02007663,-0.74227715,0.983982242333932,1.0
Dmel_CG15124,-0.02007663,-0.97448194,0.983982242333932,1.0
Dmel_CR45188,-0.02007663,-0.67703134,0.983982242333932,1.0
Dmel_CG10734,-0.020077338,-0.88710004,0.9839816772401447,1.0
Dmel_CG6052,-0.020077338,-0.9296037,0.9839816772401447,1.0
Dmel_CG3252,-0.020078048,-0.8636954,0.9839811121463656,1.0
Dmel_CG13320,-0.020078756,-1.0884101,0.9839805470525945,1.0
Dmel_CG11664,-0.020078756,-0.9121986,0.9839805470525945,1.0
Dmel_CG42237,-0.020079464,-1.15036,0.9839799819588314,1.0
Dmel_CG8813,-0.020079464,-1.0807114,0.9839799819588314,1.0
Dmel_CG14143,-0.020079464,-1.1615942,0.9839799819588314,1.0
Dmel_CG2857,-0.020080173,-1.0873101,0.9839794168650764,1.0
Dmel_CG7659,-0.020080173,-1.2045834,0.9839794168650764,1.0
Dmel_CG1126,-0.020080173,-1.0358562,0.9839794168650764,1.0
Dmel_CR45906,-0.020080173,-1.2623223,0.9839794168650764,1.0
Dmel_CR46352,-0.020081589,-1.5825961,0.9839782866775905,1.0
Dmel_CG13678,-0.020082299,-1.3110809,0.9839777215838595,1.0
Dmel_CR45867,-0.020083714,-1.2755356,0.9839765913964218,1.0
Dmel_CG14137,-0.020167658,-0.31401277,0.9839096278482151,1.0
Dmel_CG12320,-0.020203076,-0.06901373,0.9838813732205055,1.0
Dmel_CG12945,-0.020211931,-0.100568905,0.9838743095667358,1.0
Dmel_CG8399,-0.020247351,-0.1797601,0.9838460549643046,1.0
Dmel_CG2261,-0.020375215,-0.0643047,0.9837440560183903,1.0
Dmel_CG14246,-0.020473326,-0.14948106,0.9836657910793153,1.0
Dmel_CG31020,-0.020497056,-0.09145217,0.9836468605941685,1.0
Dmel_CG11482,-0.020548059,-0.0998092,0.9836061742095069,1.0
Dmel_CG15529,-0.020730821,-0.28184292,0.9834603816820379,1.0
Dmel_CG44883,-0.021017717,-0.44674098,0.9832315224351501,1.0
Dmel_CG14491,-0.021018425,-0.5254623,0.98323095735229,1.0
Dmel_CG34207,-0.021019135,-1.1515958,0.9832303922694383,1.0
Dmel_CG4500,-0.021019842,-0.8684573,0.9832298271865951,1.0
Dmel_CG31148,-0.02102055,-0.9546358,0.9832292621037603,1.0
Dmel_CG14781,-0.02102055,-1.0031121,0.9832292621037603,1.0
Dmel_CG15368,-0.02102055,-1.0934318,0.9832292621037603,1.0
Dmel_CR45357,-0.02102055,-1.0379533,0.9832292621037603,1.0
Dmel_CR46245,-0.02102126,-1.1498481,0.9832286970209339,1.0
Dmel_CG4362,-0.021021968,-1.2824323,0.9832281319381159,1.0
Dmel_CG34189,-0.021021968,-1.358214,0.9832281319381159,1.0
Dmel_CR43878,-0.021021968,-1.4174113,0.9832281319381159,1.0
Dmel_CG42300,-0.021021968,-1.3543735,0.9832281319381159,1.0
Dmel_CG16741,-0.021021968,-1.2863545,0.9832281319381159,1.0
Dmel_CG4394,-0.021021968,-1.0840323,0.9832281319381159,1.0
Dmel_CG42269,-0.021021968,-1.3870133,0.9832281319381159,1.0
Dmel_CG43999,-0.021021968,-1.1393719,0.9832281319381159,1.0
Dmel_CG33346,-0.021021968,-1.3065289,0.9832281319381159,1.0
Dmel_CG13250,-0.021021968,-1.4330323,0.9832281319381159,1.0
Dmel_CR45823,-0.021021968,-1.3986844,0.9832281319381159,1.0
Dmel_CG45076,-0.021023385,-1.4573624,0.9832270017725051,1.0
Dmel_CG1273,-0.021023385,-1.4095922,0.9832270017725051,1.0
Dmel_CG6265,-0.021023385,-1.7073281,0.9832270017725051,1.0
Dmel_CG33476,-0.021024093,-1.6322861,0.9832264366897123,1.0
Dmel_CG9080,-0.021024093,-1.5628563,0.9832264366897123,1.0
Dmel_CG17645,-0.021024093,-1.8620396,0.9832264366897123,1.0
Dmel_CG32726,-0.021024093,-1.6981281,0.9832264366897123,1.0
Dmel_CG6445,-0.021024093,-2.1267989,0.9832264366897123,1.0
Dmel_CR43580,-0.021024093,-1.7252846,0.9832264366897123,1.0
Dmel_CG6830,-0.0210248,-2.2012622,0.983225871606928,1.0
Dmel_CG8006,-0.0210248,-2.671837,0.983225871606928,1.0
Dmel_CG5207,-0.0210248,-1.9934329,0.983225871606928,1.0
Dmel_CG34302,-0.021094223,-0.12350979,0.9831704935349342,1.0
Dmel_CG1669,-0.021097764,-0.11657442,0.9831676681252698,1.0
Dmel_CG30376,-0.021102015,-0.26291907,0.9831642776339513,1.0
Dmel_CR45522,-0.02111689,-0.4479796,0.9831524109167314,1.0
Dmel_CG42521,-0.021147352,0.038779624,0.9831281124121536,1.0
Dmel_CG13248,-0.021236254,-0.05634322,0.983057194773264,1.0
Dmel_CR44718,-0.021296112,-0.17741671,0.9830094455220694,1.0
Dmel_CR43701,-0.021607092,-0.45711973,0.9827613764312194,1.0
Dmel_CG7744,-0.021623384,-0.16005442,0.9827483796908822,1.0
Dmel_CG43369,-0.021834837,-0.12526038,0.9825797050209124,1.0
Dmel_CG31860,-0.021888673,-0.105748124,0.9825367595003799,1.0
Dmel_CG15189,-0.021963762,-0.8163813,0.9824768618852331,1.0
Dmel_CR45224,-0.021963762,-1.4893545,0.9824768618852331,1.0
Dmel_CG9976,-0.021963762,-1.1693567,0.9824768618852331,1.0
Dmel_CG15766,-0.021963762,-1.6620429,0.9824768618852331,1.0
Dmel_CG13847,-0.021964472,-1.2929006,0.982476296813862,1.0
Dmel_CG9289,-0.021964472,-1.453648,0.982476296813862,1.0
Dmel_CG2750,-0.021964472,-1.7893257,0.982476296813862,1.0
Dmel_CR43504,-0.021964472,-1.8174813,0.982476296813862,1.0
Dmel_CG12847,-0.021964472,-1.5668205,0.982476296813862,1.0
Dmel_CR43406,-0.021964472,-1.7121352,0.982476296813862,1.0
Dmel_CG32679,-0.021964472,-1.7971232,0.982476296813862,1.0
Dmel_CR45712,-0.021964472,-1.5069062,0.982476296813862,1.0
Dmel_CR44419,-0.021964472,-1.4870603,0.982476296813862,1.0
Dmel_CR45168,-0.021964472,-1.8291177,0.982476296813862,1.0
Dmel_CG13477,-0.021964472,-1.4571928,0.982476296813862,1.0
Dmel_CG43231,-0.021964472,-1.7616171,0.982476296813862,1.0
Dmel_CR43961,-0.021964472,-1.5477189,0.982476296813862,1.0
Dmel_CR43912,-0.02196518,-2.1192286,0.9824757317424996,1.0
Dmel_CG6690,-0.02196518,-1.3417209,0.9824757317424996,1.0
Dmel_CG43312,-0.02196518,-2.1021118,0.9824757317424996,1.0
Dmel_CR45923,-0.02196518,-1.9491469,0.9824757317424996,1.0
Dmel_CG7295,-0.02196518,-1.83926,0.9824757317424996,1.0
Dmel_CG45080,-0.02196518,-1.8960825,0.9824757317424996,1.0
Dmel_CR45335,-0.02196518,-2.140991,0.9824757317424996,1.0
Dmel_CG15719,-0.02196518,-1.7844357,0.9824757317424996,1.0
Dmel_CR43595,-0.02196518,-1.7774583,0.9824757317424996,1.0
Dmel_CG8851,-0.02196518,-2.0784361,0.9824757317424996,1.0
Dmel_CG17173,-0.021965887,-2.173974,0.982475166671146,1.0
Dmel_CG32063,-0.021965887,-1.9177742,0.982475166671146,1.0
Dmel_CG34461,-0.021965887,-1.8830038,0.982475166671146,1.0
Dmel_CG18231,-0.021965887,-2.0896451,0.982475166671146,1.0
Dmel_CG10683,-0.021965887,-2.0047202,0.982475166671146,1.0
Dmel_CR43507,-0.021965887,-2.395874,0.982475166671146,1.0
Dmel_CG15646,-0.021965887,-2.1130686,0.982475166671146,1.0
Dmel_CR44804,-0.021965887,-2.0272756,0.982475166671146,1.0
Dmel_CG3323,-0.021965887,-2.117422,0.982475166671146,1.0
Dmel_CG43149,-0.021965887,-2.0766785,0.982475166671146,1.0
Dmel_CG2291,-0.021965887,-2.3768587,0.982475166671146,1.0
Dmel_CG34327,-0.021965887,-1.9310045,0.982475166671146,1.0
Dmel_CG7896,-0.021965887,-2.375176,0.982475166671146,1.0
Dmel_CG18369,-0.021966595,-2.1916337,0.9824746015998012,1.0
Dmel_CR34582,-0.021966595,-2.4749205,0.9824746015998012,1.0
Dmel_CG13646,-0.021966595,-2.644301,0.9824746015998012,1.0
Dmel_CG14891,-0.021966595,-3.6696055,0.9824746015998012,1.0
Dmel_CG31391,-0.021966595,-2.8817682,0.9824746015998012,1.0
Dmel_CG14406,-0.021966595,-2.0493424,0.9824746015998012,1.0
Dmel_CG15200,-0.021966595,-2.7865555,0.9824746015998012,1.0
Dmel_CG17237,-0.021966595,-2.7209218,0.9824746015998012,1.0
Dmel_CG14444,-0.021966595,-4.0353203,0.9824746015998012,1.0
Dmel_CG13095,-0.021966595,-3.0953112,0.9824746015998012,1.0
Dmel_CG33792,-0.021966595,-2.6373136,0.9824746015998012,1.0
Dmel_CG14756,-0.021966595,-2.664012,0.9824746015998012,1.0
Dmel_CG7216,-0.021966595,-2.7771413,0.9824746015998012,1.0
Dmel_CG12826,-0.021966595,-2.297584,0.9824746015998012,1.0
Dmel_CR43610,-0.021966595,-1.9573401,0.9824746015998012,1.0
Dmel_CR44283,-0.021966595,-3.5500422,0.9824746015998012,1.0
Dmel_CG34259,-0.021966595,-2.1836,0.9824746015998012,1.0
Dmel_CG8086,-0.021989973,-0.19820696,0.9824559542503574,1.0
Dmel_CG5560,-0.022046998,-0.37644076,0.982410466059371,1.0
Dmel_CG10252,-0.022047706,-0.27322248,0.9824099009890348,1.0
Dmel_CG11760,-0.022050539,-0.41478243,0.9824076407077784,1.0
Dmel_CG2321,-0.022053372,-0.121374995,0.9824053804266631,1.0
Dmel_CR44299,-0.022061873,-0.7784428,0.9823985995841652,1.0
Dmel_CG34010,-0.022066124,-0.5923945,0.982395209163393,1.0
Dmel_CG9432,-0.022070374,-0.75021017,0.9823918187429388,1.0
Dmel_CR45897,-0.022075333,-1.0419893,0.9823878632528109,1.0
Dmel_CG15425,-0.022078166,-0.6573164,0.9823856029729322,1.0
Dmel_CR45170,-0.02213838,0.1240915,0.982337572058967,1.0
Dmel_CG14752,-0.02216636,-0.35850865,0.9823152518324918,1.0
Dmel_CG13085,-0.022172736,-0.47985262,0.9823101662132054,1.0
Dmel_CG16705,-0.022210987,-0.6466232,0.9822796525125917,1.0
Dmel_CG1401,-0.022228697,-0.06903649,0.9822655258081215,1.0
Dmel_CR45928,-0.022282181,-0.2989446,0.9822228631943967,1.0
Dmel_CG9357,-0.022382416,-0.19721225,0.982142906247426,1.0
Dmel_CG44385,-0.022402605,-0.09102453,0.9821268018663573,1.0
Dmel_CG4329,-0.022408627,-0.24906844,0.9821219988067466,1.0
Dmel_CG16785,-0.022682417,-0.10759858,0.9819036015483438,1.0
Dmel_CR45280,-0.0229091,-17.742588,0.9817227820754125,1.0
Dmel_CG31639,-0.0229091,-17.960163,0.9817227820754125,1.0
Dmel_CG8349,-0.0229091,-18.078798,0.9817227820754125,1.0
Dmel_CR44909,-0.0229091,-18.081207,0.9817227820754125,1.0
Dmel_CR34585,-0.0229091,-17.50299,0.9817227820754125,1.0
Dmel_CG34034,-0.0229091,-18.166533,0.9817227820754125,1.0
Dmel_CG10478,-0.0229091,-17.514063,0.9817227820754125,1.0
Dmel_CG43190,-0.0229091,-17.835135,0.9817227820754125,1.0
Dmel_CR44710,-0.0229091,-17.77521,0.9817227820754125,1.0
Dmel_CR43097,-0.0229091,-17.839977,0.9817227820754125,1.0
Dmel_CG5195,-0.0229091,-17.781668,0.9817227820754125,1.0
Dmel_CG14934,-0.0229091,-17.790365,0.9817227820754125,1.0
Dmel_CR46246,-0.0229091,-17.861448,0.9817227820754125,1.0
Dmel_CG17866,-0.0229091,-17.718012,0.9817227820754125,1.0
Dmel_CG5939,-0.0229091,-18.145355,0.9817227820754125,1.0
Dmel_CG6524,-0.0229091,-17.752798,0.9817227820754125,1.0
Dmel_CG15414,-0.0229091,-17.961018,0.9817227820754125,1.0
Dmel_CR43928,-0.0229091,-17.624746,0.9817227820754125,1.0
Dmel_CG31901,-0.0229091,-18.204533,0.9817227820754125,1.0
Dmel_CG31496,-0.0229091,-17.527346,0.9817227820754125,1.0
Dmel_CG17934,-0.0229091,-18.254896,0.9817227820754125,1.0
Dmel_CG5762,-0.0229091,-18.380621,0.9817227820754125,1.0
Dmel_CR44907,-0.0229091,-18.114752,0.9817227820754125,1.0
Dmel_CG18649,-0.0229091,-17.898018,0.9817227820754125,1.0
Dmel_CG10124,-0.0229091,-17.794538,0.9817227820754125,1.0
Dmel_CG32219,-0.0229091,-17.61741,0.9817227820754125,1.0
Dmel_CG10838,-0.0229091,-18.15781,0.9817227820754125,1.0
Dmel_CG31862,-0.0229091,-18.083591,0.9817227820754125,1.0
Dmel_CG8492,-0.0229091,-18.33378,0.9817227820754125,1.0
Dmel_CG1984,-0.0229091,-18.2156,0.9817227820754125,1.0
Dmel_CG9030,-0.0229091,-18.296127,0.9817227820754125,1.0
Dmel_CG18568,-0.0229091,-17.802635,0.9817227820754125,1.0
Dmel_CR45253,-0.0229091,-18.000692,0.9817227820754125,1.0
Dmel_CR46205,-0.0229091,-17.897686,0.9817227820754125,1.0
Dmel_CG15177,-0.0229091,-18.312742,0.9817227820754125,1.0
Dmel_CG3306,-0.0229091,-18.046156,0.9817227820754125,1.0
Dmel_CG14718,-0.0229091,-18.328833,0.9817227820754125,1.0
Dmel_CG8807,-0.0229091,-17.649971,0.9817227820754125,1.0
Dmel_CG5971,-0.0229091,-17.759325,0.9817227820754125,1.0
Dmel_CG15155,-0.0229091,-17.8138,0.9817227820754125,1.0
Dmel_CR44267,-0.0229091,-17.416248,0.9817227820754125,1.0
Dmel_CG32246,-0.0229091,-18.171247,0.9817227820754125,1.0
Dmel_CG4889,-0.0229091,-17.784767,0.9817227820754125,1.0
Dmel_CG14355,-0.0229091,-18.313555,0.9817227820754125,1.0
Dmel_CG15592,-0.0229091,-17.840498,0.9817227820754125,1.0
Dmel_CG11501,-0.0229091,-18.07884,0.9817227820754125,1.0
Dmel_CG32693,-0.0229091,-18.165428,0.9817227820754125,1.0
Dmel_CG5389,-0.0229091,-16.919937,0.9817227820754125,1.0
Dmel_CG14402,-0.0229091,-18.108652,0.9817227820754125,1.0
Dmel_CG42841,-0.0229091,-18.250984,0.9817227820754125,1.0
Dmel_CG14949,-0.0229091,-18.083595,0.9817227820754125,1.0
Dmel_CG15369,-0.0229091,-18.268953,0.9817227820754125,1.0
Dmel_CG10339,-0.0229091,-18.153898,0.9817227820754125,1.0
Dmel_CR34568,-0.0229091,-17.974215,0.9817227820754125,1.0
Dmel_CG43089,-0.0229091,-18.206158,0.9817227820754125,1.0
Dmel_CR45651,-0.0229091,-17.510866,0.9817227820754125,1.0
Dmel_CR44039,-0.0229091,-18.091833,0.9817227820754125,1.0
Dmel_CG11251,-0.0229091,-17.79064,0.9817227820754125,1.0
Dmel_CR44573,-0.0229091,-17.552263,0.9817227820754125,1.0
Dmel_CG15510,-0.0229091,-18.402288,0.9817227820754125,1.0
Dmel_CG6337,-0.0229091,-18.496258,0.9817227820754125,1.0
Dmel_CG13131,-0.0229091,-18.08372,0.9817227820754125,1.0
Dmel_CG13592,-0.0229091,-17.632196,0.9817227820754125,1.0
Dmel_CR46376,-0.0229091,-17.645443,0.9817227820754125,1.0
Dmel_CR45435,-0.0229091,-17.515875,0.9817227820754125,1.0
Dmel_CG17930,-0.0229091,-18.363884,0.9817227820754125,1.0
Dmel_CG6969,-0.0229091,-17.802757,0.9817227820754125,1.0
Dmel_CG10405,-0.0229091,-17.953783,0.9817227820754125,1.0
Dmel_CG33121,-0.0229091,-18.251436,0.9817227820754125,1.0
Dmel_CR45326,-0.0229091,-17.620611,0.9817227820754125,1.0
Dmel_CG32087,-0.0229091,-17.754597,0.9817227820754125,1.0
Dmel_CG14391,-0.0229091,-17.82442,0.9817227820754125,1.0
Dmel_CR44150,-0.0229091,-17.576439,0.9817227820754125,1.0
Dmel_CG12423,-0.0229091,-18.191944,0.9817227820754125,1.0
Dmel_CG34241,-0.0229091,-18.336353,0.9817227820754125,1.0
Dmel_CG14128,-0.0229091,-17.835466,0.9817227820754125,1.0
Dmel_CG31876,-0.0229091,-17.959753,0.9817227820754125,1.0
Dmel_CG31039,-0.0229091,-17.324564,0.9817227820754125,1.0
Dmel_CG32268,-0.0229091,-18.162954,0.9817227820754125,1.0
Dmel_CR45232,-0.0229091,-17.224909,0.9817227820754125,1.0
Dmel_CG12602,-0.0229091,-17.332521,0.9817227820754125,1.0
Dmel_CG8708,-0.0229091,-17.881098,0.9817227820754125,1.0
Dmel_CG10827,-0.0229091,-18.09885,0.9817227820754125,1.0
Dmel_CG3388,-0.0229091,-18.089012,0.9817227820754125,1.0
Dmel_CG43638,-0.0229091,-18.355595,0.9817227820754125,1.0
Dmel_CG13884,-0.0229091,-17.751226,0.9817227820754125,1.0
Dmel_CR45205,-0.0229091,-17.40538,0.9817227820754125,1.0
Dmel_CG30432,-0.0229091,-18.318316,0.9817227820754125,1.0
Dmel_CR43905,-0.0229091,-18.13905,0.9817227820754125,1.0
Dmel_CG13841,-0.022986313,-0.27464968,0.9816611906563789,1.0
Dmel_CG14811,-0.022994814,-0.36963102,0.9816544099563695,1.0
Dmel_CG9509,-0.022994814,-0.43248868,0.9816544099563695,1.0
Dmel_CG10667,-0.023001188,-0.61526847,0.9816493244322322,1.0
Dmel_CG7157,-0.023007564,-0.667442,0.9816442389088407,1.0
Dmel_CG33281,-0.023008982,-0.7500728,0.9816431087926328,1.0
Dmel_CG42808,-0.023023857,-1.0985436,0.9816312425746742,1.0
Dmel_CR44814,-0.023052901,-0.08188734,0.9816080752084708,1.0
Dmel_CG6993,-0.02309753,-0.39766204,0.9815724766028336,1.0
Dmel_CR44784,-0.023125865,-0.019607617,0.9815498743325812,1.0
Dmel_CG14615,-0.023200953,-0.28762028,0.9814899783880893,1.0
Dmel_CR44854,-0.023223622,-0.29606995,0.9814718966140153,1.0
Dmel_CG3218,-0.023233185,-0.11072065,0.9814642683684324,1.0
Dmel_CG8003,-0.02324877,-0.0582597,0.9814518371570402,1.0
Dmel_CG3324,-0.023400716,-0.37831998,0.9813306330824678,1.0
Dmel_CR45430,-0.0234078,-0.17199731,0.9813249825533532,1.0
Dmel_CR44157,-0.023527518,-0.08781428,0.9812294887532612,1.0
Dmel_CG11084,-0.023540977,-0.18354076,0.9812187527806959,1.0
Dmel_CG12883,-0.023909336,-0.07349302,0.9809249274902648,1.0
Dmel_CG17279,-0.023934837,-0.4311683,0.9809045858347095,1.0
Dmel_CR43454,-0.023935545,-0.46861804,0.980904020788899,1.0
Dmel_CR45797,-0.023936255,-0.4394376,0.9809034557430981,1.0
Dmel_CG12896,-0.023939796,-0.519572,0.9809006305142374,1.0
Dmel_CR34619,-0.023940505,-0.60709745,0.980900065468494,1.0
Dmel_CG42601,-0.023944754,-0.6389039,0.9808966751942348,1.0
Dmel_CR44042,-0.023948297,-0.9905677,0.9808938499659491,1.0
Dmel_CR45262,-0.023949005,-0.845329,0.9808932849203207,1.0
Dmel_CG4771,-0.024013113,-0.22667857,0.980842148330676,1.0
Dmel_CR46278,-0.024055617,-0.5177212,0.9808082456626931,1.0
Dmel_CG1887,-0.024056325,-0.46474206,0.9808076806185202,1.0
Dmel_CG10287,-0.024081118,-0.6038896,0.9807879040785378,1.0
Dmel_CR45290,-0.024092099,-0.14167349,0.9807791459003172,1.0
Dmel_CG14971,-0.024618426,-0.077425726,0.9803593211261614,1.0
Dmel_CR43425,-0.024806857,-0.07667877,0.9802090217830802,1.0
Dmel_CG6727,-0.0248189,-0.12671144,0.9801994162097942,1.0
Dmel_CG42857,-0.024872027,-0.26220676,0.980157038714882,1.0
Dmel_CG3041,-0.02487557,-0.58596385,0.9801542135505443,1.0
Dmel_CG11136,-0.02487557,-0.15647934,0.9801542135505443,1.0
Dmel_CG18754,-0.024876278,-0.36957332,0.9801536485177066,1.0
Dmel_CG31104,-0.024876988,-0.30724028,0.980153083484879,1.0
Dmel_CR45028,-0.024886904,-0.71992457,0.9801451730263364,1.0
Dmel_CG32134,-0.024887612,-0.88353634,0.9801446079936581,1.0
Dmel_CG18744,-0.024891155,-0.9463518,0.9801417828304159,1.0
Dmel_CR45137,-0.024891155,-0.91587406,0.9801417828304159,1.0
Dmel_CG13833,-0.024893988,-1.0557481,0.9801395227000014,1.0
Dmel_CG6305,-0.024899654,-1.3123755,0.9801350024396508,1.0
Dmel_CG9510,-0.024929406,-0.26819038,0.9801112710832779,1.0
Dmel_CR44093,-0.024939679,-0.2206118,0.9801030781190926,1.0
Dmel_CG34342,-0.024987495,-0.54385316,0.98006493848587,1.0
Dmel_CG18140,-0.02499387,-0.547913,0.9800598532048813,1.0
Dmel_CG43340,-0.025060458,-0.18990822,0.9800067403185798,1.0
Dmel_CR44360,-0.025149714,-0.15481251,0.9799355465887742,1.0
Dmel_CG10436,-0.025226219,-0.29259038,0.9798745235189749,1.0
Dmel_CR43787,-0.025474861,-0.13835102,0.9796761993573301,1.0
Dmel_CR46061,-0.025821969,-0.48703927,0.9793993386711923,1.0
Dmel_CG8640,-0.025823386,-0.572421,0.9793982086326376,1.0
Dmel_CG43968,-0.025824094,-0.64756256,0.9793976436133759,1.0
Dmel_CG7778,-0.025825512,-0.7137698,0.9793965135748832,1.0
Dmel_CR43476,-0.025828345,-0.80215985,0.979394253498022,1.0
Dmel_CG13473,-0.025833303,-1.1781201,0.979390298363913,1.0
Dmel_CR46354,-0.025864473,-0.22057556,0.979365437532547,1.0
Dmel_CG12182,-0.025898475,-0.14472884,0.9793383166484608,1.0
Dmel_CG30056,-0.025918664,-0.39180803,0.9793222136348327,1.0
Dmel_CG4335,-0.026035901,-0.3622323,0.9792287033189307,1.0
Dmel_CG34338,-0.026057152,-0.4492079,0.9792117528390168,1.0
Dmel_CR43654,-0.026449243,-0.28097615,0.9788990181767522,1.0
Dmel_CR45237,-0.026510164,-0.31257948,0.9788504273538048,1.0
Dmel_CG31460,-0.026694696,-0.0067082904,0.9787032428406526,1.0
Dmel_CG18125,-0.02676766,-0.67600155,0.9786450472443998,1.0
Dmel_CG6279,-0.02676837,-0.71422523,0.9786444822391676,1.0
Dmel_CG17258,-0.026769077,-0.74984735,0.9786439172339461,1.0
Dmel_CG2467,-0.026770493,-0.8713564,0.978642787223535,1.0
Dmel_CG9701,-0.026770493,-0.94252336,0.978642787223535,1.0
Dmel_CG15034,-0.026771203,-1.1033151,0.9786422222183456,1.0
Dmel_CG32436,-0.02677191,-0.9631242,0.978641657213167,1.0
Dmel_CR44304,-0.02677191,-1.2252907,0.978641657213167,1.0
Dmel_CG34321,-0.026772618,-0.9411599,0.978641092207999,1.0
Dmel_CR44977,-0.026772618,-1.104617,0.978641092207999,1.0
Dmel_CG34430,-0.026772618,-0.9234867,0.978641092207999,1.0
Dmel_CG34188,-0.026773328,-0.97875947,0.9786405272028418,1.0
Dmel_CG4306,-0.026774036,-1.3043158,0.9786399621976952,1.0
Dmel_CG12911,-0.026774744,-1.0991074,0.9786393971925593,1.0
Dmel_CG14527,-0.026775453,-1.2448423,0.9786388321874343,1.0
Dmel_CG12693,-0.026775453,-1.225656,0.9786388321874343,1.0
Dmel_CR34625,-0.026780412,-1.2817119,0.9786348771518586,1.0
Dmel_CR45985,-0.026847,-0.25707796,0.9785817667250479,1.0
Dmel_CG13360,-0.026857626,-0.32836634,0.9785732916657179,1.0
Dmel_CG8888,-0.026864,-0.49013862,0.9785682066312809,1.0
Dmel_CR45882,-0.026882418,-0.6214916,0.9785535165366888,1.0
Dmel_CG6217,-0.026896587,0.019873414,0.9785422164688747,1.0
Dmel_CG13898,-0.027045347,-0.17509043,0.9784235660172365,1.0
Dmel_CG15546,-0.027707685,-0.543237,0.9778952948372653,1.0
Dmel_CG8958,-0.027711226,-0.6803115,0.9778924698835472,1.0
Dmel_CG3410,-0.027711935,-0.9780943,0.9778919048928367,1.0
Dmel_CR43196,-0.027711935,-0.93470263,0.9778919048928367,1.0
Dmel_CR45225,-0.027713351,-1.1612316,0.9778907749114493,1.0
Dmel_CR34596,-0.027713351,-1.0955094,0.9778907749114493,1.0
Dmel_CG10493,-0.02771406,-1.2064298,0.9778902099207721,1.0
Dmel_CR43417,-0.027714768,-1.1310387,0.9778896449301061,1.0
Dmel_CR44873,-0.027714768,-1.2464869,0.9778896449301061,1.0
Dmel_CR34627,-0.027714768,-1.1366079,0.9778896449301061,1.0
Dmel_CR45628,-0.027714768,-1.3105035,0.9778896449301061,1.0
Dmel_CG7919,-0.027715476,-1.3446301,0.9778890799394512,1.0
Dmel_CR45179,-0.027715476,-1.337177,0.9778890799394512,1.0
Dmel_CG2816,-0.027716184,-1.1855286,0.9778885149488074,1.0
Dmel_CR30121,-0.027716894,-1.395429,0.9778879499581746,1.0
Dmel_CG14880,-0.027717602,-1.5449761,0.977887384967553,1.0
Dmel_CG15296,-0.02771831,-1.6069031,0.9778868199769425,1.0
Dmel_CG30002,-0.027719019,-1.596689,0.9778862549863431,1.0
Dmel_CG8840,-0.027719727,-1.6317846,0.9778856899957546,1.0
Dmel_CG4039,-0.027746646,-0.20252219,0.9778642203616205,1.0
Dmel_CG7445,-0.027782418,-0.15606405,0.9778356883726551,1.0
Dmel_CR44596,-0.027798712,-0.33189458,0.9778226936147999,1.0
Dmel_CG34110,-0.02779942,-0.42892018,0.9778221286254615,1.0
Dmel_CG9498,-0.027819963,-0.571716,0.9778057439394866,1.0
Dmel_CG13373,-0.027918782,-0.4047043,0.977726928081039,1.0
Dmel_CR46096,-0.02791949,-0.36130887,0.9777263630935904,1.0
Dmel_CG9107,-0.027987141,-0.029563991,0.9776724068437836,1.0
Dmel_CG42347,-0.028081711,-0.18947577,0.9775969812627096,1.0
Dmel_CR44331,-0.028178051,-0.31632966,0.977520143423541,1.0
Dmel_CG43897,-0.028181238,-0.1422603,0.9775176009986003,1.0
Dmel_CG42599,-0.02836648,-0.2442659,0.9773698582534948,1.0
Dmel_CG7352,-0.02838844,-0.027019292,0.977352343868545,1.0
Dmel_CG14145,-0.028552432,-0.071420066,0.9772215513073744,1.0
Dmel_CG8080,-0.028641332,-0.048968237,0.9771506467405624,1.0
Dmel_CG31207,-0.028654791,-1.1548924,0.9771399122003525,1.0
Dmel_CG18537,-0.028654791,-0.9254747,0.9771399122003525,1.0
Dmel_CG43095,-0.028656209,-1.2209957,0.9771387822489922,1.0
Dmel_CG33641,-0.028656917,-1.3570795,0.9771382172733293,1.0
Dmel_CG3604,-0.028657626,-1.3139096,0.9771376522976778,1.0
Dmel_CG31205,-0.028657626,-1.5875286,0.9771376522976778,1.0
Dmel_CG17780,-0.028657626,-1.427228,0.9771376522976778,1.0
Dmel_CG13695,-0.028658334,-1.2532946,0.9771370873220379,1.0
Dmel_CR44896,-0.028658334,-1.5151994,0.9771370873220379,1.0
Dmel_CG32351,-0.028658334,-1.6515021,0.9771370873220379,1.0
Dmel_CR45880,-0.028658334,-1.507884,0.9771370873220379,1.0
Dmel_CG13838,-0.028659042,-1.7622933,0.9771365223464094,1.0
Dmel_CR43991,-0.028659042,-1.6286889,0.9771365223464094,1.0
Dmel_CG42787,-0.028659042,-1.5807157,0.9771365223464094,1.0
Dmel_CG30362,-0.028659042,-1.4918458,0.9771365223464094,1.0
Dmel_CG5596,-0.028659752,-1.5801396,0.9771359573707923,1.0
Dmel_CR45912,-0.02866046,-1.8744045,0.9771353923951867,1.0
Dmel_CG32074,-0.02866046,-1.9508265,0.9771353923951867,1.0
Dmel_CG30270,-0.028661167,-2.0374875,0.9771348274195926,1.0
Dmel_CG15749,-0.028719964,-0.122879006,0.9770879344852961,1.0
Dmel_CG34375,-0.028768841,-0.84240854,0.9770489512628366,1.0
Dmel_CG43219,-0.028808866,-0.13134804,0.9770170302591755,1.0
Dmel_CG33098,-0.028882183,-0.4914582,0.9769585555957601,1.0
Dmel_CG9023,-0.02889281,-0.1850183,0.976950081017125,1.0
Dmel_CG2045,-0.028900601,-0.54608065,0.9769438663277795,1.0
Dmel_CG4843,-0.028916894,-0.10915455,0.9769308719818527,1.0
Dmel_CG12821,-0.029115949,-0.22373353,0.9767721154682676,1.0
Dmel_CG10710,-0.029406385,-0.118131705,0.976540479502956,1.0
Dmel_CG10336,-0.029436138,-0.025634106,0.9765167510520348,1.0
Dmel_CG9383,-0.029455973,-0.053966504,0.9765009320962977,1.0
Dmel_CG5998,-0.029599775,-1.2980577,0.9763862449439923,1.0
Dmel_CG33552,-0.029599775,-1.7114999,0.9763862449439923,1.0
Dmel_CR46082,-0.029599775,-1.6439884,0.9763862449439923,1.0
Dmel_CG43074,-0.029599775,-1.8397636,0.9763862449439923,1.0
Dmel_CG14423,-0.029599775,-1.8521957,0.9763862449439923,1.0
Dmel_CG9889,-0.029599775,-1.9105859,0.9763862449439923,1.0
Dmel_CG32904,-0.029599775,-1.6508567,0.9763862449439923,1.0
Dmel_CG15904,-0.029599775,-1.2628323,0.9763862449439923,1.0
Dmel_CG33924,-0.029599775,-1.2259442,0.9763862449439923,1.0
Dmel_CG33342,-0.029599775,-1.5050648,0.9763862449439923,1.0
Dmel_CG13806,-0.029599775,-1.5573972,0.9763862449439923,1.0
Dmel_CG31624,-0.029600482,-1.8091856,0.9763856799838573,1.0
Dmel_CG45546,-0.029600482,-1.9375908,0.9763856799838573,1.0
Dmel_CG33770,-0.029600482,-2.0048363,0.9763856799838573,1.0
Dmel_CR9162,-0.029601192,-2.3248823,0.976385115023734,1.0
Dmel_CG5834,-0.029601192,-2.0130231,0.976385115023734,1.0
Dmel_CG13558,-0.029601192,-2.0928915,0.976385115023734,1.0
Dmel_CG5326,-0.0296019,-2.5008323,0.9763845500636227,1.0
Dmel_CR43569,-0.0296019,-2.2205591,0.9763845500636227,1.0
Dmel_CG5155,-0.0296019,-2.0857408,0.9763845500636227,1.0
Dmel_CR45047,-0.0296019,-2.307146,0.9763845500636227,1.0
Dmel_CG9903,-0.0296019,-2.1817524,0.9763845500636227,1.0
Dmel_CR45615,-0.0296019,-2.390694,0.9763845500636227,1.0
Dmel_CG9033,-0.0296019,-2.190469,0.9763845500636227,1.0
Dmel_CG43938,-0.0296019,-2.4248605,0.9763845500636227,1.0
Dmel_CG18559,-0.0296019,-2.3398678,0.9763845500636227,1.0
Dmel_CG14265,-0.029602608,-2.6527083,0.9763839851035232,1.0
Dmel_CG15482,-0.029602608,-3.5307045,0.9763839851035232,1.0
Dmel_CR43686,-0.029602608,-2.4133399,0.9763839851035232,1.0
Dmel_CR44775,-0.029602608,-2.7453525,0.9763839851035232,1.0
Dmel_CG9452,-0.029602608,-2.8272867,0.9763839851035232,1.0
Dmel_CR45130,-0.029603317,-2.8957803,0.9763834201434355,1.0
Dmel_CG11106,-0.029603317,-2.7552128,0.9763834201434355,1.0
Dmel_CR44528,-0.029603317,-3.0183697,0.9763834201434355,1.0
Dmel_CG31709,-0.029603317,-3.1812153,0.9763834201434355,1.0
Dmel_CG1791,-0.029603317,-2.394058,0.9763834201434355,1.0
Dmel_CG4691,-0.029603317,-2.565259,0.9763834201434355,1.0
Dmel_CG4218,-0.029603317,-2.7972977,0.9763834201434355,1.0
Dmel_CG3513,-0.029603317,-3.9318671,0.9763834201434355,1.0
Dmel_CG18313,-0.02967451,-0.17648402,0.9763266417150996,1.0
Dmel_CG6294,-0.029679468,-0.39922804,0.976322687003163,1.0
Dmel_CR44661,-0.029682301,-0.37671116,0.9763204271680321,1.0
Dmel_CR44492,-0.029690094,-0.5571383,0.976314212622402,1.0
Dmel_CG18572,-0.029701782,-0.104424536,0.9763048908066527,1.0
Dmel_CG13687,-0.029702844,-0.7818185,0.9763040433690178,1.0
Dmel_CG9475,-0.02974641,-0.15593663,0.9762692984490251,1.0
Dmel_CR17025,-0.029763412,-0.19139345,0.9762557394680678,1.0
Dmel_CR43587,-0.029776871,-0.25587,0.9762450052796755,1.0
Dmel_CG2022,-0.02983673,-0.12548938,0.9761972664413324,1.0
Dmel_CG13333,-0.02985798,-0.21260446,0.9761803177618285,1.0
Dmel_CG5812,-0.029860105,-0.21167792,0.9761786228944694,1.0
Dmel_CG30157,-0.0301385,-0.019568574,0.9759565962031916,1.0
Dmel_CG42764,-0.030193046,-0.26146024,0.9759130950081092,1.0
Dmel_CG8987,-0.03029824,-0.17422986,0.9758292000485927,1.0
Dmel_CG32797,-0.030347828,-0.29467067,0.9757896536957013,1.0
Dmel_CG12334,-0.030545466,-18.568089,0.9756320338242883,1.0
Dmel_CG9861,-0.030545466,-18.482443,0.9756320338242883,1.0
Dmel_CG14304,-0.030545466,-18.425076,0.9756320338242883,1.0
Dmel_CG42383,-0.030545466,-18.693707,0.9756320338242883,1.0
Dmel_CR46013,-0.030545466,-18.044912,0.9756320338242883,1.0
Dmel_CG31741,-0.030545466,-17.942043,0.9756320338242883,1.0
Dmel_CG15178,-0.030545466,-18.565346,0.9756320338242883,1.0
Dmel_CG30430,-0.030545466,-18.469597,0.9756320338242883,1.0
Dmel_CG13670,-0.030545466,-18.6222,0.9756320338242883,1.0
Dmel_CG44403,-0.030545466,-18.686487,0.9756320338242883,1.0
Dmel_CG11719,-0.030545466,-18.503328,0.9756320338242883,1.0
Dmel_CR45129,-0.030545466,-18.469324,0.9756320338242883,1.0
Dmel_CG7402,-0.030545466,-18.37426,0.9756320338242883,1.0
Dmel_CG17584,-0.030545466,-18.404633,0.9756320338242883,1.0
Dmel_CG15219,-0.030545466,-18.524256,0.9756320338242883,1.0
Dmel_CG45011,-0.030545466,-18.675106,0.9756320338242883,1.0
Dmel_CG46059,-0.030545466,-18.433813,0.9756320338242883,1.0
Dmel_CG6262,-0.030545466,-18.482164,0.9756320338242883,1.0
Dmel_CG31141,-0.030545466,-18.716864,0.9756320338242883,1.0
Dmel_CG11756,-0.030545466,-18.221197,0.9756320338242883,1.0
Dmel_CG6403,-0.030545466,-17.623634,0.9756320338242883,1.0
Dmel_CG13196,-0.030545466,-17.967861,0.9756320338242883,1.0
Dmel_CG31954,-0.030545466,-18.292252,0.9756320338242883,1.0
Dmel_CG32445,-0.030545466,-18.451775,0.9756320338242883,1.0
Dmel_CG18641,-0.030545466,-18.4971,0.9756320338242883,1.0
Dmel_CG18539,-0.030545466,-18.482828,0.9756320338242883,1.0
Dmel_CG44094,-0.030545466,-18.313911,0.9756320338242883,1.0
Dmel_CG42602,-0.030545466,-18.50337,0.9756320338242883,1.0
Dmel_CG17377,-0.030545466,-18.604824,0.9756320338242883,1.0
Dmel_CG31913,-0.030545466,-18.763727,0.9756320338242883,1.0
Dmel_CG18536,-0.030545466,-18.247501,0.9756320338242883,1.0
Dmel_CG15025,-0.030545466,-18.020609,0.9756320338242883,1.0
Dmel_CG30098,-0.030545466,-17.684128,0.9756320338242883,1.0
Dmel_CR44164,-0.030545466,-18.58216,0.9756320338242883,1.0
Dmel_CG17189,-0.030545466,-18.086308,0.9756320338242883,1.0
Dmel_CG3581,-0.030545466,-18.072788,0.9756320338242883,1.0
Dmel_CG14297,-0.030545466,-18.312424,0.9756320338242883,1.0
Dmel_CG6696,-0.030545466,-18.208597,0.9756320338242883,1.0
Dmel_CG10730,-0.030545466,-18.07715,0.9756320338242883,1.0
Dmel_CG5089,-0.030545466,-18.456127,0.9756320338242883,1.0
Dmel_CG34322,-0.030545466,-18.528646,0.9756320338242883,1.0
Dmel_CR34084,-0.030545466,-18.70678,0.9756320338242883,1.0
Dmel_CG30369,-0.030545466,-18.679972,0.9756320338242883,1.0
Dmel_CG32806,-0.030545466,-18.20247,0.9756320338242883,1.0
Dmel_CG31454,-0.030545466,-18.50581,0.9756320338242883,1.0
Dmel_CG4105,-0.030545466,-18.638556,0.9756320338242883,1.0
Dmel_CG17658,-0.030545466,-18.13517,0.9756320338242883,1.0
Dmel_CG14531,-0.030545466,-18.722895,0.9756320338242883,1.0
Dmel_CG31189,-0.030545466,-18.879757,0.9756320338242883,1.0
Dmel_CG5055,-0.030608159,-0.11963539,0.9755820363216371,1.0
Dmel_CG2043,-0.030612053,-0.20760503,0.9755789291353711,1.0
Dmel_CG6232,-0.030612407,-0.15605018,0.9755786466639108,1.0
Dmel_CR45163,-0.030623388,-0.36347577,0.9755698900501595,1.0
Dmel_CR42736,-0.030632596,-0.5446915,0.9755625457957351,1.0
Dmel_CG14916,-0.030784192,-0.12095787,0.9754416483672771,1.0
Dmel_CR45659,-0.030794108,-0.20543054,0.9754337392093464,1.0
Dmel_CG13178,-0.03091595,-0.23093486,0.9753365697521367,1.0
Dmel_CG3792,-0.031375337,-0.032743875,0.9749702103057214,1.0
Dmel_CG15580,-0.031564474,-0.43601912,0.9748193745618964,1.0
Dmel_CR43872,-0.03157156,-0.5659528,0.9748137253005627,1.0
Dmel_CR34611,-0.031572267,-0.4976534,0.9748131603744987,1.0
Dmel_CG13338,-0.03157935,-0.71224535,0.9748075111145548,1.0
Dmel_CG17707,-0.031580057,-0.7595347,0.9748069461886298,1.0
Dmel_CG6921,-0.031582184,-0.73244965,0.974805251410931,1.0
Dmel_CG1656,-0.031582184,-0.7077651,0.974805251410931,1.0
Dmel_CG31426,-0.03160804,-0.05849285,0.9747846316247081,1.0
Dmel_CR44544,-0.031671796,-0.42166415,0.9747337883882464,1.0
Dmel_CG2201,-0.03187191,-0.09119418,0.9745741977860747,1.0
Dmel_CG34256,-0.0321751,-0.1484473,0.9743324129036259,1.0
Dmel_CR33913,-0.03250556,-0.46986747,0.9740688813672894,1.0
Dmel_CG13101,-0.032516185,-0.60655046,0.9740604077312696,1.0
Dmel_CR44205,-0.032516897,-0.7154988,0.9740598428223056,1.0
Dmel_CR33709,-0.032518312,-0.79419446,0.9740587130044169,1.0
Dmel_CG3723,-0.032522563,-0.8365606,0.974055323551063,1.0
Dmel_CG13700,-0.03252398,-0.9060822,0.9740541937333823,1.0
Dmel_CG6642,-0.032525394,-0.99114776,0.9740530639157539,1.0
Dmel_CG3640,-0.03252752,-0.9663978,0.9740513691894087,1.0
Dmel_CR34633,-0.03252752,-0.94191647,0.9740513691894087,1.0
Dmel_CG11898,-0.03252823,-1.2127542,0.974050804280653,1.0
Dmel_CG5565,-0.03262386,-0.50174814,0.9739745417182484,1.0
Dmel_CG34261,-0.032691866,0.11145729,0.9739203107074748,1.0
Dmel_CG18108,-0.03276766,-0.41331646,0.9738598658688081,1.0
Dmel_CG6142,-0.0331006,-0.11808893,0.9735943622853493,1.0
Dmel_CG11050,-0.033193402,-0.048321567,0.9735203607428887,1.0
Dmel_CG10001,-0.03327203,-0.14327043,0.9734576573242174,1.0
Dmel_CG4432,-0.033331536,-0.46910334,0.9734102061974885,1.0
Dmel_CG11997,-0.03345302,-0.5536912,0.9733133271061548,1.0
Dmel_CG32382,-0.033453733,-0.6848033,0.9733127622146472,1.0
Dmel_CG3557,-0.033455856,-0.65428185,0.9733110675402046,1.0
Dmel_CG34264,-0.033456564,-0.70676315,0.9733105026487505,1.0
Dmel_CG10936,-0.033457983,-0.8284208,0.9733093728658825,1.0
Dmel_CG3588,-0.03346365,-0.87347585,0.973304853734946,1.0
Dmel_CG2788,-0.033467192,-1.0811152,0.9733020292785459,1.0
Dmel_CG4325,-0.0334679,-1.1493726,0.9733014643873061,1.0
Dmel_CG12754,-0.0334679,-1.0221363,0.9733014643873061,1.0
Dmel_CG4725,-0.033468608,-1.2122009,0.9733008994960797,1.0
Dmel_CG8468,-0.033568136,-0.5135521,0.973221532412023,1.0
Dmel_CR46005,-0.03358478,0.12709734,0.9732082575163536,1.0
Dmel_CG6415,-0.033617012,-0.8673518,0.9731825550798805,1.0
Dmel_CG18543,-0.033643577,-0.2567555,0.9731613717740506,1.0
Dmel_CG13870,-0.033653494,-0.31605777,0.9731534633447266,1.0
Dmel_CG14291,-0.03369033,-0.51872104,0.973124089201781,1.0
Dmel_CR45233,-0.033721853,-0.16174111,0.9730989517430126,1.0
Dmel_CG7722,-0.033754796,-0.7092601,0.9730726845393669,1.0
Dmel_CR46093,-0.03382634,-0.006225536,0.9730156311439258,1.0
Dmel_CG7578,-0.03389576,-0.04987044,0.9729602725357792,1.0
Dmel_CG2507,-0.033989623,-0.21291034,0.972885425645203,1.0
Dmel_CG32026,-0.034214888,-0.07293257,0.9727057940833085,1.0
Dmel_CG43092,-0.03439765,-0.6163966,0.9725600562858208,1.0
Dmel_CG3492,-0.03440261,-0.95568085,0.9725561021722766,1.0
Dmel_CR45793,-0.03440403,-0.85333395,0.9725549724256736,1.0
Dmel_CG34453,-0.034405444,-0.9545562,0.9725538426791256,1.0
Dmel_CG10146,-0.03440828,-1.128038,0.972551583186195,1.0
Dmel_CG9733,-0.03440828,-1.0384619,0.972551583186195,1.0
Dmel_CG3746,-0.03441111,-1.4189233,0.9725493236934845,1.0
Dmel_CG32170,-0.034412526,-1.3588383,0.9725481939472119,1.0
Dmel_CG16884,-0.034412526,-1.4640238,0.9725481939472119,1.0
Dmel_CG5162,-0.034414653,-1.6099441,0.9725464993279063,1.0
Dmel_CG7460,-0.034484074,-0.2617891,0.9724911418321197,1.0
Dmel_CG6130,-0.034524452,-0.65019506,0.972458944165917,1.0
Dmel_CG31415,-0.03471288,-0.3215125,0.9723086889846208,1.0
Dmel_CG17896,-0.034789033,-0.06873467,0.9722479658346413,1.0
Dmel_CG14220,-0.03489848,-0.080912925,0.9721606942404586,1.0
Dmel_CG6965,-0.03495869,-0.14557622,0.972112680884113,1.0
Dmel_CG13978,-0.03499907,-0.28126347,0.9720804837488106,1.0
Dmel_CG9614,-0.035342988,-0.5028546,0.9718062450863176,1.0
Dmel_CR34637,-0.035345115,-0.62068945,0.9718045505220072,1.0
Dmel_CG17300,-0.03534653,-0.83655834,0.9718034208125377,1.0
Dmel_CR43817,-0.03535078,-1.271723,0.9718000316844685,1.0
Dmel_CG31287,-0.035352197,-1.661365,0.9717989019752252,1.0
Dmel_CG13934,-0.035352197,-1.4641805,0.9717989019752252,1.0
Dmel_CG6527,-0.035353612,-1.6501985,0.9717977722660386,1.0
Dmel_CR45999,-0.035354324,-1.6491106,0.9717972074114665,1.0
Dmel_CG2062,-0.035358574,-1.6022602,0.971793818284331,1.0
Dmel_CG17011,-0.03543968,-0.45253423,0.9717291425391674,1.0
Dmel_CG33258,-0.0354411,-0.5121704,0.9717280128334791,1.0
Dmel_CG30323,-0.0354411,-0.52594095,0.9717280128334791,1.0
Dmel_CG32259,-0.035451017,-0.67781204,0.9717201048952494,1.0
Dmel_CG12674,-0.035455976,-0.7171494,0.9717161509271771,1.0
Dmel_CG42493,-0.03550804,-0.2264493,0.9716746343044071,1.0
Dmel_CG13350,-0.035539564,-0.021180293,0.9716494984272366,1.0
Dmel_CG42830,-0.035684783,-0.034379896,0.9715337043009582,1.0
Dmel_CG5857,-0.03575633,-0.11982921,0.9714766547324077,1.0
Dmel_CG5308,-0.035831418,-0.080481455,0.9714167810847588,1.0
Dmel_CG11761,-0.035879236,-0.05075847,0.9713786540817438,1.0
Dmel_CG12840,-0.036180295,-0.35992834,0.9711385966798693,1.0
Dmel_CG13042,-0.036289033,-0.35395306,0.9710518942363396,1.0
Dmel_CG8856,-0.03628974,-0.99169797,0.9710513294006945,1.0
Dmel_CG6927,-0.036290452,-1.1662922,0.9710507645650639,1.0
Dmel_CG5468,-0.036290452,-1.2695148,0.9710507645650639,1.0
Dmel_CG2887,-0.03629116,-1.2872005,0.9710501997294478,1.0
Dmel_CG7634,-0.036291867,-1.0927423,0.9710496348938462,1.0
Dmel_CR45026,-0.036292575,-1.5821152,0.9710490700582592,1.0
Dmel_CG33110,-0.0362947,-1.6869504,0.9710473755515853,1.0
Dmel_CR45043,-0.03629541,-1.8491763,0.9710468107160564,1.0
Dmel_CG33673,-0.036296826,-2.4040267,0.9710456810450421,1.0
Dmel_CG10176,-0.036297534,-1.9370563,0.9710451162095567,1.0
Dmel_CG10202,-0.03629895,-1.9400853,0.9710439865386294,1.0
Dmel_CG3903,-0.03631241,-0.28226924,0.9710332546677192,1.0
Dmel_CG8937,-0.03637404,-0.5339172,0.9709841140626804,1.0
Dmel_CG15144,-0.036396,-0.6950949,0.9709666042185289,1.0
Dmel_CR44911,-0.036403082,-0.8914379,0.9709609558846908,1.0
Dmel_CR44221,-0.03641371,-1.184664,0.9709524833866647,1.0
Dmel_CG30295,-0.03647746,-0.36589336,0.9709016484673842,1.0
Dmel_CG1152,-0.036485255,-0.40390536,0.9708954353186867,1.0
Dmel_CG13809,-0.036630474,-0.4188217,0.9707796451438478,1.0
Dmel_CR45835,-0.036650307,-0.10424703,0.9707638299482099,1.0
Dmel_CG8038,-0.036655977,-0.12745741,0.9707593113229961,1.0
Dmel_CG7102,-0.036692813,-0.051205095,0.9707299402819932,1.0
Dmel_CG2702,-0.03679482,-0.10101658,0.9706486052988286,1.0
Dmel_CG33272,-0.037235785,-1.9131428,0.970297004467583,1.0
Dmel_CG31003,-0.037235785,-1.7734941,0.970297004467583,1.0
Dmel_CG30440,-0.037236497,-2.3678799,0.970296439651597,1.0
Dmel_CG17213,-0.037236497,-1.856614,0.970296439651597,1.0
Dmel_CR42439,-0.037236497,-1.8751986,0.970296439651597,1.0
Dmel_CG11816,-0.037236497,-1.8204114,0.970296439651597,1.0
Dmel_CG15239,-0.037236497,-2.0488994,0.970296439651597,1.0
Dmel_CG43077,-0.037237912,-2.7584941,0.9702953100196692,1.0
Dmel_CR34616,-0.037237912,-2.4828856,0.9702953100196692,1.0
Dmel_CG10317,-0.037237912,-2.5668683,0.9702953100196692,1.0
Dmel_CG42749,-0.037237912,-2.329107,0.9702953100196692,1.0
Dmel_CG7882,-0.037237912,-2.4884167,0.9702953100196692,1.0
Dmel_CR43836,-0.03723862,-2.5364342,0.9702947452037277,1.0
Dmel_CG30355,-0.03723862,-2.4036877,0.9702947452037277,1.0
Dmel_CG14000,-0.03723862,-2.373325,0.9702947452037277,1.0
Dmel_CG8192,-0.03723862,-2.6893294,0.9702947452037277,1.0
Dmel_CG30441,-0.037239328,-3.2293038,0.9702941803878011,1.0
Dmel_CG13566,-0.037240036,-3.1746166,0.9702936155718894,1.0
Dmel_CG18302,-0.037240036,-2.8377135,0.9702936155718894,1.0
Dmel_CG5540,-0.037240036,-3.138029,0.9702936155718894,1.0
Dmel_CG1625,-0.037308395,-0.42254308,0.9702391109065482,1.0
Dmel_CG10035,-0.037314065,-0.5145582,0.9702345923913054,1.0
Dmel_CG1394,-0.037316896,-0.47329468,0.9702323331340421,1.0
Dmel_CG8626,-0.037319023,-0.55045384,0.9702306386912516,1.0
Dmel_CR34613,-0.037329648,-0.67775786,0.9702221664793144,1.0
Dmel_CG5492,-0.03733319,-0.71708846,0.9702193424094154,1.0
Dmel_CG5612,-0.037335314,-0.79489785,0.9702176479676553,1.0
Dmel_CR45231,-0.03740863,-0.35206628,0.9701591898093117,1.0
Dmel_CG31431,-0.03742209,-0.4080059,0.970148458377363,1.0
Dmel_CR44776,-0.037563413,-0.4186955,0.9700357786686071,1.0
Dmel_CG1794,-0.037685256,-0.0058565666,0.9699386317306157,1.0
Dmel_CG13737,-0.037778407,-0.08244203,0.9698643598084784,1.0
Dmel_CG7615,-0.038181834,-18.584238,0.9695427061064086,1.0
Dmel_CR43458,-0.038181834,-18.638464,0.9695427061064086,1.0
Dmel_CR44395,-0.038181834,-18.606102,0.9695427061064086,1.0
Dmel_CR42657,-0.038181834,-18.180145,0.9695427061064086,1.0
Dmel_CG31558,-0.038181834,-18.905825,0.9695427061064086,1.0
Dmel_CR45123,-0.038181834,-18.4203,0.9695427061064086,1.0
Dmel_CG6730,-0.038181834,-18.801487,0.9695427061064086,1.0
Dmel_CG42461,-0.038181834,-18.82831,0.9695427061064086,1.0
Dmel_CG1980,-0.038181834,-19.06388,0.9695427061064086,1.0
Dmel_CG17744,-0.038181834,-19.010931,0.9695427061064086,1.0
Dmel_CG12521,-0.038181834,-18.838402,0.9695427061064086,1.0
Dmel_CR44826,-0.038181834,-18.711388,0.9695427061064086,1.0
Dmel_CR45888,-0.038181834,-18.658905,0.9695427061064086,1.0
Dmel_CR34609,-0.038181834,-18.625542,0.9695427061064086,1.0
Dmel_CG17625,-0.038181834,-18.119896,0.9695427061064086,1.0
Dmel_CG42508,-0.038181834,-18.15278,0.9695427061064086,1.0
Dmel_CG15375,-0.038181834,-18.875162,0.9695427061064086,1.0
Dmel_CG13049,-0.038181834,-19.072527,0.9695427061064086,1.0
Dmel_CG5614,-0.038181834,-18.735958,0.9695427061064086,1.0
Dmel_CG12721,-0.038181834,-18.772831,0.9695427061064086,1.0
Dmel_CG13891,-0.038264006,-0.6191112,0.969477189891285,1.0
Dmel_CG44254,-0.038265776,-0.17192726,0.9694757779061561,1.0
Dmel_CR43466,-0.038267545,-0.6871843,0.969474365921123,1.0
Dmel_CG1299,-0.038268253,-0.6800413,0.9694738011271365,1.0
Dmel_CG32192,-0.038289506,-1.0179261,0.9694568573146632,1.0
Dmel_CG10724,-0.038423743,-0.055053998,0.9693498292181243,1.0
Dmel_CR44440,-0.03855515,-0.25457433,0.9692450608245247,1.0
Dmel_CG34166,-0.038747475,-0.34533685,0.9690917215185748,1.0
Dmel_CG8905,-0.03876731,-0.044122554,0.9690759075850757,1.0
Dmel_CG1049,-0.038828585,-0.049116172,0.9690270539030652,1.0
Dmel_CG4202,-0.03895893,-0.0674215,0.9689231343189065,1.0
Dmel_CG12713,-0.03912221,-0.11951542,0.9687929531933365,1.0
Dmel_CG7192,-0.039132837,-0.03980709,0.9687844815653565,1.0
Dmel_CG10133,-0.039169673,-0.061965987,0.968755113282305,1.0
Dmel_CR43399,-0.039199777,-0.32461467,0.9687311103901244,1.0
Dmel_CG6138,-0.03920049,-0.4653558,0.9687305456165317,1.0
Dmel_CG34328,-0.039204735,-0.6092648,0.9687271569753052,1.0
Dmel_CR43765,-0.03921182,-0.70571285,0.9687215092411825,1.0
Dmel_CG7370,-0.03921607,-0.8607011,0.9687181206014619,1.0
Dmel_CG17256,-0.039218906,-0.8104717,0.9687158615086287,1.0
Dmel_CG3972,-0.039221738,-0.7695504,0.9687136024160463,1.0
Dmel_CR46125,-0.039227404,-1.2068722,0.968709084231635,1.0
Dmel_CG32209,-0.03923449,-1.1821895,0.9687034365025334,1.0
Dmel_CG42358,-0.039604973,-0.019795638,0.9684080624650677,1.0
Dmel_CR42871,-0.040144052,-0.6291178,0.9679782812257558,1.0
Dmel_CG4095,-0.040147595,-0.5563338,0.9679754574637376,1.0
Dmel_CR44632,-0.040148303,-0.62331814,0.9679748927113822,1.0
Dmel_CG18063,-0.040152553,-0.84833825,0.9679715041975866,1.0
Dmel_CR44822,-0.04015539,-0.82708246,0.9679692451887109,1.0
Dmel_CR43684,-0.040158927,-0.92298985,0.9679664214279776,1.0
Dmel_CR44053,-0.040161055,-1.054984,0.9679647271717305,1.0
Dmel_CR42860,-0.040226225,-0.331874,0.9679127700504004,1.0
Dmel_CR44702,-0.040247478,-0.44772545,0.9678958275402756,1.0
Dmel_CG32817,-0.040423155,-0.24001196,0.967755770012332,1.0
Dmel_CG17068,-0.040807806,-0.061140582,0.9674491152748258,1.0
Dmel_CG11035,-0.04098703,-0.05298,0.9673062372684248,1.0
Dmel_CG8023,-0.04108691,-0.47467673,0.9672266100599375,1.0
Dmel_CG4547,-0.041096117,-0.9865275,0.9672192685607024,1.0
Dmel_CG4778,-0.04109966,-0.96277374,0.9672164449078902,1.0
Dmel_CG10858,-0.041101787,-1.124195,0.9672147507164002,1.0
Dmel_CG31797,-0.041107453,-1.3271159,0.9672102328731502,1.0
Dmel_CG11052,-0.04110887,-1.5665095,0.9672091034125022,1.0
Dmel_CG30414,-0.041111704,-0.19109279,0.9672068444914035,1.0
Dmel_CG32447,-0.041111704,-1.4316202,0.9672068444914035,1.0
Dmel_CG2263,-0.041195292,-0.06577311,0.967140206437451,1.0
Dmel_CG15601,-0.04147652,-0.05001007,0.9669160106043406,1.0
Dmel_CR43301,-0.041669555,0.020864375,0.9667621245487358,1.0
Dmel_CG8211,-0.041794583,-0.0856435,0.966662452222412,1.0
Dmel_CG10501,-0.041854087,-0.24290532,0.966615016283932,1.0
Dmel_CR34612,-0.042038977,-1.0077983,0.9664676268010756,1.0
Dmel_CG30334,-0.04204606,-1.390905,0.9664619797172075,1.0
Dmel_CG6193,-0.04204606,-1.3212405,0.9664619797172075,1.0
Dmel_CR46135,-0.04227345,-0.6369311,0.9662807092201527,1.0
Dmel_CR45684,-0.04242363,-0.46332356,0.96616099258814,1.0
Dmel_CR43685,-0.04267369,-0.04536939,0.9659616547954771,1.0
Dmel_CG3362,-0.04280049,-0.013093137,0.965860574970408,1.0
Dmel_CG30141,-0.042979002,-1.0762708,0.9657182735769891,1.0
Dmel_CG43255,-0.042985376,-1.2593706,0.9657131914045324,1.0
Dmel_CG4194,-0.042986084,-1.3044336,0.9657126267187898,1.0
Dmel_CG7251,-0.04298679,-1.4212265,0.9657120620330644,1.0
Dmel_CR45953,-0.0429875,-1.4817662,0.9657114973473563,1.0
Dmel_CG11060,-0.04298892,-1.5938991,0.9657103679759915,1.0
Dmel_CG30284,-0.04298892,-1.5253178,0.9657103679759915,1.0
Dmel_CG34431,-0.042990334,-1.7210809,0.9657092386046955,1.0
Dmel_CR43704,-0.042991042,-1.8525721,0.9657086739190733,1.0
Dmel_CG31909,-0.043053027,-0.3355592,0.9656592639937479,1.0
Dmel_CG12755,-0.043062236,-0.43881556,0.9656519231018023,1.0
Dmel_CG15143,-0.04308136,-0.6999613,0.9656366766432175,1.0
Dmel_CR45156,-0.043096945,-0.888053,0.9656242536121775,1.0
Dmel_CG42331,-0.043343462,-0.40111503,0.9654277449602985,1.0
Dmel_CG9841,-0.04344016,-0.052003324,0.9653506667082878,1.0
Dmel_CG12410,-0.043649837,-0.23878492,0.9651835237731924,1.0
Dmel_CG30354,-0.04367109,-0.29453903,0.9651665836961085,1.0
Dmel_CG5148,-0.043855622,-0.06210143,0.9650194880218864,1.0
Dmel_CG3938,-0.043920796,-0.0048739547,0.9649675389700737,1.0
Dmel_CG15198,-0.043924693,-1.4312013,0.9649644333249454,1.0
Dmel_CR43584,-0.04392965,-1.7151872,0.9649604806864598,1.0
Dmel_CG4696,-0.04393036,-1.8904412,0.9649599160238893,1.0
Dmel_CG34399,-0.04393036,-1.8043823,0.9649599160238893,1.0
Dmel_CG4316,-0.043931067,-1.8343383,0.9649593513613364,1.0
Dmel_CG12843,-0.043931775,-1.9910725,0.964958786698801,1.0
Dmel_CG1500,-0.043931775,-1.8833649,0.964958786698801,1.0
Dmel_CG1258,-0.043932483,-2.0246315,0.9649582220362832,1.0
Dmel_CR45970,-0.04393319,-2.5425892,0.964957657373783,1.0
Dmel_CG4479,-0.043933902,-2.1605515,0.9649570927113004,1.0
Dmel_CG11318,-0.04393461,-2.751068,0.9649565280488352,1.0
Dmel_CG42334,-0.044011824,-0.5914082,0.9648949799455576,1.0
Dmel_CG31366,-0.044031657,-0.8199543,0.9648791694573656,1.0
Dmel_CG15657,-0.044035908,-0.8562495,0.9648757814974065,1.0
Dmel_CR43146,-0.04409612,-0.36278838,0.9648277854661365,1.0
Dmel_CG6708,-0.044590924,-0.0654024,0.9644333758632303,1.0
Dmel_CG7006,-0.044826817,-0.07072403,0.964245349718261,1.0
Dmel_CG14905,-0.0448718,-2.0775146,0.9642094951082062,1.0
Dmel_CG17664,-0.0448718,-2.006104,0.9642094951082062,1.0
Dmel_CG33189,-0.044873215,-2.1519077,0.9642083658303245,1.0
Dmel_CR31429,-0.044873923,-2.3348243,0.9642078011914107,1.0
Dmel_CR43903,-0.044873923,-2.5313919,0.9642078011914107,1.0
Dmel_CG17127,-0.044874635,-2.6047797,0.9642072365525147,1.0
Dmel_CG11069,-0.044875342,-2.9313567,0.9642066719136367,1.0
Dmel_CG31468,-0.04487605,-2.9946887,0.9642061072747767,1.0
Dmel_CG45062,-0.04487605,-3.0562084,0.9642061072747767,1.0
Dmel_CG12092,-0.044876758,-4.248461,0.9642055426359346,1.0
Dmel_CG3679,-0.044876758,-3.2376106,0.9642055426359346,1.0
Dmel_CG12201,-0.044979118,-1.044978,0.9641239525120886,1.0
Dmel_CG13693,-0.04498266,-1.1354594,0.9641211293311314,1.0
Dmel_CR34590,-0.044992577,-1.1256493,0.9641132244268442,1.0
Dmel_CG10244,-0.045065187,-0.5463734,0.9640553493422391,1.0
Dmel_CR34093,-0.04507298,-0.55000514,0.9640491383687966,1.0
Dmel_CG34425,-0.04531135,-0.16034855,0.9638591401006921,1.0
Dmel_CG14526,-0.04537475,-0.4430801,0.9638086059881034,1.0
Dmel_CG4733,-0.045386795,-0.38966602,0.9637990073462691,1.0
Dmel_CG10247,-0.0458182,-19.260544,0.9634551535891912,1.0
Dmel_CG4439,-0.0458182,-19.184599,0.9634551535891912,1.0
Dmel_CR43608,-0.0458182,-18.646614,0.9634551535891912,1.0
Dmel_CG17285,-0.0458182,-18.719805,0.9634551535891912,1.0
Dmel_CG12523,-0.0458182,-19.210331,0.9634551535891912,1.0
Dmel_CG31948,-0.0458182,-19.368471,0.9634551535891912,1.0
Dmel_CG5391,-0.0458182,-18.533512,0.9634551535891912,1.0
Dmel_CG42688,-0.0458182,-19.160637,0.9634551535891912,1.0
Dmel_CG1342,-0.0458182,-18.522964,0.9634551535891912,1.0
Dmel_CG14305,-0.0458182,-19.09843,0.9634551535891912,1.0
Dmel_CG8362,-0.045890454,-0.5609962,0.9633975629823048,1.0
Dmel_CG7813,-0.04590462,-0.81005967,0.9633862707288277,1.0
Dmel_CR45612,-0.04591879,-1.0467576,0.9633749784826946,1.0
Dmel_CG42393,-0.04592233,-1.1787329,0.9633721554223091,1.0
Dmel_CR44365,-0.04592729,-1.363018,0.9633682031385409,1.0
Dmel_CG8853,-0.045988917,-0.37824285,0.9633190819725633,1.0
Dmel_CG8489,-0.04607959,-0.37924966,0.9632468120045059,1.0
Dmel_CR44738,-0.046091635,-0.2197833,0.9632372136720753,1.0
Dmel_CG14153,-0.04613768,-0.392124,0.9632005142148635,1.0
Dmel_CG17597,-0.046205685,-0.32526198,0.9631463120822251,1.0
Dmel_CG7405,-0.046566606,-0.112210155,0.9628586484119679,1.0
Dmel_CG7516,-0.046798956,-0.040225103,0.9626734621868126,1.0
Dmel_CR45810,-0.04682729,-0.4339449,0.9626508786383755,1.0
Dmel_CG10824,-0.04684925,-0.9117044,0.9626333764089464,1.0
Dmel_CG13622,-0.046852082,-1.0095633,0.9626311180580734,1.0
Dmel_CG13691,-0.0468535,-0.9179089,0.9626299888827493,1.0
Dmel_CR46238,-0.046979237,-0.7223406,0.9625297748715226,1.0
Dmel_CG10021,-0.04707168,-0.48732263,0.9624560967788095,1.0
Dmel_CG12942,-0.047122333,-0.082745254,0.9624157292240767,1.0
Dmel_CR44082,-0.047126226,-0.7722435,0.9624126240315481,1.0
Dmel_CG18563,-0.047196712,-0.4123091,0.9623564483743055,1.0
Dmel_CG11207,-0.04758207,-0.22550742,0.9620493204539378,1.0
Dmel_CR45128,-0.047612533,-0.21406803,0.9620250440380338,1.0
Dmel_CG6511,-0.04775421,-0.047518816,0.9619121309387619,1.0
Dmel_CR43596,-0.04777617,-0.42118183,0.9618946294766988,1.0
Dmel_CG9083,-0.047776878,-0.61278754,0.9618940649137122,1.0
Dmel_CG9616,-0.047787502,-0.91592044,0.9618855964712049,1.0
Dmel_CG44014,-0.04780309,-1.2476501,0.9618731760966394,1.0
Dmel_CR43865,-0.04780309,-1.3434976,0.9618731760966394,1.0
Dmel_CG11639,-0.047804505,-1.337737,0.9618720469721377,1.0
Dmel_CG14157,-0.047825046,-0.17039537,0.9618556746754576,1.0
Dmel_CG5964,-0.047878884,-0.48814434,0.9618127680432491,1.0
Dmel_CG9649,-0.04789305,-0.6754392,0.9618014768426238,1.0
Dmel_CG18324,-0.048131067,-0.062570184,0.9616117858194385,1.0
Dmel_CG5488,-0.048203323,-0.28391314,0.9615542014740251,1.0
Dmel_CG18801,-0.048656687,-0.045410577,0.9611928925234373,1.0
Dmel_CR44915,-0.048722215,-0.62328947,0.9611406727466354,1.0
Dmel_CG42359,-0.048762947,-0.06062933,0.9611082118883114,1.0
Dmel_CG4438,-0.04878774,-0.30768237,0.9610884531365471,1.0
Dmel_CG43232,-0.048815366,-0.48398525,0.9610664362698783,1.0
Dmel_CG12027,-0.048974752,-0.2300411,0.960939416465562,1.0
Dmel_CG16874,-0.0490378,-0.0706886,0.9608891733497839,1.0
Dmel_CG8505,-0.049093053,-0.23380424,0.9608451401850194,1.0
Dmel_CG11837,-0.04915468,-0.010777004,0.9607960264113918,1.0
Dmel_CG8453,-0.04923225,-0.3969413,0.9607342110112569,1.0
Dmel_CG33054,-0.049329653,-0.06715721,0.9606565892678317,1.0
Dmel_CG1102,-0.04948833,-0.10219058,0.960530137190297,1.0
Dmel_CG7992,-0.049665425,-0.58541554,0.9603890088121829,1.0
Dmel_CR46050,-0.04967747,-1.306533,0.9603794121274952,1.0
Dmel_CR44830,-0.049678177,-1.3961188,0.96037884761681,1.0
Dmel_CG30076,-0.049678177,-1.1854287,0.96037884761681,1.0
Dmel_CG32591,-0.04968101,-1.4179811,0.9603765895742679,1.0
Dmel_CG43772,-0.049683135,-1.3606821,0.9603748960425698,1.0
Dmel_CG46298,-0.04968951,-1.9647782,0.9603698154485486,1.0
Dmel_CG42840,-0.049691636,-2.050283,0.9603681219175659,1.0
Dmel_CR44051,-0.04972847,-0.2507573,0.9603387674089542,1.0
Dmel_CR44979,-0.049770266,-0.6609497,0.9603054613969938,1.0
Dmel_CG43726,-0.049876522,-0.5420366,0.9602207854075061,1.0
Dmel_CR44300,-0.049879357,-0.5491042,0.9602185273872585,1.0
Dmel_CR45136,-0.04991832,-0.64480025,0.9601874796412251,1.0
Dmel_CR44986,-0.049933195,-0.31912756,0.9601756250632119,1.0
Dmel_CR46029,-0.050258342,-0.21065123,0.9599165200622307,1.0
Dmel_CG14113,-0.050615013,-0.96982545,0.9596322997303867,1.0
Dmel_CR45406,-0.050619263,-1.3811307,0.959628912825817,1.0
Dmel_CR43524,-0.0506221,-1.5030965,0.959626654889842,1.0
Dmel_CR45431,-0.05062493,-1.7892799,0.9596243969541909,1.0
Dmel_CG8102,-0.05062493,-1.6102935,0.9596243969541909,1.0
Dmel_CG6514,-0.050627057,-1.9415132,0.9596227035026651,1.0
Dmel_CR34583,-0.050627057,-1.824215,0.9596227035026651,1.0
Dmel_CG30350,-0.05062918,-2.1501157,0.9596210100513216,1.0
Dmel_CG18778,-0.050629888,-1.8018733,0.9596204455675809,1.0
Dmel_CR43683,-0.050706748,-0.5879246,0.9595591992020406,1.0
Dmel_CG7724,-0.050711,-0.634574,0.9595558123132119,1.0
Dmel_CG33530,-0.050722335,-0.9079211,0.9595467806132376,1.0
Dmel_CG13305,-0.05072658,-0.78311646,0.9595433937270857,1.0
Dmel_CG43788,-0.05073225,-0.92567754,0.9595388778800193,1.0
Dmel_CG1681,-0.050901555,-0.31326953,0.9594039675483295,1.0
Dmel_CG3025,-0.051363066,-0.07054611,0.9590362158023328,1.0
Dmel_CG12096,-0.051364128,-0.050365333,0.959035369108418,1.0
Dmel_CG7620,-0.051522806,-0.06128995,0.9589089300030528,1.0
Dmel_CG10248,-0.051563185,-1.7413962,0.9588767559312809,1.0
Dmel_CG11674,-0.051563893,-1.7508588,0.9588761914744791,1.0
Dmel_CG9806,-0.051565308,-1.7714416,0.9588750625609375,1.0
Dmel_CG33458,-0.051566724,-1.9175329,0.9588739336474783,1.0
Dmel_CG13082,-0.05156743,-2.0761063,0.9588733691907797,1.0
Dmel_CG31068,-0.05156743,-2.1257224,0.9588733691907797,1.0
Dmel_CG8800,-0.051568143,-2.1665223,0.9588728047341016,1.0
Dmel_CG12347,-0.05156956,-2.5579631,0.9588716758208075,1.0
Dmel_CR44055,-0.051570266,-2.7608943,0.9588711113641912,1.0
Dmel_CG9095,-0.051571682,-2.424368,0.9588699824510207,1.0
Dmel_CG18492,-0.05157487,-0.059319567,0.9588674423966888,1.0
Dmel_CG44296,-0.051654566,-0.72291684,0.9588039411741756,1.0
Dmel_CR45208,-0.051738862,-0.41234365,0.9587367712766418,1.0
Dmel_CG34028,-0.051769324,-0.54385847,0.9587124998730927,1.0
Dmel_CG31262,-0.051876996,-0.15141918,0.9586267035907261,1.0
Dmel_CG14207,-0.052460704,-0.062841274,0.9581616057947784,1.0
Dmel_CG14426,-0.052509937,-2.8473647,0.9581223779282877,1.0
Dmel_CR34605,-0.052510645,-2.927238,0.9581218134992938,1.0
Dmel_CG42864,-0.05251206,-3.48096,0.9581206846413691,1.0
Dmel_CG9673,-0.05251277,-3.2711637,0.9581201202124383,1.0
Dmel_CR46359,-0.052716076,-0.56715286,0.9579581299781338,1.0
Dmel_CG43750,-0.052825876,-0.23777515,0.9578706446846698,1.0
Dmel_CG5024,-0.053454567,-19.050655,0.9573697306296582,1.0
Dmel_CG43980,-0.053454567,-18.974682,0.9573697306296582,1.0
Dmel_CG13167,-0.053454567,-19.198736,0.9573697306296582,1.0
Dmel_CG12861,-0.053454567,-19.43239,0.9573697306296582,1.0
Dmel_CR44166,-0.053454567,-18.942255,0.9573697306296582,1.0
Dmel_CG3330,-0.053454567,-19.061102,0.9573697306296582,1.0
Dmel_CG12783,-0.053454567,-19.179483,0.9573697306296582,1.0
Dmel_CG11101,-0.053454567,-19.153515,0.9573697306296582,1.0
Dmel_CG12592,-0.053545948,-0.9949735,0.9572969231100353,1.0
Dmel_CG3352,-0.05356153,-1.4132348,0.9572845063592853,1.0
Dmel_CG10462,-0.053572863,-0.25516784,0.9572754760016133,1.0
Dmel_CG8725,-0.05382257,-0.03704648,0.9570765273273283,1.0
Dmel_CG2147,-0.054439925,-0.0611433,0.9565846699803932,1.0
Dmel_CR44444,-0.05447393,-0.77040976,0.956557580209238,1.0
Dmel_CR42874,-0.054484554,-0.9413263,0.9565491146660406,1.0
Dmel_CG1014,-0.054484554,-0.8755199,0.9565491146660406,1.0
Dmel_CG4799,-0.05448597,-1.0905347,0.9565479859273179,1.0
Dmel_CG15071,-0.05458904,-0.6764638,0.9564658704191312,1.0
Dmel_CG11020,-0.054594,-0.6306606,0.9564619198564958,1.0
Dmel_CG43293,-0.05460569,-0.23176916,0.9564526078202297,1.0
Dmel_CG11671,-0.055413242,-0.67103696,0.955809245229688,1.0
Dmel_CR44222,-0.055417493,-0.78778166,0.9558058591865839,1.0
Dmel_CG13421,-0.055425994,-1.0546061,0.9557990871027683,1.0
Dmel_CG43330,-0.055425994,-0.97586143,0.9557990871027683,1.0
Dmel_CG45067,-0.05552446,-0.6770661,0.9557206440312286,1.0
Dmel_CG4582,-0.055559877,-0.90412647,0.9556924272038606,1.0
Dmel_CG42563,-0.055634968,-0.47300205,0.955632607713524,1.0
Dmel_CG11048,-0.05566472,-0.22048813,0.955608905720421,1.0
Dmel_CG4375,-0.05570014,-0.16240339,0.9555806891131481,1.0
Dmel_CG17261,-0.055763185,-0.46237877,0.9555304636899566,1.0
Dmel_CG11423,-0.055895653,-0.24709544,0.9554249344436994,1.0
Dmel_CG3983,-0.056073457,-0.050605588,0.955283289464756,1.0
Dmel_CG4908,-0.056230716,-0.041136894,0.9551580110186894,1.0
Dmel_CG3222,-0.05637806,-1.529505,0.9550406340203371,1.0
Dmel_CG33284,-0.056466963,-0.66002816,0.9549698132740534,1.0
Dmel_CG17610,-0.056477588,-0.69882864,0.9549613486667983,1.0
Dmel_CR46066,-0.056550197,-0.42299807,0.9549035073198912,1.0
Dmel_CG10722,-0.056584556,-0.24272348,0.9548761385702096,1.0
Dmel_CG44437,-0.05685374,-0.22017135,0.9546617048497817,1.0
Dmel_CG4157,-0.057257164,-0.04260235,0.9543403425681681,1.0
Dmel_CG43370,-0.057313833,-1.4789096,0.9542952000842712,1.0
Dmel_CG42878,-0.057315253,-1.3979439,0.9542940715240518,1.0
Dmel_CR43419,-0.05731596,-1.4881083,0.9542935072439764,1.0
Dmel_CR46020,-0.05731667,-1.4118674,0.954292942963924,1.0
Dmel_CR43430,-0.057317376,-1.5896722,0.9542923786838944,1.0
Dmel_CG13422,-0.057318084,-1.4570178,0.9542918144038878,1.0
Dmel_CG10407,-0.057318084,-1.5838141,0.9542918144038878,1.0
Dmel_CG43742,-0.057318084,-1.4654816,0.9542918144038878,1.0
Dmel_CG13011,-0.05732092,-1.7019788,0.9542895572840905,1.0
Dmel_CG17211,-0.057326585,-1.7809627,0.9542850430455957,1.0
Dmel_CG4793,-0.057326585,-2.045614,0.9542850430455957,1.0
Dmel_CG13005,-0.057338983,-0.20409308,0.9542751681540014,1.0
Dmel_CG4984,-0.057361297,-0.27487803,0.954257393366821,1.0
Dmel_CR44851,-0.057401676,-0.6687262,0.954225229524047,1.0
Dmel_CG16772,-0.057406634,-0.72718024,0.9542212795835817,1.0
Dmel_CG8478,-0.057422925,-0.7699032,0.9542083012156846,1.0
Dmel_CR44208,-0.057427883,-0.9769251,0.9542043512800389,1.0
Dmel_CG16885,-0.05744347,-0.9196213,0.954191937203904,1.0
Dmel_CG12697,-0.05746047,-0.35064015,0.9541783945880682,1.0
Dmel_CG8757,-0.05751289,-0.27684847,0.9541366382725411,1.0
Dmel_CG9913,-0.057597186,-0.16975686,0.9540694898670218,1.0
Dmel_CG10431,-0.05762977,-0.11216187,0.9540435334278637,1.0
Dmel_CG9019,-0.057658818,-0.053150054,0.9540203983818715,1.0
Dmel_CR45941,-0.05785008,-0.1824495,0.9538680466085161,1.0
Dmel_CG43129,-0.05803922,-0.13992114,0.9537173892903332,1.0
Dmel_CR44716,-0.058189396,-0.11437385,0.9535977674288117,1.0
Dmel_CG33349,-0.05825386,-1.3728534,0.9535464206295063,1.0
Dmel_CG42449,-0.0582574,-1.7625455,0.9535435993823835,1.0
Dmel_CR45761,-0.0582574,-1.5462447,0.9535435993823835,1.0
Dmel_CG5002,-0.058259524,-1.7091743,0.9535419066343893,1.0
Dmel_CG12688,-0.058264483,-2.1238773,0.9535379568898844,1.0
Dmel_CG11391,-0.058270153,-2.3286963,0.9535334428975619,1.0
Dmel_CG4669,-0.05827086,-2.5836384,0.9535328786486263,1.0
Dmel_CG31886,-0.058310173,-0.051884625,0.9535015628692312,1.0
Dmel_CG40050,-0.058342762,-0.7942869,0.9534756075028786,1.0
Dmel_CG2157,-0.058344886,-0.6651819,0.9534739147633086,1.0
Dmel_CR44608,-0.058349136,-0.806334,0.9534705292847979,1.0
Dmel_CG15553,-0.058349844,-0.7656763,0.953469965038461,1.0
Dmel_CR45582,-0.05835976,-0.84374034,0.9534620655921947,1.0
Dmel_CG5270,-0.058418557,-0.114656,0.9534152332546852,1.0
Dmel_CG2371,-0.058524106,-0.02784098,0.9533311611488681,1.0
Dmel_CR45832,-0.059198134,-1.7433022,0.9527942968672056,1.0
Dmel_CG43844,-0.059201676,-1.9991591,0.952791475776531,1.0
Dmel_CG12539,-0.059203092,-2.160235,0.9527903473404269,1.0
Dmel_CG34456,-0.059203092,-2.1613777,0.9527903473404269,1.0
Dmel_CG7296,-0.059204508,-2.2236075,0.9527892189044174,1.0
Dmel_CG13138,-0.059205215,-2.4694855,0.952788654686448,1.0
Dmel_CG32006,-0.059205215,-2.3916795,0.952788654686448,1.0
Dmel_CG1632,-0.059205923,-2.3639078,0.9527880904685024,1.0
Dmel_CG15556,-0.059206635,-2.2574492,0.9527875262505805,1.0
Dmel_CG13024,-0.05928385,-0.7080251,0.952726026639014,1.0
Dmel_CG42789,-0.059288096,-0.754963,0.9527226413474661,1.0
Dmel_CG14490,-0.05929093,-0.79456204,0.952720384486908,1.0
Dmel_CG10185,-0.059293058,-0.8099619,0.9527186918417383,1.0
Dmel_CR44973,-0.059293766,-0.8420629,0.9527181276267291,1.0
Dmel_CR43887,-0.05929943,-0.9462039,0.9527136139075089,1.0
Dmel_CG10933,-0.05931714,-1.1310399,0.9526995085447229,1.0
Dmel_CG1257,-0.059429064,-0.7038352,0.9526103629948405,1.0
Dmel_CG31523,-0.05994654,-0.07801959,0.9521982136054397,1.0
Dmel_CG12866,-0.060144532,-2.8931024,0.952040522587794,1.0
Dmel_CG34292,-0.06014524,-2.8243535,0.9520399584014742,1.0
Dmel_CG7695,-0.060147367,-3.2547116,0.9520382658426587,1.0
Dmel_CG4962,-0.0601502,-3.7437253,0.952036009097908,1.0
Dmel_CR45954,-0.060251143,-1.19448,0.9519556128172273,1.0
Dmel_CG3851,-0.06043745,-0.38732016,0.9518072335978521,1.0
Dmel_CG18155,-0.06109093,-19.40984,0.9512867912125551,1.0
Dmel_CG14205,-0.06109093,-19.304945,0.9512867912125551,1.0
Dmel_CG31740,-0.06109093,-19.481478,0.9512867912125551,1.0
Dmel_CR9284,-0.06109093,-19.428406,0.9512867912125551,1.0
Dmel_CG13340,-0.06109093,-19.550537,0.9512867912125551,1.0
Dmel_CG4118,-0.06117877,-0.93609124,0.9512168363085234,1.0
Dmel_CG7260,-0.061197896,-1.0599194,0.9512016042421441,1.0
Dmel_CG14820,-0.061234023,-0.46918324,0.9511728326098542,1.0
Dmel_CG32295,-0.061429538,-0.30277193,0.9510171284109377,1.0
Dmel_CG4592,-0.06188007,-0.439027,0.9506583389080707,1.0
Dmel_CG43272,-0.062109232,-0.89686847,0.9504758452504868,1.0
Dmel_CG14396,-0.06214642,-0.19922204,0.9504462290592753,1.0
Dmel_CG17871,-0.06223001,-0.7446446,0.9503796633936741,1.0
Dmel_CG6589,-0.06230404,-0.4468742,0.9503207135805976,1.0
Dmel_CG43245,-0.062313247,-0.48939654,0.9503133801300369,1.0
Dmel_CR45473,-0.06232706,-0.17885073,0.9503023799620864,1.0
Dmel_CG34148,-0.063052796,-0.024948526,0.9497244614314352,1.0
Dmel_CR45120,-0.06306378,-1.1981711,0.9497157181127823,1.0
Dmel_CR44368,-0.06308361,-1.6569016,0.949699923746047,1.0
Dmel_CG14947,-0.06323521,-0.44900158,0.9495792103106004,1.0
Dmel_CR46258,-0.06326,-0.49167997,0.9495594675690396,1.0
Dmel_CR45439,-0.064009115,-1.3209379,0.9489629693921009,1.0
Dmel_CG43163,-0.064009115,-1.4038012,0.9489629693921009,1.0
Dmel_CR43940,-0.06401124,-1.4434409,0.9489612772392182,1.0
Dmel_CR43864,-0.06401124,-1.3933275,0.9489612772392182,1.0
Dmel_CG4570,-0.06401691,-1.701695,0.9489567648326561,1.0
Dmel_CG13076,-0.064115725,-0.7722866,0.9488780800065167,1.0
Dmel_CG3153,-0.064180896,-0.28202525,0.9488261877774504,1.0
Dmel_CG32064,-0.06437464,-0.3205161,0.9486719224877702,1.0
Dmel_CG15406,-0.0649502,-1.45303,0.9482136503191656,1.0
Dmel_CG13856,-0.06495445,-1.631605,0.9482102662189936,1.0
Dmel_CR45013,-0.06495941,-1.9147431,0.9482063181033071,1.0
Dmel_CR46041,-0.06503875,-0.77843976,0.9481431484253454,1.0
Dmel_CG4975,-0.06504725,-0.8193944,0.94813638026489,1.0
Dmel_CG6173,-0.06506213,-0.9357204,0.9481245359930984,1.0
Dmel_CG8476,-0.06510604,-0.38287804,0.9480895672575603,1.0
Dmel_CR43849,-0.06512588,-0.17370725,0.9480737749581531,1.0
Dmel_CG30357,-0.06557995,-0.30933404,0.9477122496952977,1.0
Dmel_CG5955,-0.06565575,-0.24108888,0.9476519025309865,1.0
Dmel_CG10496,-0.06581372,-0.12116248,0.9475261332382219,1.0
Dmel_CG43094,-0.06589341,-1.7501061,0.9474626850999955,1.0
Dmel_CG16886,-0.065904744,-2.5002842,0.9474536613918343,1.0
Dmel_CG5382,-0.066140994,-0.053255055,0.9472655750110717,1.0
Dmel_CG14445,-0.06625752,-0.31724012,0.9471728018509721,1.0
Dmel_CG31100,-0.06635953,-0.3877478,0.9470915906756381,1.0
Dmel_CG5038,-0.06639601,-0.09409988,0.9470625465345412,1.0
Dmel_CG8474,-0.06641726,-0.058339998,0.9470456276498223,1.0
Dmel_CG4221,-0.06642966,-0.47281012,0.9470357583114304,1.0
Dmel_CG11811,-0.06645906,-0.07873057,0.9470123539128797,1.0
Dmel_CG34043,-0.06684158,-2.7617016,0.9467078189269124,1.0
Dmel_CG9815,-0.06684442,-2.6915495,0.9467055631411991,1.0
Dmel_CR44962,-0.06684513,-3.0994103,0.9467049991948375,1.0
Dmel_CG12860,-0.066845834,-2.83532,0.9467044352485027,1.0
Dmel_CG31898,-0.06707216,-0.09510302,0.9465242557633013,1.0
Dmel_CG32595,-0.06734453,-0.33308518,0.9463074236720701,1.0
Dmel_CG5883,-0.06778338,-3.0927477,0.945958075789109,1.0
Dmel_CG4318,-0.0677855,-3.6398468,0.9459563840570356,1.0
Dmel_CR43575,-0.06778692,-4.67147,0.9459552562357889,1.0
Dmel_CG18662,-0.06778692,-4.0087843,0.9459552562357889,1.0
Dmel_CG1154,-0.067843944,-0.57306105,0.9459098615205462,1.0
Dmel_CG42395,-0.06786803,-0.9423844,0.945890688650082,1.0
Dmel_CR46126,-0.0678829,-1.1148341,0.9458788465986863,1.0
Dmel_CR43827,-0.06792718,-0.4596515,0.9458436024688716,1.0
Dmel_CR45472,-0.06817724,-0.40261507,0.9456445456155882,1.0
Dmel_CG5626,-0.06837311,-0.16384132,0.9454886295150002,1.0
Dmel_CG12325,-0.068468735,-0.06849063,0.9454125048715097,1.0
Dmel_CG9920,-0.0687273,-19.813059,0.9452066888885794,1.0
Dmel_CG32203,-0.06892848,-0.6685912,0.945046549666731,1.0
Dmel_CG34104,-0.06894335,-0.34914038,0.9450347084743355,1.0
Dmel_CR44946,-0.069758,-1.1533262,0.9443862808376497,1.0
Dmel_CR45713,-0.06976154,-1.1600902,0.9443834616671969,1.0
Dmel_CG14529,-0.0697665,-1.3126849,0.9443795148297331,1.0
Dmel_CG34215,-0.06977499,-1.481248,0.9443727488258291,1.0
Dmel_CG11406,-0.06979696,-0.0850709,0.9443552700009863,1.0
Dmel_CG13732,-0.069877714,-0.3262469,0.9442909932626816,1.0
Dmel_CR31912,-0.070008054,-0.69200325,0.944187249117085,1.0
Dmel_CG6114,-0.07013698,-0.056787934,0.9440846335565228,1.0
Dmel_CR46033,-0.07041077,-0.1021112,0.9438667195254254,1.0
Dmel_CR44728,-0.070703685,-1.3218064,0.9436335871736263,1.0
Dmel_CR43956,-0.07070652,-1.4178355,0.9436313319869983,1.0
Dmel_CG16825,-0.070926115,-0.60745287,0.9434565563991177,1.0
Dmel_CG5538,-0.07093675,-0.6714247,0.9434480995848111,1.0
Dmel_CG14887,-0.071440406,-0.32564044,0.9430472539154404,1.0
Dmel_CG15387,-0.07146378,-0.08140127,0.9430286496135808,1.0
Dmel_CG13843,-0.071630254,-1.0168524,0.942896165332991,1.0
Dmel_CR43314,-0.07163875,-1.2473234,0.9428894002206006,1.0
Dmel_CG4916,-0.07163946,-0.07111402,0.9428888364614207,1.0
Dmel_CR46016,-0.07170853,-0.564511,0.9428338700788039,1.0
Dmel_CG18096,-0.07171845,-0.64760756,0.9428259774923631,1.0
Dmel_CR44381,-0.071734026,-0.7642784,0.9428135748678698,1.0
Dmel_CG10026,-0.071751736,-0.90566885,0.9427994809932305,1.0
Dmel_CR32194,-0.07176165,-0.8776055,0.9427915884312548,1.0
Dmel_CG15161,-0.07180593,-0.43033352,0.9427563538481,1.0
Dmel_CG3984,-0.071867555,-0.6585858,0.9427073074948498,1.0
Dmel_CG12130,-0.07247889,-0.048907876,0.9422208020154923,1.0
Dmel_CG4949,-0.07259011,-0.060103856,0.9421322975371069,1.0
Dmel_CG31952,-0.07259153,-1.7539485,0.942131170096129,1.0
Dmel_CG5776,-0.07267086,-0.23338349,0.9420680335864949,1.0
Dmel_CG10374,-0.07277004,-0.5404143,0.9419891134614022,1.0
Dmel_CG14589,-0.07280121,-0.63437164,0.9419643101111098,1.0
Dmel_CG3045,-0.072933674,-0.096057996,0.9418588965005522,1.0
Dmel_CG31441,-0.07297334,-0.13109553,0.9418273289863749,1.0
Dmel_CG17343,-0.07316886,-0.053127266,0.9416717475739359,1.0
Dmel_CR44279,-0.07353013,-1.8377987,0.9413842660418037,1.0
Dmel_CG13137,-0.07353368,-2.0369833,0.9413814476331512,1.0
Dmel_CG9914,-0.073587514,-0.30833107,0.9413386079120314,1.0
Dmel_CG12010,-0.07359105,-0.09546921,0.941335789515275,1.0
Dmel_CG18676,-0.07368385,-0.13432778,0.9412619477821229,1.0
Dmel_CG31677,-0.07371361,-0.5869166,0.9412382734401853,1.0
Dmel_CG1845,-0.07385351,-0.105767,0.9411269483620658,1.0
Dmel_CR43480,-0.073946305,-0.285808,0.9410531080585511,1.0
Dmel_CG6284,-0.074108884,-0.14175986,0.9409237478325876,1.0
Dmel_CG7519,-0.0742247,-0.03543783,0.9408315901907149,1.0
Dmel_CR46073,-0.07447441,-2.292256,0.9406329043936804,1.0
Dmel_CR45284,-0.07455162,-0.81107605,0.9405714675470354,1.0
Dmel_CG2104,-0.074592,-1.3548403,0.9405393401625274,1.0
Dmel_CG31213,-0.07464088,-0.5945708,0.940500449247592,1.0
Dmel_CG43218,-0.07474147,-0.42043245,0.9404204133184918,1.0
Dmel_CG14117,-0.0749299,-0.43497548,0.9402704884797196,1.0
Dmel_CG6785,-0.074961066,-0.2471494,0.940245689086218,1.0
Dmel_CR43576,-0.0752678,-0.4213559,0.9400016436038027,1.0
Dmel_CG7536,-0.07528798,-0.05356955,0.9399855807613425,1.0
Dmel_CR45382,-0.07534076,-0.34258428,0.9399435920428877,1.0
Dmel_CR43464,-0.0754201,-3.4414153,0.9398804683776548,1.0
Dmel_CG32368,-0.0759103,-0.5435297,0.939490462694756,1.0
Dmel_CG9015,-0.07593686,-0.1992755,0.939469328407419,1.0
Dmel_CG5063,-0.075950675,-0.047539197,0.9394583385948512,1.0
Dmel_CG9638,-0.07609802,-0.09478229,0.9393411146452926,1.0
Dmel_CG3124,-0.07636367,-20.08539,0.9391297767127353,1.0
Dmel_CG6104,-0.07636367,-19.724394,0.9391297767127353,1.0
Dmel_CG4836,-0.07636367,-19.99286,0.9391297767127353,1.0
Dmel_CG7929,-0.07636367,-19.819994,0.9391297767127353,1.0
Dmel_CR46128,-0.07644655,-1.1038637,0.9390638401545218,1.0
Dmel_CG43068,-0.07644867,-1.0383776,0.9390621494790333,1.0
Dmel_CG14692,-0.076472044,-1.388191,0.9390435520667911,1.0
Dmel_CG9975,-0.076483734,-0.40379444,0.9390342533731365,1.0
Dmel_CG17484,-0.07653757,0.0694426,0.9389914231339508,1.0
Dmel_CG14401,-0.076764256,-0.29807585,0.9388110872221451,1.0
Dmel_CR44187,-0.07677453,-0.48778328,0.9388029158253893,1.0
Dmel_CG14149,-0.07694135,-0.029635174,0.9386702019740152,1.0
Dmel_CG3460,-0.07700652,-0.05079264,0.9386183566856786,1.0
Dmel_CR46009,-0.07701679,-0.31481895,0.9386101854411384,1.0
Dmel_CG18769,-0.07734052,-0.10532518,0.9383526536714498,1.0
Dmel_CG40305,-0.07739613,-1.2435929,0.9383084174620187,1.0
Dmel_CG31783,-0.0774018,-1.3695484,0.9383039093239744,1.0
Dmel_CG33475,-0.07740322,-1.3896275,0.9383027822897723,1.0
Dmel_CR43465,-0.07741667,-1.6268209,0.9382920754710169,1.0
Dmel_CG7390,-0.077634856,-0.6220799,0.9381185138614305,1.0
Dmel_CG17169,-0.07764194,-0.6942873,0.938112878793466,1.0
Dmel_CG16910,-0.077712074,-0.074002735,0.9380570917878864,1.0
Dmel_CR46035,-0.07776343,-0.25799596,0.9380162378604758,1.0
Dmel_CG14074,-0.07814206,-0.10377144,0.9377150508450771,1.0
Dmel_CG32855,-0.078416556,-0.6538159,0.9374967028720707,1.0
Dmel_CG42675,-0.07843073,-0.03897323,0.9374854334266788,1.0
Dmel_CR43650,-0.07859507,-0.75769985,0.9373547087758484,1.0
Dmel_CG10237,-0.07867937,-0.4996097,0.9372876567004146,1.0
Dmel_CR34531,-0.07879413,-0.20670658,0.9371963764386645,1.0
Dmel_CG1461,-0.07889543,-0.40097636,0.9371158025724345,1.0
Dmel_CG18213,-0.07900168,-0.3118584,0.9370312852229475,1.0
Dmel_CG5313,-0.07920924,-0.1206544,0.9368661967142562,1.0
Dmel_CG41562,-0.079275474,-1.4131818,0.9368135154573024,1.0
Dmel_CR43022,-0.0792776,-1.4731411,0.9368118251541715,1.0
Dmel_CR44724,-0.07928539,-1.653832,0.9368056273784612,1.0
Dmel_CG10583,-0.07928681,-1.8065059,0.9368045005105616,1.0
Dmel_CG31407,-0.07928964,-1.8276166,0.9368022467751421,1.0
Dmel_CR43624,-0.079296015,-2.045679,0.9367971758722998,1.0
Dmel_CG31036,-0.079644896,-0.5695038,0.936519688714176,1.0
Dmel_CG2129,-0.0803384,-0.18633306,0.935968117881475,1.0
Dmel_CG14443,-0.08040144,-0.6011441,0.9359179765983452,1.0
Dmel_CR34632,-0.08046166,-0.7632734,0.9358700890933148,1.0
Dmel_CG15202,-0.08056225,-0.1275613,0.9357900893084187,1.0
Dmel_CG14985,-0.080951154,-0.15406004,0.9354808004710716,1.0
Dmel_CG3360,-0.0811626,-1.7981725,0.9353126393122403,1.0
Dmel_CG12147,-0.08116402,-1.9542367,0.935311512614033,1.0
Dmel_CR45539,-0.08117536,-2.6603973,0.9353024990330396,1.0
Dmel_CG31199,-0.081247255,-0.87070215,0.9352453193218316,1.0
Dmel_CG34160,-0.08127771,-1.0835607,0.9352210955054809,1.0
Dmel_CR45457,-0.0812848,-1.2087255,0.9352154620684124,1.0
Dmel_CG11495,-0.08128657,-0.34559447,0.9352140537096522,1.0
Dmel_CG10704,-0.0813482,-0.6361548,0.9351650429511154,1.0
Dmel_CG7593,-0.08146473,-0.071481206,0.9350723738552105,1.0
Dmel_CG13319,-0.08176154,-0.05037824,0.9348363392231148,1.0
Dmel_CG11695,-0.08179554,-0.07930321,0.9348092998214833,1.0
Dmel_CG10743,-0.08181396,-0.13878651,0.9347946535103309,1.0
Dmel_CG10671,-0.08182529,-0.08843801,0.9347856404067447,1.0
Dmel_CG5341,-0.08183238,-0.0998906,0.934780007221248,1.0
Dmel_CG4938,-0.08184088,-0.052795842,0.9347732474029625,1.0
Dmel_CG9537,-0.08195139,-0.08200369,0.9346853701933802,1.0
Dmel_CG11449,-0.082109354,-2.3632083,0.9345597522311145,1.0
Dmel_CR44348,-0.082111485,-2.4618218,0.9345580623144712,1.0
Dmel_CG12662,-0.082115024,-2.773068,0.9345552457873878,1.0
Dmel_CG7838,-0.08213025,-0.29908136,0.9345431347302637,1.0
Dmel_CG3819,-0.082337454,-0.8134774,0.9343783695290557,1.0
Dmel_CG4616,-0.08299023,-0.08517415,0.9338593071431512,1.0
Dmel_CG32313,-0.08311739,-0.7875597,0.9337582016745313,1.0
Dmel_CG16812,-0.083228245,-0.041320372,0.9336700520960677,1.0
Dmel_CG6628,-0.083361775,-0.5994768,0.9335638794025434,1.0
Dmel_CG15528,-0.08342872,-0.44181418,0.9335106526878292,1.0
Dmel_CG12880,-0.083480075,-0.35527554,0.9334698175791001,1.0
Dmel_CG1569,-0.083859414,-0.14325096,0.9331682064466743,1.0
Dmel_CG3517,-0.08400003,-19.965092,0.9330564071828332,1.0
Dmel_CR45916,-0.08408291,-1.069156,0.932990511005936,1.0
Dmel_CG13931,-0.0841325,-0.5524007,0.9329510861623689,1.0
Dmel_CG17005,-0.08418492,-0.76964074,0.9329094086494408,1.0
Dmel_CG5906,-0.084204756,-0.8488468,0.9328936388276404,1.0
Dmel_CG42810,-0.084318094,-0.6388544,0.932803526065662,1.0
Dmel_CR44233,-0.08469283,-0.34193107,0.9325055968831891,1.0
Dmel_CG3227,-0.08491526,-0.06034702,0.9323287586996962,1.0
Dmel_CG10622,-0.08498185,-0.07857623,0.9322758205296514,1.0
Dmel_CR46131,-0.08503569,-1.2738177,0.9322330196749987,1.0
Dmel_CG16954,-0.085122466,-0.75871724,0.9321640318678333,1.0
Dmel_CG34030,-0.08516213,-1.0742394,0.9321324947542505,1.0
Dmel_CG7023,-0.0851894,-0.11672384,0.9321108130504625,1.0
Dmel_CG8005,-0.0853325,-0.14403947,0.9319970553265986,1.0
Dmel_CG17230,-0.085661545,-0.07019899,0.9317354741506654,1.0
Dmel_CG5157,-0.08603238,-0.6200269,0.9314406762172257,1.0
Dmel_CG8419,-0.08615564,-0.5754448,0.9313426938843801,1.0
Dmel_CG1629,-0.08618752,-0.6288293,0.931317353795172,1.0
Dmel_CR44070,-0.08627571,-0.14998563,0.9312472465778654,1.0
Dmel_CG32226,-0.08631963,-0.039207425,0.9312123339456937,1.0
Dmel_CG9676,-0.08701314,-0.8974355,0.9306610698109613,1.0
Dmel_CG31467,-0.087033324,-0.27756393,0.9306450222713609,1.0
Dmel_CG17265,-0.087057054,-1.2014633,0.9306261594099877,1.0
Dmel_CR44445,-0.087100625,-0.5916609,0.9305915306763757,1.0
Dmel_CG31732,-0.08727984,-0.28365025,0.9304490756429342,1.0
Dmel_CG7081,-0.08756426,-0.06131771,0.9302230102744345,1.0
Dmel_CG8503,-0.08758268,-0.2471854,0.9302083711169511,1.0
Dmel_CG43755,-0.08787701,-2.0736766,0.9299744293268719,1.0
Dmel_CG12699,-0.087879844,-2.7483943,0.9299721772090488,1.0
Dmel_CG31636,-0.08803286,-0.6203179,0.9298505636798583,1.0
Dmel_CG42600,-0.08819436,-0.5236402,0.9297221956207044,1.0
Dmel_CG10425,-0.088240765,-0.10607316,0.9296853182925435,1.0
Dmel_CG3738,-0.08836579,-0.15338758,0.9295859473127521,1.0
Dmel_CG18628,-0.08872423,-0.4481344,0.9293010711611018,1.0
Dmel_CG16978,-0.08880145,-2.0265152,0.9292397057440096,1.0
Dmel_CG33643,-0.08880287,-2.1248732,0.9292385797769837,1.0
Dmel_CG30000,-0.08919531,-0.064846225,0.9289266923731303,1.0
Dmel_CG8673,-0.0897266,-0.0812526,0.9285044795362047,1.0
Dmel_CG2127,-0.08974927,-2.6088111,0.9284864655686784,1.0
Dmel_CG13046,-0.089753516,-3.3217607,0.928483087953847,1.0
Dmel_CG34120,-0.09002695,-0.9568095,0.9282657974435415,1.0
Dmel_CG31849,-0.090369806,-4.4835328e-05,0.9279933474726971,1.0
Dmel_CG6488,-0.09051857,-0.08870292,0.9278751383325027,1.0
Dmel_CG33340,-0.090692125,-3.560973,0.9277372296809118,1.0
Dmel_CG31820,-0.09069283,-3.6634178,0.9277366667929015,1.0
Dmel_CG12560,-0.090941474,-0.24186021,0.9275390953373112,1.0
Dmel_CG8120,-0.0909521,-1.014215,0.9275306522121641,1.0
Dmel_CG17946,-0.0916364,-20.240057,0.9269869321781503,1.0
Dmel_CG17935,-0.0916364,-20.244175,0.9269869321781503,1.0
Dmel_CG17956,-0.0916364,-20.052486,0.9269869321781503,1.0
Dmel_CG34168,-0.0916364,-20.12863,0.9269869321781503,1.0
Dmel_CG42367,-0.0916364,-20.175291,0.9269869321781503,1.0
Dmel_CG7931,-0.09174195,-1.4241579,0.9269030694872339,1.0
Dmel_CG7341,-0.092164144,-0.3149703,0.9265676268534466,1.0
Dmel_CG6808,-0.09242625,-0.18704306,0.9263593888282149,1.0
Dmel_CG13390,-0.092617504,-0.06520765,0.9262074345332219,1.0
Dmel_CG7549,-0.09291786,-0.41514793,0.9259688154453544,1.0
Dmel_CG14636,-0.09293167,-0.7970036,0.9259578413784492,1.0
Dmel_CG32397,-0.0929887,-0.2411046,0.9259125383283149,1.0
Dmel_CG31755,-0.092990115,-0.5606169,0.9259114127897543,1.0
Dmel_CG42766,-0.09310523,-0.437381,0.9258199632773896,1.0
Dmel_CG13616,-0.09377855,-0.5697208,0.9252850736476556,1.0
Dmel_CG9911,-0.09411857,-0.06272189,0.9250149686106371,1.0
Dmel_CG9554,-0.094385274,-0.20139141,0.9248031110197608,1.0
Dmel_CG8063,-0.094577245,-2.290777,0.9246506218705307,1.0
Dmel_CG18112,-0.09459248,-0.10492634,0.924638524141362,1.0
Dmel_CG15047,-0.09472388,-0.61869043,0.9245341467836515,1.0
Dmel_CG7990,-0.09474655,-0.039125014,0.9245161411174363,1.0
Dmel_CG14252,-0.09479189,-0.08826972,0.9244801299010296,1.0
Dmel_CG14907,-0.09500511,-0.5671284,0.9243107667255934,1.0
Dmel_CG9175,-0.09537879,-0.014186946,0.9240139674465481,1.0
Dmel_CR45679,-0.09548752,-0.21381892,0.9239276022480634,1.0
Dmel_CG31007,-0.09553817,-0.1792964,0.9238873738134663,1.0
Dmel_CG10488,-0.09561184,-1.1473333,0.9238288600743048,1.0
Dmel_CG2158,-0.09565364,-0.04892809,0.9237956649631891,1.0
Dmel_CG9535,-0.09602837,-0.051899087,0.9234980401571361,1.0
Dmel_CG18449,-0.09642896,-1.686148,0.9231798916469504,1.0
Dmel_CG9138,-0.09644596,-2.4727185,0.9231663895944036,1.0
Dmel_CG42309,-0.09645588,-2.9290586,0.9231585134073084,1.0
Dmel_CG12245,-0.096646436,-0.74348736,0.9230071795621921,1.0
Dmel_CG15923,-0.09684939,-0.31894773,0.9228460036434547,1.0
Dmel_CG1888,-0.096981145,-0.0875139,0.922741367569791,1.0
Dmel_CG3301,-0.097206764,-0.46594703,0.9225621954636227,1.0
Dmel_CG6093,-0.097380675,-0.283032,0.9224240921729758,1.0
Dmel_CG18410,-0.09754927,-0.6655489,0.9222902101564684,1.0
Dmel_CG3594,-0.097558476,-0.1041231,0.9222828973365989,1.0
Dmel_CG4144,-0.09756344,-0.7396201,0.9222789596670825,1.0
Dmel_CG30480,-0.097611606,-0.9424747,0.9222407081195049,1.0
Dmel_CG2254,-0.09809685,-0.39090583,0.921855390076224,1.0
Dmel_CG11368,-0.09816167,-0.21661068,0.9218039219723966,1.0
Dmel_CG11732,-0.09831007,-0.26880926,0.921686080935467,1.0
Dmel_CG9044,-0.098873235,-0.07155524,0.9212389193935971,1.0
Dmel_CG3008,-0.09912896,-0.11643635,0.9210358768923463,1.0
Dmel_CG17376,-0.099272765,-20.407694,0.9209217028982722,1.0
Dmel_CG15437,-0.09938186,-0.08487342,0.9208350892312608,1.0
Dmel_CG5062,-0.09954762,-0.6635605,0.9207034832493012,1.0
Dmel_CR44228,-0.099556826,-0.66014457,0.9206961718695004,1.0
Dmel_CG13663,-0.099580914,-0.0671101,0.9206770498309452,1.0
Dmel_CG9496,-0.09961491,-0.13409586,0.9206500540898882,1.0
Dmel_CG15332,-0.09974597,-0.6605813,0.920546008860188,1.0
Dmel_CG12470,-0.0998756,-0.36947748,0.9204430897818487,1.0
Dmel_CG31510,-0.09997583,-0.07667855,0.9203635111893352,1.0
Dmel_CR34626,-0.100315504,-1.710742,0.9200938497380315,1.0
Dmel_CG11892,-0.10042672,-0.38330805,0.9200055579942874,1.0
Dmel_CG14778,-0.10043699,-1.0205066,0.9199974037109936,1.0
Dmel_CG42447,-0.10075222,-0.69624084,0.9197471556632993,1.0
Dmel_CG9740,-0.10087938,-0.041454423,0.919646215159629,1.0
Dmel_CG11156,-0.101182915,-0.14399967,0.9194052565766242,1.0
Dmel_CR43408,-0.10125198,-1.6305429,0.9193504303938549,1.0
Dmel_CG15362,-0.101478666,-0.30700985,0.919170490745991,1.0
Dmel_CG32232,-0.10164656,-0.31629777,0.9190372256117965,1.0
Dmel_CG3810,-0.10169118,-0.12990932,0.9190018010851643,1.0
Dmel_CR45981,-0.10221184,-2.1378164,0.9185885268383058,1.0
Dmel_CG10078,-0.10225364,-0.50530005,0.9185553533950731,1.0
Dmel_CG13984,-0.10245801,-0.5029886,0.9183931429228797,1.0
Dmel_CG31883,-0.10249236,-0.36569196,0.9183658739047101,1.0
Dmel_CG14089,-0.102690004,-0.3140415,0.9182090086352116,1.0
Dmel_CG10739,-0.1031625,-0.06732863,0.9178340067300054,1.0
Dmel_CG6906,-0.103328966,-0.24055426,0.9177018889696453,1.0
Dmel_CG33336,-0.10339343,-0.16540067,0.917650729085401,1.0
Dmel_CG7050,-0.10377064,0.18293822,0.9173513662754651,1.0
Dmel_CG1889,-0.10405931,-1.8260578,0.91712228433814,1.0
Dmel_CR43602,-0.10407631,-2.3472226,0.9171087926102037,1.0
Dmel_CG31193,-0.10408268,-2.762176,0.917103733218382,1.0
Dmel_CG30101,-0.104486816,-0.76775086,0.9167830308524141,1.0
Dmel_CG2111,-0.10450063,-0.50630295,0.9167720693103307,1.0
Dmel_CG32300,-0.10494797,-0.076745234,0.9164170925512217,1.0
Dmel_CG10387,-0.10501952,-0.27588576,0.9163603202984263,1.0
Dmel_CG1806,-0.105029084,-3.250455,0.916352731960316,1.0
Dmel_CG18548,-0.10509284,-1.0854868,0.9163021432343934,1.0
Dmel_CG13914,-0.105099924,-1.0490454,0.9162965222857656,1.0
Dmel_CG15203,-0.10512259,-0.31476623,0.9162785352782802,1.0
Dmel_CG15443,-0.10521433,-0.08571263,0.9162057445451656,1.0
Dmel_CG4314,-0.10524301,-0.9124231,0.9161829800199259,1.0
Dmel_CG18420,-0.10557312,-0.32660452,0.9159210524079573,1.0
Dmel_CG42554,-0.105887994,-0.08026344,0.9156712179447332,1.0
Dmel_CG8175,-0.10627761,-0.662862,0.9153620979705139,1.0
Dmel_CG34251,-0.10630382,-0.28591543,0.9153413030857648,1.0
Dmel_CR44844,-0.10656415,-0.23353292,0.9151347624460341,1.0
Dmel_CG31633,-0.1069821,-0.113811575,0.9148031853810688,1.0
Dmel_CG17927,-0.1069998,-1.3893769,0.9147891358324372,1.0
Dmel_CG8756,-0.1070168,-1.656429,0.9147756482907976,1.0
Dmel_CG10062,-0.10720311,-0.64866257,0.9146278489223639,1.0
Dmel_CG9766,-0.10725978,-0.052671336,0.9145828915248575,1.0
Dmel_CG10810,-0.10738729,-0.60649174,0.9144817383798352,1.0
Dmel_CG8270,-0.10741704,-0.10181508,0.9144581361785655,1.0
Dmel_CG33270,-0.1079331,-1.3978227,0.9140487623968298,1.0
Dmel_CG16963,-0.10794018,-1.4254761,0.9140431431484766,1.0
Dmel_CG9090,-0.107974894,-2.0453966,0.914015608893659,1.0
Dmel_CG10119,-0.10845057,-0.19184424,0.9136382876291527,1.0
Dmel_CG31642,-0.10855045,-0.5209981,0.9135590610620762,1.0
Dmel_CG11589,-0.10879024,-0.14426953,0.9133688646199656,1.0
Dmel_CG4757,-0.108918816,-2.4659562,0.9132668854093395,1.0
Dmel_CG11261,-0.10898965,-0.51481956,0.9132106991264968,1.0
Dmel_CG13334,-0.10900311,-1.127442,0.9132000237817883,1.0
Dmel_CG11147,-0.10903428,-1.307142,0.9131753019910188,1.0
Dmel_CG32056,-0.10904632,-0.05651102,0.9131657504125397,1.0
Dmel_CG44249,-0.10914195,-0.26793528,0.9130899000876757,1.0
Dmel_CG2135,-0.10915754,-0.11932509,0.9130775393689954,1.0
Dmel_CR44525,-0.10982023,-1.772469,0.9125519473955046,1.0
Dmel_CG9286,-0.10984644,-0.07556561,0.9125311604699906,1.0
Dmel_CR44408,-0.11049,-0.55263937,0.9120207759878488,1.0
Dmel_CG3771,-0.110692605,-0.12152364,0.9118601120940155,1.0
Dmel_CR45851,-0.11076273,-1.9900514,0.9118044985083561,1.0
Dmel_CG3315,-0.11077194,-2.205209,0.9117971957463614,1.0
Dmel_CR44512,-0.110775486,-2.2606146,0.9117943869937316,1.0
Dmel_CG4750,-0.11077832,-2.3062072,0.9117921399924213,1.0
Dmel_CG11551,-0.1108867,-1.2867336,0.9117061927219186,1.0
Dmel_CG10092,-0.11156604,-0.105445124,0.9111675010449467,1.0
Dmel_CG11490,-0.11173676,-0.09194842,0.9110321323822973,1.0
Dmel_CR45376,-0.11181539,-1.2883556,0.9109697850283993,1.0
Dmel_CG6426,-0.1123782,-0.7356477,0.9105235400396497,1.0
Dmel_CG30085,-0.11256273,-0.25887042,0.9103772317405585,1.0
Dmel_CG15460,-0.11266474,-3.5808463,0.9102963562880191,1.0
Dmel_CR45950,-0.11269874,-0.82365036,0.9102693980103458,1.0
Dmel_CG14780,-0.11273133,-1.1267862,0.9102435630911796,1.0
Dmel_CR45809,-0.112872295,-0.9983813,0.9101318000780254,1.0
Dmel_CG17019,-0.11306073,-0.07435898,0.909982411089247,1.0
Dmel_CG10112,-0.11306214,-0.56619686,0.9099812878758153,1.0
Dmel_CG9969,-0.11332318,-0.09760374,0.9097743388738806,1.0
Dmel_CG13164,-0.11360512,-4.1639376,0.9095508295968036,1.0
Dmel_CG1148,-0.11366356,-0.3902023,0.9095045000513775,1.0
Dmel_CG15848,-0.11382826,-1.0259244,0.9093739366250754,1.0
Dmel_CR45891,-0.11410134,-0.35731888,0.9091574594363169,1.0
Dmel_CG31009,-0.11465884,-1.6972215,0.9087155412309231,1.0
Dmel_CR45041,-0.11465884,-1.7745258,0.9087155412309231,1.0
Dmel_CG2412,-0.115030736,-0.48499504,0.9084207576184182,1.0
Dmel_CG11121,-0.11565022,-0.3547086,0.9079297603612011,1.0
Dmel_CG9515,-0.11579579,-0.05855862,0.9078143853139843,1.0
Dmel_CG16716,-0.11653039,-1.9241223,0.907232206156837,1.0
Dmel_CG5909,-0.11653888,-1.9880884,0.9072254695627747,1.0
Dmel_CG5441,-0.11693841,-0.7526526,0.9069088571779721,1.0
Dmel_CR32553,-0.11744916,-1.6665001,0.906504131333395,1.0
Dmel_CG32373,-0.11747112,-0.34352228,0.9064867303497046,1.0
Dmel_CG9531,-0.1176723,-0.062428825,0.906327316976608,1.0
Dmel_CG42302,-0.11772472,-0.361371,0.906285780308761,1.0
Dmel_CG10504,-0.1183396,-0.09252847,0.9057985855881406,1.0
Dmel_CG12426,-0.118489064,-1.0767292,0.9056801599624855,1.0
Dmel_CG15043,-0.11862082,-0.92051053,0.9055757675482975,1.0
Dmel_CG3595,-0.118755415,-0.04068802,0.9054691318205533,1.0
Dmel_CG31866,-0.118882924,-0.5860928,0.9053681100717145,1.0
Dmel_CG44836,-0.119424485,-1.0969638,0.9049390653384582,1.0
Dmel_CG11560,-0.11989379,-0.15674374,0.9045672864206674,1.0
Dmel_CG8916,-0.12020122,-0.15766671,0.9043237474911753,1.0
Dmel_CG5732,-0.12043818,-0.02018092,0.9041360490876695,1.0
Dmel_CG13794,-0.12046474,-0.8382605,0.9041150069994743,1.0
Dmel_CG16959,-0.12047324,-0.855399,0.9041082735454725,1.0
Dmel_CG7168,-0.120605,-0.10141125,0.9040039058905265,1.0
Dmel_CG5945,-0.12074385,-0.9399584,0.9038939288659898,1.0
Dmel_CG40486,-0.12086002,-0.50710213,0.903801908690688,1.0
Dmel_CG31076,-0.121236175,-3.8918386,0.9035039741886104,1.0
Dmel_CG15247,-0.121239714,-4.0552993,0.9035011688434897,1.0
Dmel_CG3666,-0.12124042,-4.024482,0.9035006077746102,1.0
Dmel_CG7650,-0.12127655,-0.10661383,0.9034719933256543,1.0
Dmel_CG11130,-0.121313386,-0.07624608,0.9034428179381553,1.0
Dmel_CR45820,-0.12134703,-1.6613508,0.9034161674577441,1.0
Dmel_CG5261,-0.121437706,-0.05517018,0.9033443519681115,1.0
Dmel_CG5867,-0.12146569,-1.0349143,0.9033221903164954,1.0
Dmel_CG7671,-0.122269,-0.22133726,0.9026859867346017,1.0
Dmel_CG6435,-0.122290246,-1.7557265,0.9026691567986099,1.0
Dmel_CG14556,-0.12230158,-0.67420983,0.9026601808506313,1.0
Dmel_CG10747,-0.12308257,-0.07031475,0.9020417119642455,1.0
Dmel_CG11920,-0.12334397,-0.13070966,0.901834727474326,1.0
Dmel_CG13761,-0.12337974,-0.06528653,0.901806400847514,1.0
Dmel_CG14451,-0.12338789,-0.7403353,0.9017999502470031,1.0
Dmel_CG11081,-0.12347962,0.04460391,0.9017273113237436,1.0
Dmel_CG10414,-0.12407112,-0.12019081,0.9012589643044234,1.0
Dmel_CG8624,-0.124165334,-1.8752223,0.9011843684871645,1.0
Dmel_CR45800,-0.12417596,-2.2235816,0.9011759554798141,1.0
Dmel_CG15896,-0.1244069,-0.19988418,0.900993115530579,1.0
Dmel_CG7130,-0.12447986,-0.36798847,0.9009353481719095,1.0
Dmel_CG3629,-0.12514786,-0.19971175,0.9004064928025372,1.0
Dmel_CG7654,-0.12520736,-0.023392975,0.9003593858756799,1.0
Dmel_CG18176,-0.12633617,-0.308009,0.8994658229228125,1.0
Dmel_CG7713,-0.12696415,-0.10322147,0.8989687687830428,1.0
Dmel_CG9717,-0.12709025,-1.313531,0.8988689702413661,1.0
Dmel_CG9611,-0.12750395,-0.06889023,0.8985415525574556,1.0
Dmel_CR44987,-0.12804161,-0.15156507,0.8981160475141146,1.0
Dmel_CG9782,-0.12822083,-0.74614865,0.8979742190030506,1.0
Dmel_CG5232,-0.12834834,-0.90034986,0.8978733153269866,1.0
Dmel_CG8833,-0.12870713,-0.084584184,0.8975893924602234,1.0
Dmel_CG18271,-0.12873015,-0.5753199,0.8975711747570907,1.0
Dmel_CR44074,-0.12905212,-0.29140356,0.8973164128469527,1.0
Dmel_CG1523,-0.12911198,-0.097043626,0.8972690490375013,1.0
Dmel_CG34141,-0.12912898,-0.6802797,0.8972555966613202,1.0
Dmel_CG32707,-0.12920584,-0.13996148,0.8971947810792726,1.0
Dmel_CG6522,-0.12954763,-0.18233559,0.8969243412251219,1.0
Dmel_CG33971,-0.12963688,-0.4156143,0.8968537205601717,1.0
Dmel_CG1298,-0.12980866,-0.06346304,0.8967178061044138,1.0
Dmel_CG2709,-0.12981823,-20.269257,0.8967102398216698,1.0
Dmel_CG11420,-0.12981823,-20.433578,0.8967102398216698,1.0
Dmel_CG43657,-0.12990466,-1.4935347,0.8966418634703732,1.0
Dmel_CG8850,-0.12995495,-0.8401479,0.8966020710290978,1.0
Dmel_CG8205,-0.13022129,-0.63963515,0.8963913435655537,1.0
Dmel_CG14298,-0.13033535,-0.39086035,0.8963011140930705,1.0
Dmel_CG14102,-0.13054007,-0.12490155,0.8961391527531449,1.0
Dmel_CG5938,-0.13091375,-0.05928311,0.895843542441127,1.0
Dmel_CG4252,-0.13152543,-0.2437432,0.8953596693963108,1.0
Dmel_CG15373,-0.13178754,-1.7434759,0.895152347163293,1.0
Dmel_CG7047,-0.13191505,-1.2171936,0.8950514902870262,1.0
Dmel_CR45997,-0.13205388,-0.41191176,0.8949416702844715,1.0
Dmel_CG12924,-0.13208824,-0.21792966,0.8949144957475844,1.0
Dmel_CG10855,-0.13210489,-0.2195863,0.894901328748289,1.0
Dmel_CG31773,-0.13214456,-0.34224537,0.8948699521858396,1.0
Dmel_CG33978,-0.13216794,-0.22013453,0.8948514625028425,1.0
Dmel_CG33178,-0.13288446,-1.4582715,0.8942847534629714,1.0
Dmel_CG1978,-0.13294928,-0.9144978,0.894233491782658,1.0
Dmel_CG15083,-0.132967,-0.995882,0.8942194859359013,1.0
Dmel_CR45209,-0.13315365,-0.8333201,0.8940718663176717,1.0
Dmel_CG14797,-0.13327372,-0.6568759,0.8939769099062369,1.0
Dmel_CG7914,-0.13346994,-0.16983262,0.8938217336732721,1.0
Dmel_CG9541,-0.13353157,-0.28405923,0.8937729968500303,1.0
Dmel_CG33267,-0.13366935,-0.11365788,0.8936640406903488,1.0
Dmel_CG11796,-0.1337951,-1.3816228,0.8935646094423162,1.0
Dmel_CG6728,-0.1338383,-0.79200864,0.8935304390896821,1.0
Dmel_CR45416,-0.13389851,-0.40888754,0.8934828249934347,1.0
Dmel_CG42809,-0.1341762,-0.23013644,0.8932632449549444,1.0
Dmel_CG1663,-0.13453393,-0.1538253,0.8929803796703706,1.0
Dmel_CG15618,-0.13460052,-0.14509253,0.89292772902013,1.0
Dmel_CG8687,-0.1347507,-0.74986345,0.8928089867330622,1.0
Dmel_CG6409,-0.13475318,-1.5742987,0.8928070263852709,1.0
Dmel_CR45182,-0.13478115,-0.835344,0.892784902505605,1.0
Dmel_CG9617,-0.13483642,-0.06979077,0.8927412150895638,1.0
Dmel_CR44171,-0.135033,-0.46836978,0.8925857913452847,1.0
Dmel_CG6646,-0.13560748,-0.18850048,0.8921315856207371,1.0
Dmel_CG1890,-0.1358866,-0.084401295,0.8919109361685852,1.0
Dmel_CG17322,-0.1362638,-0.6834459,0.8916127366946732,1.0
Dmel_CR45191,-0.13687444,-0.60759425,0.8911300500523047,1.0
Dmel_CG9837,-0.13713016,-0.060954116,0.8909279159969841,1.0
Dmel_CG31938,-0.13728352,-0.091430195,0.8908066949559831,1.0
Dmel_CG4980,-0.13732567,-0.07030969,0.8907733806133986,1.0
Dmel_CR45965,-0.13758281,-0.2359192,0.8905701393072529,1.0
Dmel_CG4659,-0.1377585,-0.05528636,0.8904312898761352,1.0
Dmel_CG32687,-0.13782862,-0.5434768,0.8903758630172444,1.0
Dmel_CG13396,-0.13799438,-0.106961906,0.890244856208241,1.0
Dmel_CG1112,-0.13932544,-0.67993987,0.8891929916712975,1.0
Dmel_CG6788,-0.13939273,-0.2498078,0.8891398158189294,1.0
Dmel_CR33637,-0.13944444,-2.1032524,0.8890989547133873,1.0
Dmel_CG32133,-0.13959569,-0.072138265,0.8889794516646151,1.0
Dmel_CG5215,-0.13963605,-0.06724077,0.8889475472959876,1.0
Dmel_CG6757,-0.14010112,-0.11962155,0.8885801003108614,1.0
Dmel_CG42526,-0.14027892,-0.29038948,0.8884396204283451,1.0
Dmel_CG7639,-0.14046168,-0.070949204,0.8882952264319889,1.0
Dmel_CG12256,-0.14068164,-1.1147249,0.8881214548516665,1.0
Dmel_CG13890,-0.1413585,-0.059942883,0.8875867422593899,1.0
Dmel_CG4332,-0.14153205,-0.15595235,0.8874496446974809,1.0
Dmel_CR45007,-0.14161634,-0.7471585,0.8873830556679395,1.0
Dmel_CG15093,-0.14169002,-0.43328297,0.8873248608644771,1.0
Dmel_CR44981,-0.1417729,-0.49253896,0.88725939243671,1.0
Dmel_CG17121,-0.14181682,-0.6789213,0.8872247000773887,1.0
Dmel_CG14609,-0.14194503,-0.16516906,0.8871234220067853,1.0
Dmel_CG6976,-0.14197408,-0.35395345,0.8871004808213713,1.0
Dmel_CG17604,-0.14209662,-0.18163733,0.8870036812516594,1.0
Dmel_CG4839,-0.14239627,-1.6961664,0.8867670050131458,1.0
Dmel_CG3354,-0.14307739,-0.5811792,0.8862290657710257,1.0
Dmel_CG14233,-0.14321303,-3.7843812,0.8861219317580977,1.0
Dmel_CG10778,-0.14336109,-0.06762882,0.8860050098060684,1.0
Dmel_CG44521,-0.14341848,-0.645552,0.8859596962238432,1.0
Dmel_CG40160,-0.14380667,-0.6559339,0.8856531400627814,1.0
Dmel_CR45469,-0.14424728,-0.230235,0.8853052083695767,1.0
Dmel_CG8959,-0.14427632,-1.9139881,0.885282274741481,1.0
Dmel_CG13277,-0.14446086,-0.11728525,0.8851365645453444,1.0
Dmel_CG4661,-0.14459935,-0.18601464,0.8850272145308427,1.0
Dmel_CG13867,-0.14475377,-0.09585451,0.884905282058686,1.0
Dmel_CG4658,-0.14538105,-0.0640519,0.8844100293570335,1.0
Dmel_CG11342,-0.1455971,-0.22893468,0.8842394558695508,1.0
Dmel_CG7409,-0.14564279,-0.6064686,0.8842033844584527,1.0
Dmel_CG7365,-0.14615212,-2.1021361,0.8838013023613862,1.0
Dmel_CG6705,-0.14678435,-0.5871589,0.8833022365361365,1.0
Dmel_CG12909,-0.14706026,-0.24495052,0.8830844514450564,1.0
Dmel_CG31121,-0.1474442,-0.7785302,0.8827814121873092,1.0
Dmel_CG18377,-0.14745767,-0.28377423,0.8827707893508638,1.0
Dmel_CG11314,-0.14746547,-0.7352536,0.8827646392972947,1.0
Dmel_CG11089,-0.1475703,-0.34045318,0.8826818938093325,1.0
Dmel_CG42320,-0.14783594,-0.07496822,0.8824722403670364,1.0
Dmel_CG6560,-0.14872462,-0.23532929,0.8817709396421802,1.0
Dmel_CG7764,-0.14924917,-0.03581635,0.8813570228155614,1.0
Dmel_CG7186,-0.14971954,-0.22221184,0.8809858946989836,1.0
Dmel_CG13123,-0.1498676,-0.17977054,0.8808690841746908,1.0
Dmel_CR46060,-0.15001954,-1.650469,0.880749202384246,1.0
Dmel_CG14223,-0.1501807,-0.32809037,0.8806220580169459,1.0
Dmel_CG10869,-0.1502657,-0.6300067,0.8805549940956161,1.0
Dmel_CG9576,-0.15082815,-2.7344606,0.8801112760910279,1.0
Dmel_CG4074,-0.15086144,-0.07506473,0.880085011846235,1.0
Dmel_CG30092,-0.15103571,-0.26244318,0.8799475458242282,1.0
Dmel_CG31692,-0.15110478,-0.3007575,0.8798930633408292,1.0
Dmel_CG42307,-0.1512376,-0.658468,0.8797882909326432,1.0
Dmel_CG5202,-0.15167077,-0.20173922,0.8794466078194154,1.0
Dmel_CG8462,-0.15178801,-4.7669435,0.8793541365249998,1.0
Dmel_CG3006,-0.15190737,-1.8960851,0.8792599907043206,1.0
Dmel_CG32476,-0.15193465,-0.94215775,0.8792384798809652,1.0
Dmel_CR45456,-0.15210785,-0.96115565,0.8791018742656831,1.0
Dmel_CG8359,-0.15273194,-0.09009774,0.8786096769547453,1.0
Dmel_CG9799,-0.15318848,-0.19350335,0.8782496372281301,1.0
Dmel_CG17802,-0.15332273,-0.1030275,0.878143780838622,1.0
Dmel_CG1957,-0.15376794,-0.12841128,0.8777927107412159,1.0
Dmel_CR42547,-0.15403996,-0.18208696,0.8775782262760442,1.0
Dmel_CR45962,-0.15422201,-0.12710245,0.8774346830985136,1.0
Dmel_CG42588,-0.1545082,-0.10256093,0.8772090436066011,1.0
Dmel_CG12254,-0.15467113,-0.11956392,0.8770805899357388,1.0
Dmel_CG13280,-0.15578896,-1.5362448,0.8761993735203777,1.0
Dmel_CG7525,-0.15586936,-0.9599666,0.8761359966199075,1.0
Dmel_CG7957,-0.15608436,-0.10792612,0.8759665301322082,1.0
Dmel_CG10363,-0.15650974,-0.61934084,0.8756312433517136,1.0
Dmel_CG7135,-0.15652072,-0.24313654,0.8756225892837816,1.0
Dmel_CG9938,-0.15659793,-2.6593325,0.8755617320648764,1.0
Dmel_CG10713,-0.1566075,-0.06846318,0.8755541947541073,1.0
Dmel_CR45808,-0.15884775,-0.47664815,0.8737888224166387,1.0
Dmel_CG11438,-0.15953702,-1.8769599,0.8732457998211852,1.0
Dmel_CG3325,-0.15977396,-0.36309308,0.8730591321426716,1.0
Dmel_CG12050,-0.16035129,-0.13663708,0.8726043511116657,1.0
Dmel_CG6470,-0.16053158,-1.1412679,0.872462345285963,1.0
Dmel_CG11029,-0.16090915,-0.49900007,0.8721649554442681,1.0
Dmel_CG13272,-0.1616735,-1.0673381,0.8715629777016503,1.0
Dmel_CG3244,-0.16247822,-1.4161397,0.8709292798555323,1.0
Dmel_CG2972,-0.16261777,-0.14531346,0.870819395249524,1.0
Dmel_CG5303,-0.16270596,-0.0869211,0.8707499516954985,1.0
Dmel_CG12659,-0.1627343,-0.1838005,0.870727640724965,1.0
Dmel_CG13650,-0.16273466,-0.07075987,0.8707273618384843,1.0
Dmel_CG7509,-0.1633552,-0.3758849,0.8702387774397725,1.0
Dmel_CG13133,-0.1634108,-1.591373,0.8701949968922433,1.0
Dmel_CG31921,-0.16570915,-0.81814843,0.8683858434510225,1.0
Dmel_CG33756,-0.16617669,-0.1202265,0.8680179073530888,1.0
Dmel_CR45203,-0.16621919,-0.8712186,0.8679844600331739,1.0
Dmel_CG3228,-0.16622025,-0.13456494,0.8679836238532033,1.0
Dmel_CG33505,-0.16648377,-0.19986151,0.867776255782831,1.0
Dmel_CG46338,-0.16734375,-0.06336805,0.8670995857103253,1.0
Dmel_CG2875,-0.16834575,-0.2138117,0.866311282030364,1.0
Dmel_CG31648,-0.1684513,-0.0809031,0.8662282517595771,1.0
Dmel_CG9998,-0.16864362,-0.07310867,0.8660769621430567,1.0
Dmel_CG17683,-0.16920891,-0.076603666,0.8656323161173254,1.0
Dmel_CG31538,-0.1693768,-0.06113316,0.8655002677757286,1.0
Dmel_CG7446,-0.17025767,-0.1922734,0.864807493476036,1.0
Dmel_CG3736,-0.17079145,-0.20634295,0.8643877567509684,1.0
Dmel_CG17450,-0.17093596,-2.5869458,0.8642741252497619,1.0
Dmel_CG5653,-0.1709487,-2.7006338,0.8642640990755579,1.0
Dmel_CG8701,-0.17108189,-0.8950966,0.8641593825625373,1.0
Dmel_CG9849,-0.17126358,-0.10001263,0.8640165152111083,1.0
Dmel_CG9543,-0.17134434,-0.062486634,0.8639530200372372,1.0
Dmel_CG8326,-0.17138897,-0.14847115,0.8639179309759442,1.0
Dmel_CR43893,-0.17212072,-1.2437148,0.8633426200932922,1.0
Dmel_CG4162,-0.17223549,-0.07892752,0.863252403654285,1.0
Dmel_CG3699,-0.17233466,-1.0163862,0.8631744402667654,1.0
Dmel_CR43604,-0.1725918,-0.41427708,0.8629722985488568,1.0
Dmel_CG14787,-0.17309475,-0.8578525,0.8625769508859588,1.0
Dmel_CG10222,-0.17378081,-0.26058254,0.8620377187769263,1.0
Dmel_CG3814,-0.17391719,-1.0636076,0.8619305481304034,1.0
Dmel_CG5078,-0.17483348,-1.0180978,0.8612104830726331,1.0
Dmel_CG9643,-0.17534776,-0.07277503,0.8608063841856733,1.0
Dmel_CG6939,-0.17536618,-0.070222005,0.8607919129999568,1.0
Dmel_CG1103,-0.17560278,-0.104364455,0.8606060180804118,1.0
Dmel_CG43664,-0.17568424,-0.2840826,0.8605420141315461,1.0
Dmel_CG18870,-0.17622651,-0.082796514,0.860115993817014,1.0
Dmel_CG9780,-0.17637669,-0.8014241,0.8599980175918163,1.0
Dmel_CG7558,-0.17643443,-0.063380785,0.8599526643555377,1.0
Dmel_CG11094,-0.17656441,-0.31474367,0.8598505517049881,1.0
Dmel_CR45035,-0.17768224,-1.2993362,0.8589725354640394,1.0
Dmel_CG11025,-0.17788306,-0.21914864,0.8588148114495271,1.0
Dmel_CG32082,-0.17796701,-0.2972925,0.858748886149904,1.0
Dmel_CR43825,-0.17930514,-0.33672178,0.8576981089626892,1.0
Dmel_CG3570,-0.1795297,-0.10322275,0.8575217988510744,1.0
Dmel_CG5810,-0.17968483,-1.1307168,0.857399998855426,1.0
Dmel_CG17650,-0.1798343,-0.6173046,0.8572826513860768,1.0
Dmel_CG13472,-0.180248,-0.104432315,0.8569578767404649,1.0
Dmel_CG8330,-0.1808611,-0.3434842,0.8564765985977585,1.0
Dmel_CG13022,-0.18152167,-1.8984491,0.8559581235252909,1.0
Dmel_CG31115,-0.18160172,-1.223409,0.8558952991292662,1.0
Dmel_CG18858,-0.18165697,-0.46506062,0.8558519341497038,1.0
Dmel_CG9250,-0.18217976,-0.09115189,0.85544165628721,1.0
Dmel_CG8325,-0.18219109,-0.06521517,0.8554327618065539,1.0
Dmel_CG12265,-0.18220809,-0.14872363,0.855419420120008,1.0
Dmel_CG34227,-0.1823278,-4.397877,0.8553254735809621,1.0
Dmel_CG17534,-0.18250632,-0.7983245,0.8551853914263886,1.0
Dmel_CG2694,-0.18284494,-0.35094774,0.8549196925798883,1.0
Dmel_CG17559,-0.182982,-0.18155055,0.8548121392496851,1.0
Dmel_CR34628,-0.18339251,-1.0948855,0.8544900512347834,1.0
Dmel_CG32075,-0.18351932,-0.14293659,0.8543905673423976,1.0
Dmel_CG14448,-0.18354481,-1.5343488,0.8543705596882955,1.0
Dmel_CG17777,-0.18374813,-0.65290713,0.8542110575740172,1.0
Dmel_CG3002,-0.18399394,-0.13293102,0.8540182180277102,1.0
Dmel_CG1424,-0.18401305,-0.32462922,0.8540032135870756,1.0
Dmel_CG12772,-0.18407965,-0.15686765,0.8539509763168607,1.0
Dmel_CG33111,-0.18408284,-0.09305512,0.8539484756125362,1.0
Dmel_CG8238,-0.18499771,-0.7188533,0.853230834213865,1.0
Dmel_CR44471,-0.18525131,-0.300579,0.8530319276038296,1.0
Dmel_CR43597,-0.18580101,-0.5087127,0.8526008101765867,1.0
Dmel_CG3541,-0.18609853,-0.7448532,0.8523674917811693,1.0
Dmel_CG17108,-0.18613395,-0.33874473,0.8523397166417964,1.0
Dmel_CG31478,-0.18715402,-0.07100374,0.851539871338908,1.0
Dmel_CG12581,-0.18818331,-1.7048365,0.8507329599708628,1.0
Dmel_CG31103,-0.1883388,-1.2828106,0.8506110760533133,1.0
Dmel_CG17111,-0.18844965,-0.756337,0.8505241769430576,1.0
Dmel_CG31320,-0.18845391,-0.19053796,0.8505208453839052,1.0
Dmel_CG15457,-0.18927564,-1.3512313,0.8498767941474523,1.0
Dmel_CR43426,-0.1897892,-0.286433,0.8494743129620794,1.0
Dmel_CG6762,-0.18993443,-0.09975804,0.8493605150471221,1.0
Dmel_CG31064,-0.18996134,-0.0796354,0.8493394211442332,1.0
Dmel_CG3540,-0.19004352,-1.7704326,0.849275029897411,1.0
Dmel_CG13775,-0.19084576,-0.375196,0.848646435490092,1.0
Dmel_CG4215,-0.1911323,-0.10584486,0.8484219409684907,1.0
Dmel_CG10842,-0.19114788,-1.4269428,0.848409731482844,1.0
Dmel_CG14785,-0.19131613,-0.2894278,0.848277926851818,1.0
Dmel_CR45126,-0.1916813,-0.28442758,0.8479918560337837,1.0
Dmel_CG14661,-0.19193065,-1.9576814,0.8477965291693018,1.0
Dmel_CG3658,-0.19198342,-0.11607853,0.8477551898805435,1.0
Dmel_CG6824,-0.19209322,-1.577528,0.8476691833066735,1.0
Dmel_CG12153,-0.1925781,-0.20740055,0.847289388886436,1.0
Dmel_CG5491,-0.1931526,-0.21626593,0.8468394519222593,1.0
Dmel_CG5451,-0.19315757,-0.08583174,0.8468355685897431,1.0
Dmel_CG10914,-0.19443585,-0.116656266,0.8458346252711898,1.0
Dmel_CG7753,-0.19472876,-0.49513826,0.8456052947353634,1.0
Dmel_CG11678,-0.19510846,-0.10183418,0.8453080441515763,1.0
Dmel_CG13025,-0.1956277,-0.10038347,0.8449015785418624,1.0
Dmel_CG13935,-0.19620681,-1.2106446,0.8444483044141513,1.0
Dmel_CG43800,-0.19663855,-0.31286556,0.8441103922532869,1.0
Dmel_CR44612,-0.19698142,-1.6744319,0.8438420788286689,1.0
Dmel_CG13667,-0.1979271,-0.25443926,0.8431020934570574,1.0
Dmel_CG16725,-0.1980199,-0.072658196,0.8430294881119,1.0
Dmel_CG34116,-0.19824305,-0.16888294,0.8428549082022763,1.0
Dmel_CR44294,-0.19934848,-0.24766536,0.8419901589259078,1.0
Dmel_CG9444,-0.19976252,-1.6383761,0.8416663079204101,1.0
Dmel_CG2256,-0.20100574,-0.51005363,0.840694084971624,1.0
Dmel_CR45889,-0.20124517,-0.7998458,0.8405068698863778,1.0
Dmel_CG18273,-0.20140244,-0.19550045,0.8403839110396755,1.0
Dmel_CG30044,-0.20218945,-0.2636048,0.8397686215082488,1.0
Dmel_CG13933,-0.20238106,-0.07878706,0.8396188290970586,1.0
Dmel_CG3448,-0.20272286,-0.17436166,0.8393516537313527,1.0
Dmel_CR45600,-0.20292014,-0.07154402,0.8391974479808717,1.0
Dmel_CG7314,-0.2032708,-0.0921815,0.8389233811873393,1.0
Dmel_CG3338,-0.20344152,-0.07162823,0.8387899537158516,1.0
Dmel_CG10816,-0.2036689,-1.5530205,0.8386122421649648,1.0
Dmel_CG5983,-0.20378119,-1.2191164,0.8385244966612077,1.0
Dmel_CR44749,-0.20424058,-0.27736965,0.8381655083774315,1.0
Dmel_CG11176,-0.2042565,-0.15685,0.8381530537211421,1.0
Dmel_CG11218,-0.20431106,-4.3856845,0.8381104314264515,1.0
Dmel_CG13116,-0.20455404,-1.3866563,0.8379205742496216,1.0
Dmel_CR32582,-0.2047028,-0.65890837,0.8378043398181496,1.0
Dmel_CG6659,-0.2051349,-0.059354533,0.837466726551556,1.0
Dmel_CG7672,-0.20527552,-0.5578878,0.8373568703242911,1.0
Dmel_CG30403,-0.20546713,-0.12307708,0.8372071721071377,1.0
Dmel_CG11315,-0.20553407,-1.4946212,0.8371548759672799,1.0
Dmel_CG4041,-0.20629382,-0.185198,0.8365614067615733,1.0
Dmel_CG5871,-0.20633668,-0.1412595,0.8365279317796883,1.0
Dmel_CG14612,-0.2064107,-0.24102025,0.8364701120536988,1.0
Dmel_CG33332,-0.20645107,-0.19814233,0.8364385743936911,1.0
Dmel_CG14259,-0.20655875,-1.1335894,0.8363544752524174,1.0
Dmel_CG3434,-0.2067911,-0.11231323,0.8361730045322575,1.0
Dmel_CG9784,-0.20705037,-0.09740357,0.8359705200584574,1.0
Dmel_CG2184,-0.20727104,-1.3258153,0.8357981955228122,1.0
Dmel_CG11128,-0.20735107,-0.6720551,0.8357356848781086,1.0
Dmel_CG3200,-0.20748177,-1.1899365,0.8356336232680089,1.0
Dmel_CG10147,-0.20781542,-0.11089858,0.835373088297764,1.0
Dmel_CR46322,-0.20804282,-0.69753236,0.8351955365971424,1.0
Dmel_CG9951,-0.20863928,-0.08330669,0.834729849016889,1.0
Dmel_CG15739,-0.20889358,-0.7535331,0.8345313133728206,1.0
Dmel_CG6803,-0.21109594,-0.75270766,0.8328124039840693,1.0
Dmel_CG14965,-0.21111012,-0.16686353,0.8328013489266848,1.0
Dmel_CG3678,-0.21194884,-0.07814824,0.8321469485218305,1.0
Dmel_CG11374,-0.21197717,-0.32454318,0.8321248424288237,1.0
Dmel_CG1136,-0.21213019,-1.2911794,0.8320054718214296,1.0
Dmel_CG9601,-0.2125375,-0.052224774,0.8316877217358116,1.0
Dmel_CG9072,-0.21318284,-1.7605698,0.8311843514116399,1.0
Dmel_CG1692,-0.21325864,-0.1550071,0.8311252334221737,1.0
Dmel_CG17295,-0.21328981,-0.07063794,0.8311009234981517,1.0
Dmel_CG7980,-0.21395569,-2.2911987,0.8305816137643779,1.0
Dmel_CR42418,-0.21572381,-1.6211877,0.8292030402993018,1.0
Dmel_CG3069,-0.21578756,-0.0606309,0.8291533419167723,1.0
Dmel_CG32457,-0.21585132,-0.370689,0.8291036442179593,1.0
Dmel_CG13606,-0.21612687,-1.3380522,0.8288888475884754,1.0
Dmel_CG18734,-0.21648568,-0.074311376,0.8286091894028811,1.0
Dmel_CG10949,-0.21680091,-0.083957314,0.8283635056635137,1.0
Dmel_CG18315,-0.2174388,-0.12906249,0.8278663925421008,1.0
Dmel_CG9153,-0.21762298,-0.09088825,0.827722874642882,1.0
Dmel_CG2675,-0.21774837,-0.16431938,0.8276251753636984,1.0
Dmel_CG11652,-0.21807139,-0.19883092,0.8273734878171286,1.0
Dmel_CG14830,-0.21821094,-0.9653218,0.8272647598639777,1.0
Dmel_CR42911,-0.21895865,-0.81142575,0.8266822662829431,1.0
Dmel_CG32505,-0.21965462,-0.098170646,0.8261401445363664,1.0
Dmel_CG42391,-0.21966383,-0.43950805,0.8261329719791597,1.0
Dmel_CG8510,-0.21971625,-2.0639496,0.8260921438529772,1.0
Dmel_CG17183,-0.22014837,-0.112758264,0.8257556056022852,1.0
Dmel_CG6177,-0.22035451,-0.14209208,0.8255950715805718,1.0
Dmel_CG32135,-0.22108132,-0.09676043,0.8250291232511815,1.0
Dmel_CG5310,-0.22111638,-0.31103978,0.825001821023561,1.0
Dmel_CG12134,-0.22188108,-0.27462894,0.8244064645386002,1.0
Dmel_CG6613,-0.22224872,-0.16066343,0.8241202660906233,1.0
Dmel_CG14132,-0.22252783,-2.5100534,0.8239030135171531,1.0
Dmel_CG2819,-0.22308533,-0.6297257,0.8234691001813269,1.0
Dmel_CG1291,-0.22319618,-0.065133475,0.8233828201583988,1.0
Dmel_CG7601,-0.22329395,-0.088143624,0.8233067411426243,1.0
Dmel_CG32417,-0.22339843,-0.10089353,0.8232254266394082,1.0
Dmel_CG4934,-0.22360599,-0.10626761,0.8230639058332587,1.0
Dmel_CG15653,-0.22366619,-0.11067118,0.8230170496639746,1.0
Dmel_CG2848,-0.22408697,-0.155911,0.8226896253502776,1.0
Dmel_CG42310,-0.2241479,-1.0290217,0.8226422230403961,1.0
Dmel_CG8862,-0.22523704,-0.09190161,0.8217948783415072,1.0
Dmel_CG4334,-0.22559725,-0.15863462,0.8215146802725567,1.0
Dmel_CR45883,-0.22696868,-0.7425292,0.8204480974644452,1.0
Dmel_CG9347,-0.22779253,-0.2806226,0.8198075359664002,1.0
Dmel_CG5241,-0.22883031,-0.10381575,0.8190008089001908,1.0
Dmel_CG10189,-0.22896808,-0.18534522,0.8188937185666738,1.0
Dmel_CG6429,-0.22933397,-1.0664316,0.8186093536980305,1.0
Dmel_CR43199,-0.22974554,-0.25293523,0.8182895061477466,1.0
Dmel_CG10959,-0.23033704,-0.20810966,0.8178298814923832,1.0
Dmel_CG14770,-0.23212145,-1.6889625,0.8164436812497307,1.0
Dmel_CG1685,-0.23223905,-0.12283212,0.8163523519247711,1.0
Dmel_CG7735,-0.23311956,-1.220274,0.8156685616825337,1.0
Dmel_CR46088,-0.23324566,-0.76776105,0.8155706530756852,1.0
Dmel_CG12196,-0.23412512,-0.09255886,0.8148878482076082,1.0
Dmel_CG31159,-0.23472016,-0.15003702,0.8144259415329778,1.0
Dmel_CG18281,-0.23485227,-0.33540177,0.8143233959992597,1.0
Dmel_CG1572,-0.23595239,-0.17964032,0.8134696150825006,1.0
Dmel_CG5429,-0.23683362,-0.08168788,0.8127858705257465,1.0
Dmel_CG9166,-0.23703302,-0.086997606,0.812631168365358,1.0
Dmel_CG32239,-0.23804283,-1.319665,0.8118478778067295,1.0
Dmel_CG7614,-0.23893079,-0.09539793,0.8111592541642447,1.0
Dmel_CG12104,-0.2396158,-0.10749561,0.8106281221525161,1.0
Dmel_CG12529,-0.2399583,-1.4336119,0.8103625888214505,1.0
Dmel_CG18789,-0.24039678,-0.22071867,0.8100226721117058,1.0
Dmel_CG11061,-0.24058911,-0.11023326,0.8098735923187905,1.0
Dmel_CG6189,-0.24175051,-0.18075693,0.8089734948268017,1.0
Dmel_CG8310,-0.24285062,-1.2326994,0.8081211194859679,1.0
Dmel_CR45010,-0.24441049,-1.9078829,0.8069129263149403,1.0
Dmel_CG8298,-0.24519856,-0.1112132,0.8063026948475812,1.0
Dmel_CR44662,-0.24565865,-0.29566652,0.8059464838645171,1.0
Dmel_CR40596,-0.24598521,-0.06527985,0.8056936780142998,1.0
Dmel_CG9703,-0.24620977,-0.308666,0.8055198514995989,1.0
Dmel_CG30495,-0.24631213,-0.23525025,0.8054406183113307,1.0
Dmel_CG1024,-0.246355,-0.15041716,0.8054074451475498,1.0
Dmel_CG10528,-0.24649242,-0.09533684,0.80530107405924,1.0
Dmel_CG32163,-0.24828179,-0.077675425,0.803916386278555,1.0
Dmel_CG3165,-0.24829383,-0.15998073,0.8039070693976939,1.0
Dmel_CG12106,-0.2485446,-0.04333762,0.8037130653869363,1.0
Dmel_CG6398,-0.24859065,-1.5806257,0.8036774444951369,1.0
Dmel_CG3281,-0.24869017,-0.11312915,0.803600449960728,1.0
Dmel_CG4376,-0.24920304,-0.121641666,0.8032037254345318,1.0
Dmel_CG33233,-0.24925299,-1.8604853,0.8031650968171649,1.0
Dmel_CG4872,-0.24926999,-1.9007508,0.803151946759254,1.0
Dmel_CG7128,-0.24931957,-0.14154275,0.8031135927420037,1.0
Dmel_CG12892,-0.25056916,-0.23669435,0.8021472282745015,1.0
Dmel_CG10880,-0.2509184,-0.14510134,0.8018772042526751,1.0
Dmel_CG14882,-0.25186834,-0.088746406,0.8011428368054402,1.0
Dmel_CG32801,-0.2521616,-1.4784704,0.8009161548009047,1.0
Dmel_CG8288,-0.2522845,-0.06655831,0.8008211614080953,1.0
Dmel_CG10372,-0.2524042,-0.07621339,0.8007286346526549,1.0
Dmel_CG33139,-0.2525498,-0.13403475,0.8006161280749404,1.0
Dmel_CG6699,-0.2529217,-0.08540268,0.8003287212978587,1.0
Dmel_CG33998,-0.2546785,-0.8981375,0.7989714325092565,1.0
Dmel_CG13766,-0.2549151,-0.16225012,0.7987886826615535,1.0
Dmel_CG8516,-0.25508687,-0.08989699,0.7986560044233362,1.0
Dmel_CR45527,-0.25550693,-0.17832886,0.7983315827556859,1.0
Dmel_CG18067,-0.2555608,-0.38897705,0.7982900067780684,1.0
Dmel_CG13484,-0.2557584,-0.10812314,0.7981373840813387,1.0
Dmel_CG8569,-0.25606516,-0.18152697,0.7979005333113818,1.0
Dmel_CG13369,-0.25683907,-0.097368054,0.7973030191171628,1.0
Dmel_CG7358,-0.25751272,-0.075175546,0.7967829913017423,1.0
Dmel_CG3680,-0.25753647,-0.07918961,0.7967646744049313,1.0
Dmel_CG31313,-0.2579668,-0.91892713,0.7964325292148761,1.0
Dmel_CG34398,-0.2582399,-0.59206796,0.7962217796570781,1.0
Dmel_CG5022,-0.25831106,-0.07544051,0.7961668396070153,1.0
Dmel_CG3416,-0.25857636,-0.0637599,0.795962121652914,1.0
Dmel_CG2540,-0.2597229,-0.11658518,0.7950775409641281,1.0
Dmel_CG12023,-0.26014012,-1.0821487,0.7947556921350363,1.0
Dmel_CG2772,-0.26032147,-0.9714266,0.7946158162650134,1.0
Dmel_CG14712,-0.26144072,-0.19178571,0.7937526661837061,1.0
Dmel_CG18657,-0.26166385,-0.25599504,0.7935806126251584,1.0
Dmel_CG3021,-0.26273707,-0.072777316,0.7927532574217724,1.0
Dmel_CG12212,-0.2631451,-0.81411034,0.7924387597640494,1.0
Dmel_CG30015,-0.26314828,-0.08626104,0.7924363028839639,1.0
Dmel_CG42399,-0.2638301,-0.15101223,0.791910850933003,1.0
Dmel_CG10419,-0.26385418,-0.22712573,0.7918922912403709,1.0
Dmel_CG7399,-0.26394838,-1.3066127,0.791819691222954,1.0
Dmel_CG12249,-0.2642551,-0.667157,0.7915833442775284,1.0
Dmel_CG18081,-0.26442972,-0.07914844,0.7914488042832566,1.0
Dmel_CG10681,-0.26501024,-0.09954588,0.7910015648820923,1.0
Dmel_CR45281,-0.2658008,-0.21487762,0.7903926222595079,1.0
Dmel_CG10347,-0.26780978,-0.17409591,0.7888457424184466,1.0
Dmel_CG31812,-0.2682511,-0.21827921,0.7885060419246972,1.0
Dmel_CG3160,-0.26859644,-0.1489687,0.7882402529670492,1.0
Dmel_CG5348,-0.27156845,-0.58440447,0.7859538544202718,1.0
Dmel_CG30020,-0.2718713,-0.13132188,0.7857209853383533,1.0
Dmel_CG10354,-0.27196443,-0.1524035,0.7856493581187567,1.0
Dmel_CG16739,-0.27269337,-0.616018,0.7850889310172007,1.0
Dmel_CG4364,-0.27334684,-0.07183105,0.7845866019864906,1.0
Dmel_CG12176,-0.27345985,-0.23125747,0.7844997585251875,1.0
Dmel_CG4674,-0.2737276,-0.094897665,0.7842939584053576,1.0
Dmel_CG2929,-0.27391782,-0.07795335,0.7841477841484662,1.0
Dmel_CG4455,-0.27391815,-0.4191729,0.7841475119502483,1.0
Dmel_CG42299,-0.27397767,-6.3428545,0.7841017830245901,1.0
Dmel_CG3962,-0.27407897,-0.15901662,0.7840239366874957,1.0
Dmel_CG10609,-0.27548653,-0.47743908,0.7829424776558718,1.0
Dmel_CG11073,-0.27631214,-1.5309988,0.7823083291350299,1.0
Dmel_CG6874,-0.27703574,-0.13357526,0.7817526499442823,1.0
Dmel_CG14941,-0.27785748,-0.35639971,0.7811217641081127,1.0
Dmel_CG6210,-0.27838594,-0.12789032,0.7807161153232579,1.0
Dmel_CG6258,-0.27853116,-0.14811134,0.7806046539197596,1.0
Dmel_CG3817,-0.2790695,-0.10353949,0.7801914705108475,1.0
Dmel_CG6472,-0.2800772,-1.7957829,0.7794182776834018,1.0
Dmel_CG13139,-0.28113943,-1.384006,0.7786034681215672,1.0
Dmel_CG32281,-0.2815439,-0.25261122,0.7782932577720968,1.0
Dmel_CG5279,-0.28161934,-0.5939385,0.7782354028314316,1.0
Dmel_CG42247,-0.28240743,-0.48799285,0.7776311231186643,1.0
Dmel_CR44960,-0.28246763,-0.32964015,0.7775849589580305,1.0
Dmel_CG9730,-0.28351107,-0.070254445,0.7767850860406704,1.0
Dmel_CR43577,-0.2844334,-0.81634784,0.7760782670212533,1.0
Dmel_CG9233,-0.28488463,-0.12125598,0.7757325252241243,1.0
Dmel_CG18507,-0.2849831,-1.2410424,0.7756570866865116,1.0
Dmel_CR44370,-0.2870091,-1.098329,0.7741053689075199,1.0
Dmel_CG14711,-0.28775573,-0.11613065,0.7735337392310111,1.0
Dmel_CG8285,-0.2889302,-0.96884084,0.7726347829282278,1.0
Dmel_CG5800,-0.28978807,-0.33337557,0.7719783796614372,1.0
Dmel_CG7889,-0.29020283,-0.38084322,0.7716610771942942,1.0
Dmel_CG1434,-0.29067105,-0.38679847,0.7713029045923052,1.0
Dmel_CG3176,-0.2912399,-0.24928008,0.7708678527801992,1.0
Dmel_CG11372,-0.2916706,-0.06195768,0.7705384966026835,1.0
Dmel_CG6665,-0.2922759,-0.07679244,0.7700756802745499,1.0
Dmel_CG5897,-0.29435644,-1.2388632,0.7684855606050811,1.0
Dmel_CG42311,-0.2952791,-1.6959118,0.7677806859718662,1.0
Dmel_CG14742,-0.29706314,-0.96858674,0.7664182930243725,1.0
Dmel_CG12608,-0.2975923,-0.12379661,0.7660143389237641,1.0
Dmel_CG17333,-0.2981544,-0.41264758,0.7655853087582731,1.0
Dmel_CG4913,-0.29848346,-0.09231533,0.765334195909467,1.0
Dmel_CG6020,-0.29890567,0.06862385,0.7650120291119977,1.0
Dmel_CG7979,-0.2991557,-0.14030652,0.764821234722342,1.0
Dmel_CG32578,-0.29983222,-0.27354977,0.764305134497985,1.0
Dmel_CG30050,-0.29998595,-1.9659715,0.7641878781437689,1.0
Dmel_CG10352,-0.30015525,-0.51350516,0.7640587403057018,1.0
Dmel_CG5902,-0.30072442,-0.12174327,0.7636246367555268,1.0
Dmel_CR33787,-0.30200696,-0.6100819,0.7626467580867463,1.0
Dmel_CG1668,-0.30406764,-1.5280093,0.7610763564726621,1.0
Dmel_CG9114,-0.30483198,-2.0070755,0.7604941162747823,1.0
Dmel_CG10270,-0.3054288,-0.08825979,0.760039588353068,1.0
Dmel_CG33228,-0.30589032,-0.10780974,0.7596881615380301,1.0
Dmel_CG18171,-0.30733788,-0.415304,0.7585861955826486,1.0
Dmel_CG1639,-0.30772856,-0.08485306,0.7582888807960096,1.0
Dmel_CG31212,-0.30807,-0.14113058,0.7580290628702193,1.0
Dmel_CG6891,-0.30854464,-0.69919074,0.757667950574082,1.0
Dmel_CG4979,-0.30854532,-2.2097666,0.7576674116400071,1.0
Dmel_CG2921,-0.30906352,-0.09918999,0.7572732129385595,1.0
Dmel_CG33970,-0.30933163,-0.6641581,0.7570692675049217,1.0
Dmel_CG1503,-0.3116438,-1.1484983,0.7553112444728092,1.0
Dmel_CG13431,-0.31215313,-0.11628919,0.7549241537858717,1.0
Dmel_CG7326,-0.3131158,-0.11550664,0.7541926720888829,1.0
Dmel_CG12795,-0.31357414,-0.08180478,0.7538445017900433,1.0
Dmel_CG6568,-0.31399316,-0.12929176,0.7535262415017077,1.0
Dmel_CG12728,-0.31408843,-0.118697725,0.753453878773265,1.0
Dmel_CG6421,-0.31595007,-1.2818166,0.7520404162489615,1.0
Dmel_CG5664,-0.31642184,-0.19797042,0.751682341822061,1.0
Dmel_CG12792,-0.31695595,-0.17206338,0.7512770187720419,1.0
Dmel_CG2121,-0.31843188,-1.4621891,0.7501573618112551,1.0
Dmel_CG13201,-0.31906056,-0.14865384,0.7496805857507398,1.0
Dmel_CG12031,-0.32044122,-0.12472241,0.7486338944873647,1.0
Dmel_CG6650,-0.3212034,-0.13156414,0.748056237516514,1.0
Dmel_CG5778,-0.32149953,-0.61101776,0.7478318698623203,1.0
Dmel_CG7692,-0.32152644,-0.18144876,0.7478114738616662,1.0
Dmel_CG6044,-0.32185373,0.041984897,0.7475635155563288,1.0
Dmel_CG13994,-0.3225033,-0.09213922,0.7470714332777162,1.0
Dmel_CG2980,-0.32260957,-0.21425408,0.746990949797971,1.0
Dmel_CG33108,-0.32460296,-0.19234078,0.7454815919694062,1.0
Dmel_CG12301,-0.32504073,-0.12892288,0.7451502430983474,1.0
Dmel_CG12373,-0.3280457,-0.05671701,0.7428771141790487,1.0
Dmel_CG4289,-0.32870945,-0.08823956,0.7423753123256377,1.0
Dmel_CG42553,-0.329896,-0.26697564,0.741478554154988,1.0
Dmel_CG5208,-0.33077472,-0.11680885,0.7408146438720465,1.0
Dmel_CG5706,-0.33249363,-0.2092916,0.7395165497347529,1.0
Dmel_CG4076,-0.3325588,-0.25438562,0.7394673474671813,1.0
Dmel_CG32100,-0.33434215,-0.12437017,0.7381213846669004,1.0
Dmel_CG13325,-0.3351961,-0.30886525,0.7374771568213314,1.0
Dmel_CG11887,-0.33536398,-0.32157457,0.7373505239960756,1.0
Dmel_CG12992,-0.33759648,-0.39965388,0.7356673069860966,1.0
Dmel_CG12142,-0.3386197,-1.0008247,0.7348962225244127,1.0
Dmel_CG13626,-0.3386824,-0.091404825,0.7348489892668144,1.0
Dmel_CG17657,-0.33963767,-0.5160298,0.734129406669553,1.0
Dmel_CG1994,-0.34047568,-0.3912039,0.7334983298850606,1.0
Dmel_CG11348,-0.34122586,0.23681888,0.7329335541769195,1.0
Dmel_CG33521,-0.34340805,-0.3463,0.7312915143346541,1.0
Dmel_CG13344,-0.3447862,-0.06256688,0.7302551119121754,1.0
Dmel_CG8203,-0.34605667,-0.09785574,0.7293001187036121,1.0
Dmel_CG44195,-0.34686708,-0.67019844,0.7286911869438184,1.0
Dmel_CG7429,-0.34776708,-0.14943364,0.7280151219774068,1.0
Dmel_CG7480,-0.34884807,-0.19577292,0.7272033787524135,1.0
Dmel_CG16892,-0.34961665,-0.16045763,0.7266264079863634,1.0
Dmel_CG11980,-0.35304347,-0.11917301,0.7240558597427489,1.0
Dmel_CG17514,-0.3541687,0.07159506,0.7232124400002038,1.0
Dmel_CG32625,-0.35510805,-3.2116976,0.7225086528807816,1.0
Dmel_CG1655,-0.35536376,-1.6990246,0.7223170893210346,1.0
Dmel_CG8841,-0.35619578,-0.15360188,0.7216939649481035,1.0
Dmel_CG43322,-0.35620284,-0.3112253,0.7216886602964997,1.0
Dmel_CG1519,-0.3564253,-0.080976345,0.7215221010460735,1.0
Dmel_CG1840,-0.35691512,-0.11382918,0.7211553459537617,1.0
Dmel_CG1430,-0.35811016,-0.17814432,0.7202608705900969,1.0
Dmel_CG6905,-0.35819376,-0.11886866,0.7201983193422445,1.0
Dmel_CG3862,-0.35911712,-0.102894835,0.7195074647889077,1.0
Dmel_CG7156,-0.36000332,-0.17777315,0.718844650608726,1.0
Dmel_CG2453,-0.3605824,-0.27156824,0.7184116308366427,1.0
Dmel_CG6806,-0.36091536,-3.1377952,0.7181627184970131,1.0
Dmel_CG11839,-0.3612745,-0.21801169,0.7178942444640408,1.0
Dmel_CG7435,-0.36136553,-0.1361174,0.7178262048020829,1.0
Dmel_CG3637,-0.3619443,-0.10214344,0.7173936625907267,1.0
Dmel_CG14672,-0.36298454,-0.15223333,0.7166164262616396,1.0
Dmel_CG5880,-0.36466414,-0.14265849,0.7153621413645543,1.0
Dmel_CG9990,-0.36498857,-0.6838678,0.7151199427706545,1.0
Dmel_CG4015,-0.36528254,-0.7964407,0.7149005081116908,1.0
Dmel_CG13773,-0.365358,-0.1933296,0.714844199160513,1.0
Dmel_CG3808,-0.36640745,-0.43004236,0.7140610577968085,1.0
Dmel_CG14230,-0.3667418,-0.2270933,0.7138116152845704,1.0
Dmel_CG7506,-0.3670209,-0.07841065,0.7136034176249044,1.0
Dmel_CR46271,-0.3680562,-0.8516581,0.712831317510425,1.0
Dmel_CG10732,-0.36963308,-0.1301635,0.7116559028909022,1.0
Dmel_CG17052,-0.36974004,-1.0566554,0.7115761937925639,1.0
Dmel_CG4996,-0.3699685,-0.138081,0.711405964719179,1.0
Dmel_CG15725,-0.37177134,-0.38705304,0.7100631119766494,1.0
Dmel_CG32537,-0.37224984,-0.24240446,0.7097068397260891,1.0
Dmel_CG9660,-0.3723405,-0.039680537,0.7096393371075858,1.0
Dmel_CR43900,-0.37284064,-0.7437234,0.7092670589401866,1.0
Dmel_CG7728,-0.37393758,-0.19371107,0.7084507685002815,1.0
Dmel_CG6656,-0.3741104,-0.8814985,0.7083221746192819,1.0
Dmel_CG1550,-0.37451914,-0.14856794,0.7080181147987294,1.0
Dmel_CG7239,-0.3756632,-0.14352937,0.7071673110633594,1.0
Dmel_CG15211,-0.3770594,-0.91992366,0.7061294571646921,1.0
Dmel_CG5968,-0.37781453,-1.3915491,0.705568369462372,1.0
Dmel_CG9150,-0.38125694,-1.6126499,0.7030126100180588,1.0
Dmel_CG11403,-0.38145104,-0.55264175,0.7028686046390586,1.0
Dmel_CG8194,-0.38216862,-0.09661566,0.7023362977980023,1.0
Dmel_CG6041,-0.3829659,-0.22896136,0.7017450461308224,1.0
Dmel_CG10981,-0.38305303,-0.17263862,0.7016804422680099,1.0
Dmel_CG7003,-0.38417867,-0.20828253,0.7008460383996227,1.0
Dmel_CG7704,-0.384841,-0.16050887,0.7003552266816176,1.0
Dmel_CG6208,-0.38519412,-0.08885272,0.7000935990336966,1.0
Dmel_CR45683,-0.38548562,-0.39189082,0.6998776583871669,1.0
Dmel_CG14463,-0.38632187,-0.10212399,0.6992583084383532,1.0
Dmel_CG15449,-0.38659778,-0.47355226,0.699054000932384,1.0
Dmel_CR44458,-0.386692,-0.28316233,0.6989842423841116,1.0
Dmel_CG1982,-0.38818526,-1.7798455,0.6978789353213473,1.0
Dmel_CG31865,-0.388215,-1.430432,0.6978569195754745,1.0
Dmel_CR45669,-0.38862693,-0.3212476,0.6975521324716341,1.0
Dmel_CG4865,-0.3887332,-2.0299525,0.6974735194645341,1.0
Dmel_CG32554,-0.39012766,-0.32548192,0.6964421559677437,1.0
Dmel_CG7946,-0.39020416,-0.090062946,0.6963855873436873,1.0
Dmel_CG8004,-0.39031893,-0.068291046,0.6963007375740048,1.0
Dmel_CG12698,-0.39049813,-2.9895284,0.696168232882157,1.0
Dmel_CG14788,-0.3924894,-0.14948425,0.6946966414197834,1.0
Dmel_CG34377,-0.3955064,-0.69556665,0.6924691971223396,1.0
Dmel_CG1915,-0.39559212,-2.169302,0.692405953207633,1.0
Dmel_CG17568,-0.39606285,-0.11760444,0.6920586725896563,1.0
Dmel_CG1397,-0.3963841,-2.04429,0.6918217018373579,1.0
Dmel_CG10173,-0.39667276,-0.95017904,0.6916087935470635,1.0
Dmel_CG17572,-0.3969515,-1.50522,0.6914032230332252,1.0
Dmel_CG8567,-0.39708576,-0.060510106,0.6913042334023125,1.0
Dmel_CG10335,-0.39989376,-0.19467694,0.6892347598075168,1.0
Dmel_CG8379,-0.3999848,-0.15001948,0.6891677129886694,1.0
Dmel_CG17840,-0.40129602,-0.2634178,0.6882021968080321,1.0
Dmel_CG10979,-0.40195906,-0.13079016,0.687714154988825,1.0
Dmel_CG10540,-0.40281478,-0.11630134,0.6870844813130161,1.0
Dmel_CG4178,-0.4030542,-2.9746053,0.6869083366226003,1.0
Dmel_CG4795,-0.40333298,-0.78577906,0.6867032901798822,1.0
Dmel_CG8766,-0.40377536,-0.07782595,0.6863779207260605,1.0
Dmel_CG6007,-0.40447736,-0.16070493,0.6858617211653788,1.0
Dmel_CG33250,-0.40464666,-0.34274295,0.6857372509671902,1.0
Dmel_CG17632,-0.40554065,-1.6098307,0.6850801481137199,1.0
Dmel_CG14803,-0.40735552,-0.6341444,0.6837468894846654,1.0
Dmel_CG4785,-0.4075344,-0.21006568,0.6836155423727865,1.0
Dmel_CG7540,-0.408241,-0.14038223,0.6830967499112035,1.0
Dmel_CG33230,-0.40855905,-0.2886632,0.682863277114704,1.0
Dmel_CG11440,-0.40943745,-0.37505996,0.6822186546503024,1.0
Dmel_CG9606,-0.4097527,-0.39065388,0.6819873748596723,1.0
Dmel_CG3309,-0.4098986,-0.22971809,0.681880320620805,1.0
Dmel_CG7841,-0.41203687,-0.07902281,0.6803123995327298,1.0
Dmel_CG43320,-0.41253203,-0.22314304,0.6799495096349879,1.0
Dmel_CG10973,-0.4159319,-0.17111851,0.6774598269661335,1.0
Dmel_CG5190,-0.41609484,-0.11263743,0.6773406053931759,1.0
Dmel_CG4709,-0.4169488,-0.2361998,0.6767158610993633,1.0
Dmel_CG6937,-0.4171592,-0.18388678,0.676561976479829,1.0
Dmel_CG7138,-0.4181123,-0.0801061,0.6758650017843779,1.0
Dmel_CG3692,-0.4201142,-2.9920154,0.6744020265987726,1.0
Dmel_CG6418,-0.42150548,-0.08940429,0.6733860191703915,1.0
Dmel_CG4755,-0.42209202,-0.12740576,0.6729578604235038,1.0
Dmel_CG17982,-0.42282873,-0.19788358,0.6724202266723847,1.0
Dmel_CG9935,-0.4231206,-0.43496656,0.6722072872882761,1.0
Dmel_CG3626,-0.4237291,-0.19418836,0.6717634035881157,1.0
Dmel_CG10642,-0.42375812,-0.07902509,0.6717422199155701,1.0
Dmel_CG9427,-0.42452106,-1.2886161,0.6711858544237541,1.0
Dmel_CG12900,-0.42542565,-0.3148792,0.6705264047711259,1.0
Dmel_CG8230,-0.42614394,-0.12169783,0.6700029504388838,1.0
Dmel_CG6188,-0.4266781,-5.342912,0.6696138190077277,1.0
Dmel_CR43958,-0.42718777,-0.38273963,0.6692425753395685,1.0
Dmel_CG14210,-0.4278253,-0.15159528,0.6687783120583422,1.0
Dmel_CG32789,-0.42939544,-0.16290215,0.6676354749724234,1.0
Dmel_CG15385,-0.42949143,-0.15603442,0.667565635539842,1.0
Dmel_CG4497,-0.42951408,-0.13107896,0.6675491425147417,1.0
Dmel_CG2522,-0.42963204,-0.10920873,0.6674633298350962,1.0
Dmel_CG2846,-0.42994195,-0.10696632,0.6672378667938846,1.0
Dmel_CG7413,-0.4319265,-0.110514164,0.6657948431289672,1.0
Dmel_CG11635,-0.43231398,-0.24799745,0.6655132332157516,1.0
Dmel_CG32792,-0.43355224,-0.81898546,0.6646136334621486,1.0
Dmel_CG33196,-0.43629012,-1.4207214,0.662626245508541,1.0
Dmel_CG15438,-0.4414592,-0.099177234,0.6588805965130842,1.0
Dmel_CG5805,-0.44244066,-0.09518532,0.6581703625513877,1.0
Dmel_CG8142,-0.4427357,-0.5066256,0.6579569168900886,1.0
Dmel_CG31992,-0.44313344,0.117453836,0.6576692065459643,1.0
Dmel_CG7492,-0.44322768,-0.09657063,0.6576010653068034,1.0
Dmel_CG2213,-0.44348517,-0.36295107,0.6574148441815628,1.0
Dmel_CG3630,-0.4464338,-1.0331501,0.6552839129830651,1.0
Dmel_CG34149,-0.44665164,-0.23769832,0.6551266038517829,1.0
Dmel_CG4586,-0.44775105,-2.3471427,0.6543328740407934,1.0
Dmel_CG9304,-0.4486422,-0.15674095,0.6536897894446114,1.0
Dmel_CG12120,-0.4488037,-1.3883033,0.6535732642560401,1.0
Dmel_CG2950,-0.44922945,-0.09787855,0.6532661484294526,1.0
Dmel_CG17753,-0.45171446,-0.19945206,0.651474705578317,1.0
Dmel_CG9613,-0.45502225,-0.24204206,0.6490932350078285,1.0
Dmel_CG3634,-0.45558363,-0.29883116,0.6486894106252536,1.0
Dmel_CG46281,-0.45585567,-0.3787753,0.6484937776502433,1.0
Dmel_CG1420,-0.45678613,-0.14224325,0.6478247842599278,1.0
Dmel_CG15394,-0.45938092,-0.5414004,0.6459606439597197,1.0
Dmel_CG32788,-0.45948684,-2.4868672,0.645884608893982,1.0
Dmel_CG1744,-0.4602728,-1.1229094,0.645320437564301,1.0
Dmel_CG5220,-0.4642507,-0.13107824,0.6424681391491707,1.0
Dmel_CR45714,-0.4649899,-1.99987,0.6419386897099426,1.0
Dmel_CG5904,-0.46529806,-0.09092595,0.6417180337941095,1.0
Dmel_CR45994,-0.4656703,-0.8458069,0.6414515134966282,1.0
Dmel_CG1316,-0.46623558,-0.07433518,0.6410468764479774,1.0
Dmel_CG11217,-0.46679875,-0.06503269,0.6406438666218652,1.0
Dmel_CG1359,-0.46779048,-0.08949494,0.6399344213713879,1.0
Dmel_CG1646,-0.46857503,-0.06957505,0.6393734325884637,1.0
Dmel_CG1710,-0.46962377,-0.067402124,0.6386238279177521,1.0
Dmel_CG4943,-0.4699677,-0.11368699,0.6383780905785512,1.0
Dmel_CG11378,-0.47010797,-1.0773429,0.6382778836610932,1.0
Dmel_CG10574,-0.4703428,-0.094430126,0.6381101277806511,1.0
Dmel_CG2210,-0.4705546,0.02691664,0.6379588344469694,1.0
Dmel_CG5972,-0.47221398,-0.07406799,0.6367740568848697,1.0
Dmel_CG1697,-0.47533974,-0.16503543,0.6345448478546694,1.0
Dmel_CG5595,-0.4757853,-0.12963958,0.6342273441855328,1.0
Dmel_CG7340,-0.4767055,-0.20758872,0.6335718541328534,1.0
Dmel_CG6474,-0.4787899,-0.20126183,0.6320880992382724,1.0
Dmel_CG7121,-0.47977915,-0.26770455,0.6313844320515438,1.0
Dmel_CG6551,-0.4820113,-0.15467422,0.6297979364275995,1.0
Dmel_CG10327,-0.49076548,-0.083511345,0.6235923349989271,1.0
Dmel_CG43745,-0.49133998,-0.26682195,0.6231860155650286,1.0
Dmel_CG6743,-0.49219286,-0.18770227,0.6225830105728556,1.0
Dmel_CG5124,-0.4940917,-0.15697701,0.6212414325410174,1.0
Dmel_CG14211,-0.49513265,-0.14959008,0.6205064881553011,1.0
Dmel_CG9253,-0.49592036,-0.1436966,0.6199505927425499,1.0
Dmel_CG3967,-0.49695602,-0.07742987,0.6192200606665776,1.0
Dmel_CR46342,-0.49818507,-0.23390199,0.61835360374249,1.0
Dmel_CG11238,-0.49825448,-0.15465337,0.6183046784750792,1.0
Dmel_CG31006,-0.50731933,-0.53252,0.6119307896178396,1.0
Dmel_CG9691,-0.50790906,-0.3892245,0.6115171334523566,1.0
Dmel_CG1619,-0.5080153,-0.28923768,0.6114426139784093,1.0
Dmel_CG7860,-0.50879383,-0.700869,0.6108967573719599,1.0
Dmel_CG2774,-0.51055735,-0.111390896,0.6096610603844652,1.0
Dmel_CG17352,-0.5109487,-0.809428,0.6093869702308068,1.0
Dmel_CG1486,-0.5119486,-0.13013649,0.608686987033831,1.0
Dmel_CG11971,-0.5137553,-0.2140334,0.6074230661170976,1.0
Dmel_CG7421,-0.5143093,-0.21838035,0.6070357744375163,1.0
Dmel_CG14005,-0.5144765,-0.14735202,0.6069189152402187,1.0
Dmel_CG1558,-0.515075,-0.8298814,0.6065005823281493,1.0
Dmel_CG14823,-0.5168297,-1.5554724,0.6052750410498349,1.0
Dmel_CG11219,-0.5196438,-0.9570604,0.6033118942435245,1.0
Dmel_CG8376,-0.5235845,-0.18069446,0.6005675713124052,1.0
Dmel_CG7745,-0.5241983,-0.12625386,0.600140620430544,1.0
Dmel_CG12008,-0.5280523,-0.7140731,0.5974630640223528,1.0
Dmel_CG5510,-0.53083867,-0.15521601,0.5955305705881159,1.0
Dmel_CG14577,-0.5314387,-0.12195718,0.5951148204256058,1.0
Dmel_CG43934,-0.53253776,-0.71267825,0.5943536101041282,1.0
Dmel_CG7870,-0.53334033,-0.14551708,0.5937980092166916,1.0
Dmel_CG9791,-0.5333733,-0.14576875,0.5937752116103291,1.0
Dmel_CG9983,-0.53353655,-0.03649718,0.5936622100346773,1.0
Dmel_CG6801,-0.5362249,-0.1479788,0.5918031453908952,1.0
Dmel_CG5970,-0.5364866,-0.17818205,0.5916222805583002,1.0
Dmel_CG11874,-0.540076,-0.09676582,0.5891446240972349,1.0
Dmel_CG8239,-0.5402361,-0.59558135,0.5890342264635966,1.0
Dmel_CG31508,-0.5414935,-3.498801,0.5881674975325708,1.0
Dmel_CG18661,-0.54267293,-0.17208011,0.5873550175796571,1.0
Dmel_CG7675,-0.54289323,-2.1658401,0.5872033146572526,1.0
Dmel_CR44029,-0.5478948,-0.27325246,0.5837641596445275,1.0
Dmel_CG8315,-0.55185676,-0.14383239,0.5810464984428105,1.0
Dmel_CG9317,-0.5534372,-1.5937804,0.5799641009410087,1.0
Dmel_CG9264,-0.5538172,-0.1486638,0.5797039523410693,1.0
Dmel_CG4511,-0.5555584,-0.09870013,0.5785127697140444,1.0
Dmel_CG11882,-0.5556689,-0.16797085,0.5784372086812365,1.0
Dmel_CG5876,-0.55575144,-0.14822215,0.5783807831156547,1.0
Dmel_CG5836,-0.5570198,-0.13092941,0.5775138987127144,1.0
Dmel_CG32763,-0.5581497,-2.3763611,0.5767421827301586,1.0
Dmel_CG4396,-0.56112736,0.20441064,0.574710716935819,1.0
Dmel_CG45070,-0.5616693,-0.12558278,0.5743413724531272,1.0
Dmel_CR46268,-0.56480247,-0.21943115,0.5722081396496577,1.0
Dmel_CG10590,-0.56617385,-0.17307173,0.5712755840651134,1.0
Dmel_CG2680,-0.56923056,-0.1159424,0.5691996895888558,1.0
Dmel_CG8295,-0.5732602,0.01821651,0.5664685376465999,1.0
Dmel_CG6540,-0.5740192,-0.19733551,0.5659547954789979,1.0
Dmel_CR43493,-0.5740387,-0.8716287,0.5659416132536532,1.0
Dmel_CG14182,-0.57472086,-0.13232154,0.5654800886774782,1.0
Dmel_CG5828,-0.57700044,-0.21402183,0.5639391525146387,1.0
Dmel_CG5047,-0.5802073,-0.16448502,0.5617748331332031,1.0
Dmel_CG14814,-0.5807733,-0.695688,0.5613932554632749,1.0
Dmel_CG46386,-0.58210933,-0.6376935,0.5604930577710636,1.0
Dmel_CG8173,-0.58280885,-0.31388336,0.5600219979117803,1.0
Dmel_CG17712,-0.5836196,-0.15240443,0.559476285732394,1.0
Dmel_CG6480,-0.58392346,-0.1566428,0.5592717995724803,1.0
Dmel_CG31800,-0.5845171,-0.09982373,0.5588724650788306,1.0
Dmel_CG7853,-0.58536434,-0.14715296,0.55830277182028,1.0
Dmel_CG8010,-0.58638084,-0.27196136,0.557619607968548,1.0
Dmel_CG1019,-0.59111214,-0.2693604,0.5544452848357517,1.0
Dmel_CG3959,-0.5915584,-0.11695491,0.5541463220564176,1.0
Dmel_CG1597,-0.5920727,-0.11133588,0.5538019009168418,1.0
Dmel_CG11228,-0.5930329,-0.23038954,0.5531591198363499,1.0
Dmel_CG11456,-0.59492534,-0.14711227,0.551893360282293,1.0
Dmel_CG16989,-0.5974805,-0.23360634,0.5501866200866738,1.0
Dmel_CG6205,-0.5975995,-0.2908496,0.5501071901824519,1.0
Dmel_CG8027,-0.59987944,-0.2034871,0.5485865844415875,1.0
Dmel_CG44243,-0.60218203,-0.31366932,0.5470529694471947,1.0
Dmel_CG42569,-0.60464936,-0.33808574,0.5454120174498682,1.0
Dmel_CR32957,-0.6080974,-0.13203025,0.543122882962579,1.0
Dmel_CG17187,-0.60978514,-0.25822362,0.5420041647977895,1.0
Dmel_CG1622,-0.6113471,-0.14150247,0.5409698181830012,1.0
Dmel_CG10494,-0.61308974,-0.21905431,0.5398170184226216,1.0
Dmel_CG8433,-0.6143549,-0.098248,0.5389808382036383,1.0
Dmel_CG13922,-0.6172118,-0.15770361,0.5370950352171611,1.0
Dmel_CG14618,-0.62063366,-0.33355317,0.5348407003033564,1.0
Dmel_CG4025,-0.62318134,-0.15937416,0.5331653630378295,1.0
Dmel_CG44314,-0.62325287,-0.7709451,0.5331183531147824,1.0
Dmel_CG6683,-0.6249314,-0.3950168,0.5320160834719957,1.0
Dmel_CG32796,-0.6257768,-1.8097693,0.5314613157473177,1.0
Dmel_CG3083,-0.6281946,-0.28923303,0.5298764907989731,1.0
Dmel_CG10757,-0.6312856,-0.12945966,0.5278538055894262,1.0
Dmel_CG14430,-0.6321976,-0.8075554,0.5272577422984162,1.0
Dmel_CG9850,-0.63251466,-0.5668068,0.5270506473512829,1.0
Dmel_CG15084,-0.63358855,-0.30923754,0.5263493784885724,1.0
Dmel_CG12643,-0.63523304,-0.7286532,0.5252764273713881,1.0
Dmel_CG3226,-0.63535666,-0.13455045,0.5251958221896906,1.0
Dmel_CG8187,-0.63820153,-0.10801864,0.5233424990003023,1.0
Dmel_CG1115,-0.6382734,-0.15494296,0.5232957018068864,1.0
Dmel_CG2976,-0.6395004,-0.15338774,0.5224974837643377,1.0
Dmel_CG17549,-0.64194214,-1.380473,0.5209107458917217,1.0
Dmel_CG13926,-0.64195704,-0.23751101,0.5209010866922181,1.0
Dmel_CG3564,-0.6421263,-0.06973244,0.5207911623017627,1.0
Dmel_CG9771,-0.6424182,-0.21925545,0.5206016972662484,1.0
Dmel_CG2944,-0.64771473,-0.030548347,0.517169455721198,1.0
Dmel_CG2023,-0.64870936,-0.25935575,0.5165262728357257,1.0
Dmel_CG4742,-0.6499281,-0.088929705,0.5157386646279052,1.0
Dmel_CG8614,-0.65401125,-0.17245102,0.5131045765672502,1.0
Dmel_CG32196,-0.6542779,-0.312119,0.5129327641198259,1.0
Dmel_CG11326,-0.6551521,-1.3148679,0.5123698493125967,1.0
Dmel_CG4643,-0.65835434,-0.11297011,0.5103104837381869,1.0
Dmel_CG9828,-0.6588307,-0.058007024,0.510004488960463,1.0
Dmel_CG15835,-0.6589129,-0.24939638,0.5099517174141583,1.0
Dmel_CG32039,-0.66022766,-0.14720465,0.509107761390704,1.0
Dmel_CG3411,-0.66048336,-0.19008996,0.5089436933471185,1.0
Dmel_CG8536,-0.66083753,-0.13400008,0.508716498057878,1.0
Dmel_CG7133,-0.6631306,-0.15429895,0.5072469228656528,1.0
Dmel_CG13929,-0.663132,-0.1379243,0.507246015569534,1.0
Dmel_CG5004,-0.6638758,-0.24170606,0.5067698028277814,1.0
Dmel_CG11710,-0.6645527,-0.13827132,0.5063366535356787,1.0
Dmel_CG7641,-0.66487783,-0.028772734,0.5061286479342437,1.0
Dmel_CG40293,-0.6656868,-0.076952696,0.5056113214968292,1.0
Dmel_CG7846,-0.6685058,-0.26888767,0.5038107839720573,1.0
Dmel_CG9054,-0.6685979,-0.32379633,0.5037520221919758,1.0
Dmel_CG6734,-0.6725542,-0.2009248,0.5012309458392974,1.0
Dmel_CG3201,-0.6752319,-0.10545215,0.4995284489979146,1.0
Dmel_CG8806,-0.68091136,-0.08315756,0.4959275867063011,1.0
Dmel_CG9904,-0.6848872,-1.269362,0.4934151371746157,1.0
Dmel_CG6769,-0.68518114,-0.12532698,0.4932296324019625,1.0
Dmel_CR44841,-0.6873902,-1.3951441,0.4918368604465939,1.0
Dmel_CG4079,-0.69377595,-0.19742958,0.4878227370683008,1.0
Dmel_CG5692,-0.69453317,-0.1822546,0.4873478905679086,1.0
Dmel_CG3422,-0.69564927,-0.10245302,0.4866485135211718,1.0
Dmel_CG3026,-0.69576895,-0.8447033,0.48657352529572395,1.0
Dmel_CG3966,-0.70285034,-1.5377523,0.4821490355884216,1.0
Dmel_CG31249,-0.7086031,-0.22561446,0.4785708155121955,1.0
Dmel_CG11092,-0.7090671,-0.4729646,0.4782828474395855,1.0
Dmel_CG10851,-0.70989555,0.07481715,0.47776891712482084,1.0
Dmel_CG17907,-0.7116566,0.14368491,0.47667746219687124,1.0
Dmel_CG30476,-0.72203296,-0.1336623,0.4702742076275437,1.0
Dmel_CG3572,-0.7235496,-0.1844052,0.4693422823920079,1.0
Dmel_CG10703,-0.72357404,-0.12842627,0.4693272737460179,1.0
Dmel_CG3024,-0.724298,-0.13677178,0.46888279019817114,1.0
Dmel_CG8487,-0.72901654,-0.12640776,0.4659915320539215,1.0
Dmel_CG6618,-0.7321979,-0.17423347,0.46404778086648746,1.0
Dmel_CG4688,-0.73518234,-1.6103652,0.4622284619777195,1.0
Dmel_CG12369,-0.73531264,-0.28358796,0.462149095245321,1.0
Dmel_CG5725,-0.73808104,-0.15460344,0.46046521223556214,1.0
Dmel_CG9207,-0.74024445,-0.20144811,0.45915169385282484,1.0
Dmel_CG30483,-0.74404633,0.11672795,0.45684845363713567,1.0
Dmel_CG17184,-0.74750215,-0.15020941,0.4547604969185951,1.0
Dmel_CG4180,-0.7482208,-0.2140203,0.45432697570931324,1.0
Dmel_CG4206,-0.74871457,-1.3495252,0.45402926523816045,1.0
Dmel_CG4646,-0.74973077,-0.14225672,0.4534168917912409,1.0
Dmel_CG40485,-0.75146097,-0.75147265,0.45237528661463733,1.0
Dmel_CG15914,-0.75190014,-1.6222228,0.45211110267055643,1.0
Dmel_CG16784,-0.7527984,-0.2454228,0.4515710755390341,1.0
Dmel_CG2681,-0.75328857,-1.2966825,0.4512765143719767,1.0
Dmel_CG9770,-0.7542938,-0.12621745,0.450672833887623,1.0
Dmel_CG2222,-0.754439,-0.3770711,0.4505856592333146,1.0
Dmel_CG8786,-0.75461537,-0.18566532,0.4504797867664484,1.0
Dmel_CG11877,-0.756069,-0.13195467,0.44960783227659384,1.0
Dmel_CG13055,-0.757235,-0.5470265,0.44890909122663947,1.0
Dmel_CG7280,-0.7598503,-0.29104677,0.4473440491885542,1.0
Dmel_CG6627,-0.7605782,-0.1323268,0.44690904352762295,1.0
Dmel_CG33548,-0.76111835,-1.0536863,0.44658638472310463,1.0
Dmel_CG14502,-0.7682298,-0.61988074,0.4423506729169048,1.0
Dmel_CG3500,-0.76986474,-0.19040492,0.4413801279798588,1.0
Dmel_CG10091,-0.7727599,-0.24311753,0.4396644854100784,1.0
Dmel_CG14015,-0.7754843,-0.10222809,0.43805351140897464,1.0
Dmel_CG10861,-0.7772723,-0.12519358,0.4369981310673786,1.0
Dmel_CG6046,-0.7779293,-0.16614842,0.43661067624766725,1.0
Dmel_CR44092,-0.7780657,-0.32272425,0.43653028590400955,1.0
Dmel_CG8311,-0.78087795,-0.24327005,0.4348742681585521,1.0
Dmel_CG11164,-0.78260857,-1.7293341,0.4338570176018224,1.0
Dmel_CG7562,-0.78594255,-0.41613442,0.4319011414408812,1.0
Dmel_CR45474,-0.79840267,-2.666225,0.42463686293499503,1.0
Dmel_CG11248,-0.7985422,-0.16378804,0.4245559104325549,1.0
Dmel_CG9556,-0.8065317,-0.1219228,0.419936336370725,1.0
Dmel_CG6005,-0.811337,-0.16215579,0.4171721579990174,1.0
Dmel_CR43283,-0.8147355,-0.5348854,0.41522373799429635,1.0
Dmel_CG13410,-0.814959,-0.09648902,0.41509579194912394,1.0
Dmel_CG31155,-0.8171284,-0.17967293,0.41385505460485783,1.0
Dmel_CG1017,-0.82427883,-0.17934626,0.4097811526049564,1.0
Dmel_CG2253,-0.82689804,-0.30087808,0.4082948424155003,1.0
Dmel_CG9986,-0.8293512,-0.25898123,0.4069057119811239,1.0
Dmel_CR45979,-0.83085793,-0.3250883,0.4060538973151262,1.0
Dmel_CG11866,-0.8339918,-0.16183586,0.404285601020272,1.0
Dmel_CG11388,-0.83504343,-0.10903761,0.4036932724839517,1.0
Dmel_CG31048,-0.8361276,-0.13699484,0.40308313387227857,1.0
Dmel_CG33229,-0.8366592,-0.016123626,0.4027841467022618,1.0
Dmel_CG2079,-0.8386827,-1.6078584,0.40164737921433735,1.0
Dmel_CG7486,-0.8398983,-1.1751937,0.4009654096988907,1.0
Dmel_CG3582,-0.8435978,-0.12336635,0.3988941766195506,1.0
Dmel_CG12765,-0.8461384,-0.57040596,0.3974755154197861,1.0
Dmel_CG18815,-0.8470246,0.019404145,0.39698139150482925,1.0
Dmel_CG1416,-0.8494183,-0.12266124,0.3956485969507162,1.0
Dmel_CG12179,-0.8498511,-0.46185952,0.39540788634702106,1.0
Dmel_CG40042,-0.85200137,-0.09545918,0.39421332821198984,1.0
Dmel_CR45855,-0.85731566,-1.135173,0.39127045402752614,1.0
Dmel_CG9526,-0.8599774,-0.1143864,0.38980149382911145,1.0
Dmel_CG2202,-0.864397,-0.35413405,0.38736983350309306,1.0
Dmel_CG42276,-0.86590797,0.14837295,0.38654061951967744,1.0
Dmel_CG9829,-0.8681964,-0.14897335,0.3852868118211097,1.0
Dmel_CG9668,-0.8690284,-1.4106246,0.3848315867293194,1.0
Dmel_CG17829,-0.8754407,-0.30713052,0.3813341626138088,1.0
Dmel_CG6866,-0.8763977,-0.10315329,0.38081385454738614,1.0
Dmel_CG2938,-0.87939596,-0.3379102,0.3791866243661639,1.0
Dmel_CG17364,-0.8795592,-0.10734874,0.37909812915699415,1.0
Dmel_CR45520,-0.8825472,-0.22783102,0.3774809690518818,1.0
Dmel_CG6095,-0.8834971,-0.26638022,0.3769677284332008,1.0
Dmel_CG8998,-0.89335287,-0.10507749,0.3716682347437268,1.0
Dmel_CG6083,-0.8951731,-0.21084303,0.37069458519544096,1.0
Dmel_CG6090,-0.89755887,-0.045970116,0.36942076419322656,1.0
Dmel_CG3780,-0.89984876,-0.2615936,0.36820075365902605,1.0
Dmel_CG14275,-0.9008943,-1.4438795,0.3676445166202872,1.0
Dmel_CG11523,-0.9023065,-0.13870844,0.3668940887820591,1.0
Dmel_CG2863,-0.90622634,-0.34480262,0.3648160812145034,1.0
Dmel_CG10200,-0.90839326,-1.2444155,0.3636704904116016,1.0
Dmel_CG13098,-0.90939665,-0.14977515,0.36314077639932885,1.0
Dmel_CG3071,-0.9154551,-0.27927208,0.3599527538015026,1.0
Dmel_CG40191,-0.92085546,-0.10931202,0.357125887475889,1.0
Dmel_CG8578,-0.92621297,-0.22796082,0.35433531153400377,1.0
Dmel_CR41609,-0.9271477,-1.5366389,0.3538498607501711,1.0
Dmel_CG12396,-0.9299083,-0.16283931,0.35241858974505424,1.0
Dmel_CG3074,-0.9307438,-1.3409011,0.35198611210835185,1.0
Dmel_CG11205,-0.9357163,-0.5923312,0.349419284653686,1.0
Dmel_CG5729,-0.93831855,-0.16889988,0.3480807412388073,1.0
Dmel_CG18262,-0.9419777,-0.46505868,0.34620406812875937,1.0
Dmel_CG10755,-0.94713473,-0.4972201,0.3435701421018662,1.0
Dmel_CG11738,-0.94780695,-0.23497887,0.3432277364046551,1.0
Dmel_CG18780,-0.9566922,-0.40561694,0.3387226333061576,1.0
Dmel_CG9636,-0.9681117,-0.13978456,0.33298859198255537,1.0
Dmel_CG34229,-0.97203934,-0.19905385,0.3310309882474147,1.0
Dmel_CG8971,-0.9775743,-0.3255018,0.32828492929041997,1.0
Dmel_CG1142,-0.98186105,-0.16751708,0.32616830865537094,1.0
Dmel_CG12913,-0.9886006,-0.2313872,0.32285859250302573,1.0
Dmel_CG4185,-0.9924882,-0.16408129,0.32095943048065423,0.9985151221463724
Dmel_CG11158,-0.9943282,-0.3742024,0.32006309680059797,0.9971429955089279
Dmel_CG10808,-0.9954531,-0.090842746,0.31951592387897376,0.9966196904091134
Dmel_CG8566,-0.9966117,0.2165559,0.3189530241388675,0.9953364260766701
Dmel_CG7791,-0.99902624,-0.26606256,0.3177819879996513,0.9923890456994814
Dmel_CG11654,-1.0039084,-0.30125755,0.31542276834320393,0.9871327932360189
Dmel_CG13077,-1.0069832,-1.8802329,0.3139428795645842,0.9843768504791699
Dmel_CG5192,-1.0096637,-0.8821629,0.3126564615809291,0.9826304410071388
Dmel_CG18731,-1.0113652,-0.15872936,0.3118416757593291,0.9813330610288693
Dmel_CG12230,-1.0163387,-0.1324797,0.3094681043200821,0.9759348113439402
Dmel_CG10130,-1.016507,-0.07865075,0.30938802257880516,0.9759164677647812
Dmel_CG3891,-1.0221375,-0.3139766,0.3067157953094265,0.9700486801831946
Dmel_CG9834,-1.0254049,-0.093989246,0.30517213843408086,0.9656852857619439
Dmel_CG4032,-1.0265847,0.07536633,0.3046160174421808,0.9648009364202695
Dmel_CG2656,-1.0301646,-0.28269953,0.30293274157149175,0.9606272096985939
Dmel_CG17493,-1.0348634,-0.059556194,0.30073275184354453,0.9550145610645339
Dmel_CG10635,-1.0349264,-0.106715634,0.3007033054721775,0.9550145610645339
Dmel_CG5703,-1.0491741,-0.065361194,0.2940980160344633,0.939193857346223
Dmel_CG1167,-1.0565536,-0.2203537,0.2907153499985782,0.9320054682437949
Dmel_CR34096,-1.0590079,-0.14807004,0.28959621474764663,0.9297786117759161
Dmel_CG4542,-1.0619345,-0.4038764,0.2882654164221592,0.9261848012722723
Dmel_CG9902,-1.06753,-0.34999606,0.2857325619488038,0.9200714522345579
Dmel_CG12752,-1.0717602,-0.21134959,0.28382778305405343,0.9159579806270423
Dmel_CG8024,-1.0722556,-0.6544626,0.28360522158880597,0.9154645583145417
Dmel_CG1763,-1.0728029,-1.1347553,0.28335957092069064,0.9152808471409355
Dmel_CG10417,-1.0733941,-0.11748009,0.28309436659137677,0.9147143032646378
Dmel_CG3774,-1.08103,-0.23691173,0.27968375484278474,0.9054752949960666
Dmel_CG15912,-1.0822163,-0.28451785,0.27915646331170785,0.9044366578844065
Dmel_CG7592,-1.0825137,-6.1965613,0.2790243135664039,0.9042314437918899
Dmel_CG13108,-1.0840662,-0.0944854,0.2783354653472221,0.9024442018573514
Dmel_CG9125,-1.087782,-0.31231087,0.2766913653821844,0.898887820145188
Dmel_CG12108,-1.0902373,-0.9115131,0.27560865420052594,0.8964785457547305
Dmel_CG32016,-1.0916016,-0.10344331,0.2750082602621453,0.8951903760477711
Dmel_CG14082,-1.0927601,-0.1959544,0.2744991257161543,0.8937544625956352
Dmel_CG15693,-1.0941815,0.17814262,0.27387537801791995,0.8921656773756782
Dmel_CG13117,-1.0951704,-1.1341946,0.2734419843257936,0.8911957132999141
Dmel_CG12895,-1.0959486,-0.19026594,0.27310128049440563,0.8903061093964237
Dmel_CG10888,-1.1033721,-0.9769387,0.269865620214253,0.8826043094165004
Dmel_CG32484,-1.1089945,-0.22004819,0.2674325524697688,0.875954928216658
Dmel_CG33156,-1.1092432,-0.20501587,0.2673253036112321,0.875954928216658
Dmel_CG15367,-1.114828,-0.92872113,0.2649241192643417,0.8694724903228557
Dmel_CG8455,-1.1351109,-0.19764155,0.25632889386152236,0.848681782371949
Dmel_CG15151,-1.1395987,-0.20081203,0.2544534994242088,0.8446005142544906
Dmel_CG32576,-1.1400979,-0.22744802,0.25424554909624997,0.8445502428396917
Dmel_CG3806,-1.1689155,-0.28659633,0.24243766081359897,0.8173097231276306
Dmel_CR43241,-1.1719626,-0.38581464,0.24121205154970882,0.8140132433011616
Dmel_CG33180,-1.174149,-0.13608582,0.24033531980768497,0.8116798862998685
Dmel_CG43946,-1.1867225,-0.018088609,0.23533709114884926,0.7994783740625689
Dmel_CG2767,-1.1986003,-0.846977,0.23068339247050995,0.7879933611788332
Dmel_CG31864,-1.2012273,-0.20386979,0.2296630187318468,0.7849159243576591
Dmel_CG18817,-1.2054975,-0.7326597,0.22801130556447846,0.7796764419523319
Dmel_CG11417,-1.2094637,-0.3148193,0.22648473833303373,0.776071954741694
Dmel_CG40196,-1.2174709,-0.053535808,0.22342508943461292,0.7673886827653551
Dmel_CG10846,-1.2357429,-0.17656238,0.21655412415560926,0.7480908899918142
Dmel_CG8448,-1.2464877,-0.14084588,0.212585399148977,0.7378159591597566
Dmel_CG6213,-1.2504189,0.24019925,0.21114657192090636,0.7340415612731827
Dmel_CG1518,-1.2611679,-0.18692367,0.2072483688882265,0.7225579036225755
Dmel_CG14802,-1.2665516,-0.30050564,0.20531567228392056,0.7169952828814775
Dmel_CG10520,-1.266927,-0.1830312,0.20518138240388428,0.7167167852656682
Dmel_CG9258,-1.2680937,-1.14999,0.2047644777891897,0.7158914700610236
Dmel_CG12241,-1.2746558,-0.38957855,0.20243108322526104,0.7100227066829234
Dmel_CG11488,-1.2827722,-0.18185328,0.1995719185122692,0.7021618691217482
Dmel_CG10306,-1.2876731,-0.14058,0.19785978710260987,0.6972581019885751
Dmel_CG9324,-1.2877648,-0.09471568,0.19782784232191353,0.6972581019885751
Dmel_CG14613,-1.2982266,-0.27694204,0.1942094904393138,0.6871585659297315
Dmel_CG34127,-1.3089089,0.119486704,0.19056518356323504,0.6769983988116982
Dmel_CG13071,-1.3128012,-1.6816161,0.18924994838585907,0.6730537406599659
Dmel_CG15317,-1.3163218,-0.725383,0.18806603877255157,0.6695680887320781
Dmel_CG4433,-1.3206918,-0.22957052,0.1866041268093238,0.6649036958788841
Dmel_CG9140,-1.336714,-0.010224627,0.18131598762190237,0.649444040520683
Dmel_CG8195,-1.3375609,-0.15724711,0.18103960411125597,0.6487705038521993
Dmel_CG10648,-1.3481722,-0.5024805,0.17760301632166275,0.639419517118622
Dmel_CG1354,-1.3506671,-0.14172672,0.176802100525283,0.6373247595111987
Dmel_CG12117,-1.352641,-0.26183888,0.17617034948302734,0.6360040007023248
Dmel_CG12025,-1.3533973,-0.026160957,0.1759287738974824,0.6353162092571064
Dmel_CG10447,-1.3534553,-0.26682714,0.1759102274931249,0.6353162092571064
Dmel_CG32756,-1.3546093,-0.34009677,0.175542089461582,0.6347798586152079
Dmel_CG31509,-1.3594496,-2.0291834,0.17400415819040316,0.6311312842340845
Dmel_CG11807,-1.373691,-0.24980699,0.1695376499735708,0.6180011812212743
Dmel_CG11436,-1.3771224,-0.35249218,0.1684744241477415,0.614466391264355
Dmel_CG10228,-1.382398,-0.06294368,0.16684952079315762,0.6098941732247245
Dmel_CG3044,-1.384581,-0.76308393,0.16618065169661778,0.6077873487184119
Dmel_CG10321,-1.3867478,-0.22188708,0.16551866291499628,0.6062097963673261
Dmel_CG7582,-1.391606,-0.17864884,0.1640417581592032,0.601639057764468
Dmel_CG8651,-1.3948231,0.019859755,0.16306920212893683,0.5985732919487036
Dmel_CR33682,-1.4044706,-0.07090086,0.1601787816251381,0.5902718366057038
Dmel_CG7424,-1.4065301,0.21873374,0.15956675766669437,0.5888421124678547
Dmel_CG2691,-1.4190806,-0.51606303,0.1558755279840911,0.5788707392905784
Dmel_CG12235,-1.4293649,-0.255501,0.15289938968153244,0.570000249590076
Dmel_CG6489,-1.429883,-0.45529902,0.1527505867427787,0.5696071113470076
Dmel_CG18156,-1.4303113,-0.47239962,0.15262770152778796,0.5694720686475473
Dmel_CG10262,-1.4551804,-0.47010958,0.145619307575666,0.5472071263516806
Dmel_CG5825,-1.4554889,-0.03876233,0.1455339428292517,0.5471992969153637
Dmel_CG15220,-1.4570177,-0.3234741,0.14511150665071393,0.5459233635548331
Dmel_CG9804,-1.4878043,-0.33168992,0.13680250456000298,0.5200236368015618
Dmel_CG5934,-1.4900829,-0.16384491,0.13620245585051508,0.5184926049628096
Dmel_CG17461,-1.4906616,-0.23736537,0.13605036585509467,0.5182138717976229
Dmel_CG15004,-1.4937639,-0.05926098,0.13523732705280692,0.5160144351919094
Dmel_CG1458,-1.4966089,-0.047868367,0.13449507498875,0.5137258432004062
Dmel_CG3717,-1.5119467,-0.14176169,0.13054741741962425,0.5016150913190884
Dmel_CG1796,-1.5236924,-0.3250732,0.1275855652279647,0.49193783092914206
Dmel_CG11771,-1.5385394,-0.2917673,0.12391678037878562,0.4808381357411045
Dmel_CG10423,-1.5464942,0.22962989,0.12198526123318659,0.474824738704178
Dmel_CG10830,-1.5475355,-0.06006056,0.12173416701558719,0.47398775963017226
Dmel_CG6518,-1.5487175,-1.2486348,0.12144965640487113,0.47316037201791034
Dmel_CG14641,-1.5542457,-0.19501853,0.12012582690779915,0.4691036937927364
Dmel_CR45848,-1.5544355,-0.4145363,0.12008056627530586,0.4691036937927364
Dmel_CG1529,-1.5561746,-1.3819975,0.11966657980956986,0.46787816878237365
Dmel_CR45332,-1.5685065,-0.16848072,0.11676297873112979,0.45843510711257146
Dmel_CG14048,-1.598197,-0.15904275,0.10999915713067293,0.43539124212475083
Dmel_CG7077,-1.6119031,-1.0114272,0.10698303344756949,0.4260194068286396
Dmel_CR44961,-1.6123677,-3.166229,0.10688193361504739,0.42584647910115975
Dmel_CG9164,-1.6195271,-0.21042785,0.10533391285342047,0.4206949752874142
Dmel_CG4464,-1.6205474,-0.041634563,0.10511472629175002,0.42010724397806776
Dmel_CG6358,-1.626008,-0.29003698,0.1039479457374247,0.4164573033339933
Dmel_CG16901,-1.6311643,0.1666181,0.1028556443903663,0.41271653185579843
Dmel_CG2004,-1.6329778,-0.57010853,0.1024736626801595,0.4115545236185746
Dmel_CG33104,-1.6346503,-0.1957741,0.10212237534222571,0.4105200778134561
Dmel_CR44366,-1.6368763,-0.698065,0.10165629809410585,0.4090218656627817
Dmel_CG7986,-1.639144,-0.23992682,0.10118328729262441,0.4074929752719514
Dmel_CG7875,-1.6400882,-1.1809481,0.10098682806229935,0.40695121360523634
Dmel_CG4406,-1.6509516,-0.22044297,0.09874845589715178,0.3994008799459746
Dmel_CG3403,-1.652045,-0.13748492,0.09852537765332184,0.39874406767548576
Dmel_CG4313,-1.6528072,-0.598712,0.09837010420675385,0.3982383054161899
Dmel_CG17397,-1.6556085,-0.15864816,0.09780112371104793,0.39630113064658673
Dmel_CG7772,-1.6643213,-0.32114348,0.09604824325368597,0.39028137433416427
Dmel_CG5447,-1.6795182,-0.18250664,0.09305109295781112,0.38033729784093184
Dmel_CG9022,-1.6867734,-0.2725274,0.0916469193457954,0.3757129875005717
Dmel_CG11328,-1.6873214,-0.14854854,0.09154156818612513,0.3755690750964316
Dmel_CG7785,-1.6915848,-0.22373466,0.09072516622959571,0.3731179496081943
Dmel_CG9677,-1.6961492,-0.16318144,0.08985761550416775,0.37010218234421494
Dmel_CG9063,-1.6969905,-0.3334903,0.08969846204206529,0.3698548759632193
Dmel_CG11750,-1.706564,-0.21221823,0.08790313788223883,0.3631358487615531
Dmel_CG2713,-1.7073296,-0.24403217,0.0877607939529784,0.36266182180380163
Dmel_CG7949,-1.7271166,-0.36972776,0.08414672950341984,0.3492647417575616
Dmel_CG2061,-1.728153,-0.32981893,0.08396080856147152,0.3487312760171542
Dmel_CG3706,-1.7364092,-5.444263,0.08249151732582174,0.34369721914350776
Dmel_CG3504,-1.7471404,-1.1437656,0.08061298168914792,0.3377982118549403
Dmel_CG10802,-1.7534376,-0.33030477,0.07952692179369673,0.33377939293866776
Dmel_CG4842,-1.7562042,-1.4688339,0.07905354979341458,0.33189862550647314
Dmel_CG8245,-1.7681854,-0.117905766,0.0770299106971981,0.32423128009989755
Dmel_CG33113,-1.7988712,0.20298299,0.07203906575905178,0.30616602947597005
Dmel_CR42861,-1.8274913,-0.3040133,0.0676259439737794,0.2893756202407799
Dmel_CG6647,-1.834225,0.21108182,0.06662058488811175,0.2856316822233855
Dmel_CG4662,-1.839113,-0.15952574,0.06589857382833936,0.2828129192286765
Dmel_CG3501,-1.8406413,-0.14125052,0.06567414251281849,0.28212615454754747
Dmel_CG12703,-1.8424349,-0.31391746,0.06541155831470326,0.28118197180684185
Dmel_CG4672,-1.844197,-0.094544895,0.0651544326645227,0.2802600326168552
Dmel_CG32364,-1.853208,-0.8516544,0.06385255115297873,0.27520051646483884
Dmel_CG3696,-1.8719682,0.14366616,0.061211016450946884,0.26555759893756786
Dmel_CG1922,-1.8907863,-0.008220177,0.058652877744138444,0.256150703368469
Dmel_CG8770,-1.8930602,-1.4193711,0.058349864061340545,0.2552085950061862
Dmel_CG9813,-1.8966913,-0.046997927,0.05786868321287687,0.25339965548164445
Dmel_CG14798,-1.9136256,-0.36290556,0.05566800957811725,0.24465997119265512
Dmel_CG10219,-1.928439,-0.037431184,0.05380054944015893,0.2374850588488843
Dmel_CG42314,-1.9371301,0.13791966,0.052729440709378426,0.2335414831014297
Dmel_CG12123,-1.9383953,-0.24202166,0.052575015517117824,0.23317187948378176
Dmel_CG3704,-1.9415561,-0.48897418,0.0521908633767955,0.23154629832358867
Dmel_CG7033,-1.9516268,-0.26164848,0.05098252775851909,0.22656793955857263
Dmel_CG8444,-1.9716057,-0.03737397,0.04865463777147726,0.21693911744940217
Dmel_CG9131,-2.0160823,-0.5402116,0.04379138037876453,0.1974819936710174
Dmel_CG11324,-2.021823,-0.23444277,0.04319464694769572,0.19505871324387267
Dmel_CG42734,-2.0609643,0.21162952,0.0393064482657171,0.17903848757704974
Dmel_CG3018,-2.0612667,-0.14030811,0.03927759787848947,0.17896911016686204
Dmel_CG17734,-2.0738795,-0.10722377,0.03809050226034428,0.1747110960569578
Dmel_CG4294,-2.0758626,-0.15592322,0.037906657879002145,0.17398930883268152
Dmel_CG2124,-2.0815127,-0.80177486,0.03738700372040276,0.1719042500668557
Dmel_CG8542,-2.1090991,-0.16983968,0.034936016316948475,0.1620523086554959
Dmel_CG8939,-2.109787,-0.82375395,0.034876699711772825,0.16199320728212793
Dmel_CR45860,-2.1109595,-0.9178819,0.03477579700065248,0.16165148510278537
Dmel_CG31638,-2.1200957,-0.23182909,0.03399796524948305,0.15848430696823582
Dmel_CG4208,-2.1207213,-0.6690736,0.03394526095319013,0.15835096705213755
Dmel_CG5412,-2.1701653,-0.26961666,0.029994319729251175,0.14156213040371785
Dmel_CG42268,-2.1732228,-0.071020596,0.02976355558155017,0.14054002295980983
Dmel_CR43148,-2.1735044,-0.36027795,0.029742379372009794,0.14049051305808077
Dmel_CG2699,-2.1767657,-0.22358772,0.029498050737930808,0.13958728294819905
Dmel_CG17870,-2.1821208,0.094169825,0.029100621717081998,0.13785554072969522
Dmel_CG8666,-2.1988516,-0.17952463,0.027888469311672055,0.13273537675649494
Dmel_CG10233,-2.2026463,-1.4777611,0.02761969865718953,0.1315514534447726
Dmel_CG3458,-2.2027123,-0.3793302,0.027615027058044327,0.1315514534447726
Dmel_CG8511,-2.2115972,-1.7434602,0.02699450406967146,0.12904138886124142
Dmel_CR32868,-2.237004,-1.0053481,0.025286070156317588,0.12167127349841429
Dmel_CG3019,-2.2536204,-0.14523454,0.02422006450448608,0.11705622201303847
Dmel_CG11155,-2.2601924,-0.017721498,0.023809316595765836,0.11536807868176949
Dmel_CG1349,-2.2708924,-0.16269957,0.023153489212753346,0.11248059214225202
Dmel_CG9160,-2.2796605,-0.023701582,0.02262783402359964,0.11029390463802777
Dmel_CG42256,-2.2811108,0.16179107,0.02254188677137832,0.10991574547780426
Dmel_CG7891,-2.2850134,-0.14283028,0.022312044629250183,0.10895673670493372
Dmel_CG11556,-2.2876024,-0.36845365,0.022160680473068628,0.10829806697530489
Dmel_CG6867,-2.295604,-0.44542074,0.021698531979923316,0.10639567490603444
Dmel_CR45533,-2.295784,-0.8461907,0.02168823689299813,0.10638489026162315
Dmel_CG3732,-2.298696,-0.20449355,0.021522200804206297,0.10576785369037955
Dmel_CG6870,-2.2998922,-1.1803575,0.021454326520991135,0.10551321287887144
Dmel_CG15651,-2.324773,-0.18888938,0.020084095534933667,0.09944427257896131
Dmel_CG40178,-2.3423643,0.09910771,0.019161996674342187,0.09523744262387696
Dmel_CG8801,-2.3522608,-0.1734618,0.018659684707535516,0.092951825906643
Dmel_CG13057,-2.3523197,-1.9162354,0.01865673518325257,0.092951825906643
Dmel_CG9441,-2.353336,-0.50570816,0.018605804847693946,0.09275374867357593
Dmel_CG5125,-2.3551931,-1.0851791,0.018513077866577774,0.09236156273526899
Dmel_CG13762,-2.3653538,-7.021208,0.01801284975875685,0.09010538967636991
Dmel_CG40218,-2.368832,0.1475681,0.017844354944441015,0.08929652259135544
Dmel_CG44533,-2.39253,-0.3470037,0.016732663548911675,0.08418220968462799
Dmel_CG7739,-2.408,-0.23761375,0.016040183571319647,0.08100847513862855
Dmel_CG3527,-2.4156113,-0.5097029,0.015708826728879317,0.07951837135755127
Dmel_CG9265,-2.41674,-0.27913642,0.015660199959635978,0.07930276981486567
Dmel_CG10047,-2.4198823,0.046580955,0.015525529078877057,0.07865110933906068
Dmel_CR40741,-2.4649007,-1.1187062,0.01370511931621366,0.07046125701657423
Dmel_CG14231,-2.4845634,-0.6970451,0.012971041950079625,0.06700175403537593
Dmel_CG14757,-2.4849377,-0.17674094,0.012957409020789783,0.06695765314282286
Dmel_CG12194,-2.4894102,-0.19548467,0.012795526534945789,0.06619921818729237
Dmel_CG3321,-2.5089087,0.1402829,0.012110477584725145,0.06292755474134959
Dmel_CG6030,-2.550079,0.11635283,0.010769844513212123,0.05652017841378614
Dmel_CG8989,-2.5559936,0.22558744,0.010588509586854072,0.055657441792339744
Dmel_CG11103,-2.5671024,-0.5726348,0.010255233410521435,0.05416560379729187
Dmel_CG3466,-2.6052134,-1.9012637,0.009181706506483155,0.0488686938848502
Dmel_CG41378,-2.605959,-1.2340976,0.009161744673421696,0.048782206950338136
Dmel_CG2183,-2.6074562,-0.22759007,0.009121776754304234,0.04860878683224328
Dmel_CG9177,-2.6163094,-0.30039182,0.008888595731728562,0.0474817221587988
Dmel_CG9328,-2.6181035,0.0054809325,0.008841999662484983,0.047329009191330006
Dmel_CG3241,-2.6492844,-0.6105921,0.008066243773248584,0.04338866533944316
Dmel_CG2889,-2.6503007,-0.41929063,0.008042012163456184,0.04329376560425142
Dmel_CG3109,-2.671104,-0.22006539,0.0075602233619707,0.04095172926614055
Dmel_CG31360,-2.681086,-0.2520378,0.007338362967807998,0.03979918603382786
Dmel_CG14464,-2.6900103,-0.16702907,0.007144981001099499,0.038846584747806584
Dmel_CG3973,-2.7115045,-0.13226564,0.006697864766087531,0.03656694677655016
Dmel_CG7291,-2.8040628,-0.2741465,0.005046307812702983,0.028087052506027062
Dmel_CG32676,-2.8140206,-0.0996856,0.004892610567689791,0.027324179970255654
Dmel_CG8289,-2.8165147,-0.24989332,0.00485478163624491,0.02713597851207757
Dmel_CG6191,-2.8165257,-0.40674135,0.004854615693934905,0.02713597851207757
Dmel_CG32464,-2.8390307,0.20218828,0.004525080605342572,0.025422866282516776
Dmel_CG45057,-2.851376,-0.09681691,0.004353045823098539,0.024519234959853364
Dmel_CG1640,-2.889005,-0.18136378,0.003864629786279064,0.02195637700886
Dmel_CG13830,-2.8926408,0.06198304,0.003820179926355643,0.021722624150687802
Dmel_CG4521,-2.9035697,-0.83145505,0.0036893488176223477,0.02099685266885027
Dmel_CG6359,-2.9058957,-0.20968404,0.00366203564853113,0.02085947570756289
Dmel_CG17704,-2.9129777,0.038486037,0.0035800017091746944,0.020453421006933505
Dmel_CG9916,-2.9357593,0.15085992,0.0033273240846845645,0.0191270191587226
Dmel_CG7166,-2.9958706,-0.19192852,0.002736626040372392,0.015933541336523527
Dmel_CG43368,-3.0154698,0.14575121,0.002565815693828743,0.0150023051906588
Dmel_CG1970,-3.0406404,-0.09887397,0.0023607566234781804,0.013905290358192188
Dmel_CG14817,-3.0705085,-0.20230661,0.00213694554617384,0.012672202807883769
Dmel_CG1651,-3.0782905,-0.09514598,0.0020819185148378827,0.012368214829785089
Dmel_CG18426,-3.0826318,-0.22352682,0.002051788271328235,0.012194730743339818
Dmel_CG6999,-3.0880077,-0.55784184,0.0020150321697538377,0.01200886065430167
Dmel_CG4293,-3.0901804,-0.6473717,0.00200034985362936,0.011926768342351825
Dmel_CG10279,-3.0923634,0.122386284,0.001985697063396151,0.011844777626004912
Dmel_CG18314,-3.109639,0.13392113,0.0018731617301316963,0.011229570390356124
Dmel_CG6707,-3.1108,-0.23022902,0.0018658128528976669,0.011200843627194262
Dmel_CG6105,-3.1427593,0.20464306,0.00167363367582918,0.01009789721490875
Dmel_CR45479,-3.1510637,-2.3083222,0.0016267698808422734,0.009828681840987731
Dmel_CG18345,-3.1710372,-1.2011483,0.0015189564038837996,0.009211170329227969
Dmel_CG32017,-3.2050323,0.054955002,0.0013504735733339784,0.008238891934624796
Dmel_CG7823,-3.2433417,-0.09173176,0.0011813649045140928,0.007267938300664651
Dmel_CG16757,-3.3411107,0.092312895,0.0008344391768302723,0.00522409014898838
Dmel_CG1561,-3.379172,-1.1979017,0.0007270445289639626,0.004597734434608004
Dmel_CG13061,-3.4113886,-1.7940083,0.0006463287224375249,0.004127019310763613
Dmel_CR43459,-3.431118,-0.27310592,0.0006010992655477673,0.0038588399846425057
Dmel_CG17715,-3.4483929,-0.1558848,0.0005639330919060529,0.0036326690003614915
Dmel_CG8309,-3.4505877,-0.024592277,0.0005593671641203296,0.003605023984161477
Dmel_CG8882,-3.4548297,-0.16506843,0.0005506407005869953,0.0035540124982385585
Dmel_CR45054,-3.4678476,-0.12990485,0.0005246448149160357,0.0033945630294493472
Dmel_CG17737,-3.512084,-0.095233954,0.00044460755373366284,0.0029053147009517966
Dmel_CG9350,-3.5121024,-0.14078715,0.00044457674215166474,0.0029053147009517966
Dmel_CG10693,-3.6410663,0.14807911,0.00027151122542726805,0.0018138937536043363
Dmel_CG32706,-3.7014184,-0.71466625,0.00021439763773544254,0.0014537664383289218
Dmel_CG32848,-3.7468512,0.0394373,0.00017906823326133383,0.0012251233871003885
Dmel_CG40127,-3.8362606,0.095871724,0.0001249219307273652,0.0008736557167047929
Dmel_CG9132,-3.8547022,-0.2452495,0.00011587061948873535,0.0008132786615321633
Dmel_CG3621,-3.868181,-0.092728175,0.00010965031654626505,0.0007738532812752251
Dmel_CG10497,-3.8887923,0.13544114,0.00010074426933498278,0.000712529840328853
Dmel_CG6764,-3.8978658,-0.00064035313,9.704422250378828e-05,0.0006885843023338455
Dmel_CG1987,-3.9047568,0.21409266,9.432018531947605e-05,0.0006707043048069452
Dmel_CG13928,-3.9275575,0.12537599,8.581289965157661e-05,0.000615203117469377
Dmel_CG6946,-3.9506416,-0.17410782,7.794196909600863e-05,0.0005609175333464673
Dmel_CG7007,-3.9600687,-0.13853513,7.492818772131843e-05,0.0005401159159878473
Dmel_CG6671,-3.9761133,0.11797038,7.005076939458745e-05,0.0005057896486891614
Dmel_CG9819,-4.0135727,0.09221791,5.980660843987745e-05,0.0004351708978451991
Dmel_CG6781,-4.021736,-1.7655963,5.7770797440721215e-05,0.00042082375231070816
Dmel_CG1007,-4.0774755,-0.038636405,4.5527343260265555e-05,0.00033686645145447613
Dmel_CG18285,-4.108873,0.12510069,3.9759514286374036e-05,0.00029552023599391475
Dmel_CG9214,-4.1171856,0.16654855,3.835272422591705e-05,0.00028522532487423657
Dmel_CG4170,-4.120621,0.046217345,3.778521758026032e-05,0.00028116395482570826
Dmel_CG32858,-4.1791925,-0.36455867,2.9254605211960057e-05,0.00021935981275946802
Dmel_CG2947,-4.2341447,-0.4855471,2.294230002558865e-05,0.00017306817717351348
Dmel_CG32264,-4.2450743,0.18315639,2.1852112525777775e-05,0.00016560473512182569
Dmel_CG4784,-4.2497025,-2.2505636,2.1405472515794917e-05,0.00016268901927707404
Dmel_CR45009,-4.3351965,-0.40734628,1.4563003970541334e-05,0.00011290409154978387
Dmel_CG32441,-4.368431,-0.23960647,1.2514220262035732e-05,9.75960643699772e-05
Dmel_CG16791,-4.4139333,0.040867455,1.0150915047036386e-05,8.001990079970313e-05
Dmel_CG9306,-4.4868608,0.008380888,7.228026436469568e-06,5.7600664282381195e-05
Dmel_CG8229,-4.5198383,-0.3732395,6.188682317845772e-06,4.955848527654557e-05
Dmel_CG17131,-4.546997,-0.68924516,5.441672512776897e-06,4.3736402746422756e-05
Dmel_CG12505,-4.61482,-0.5455314,3.934363756360784e-06,3.207287476571778e-05
Dmel_CG6330,-4.662725,-0.33879438,3.120496557362068e-06,2.5774007077495248e-05
Dmel_CG7361,-4.6825995,0.1013672,2.832593150234949e-06,2.351428085106599e-05
Dmel_CG43729,-4.689785,0.08796049,2.7349199847537923e-06,2.27754014699934e-05
Dmel_CG3944,-4.7423706,-0.2089465,2.112317749118149e-06,1.7725394343015067e-05
Dmel_CG10992,-4.870058,-0.25508863,1.1156550087677528e-06,9.651627695995417e-06
Dmel_CG32544,-4.912636,-0.2906286,8.986015142471868e-07,7.840984394901915e-06
Dmel_CG7533,-4.9481177,0.14519398,7.493452574701124e-07,6.595543220639482e-06
Dmel_CG4027,-4.9583454,0.16651264,7.109604162700431e-07,6.274500221762684e-06
Dmel_CG1981,-4.967793,-0.033205412,6.771911935826117e-07,5.988539350517564e-06
Dmel_CG6329,-4.981098,0.14364007,6.322449156930764e-07,5.598605415850888e-06
Dmel_CG14235,-4.9822392,0.18542294,6.285265151239107e-07,5.572726162302213e-06
Dmel_CG9603,-5.0030184,0.14657941,5.643949090620678e-07,5.014681203505499e-06
Dmel_CG5676,-5.0206437,-0.18283656,5.149855950537039e-07,4.584976764634636e-06
Dmel_CG6439,-5.0351505,-0.20411167,4.774735565217561e-07,4.26835374574993e-06
Dmel_CG43955,-5.065803,-0.046709243,4.066824843694024e-07,3.6780554212651873e-06
Dmel_CG33100,-5.0792065,0.053750694,3.7901438167850543e-07,3.449188358474543e-06
Dmel_CG5642,-5.0919685,-0.18260822,3.543650571257648e-07,3.2360745070810807e-06
Dmel_CG32850,-5.12414,-0.29000956,2.9889936811446856e-07,2.756376558871741e-06
Dmel_CG5708,-5.162531,-0.4038053,2.43633237978873e-07,2.2578169113401763e-06
Dmel_CG33472,-5.222617,0.17168291,1.7641210202278156e-07,1.645302649170598e-06
Dmel_CG6151,-5.271195,-0.09722453,1.355383918337637e-07,1.2758667672546481e-06
Dmel_CG9836,-5.315391,0.13115409,1.0642855708194383e-07,1.0068953697723713e-06
Dmel_CG32580,-5.371843,-2.6259763,7.793607738346106e-08,7.437603434248815e-07
Dmel_CG3056,-5.3933644,-0.23046507,6.915049898679533e-08,6.628057674584081e-07
Dmel_CG16779,-5.4820457,0.0438334,4.204352999990523e-08,4.0774466991052004e-07
Dmel_CR41602,-5.626611,-1.143852,1.8378436758851025e-08,1.826861100212264e-07
Dmel_CG43782,-5.6545024,0.060783003,1.5629848912444024e-08,1.5583599738879128e-07
Dmel_CG42392,-5.7681136,0.0018838961,8.01636640225917e-09,8.090865659914575e-08
Dmel_CG42316,-5.770579,-0.58430916,7.899979188312531e-09,7.979525481446194e-08
Dmel_CG8922,-5.7996154,-0.21828139,6.646724810116719e-09,6.749969917290866e-08
Dmel_CG7892,-5.8426113,0.13393085,5.1388847513464244e-09,5.251172979583465e-08
Dmel_CG11154,-5.994992,0.16092888,2.0349568869748146e-09,2.134187426315725e-08
Dmel_CG17921,-6.0972843,-0.021783227,1.078854688431865e-09,1.1470250372720985e-08
Dmel_CG12598,-6.104762,-0.2762294,1.0295391011078908e-09,1.096367368529886e-08
Dmel_CG4587,-6.1661806,0.12104014,6.995915064669873e-10,7.550595756987812e-09
Dmel_CG13917,-6.2226343,0.105290055,4.888763993373708e-10,5.309359308836686e-09
Dmel_CG31666,-6.279619,0.106275894,3.3940304746555353e-10,3.726061359018245e-09
Dmel_CG12605,-6.512689,0.046259087,7.381727447569861e-11,8.435067859870916e-10
Dmel_CG7726,-6.612802,-0.16937962,3.771122113214225e-11,4.397188614884484e-10
Dmel_CG12101,-6.8231616,-0.10148085,8.90584838659134e-12,1.0697600881919268e-10
Dmel_CG7686,-6.857236,-0.29646516,7.020574722237015e-12,8.502983633632868e-11
Dmel_CG8053,-6.9806128,-0.034624174,2.9389494649303324e-12,3.6434655583631604e-11
Dmel_CG4307,-7.0140066,0.027760394,2.315880789203101e-12,2.8956222122662183e-11
Dmel_CG3620,-7.0705047,-0.016853051,1.5437130632577058e-12,1.9449600541006245e-11
Dmel_CG15811,-7.5975943,-0.24052073,3.016866553438284e-14,4.138271751433454e-13
Dmel_CG5711,-7.6036572,-1.2103082,2.878771249400286e-14,3.957105961126481e-13
Dmel_CG42281,-7.6348586,0.13565058,2.2606830665592207e-14,3.12055001866121e-13
Dmel_CG43479,-7.7331023,-0.09506527,1.0495672847507143e-14,1.4672727328626743e-13
Dmel_CG11015,-7.800288,-0.046647467,6.176605170294037e-15,8.690232178033613e-14
Dmel_CG4412,-7.8205833,0.07688353,5.2579182426210554e-15,7.42151489004117e-14
Dmel_CG13389,-7.9124393,-0.11519942,2.5239350969799165e-15,3.6051120771101174e-14
Dmel_CR32172,-7.963917,-0.011516186,1.6667758219441684e-15,2.4042921049581027e-14
Dmel_CG31136,-8.004386,0.13437879,1.200647378951916e-15,1.7491914863422538e-14
Dmel_CG4169,-8.065049,-0.02673458,7.320656112941476e-16,1.074868625476692e-14
Dmel_CG14724,-8.139934,0.10379994,3.954952022915766e-16,5.872545144987128e-15
Dmel_CG2381,-8.1902075,0.046410687,2.60776443894817e-16,3.907483750537959e-15
Dmel_CG42540,-8.316146,0.05546835,9.087002341198278e-17,1.3773044724992684e-15
Dmel_CG14413,-8.36705,-0.49482056,5.907853905168716e-17,9.037847283797683e-16
Dmel_CG17684,-8.748102,-0.4484062,2.169703487597648e-18,3.4770821378683776e-17
Dmel_CG11525,-8.826824,0.0530243,1.0768946795662734e-18,1.747095430145728e-17
Dmel_CG4692,-8.847646,0.14386594,8.938484947746609e-19,1.453720676959631e-17
Dmel_CG1168,-8.888035,0.11369199,6.219933721412472e-19,1.0128395171385538e-17
Dmel_CG12052,-8.978873,0.103252806,2.735544043957559e-19,4.487863206198038e-18
Dmel_CG9218,-9.003615,0.118851714,2.184050187832246e-19,3.592065521690055e-18
Dmel_CG33547,-9.034547,0.087857805,1.6468325649970457e-19,2.7187219518374595e-18
Dmel_CG34360,-9.113588,0.07860552,7.970108337883036e-20,1.3257619451660884e-18
Dmel_CG9755,-9.147889,0.13533646,5.805661093649839e-20,9.669479395646709e-19
Dmel_CG1200,-9.304715,-0.2311924,1.343523187489817e-20,2.272231429447064e-19
Dmel_CG8415,-9.421316,-0.11414286,4.4547031629851776e-21,7.662206055600552e-20
Dmel_CG16747,-9.565606,0.06340649,1.115454155743381e-21,1.946637856656543e-20
Dmel_CG31030,-9.616238,-0.103628814,6.828346831497657e-22,1.1964174095028095e-20
Dmel_CG11271,-9.697196,0.09718865,3.0989772716501786e-22,5.51064415788295e-21
Dmel_CG18069,-9.729536,0.13132577,2.2561989657133292e-22,4.0338381780188924e-21
Dmel_CG3612,-9.845499,0.06993388,7.168243800159814e-23,1.3101236686773313e-21
Dmel_CG18497,-10.287765,0.08245133,8.001232456679832e-25,1.5669775814192202e-23
Dmel_CG17489,-10.661719,-0.04591509,1.5372914415671922e-26,3.176343841766427e-25
Dmel_CG6625,-10.798337,0.0021549615,3.504948228149632e-27,7.322499946918014e-26
Dmel_CG1495,-10.8277445,-0.230362,2.5434383113585986e-27,5.347731655930135e-26
Dmel_CG31795,-10.836621,0.06368495,2.3083947512746312e-27,4.8613165747596044e-26
Dmel_CG7283,-10.892416,0.013083041,1.2527158448061918e-27,2.6551514381609946e-26
Dmel_CG6588,-11.07919,0.025229605,1.5829746114027148e-28,3.432651710964204e-27
Dmel_CG3922,-11.079934,-0.13225085,1.5698729707570557e-28,3.40986788573859e-27
Dmel_CG1221,-11.11717,0.15391605,1.035032379443948e-28,2.255615339680418e-27
Dmel_CG7727,-11.274601,0.067725085,1.7517103424592633e-29,3.9015636627554543e-28
Dmel_CG17888,-11.365108,0.114721015,6.238787638086342e-30,1.401434330805002e-28
Dmel_CG10186,-11.451155,0.08038995,2.3203465475756127e-30,5.284518887641443e-29
Dmel_CG42492,-11.477369,-0.025458133,1.7141655198265344e-30,3.917538973224433e-29
Dmel_CG5502,-11.563742,-0.0135686835,6.290705917462718e-31,1.447743720864756e-29
Dmel_CG33653,-11.782834,-0.08716517,4.785624941054143e-32,1.1270232500070339e-30
Dmel_CG43444,-11.808317,-0.042212375,3.535658168365273e-32,8.356489926346772e-31
Dmel_CG8759,-11.886023,-0.06517674,1.3991184573548892e-32,3.35507584819354e-31
Dmel_CG5827,-12.019676,-0.07139862,2.8006675657686256e-33,6.752949079223029e-32
Dmel_CG1242,-12.030931,-0.029893305,2.443882326911022e-33,5.914375259288718e-32
Dmel_CG42541,-12.038541,-0.09540587,2.2286380122828666e-33,5.40341921022309e-32
Dmel_CG10377,-12.040258,0.07825223,2.1827028499706848e-33,5.301829602858553e-32
Dmel_CG4918,-12.061065,-0.033228777,1.6957601707824317e-33,4.1266637785651726e-32
Dmel_CG1873,-12.252011,0.026565922,1.6388057075692203e-34,4.109836985337237e-33
Dmel_CG2216,-12.375949,-0.030064803,3.527013728023126e-35,8.930344393054315e-34
Dmel_CG10537,-12.55751,0.086706646,3.615296119401863e-36,9.370533787980253e-35
Dmel_CG3644,-12.606227,-0.2206212,1.9511209194689494e-36,5.087238095782036e-35
Dmel_CG32446,-12.631079,-0.3776259,1.423140922792289e-36,3.717991027119974e-35
Dmel_CG7437,-12.7949,0.0017330333,1.7507718544230957e-37,4.657265777120222e-36
Dmel_CG7971,-13.488024,0.05431921,1.8396496906554238e-41,5.313150897780863e-40
Dmel_CR45859,-13.527252,-1.3259902,1.0798507683735008e-41,3.132520738895402e-40
Dmel_CG4800,-13.537826,-0.23883025,9.351588533965023e-42,2.7187881620538577e-40
Dmel_CG4899,-13.624943,-1.7092146,2.8463183362156572e-42,8.348988673261149e-41
Dmel_CG1268,-13.66625,-0.124207824,1.6150632367570197e-42,4.769336178477302e-41
Dmel_CG8189,-13.80983,-0.006355175,2.2235571520175327e-43,6.686444973606955e-42
Dmel_CG17280,-14.000052,0.049405053,1.5575667524700103e-44,4.804691242771926e-43
Dmel_CG7015,-14.094954,0.06625658,4.079152291249005e-45,1.2793350897208396e-43
Dmel_CG5271,-14.149001,0.035333686,1.8942862884817968e-45,6.027316251074889e-44
Dmel_CG1507,-14.268538,-0.15344773,3.4370556429908195e-46,1.0989379125192787e-44
Dmel_CG43749,-14.333087,0.038341142,1.359420006147218e-46,4.400034064231673e-45
Dmel_CG3161,-14.373336,0.0758893,7.607651826665158e-47,2.4806985770274652e-45
Dmel_CG4046,-14.5187235,-0.052310452,9.221186953017637e-48,3.0522825629623367e-46
Dmel_CG5962,-14.602012,-0.95563155,2.726805777490946e-48,9.141059878063399e-47
Dmel_CG4087,-15.027063,0.028823173,4.881731372377501e-51,1.7106888523843398e-49
Dmel_CG32423,-15.068688,0.033348456,2.6022738015964566e-51,9.167957111737007e-50
Dmel_CG9907,-15.240554,0.02583322,1.9024960373925464e-52,6.925401780436413e-51
Dmel_CG6998,-15.28268,0.040543035,9.975364843007967e-53,3.671884296973885e-51
Dmel_CG43738,-15.591443,-0.018422484,8.323225649230217e-55,3.1250145216152654e-53
Dmel_CG4759,-16.13706,-0.13569504,1.400552359747945e-58,5.493927928193358e-57
Dmel_CG7977,-16.410742,-0.10312697,1.6023783082923058e-60,6.5597673985262275e-59
Dmel_CG12348,-16.469852,0.013393988,6.041837274186306e-61,2.488896038247092e-59
Dmel_CG3203,-16.567575,-0.045325898,1.1954828098818907e-61,4.971468229322129e-60
Dmel_CG5119,-16.570803,-0.0015811471,1.1330274960743533e-61,4.7267029606073257e-60
Dmel_CG7111,-16.657112,-0.099420354,2.686926711748559e-62,1.1389969006157359e-60
Dmel_CG1469,-17.361567,-0.058275532,1.6126111872860198e-67,7.232533656015559e-66
Dmel_CG1524,-17.65855,-0.25730878,8.745625071059547e-70,4.060998553314258e-68
Dmel_CG6510,-17.776247,-0.031843513,1.0797016619169237e-70,5.049238270195834e-69
Dmel_CG8332,-17.879976,0.044909958,1.6890825270157895e-71,8.100815141428647e-70
Dmel_CR33925,-17.90501,0.034680072,1.077750719027453e-71,5.1878103292087025e-70
Dmel_CG2998,-17.953861,-0.024608381,4.476757946011607e-72,2.1788546729088342e-70
Dmel_CG32031,-18.005287,0.020654589,1.7707980953389047e-72,8.65057909696972e-71
Dmel_CG8495,-18.531609,0.029228933,1.1480310660937102e-76,5.962955035390294e-75
Dmel_CG9354,-18.614006,-0.08858153,2.47404155408644e-77,1.2901341294543615e-75
Dmel_CG10664,-18.779743,-0.00021895187,1.1061333610437296e-78,5.884898177115648e-77
Dmel_CG2099,-18.967072,-0.21556252,3.1919546383481385e-80,1.7261512717091722e-78
Dmel_CG8857,-18.996967,-0.016160754,1.8068706913036225e-80,9.811606510091283e-79
Dmel_CG31196,-19.04975,0.05144028,6.60168716360232e-81,3.6298230551003386e-79
Dmel_CG4863,-19.278624,-0.15565656,8.120740147906106e-83,4.5604549693860745e-81
Dmel_CG17248,-19.44753,-0.027180225,3.058038714833608e-84,1.7472037718099322e-82
Dmel_CG1475,-19.719913,-0.13817292,1.4547973286388978e-86,8.49666297584167e-85
Dmel_CG16944,-19.746752,0.004568096,8.554560162877094e-87,5.0410526950837624e-85
Dmel_CG34403,-20.452366,-0.07741295,5.723070531208065e-93,3.4979939465397757e-91
Dmel_CG7490,-20.597681,-0.16423482,2.8790735393497625e-94,1.776239689229823e-92
Dmel_CG2168,-20.733885,-0.14960691,1.7137822946978424e-95,1.07241967307735e-93
Dmel_CG3379,-20.741926,0.02680234,1.4499934269376053e-95,9.116920393965106e-94
Dmel_CR42862,-20.781399,-0.017131547,6.377295644986824e-96,4.029040484171724e-94
Dmel_CG42670,-20.78221,-0.005476057,6.2705492239043915e-96,3.980738519387807e-94
Dmel_CG4994,-20.859314,-0.22827423,1.254588702469129e-96,8.042219580071621e-95
Dmel_CG3139,-20.862984,-0.027943058,1.1619408174580626e-96,7.48483543245902e-95
Dmel_CG3751,-21.177383,-0.40627795,1.5436946073761797e-99,1.0349842263025703e-97
Dmel_CG3694,-21.358957,-0.022463439,3.219215637155729e-101,2.180603746797084e-99
Dmel_CG17903,-21.475029,-0.12606561,2.6655747579757675e-102,1.814938751013449e-100
Dmel_CG18660,-22.102266,-0.0917188,3.0059327160024443e-108,2.1351871254588172e-106
Dmel_CG3314,-22.300323,-0.122110374,3.6684041760329696e-110,2.634234933183019e-108
Dmel_CG1883,-22.35094,-0.057549454,1.182291850192602e-110,8.536536924934605e-109
Dmel_CG2999,-22.45625,-0.036587514,1.1118533428537735e-111,8.117147099134132e-110
Dmel_CG11522,-22.928837,-0.07545054,2.396515172264034e-116,1.7995774787840954e-114
Dmel_CG3195,-22.999378,-0.16515236,4.7285503686393154e-117,3.612667464784258e-115
Dmel_CG9821,-23.313366,-0.014502401,3.2448261781373175e-120,2.5381107623156244e-118
Dmel_CG17521,-23.538094,-0.19356099,1.6623453849308378e-122,1.3320049209375695e-120
Dmel_CG8615,-23.783573,-0.22090158,4.940330307464793e-125,4.057555035649678e-123
Dmel_CG10944,-23.827345,-0.15898299,1.739451125487123e-125,1.4467169139257142e-123
Dmel_CG5670,-23.8898,-0.0606243,3.909700636659589e-126,3.2724443354359017e-124
Dmel_CG8884,-24.227055,-0.05456854,1.1542444161446111e-129,1.0044984021560486e-127
Dmel_CG1130,-24.241215,-0.07544432,8.184805812511834e-130,7.1704355454812e-128
Dmel_CG7939,-24.37529,-0.1602487,3.1275218826809175e-131,2.7958343578442133e-129
Dmel_CG5920,-24.46407,-0.047403317,3.5651942934259297e-132,3.231049531717941e-130
Dmel_CG2960,-24.580645,-0.13966702,2.0347112799852475e-133,1.8698000650549746e-131
Dmel_CG9894,-25.502167,-0.03361269,1.8651564900492432e-143,1.8709940027280233e-141
Dmel_CR31451,-25.672556,-0.049276702,2.3680342644363465e-145,2.3937183283813866e-143
Dmel_CG4897,-25.677435,-0.08694472,2.088808210473377e-145,2.127831681692298e-143
Dmel_CG11276,-25.734259,-0.06441807,4.836994283482352e-146,5.044677926923935e-144
Dmel_CG2746,-26.12356,-0.10603405,1.9689598013524624e-150,2.0866210281913475e-148
Dmel_CG12740,-26.605368,-0.122597605,5.883524679900609e-156,6.665120501601198e-154
Dmel_CG9282,-26.657295,-0.16054508,1.473067628510743e-156,1.683267974457363e-154
Dmel_CG14206,-27.622725,-0.14207551,5.936418516351747e-168,7.29069866573629e-166
Dmel_CG6141,-28.081953,-0.26150343,1.6273847653190966e-173,2.1601477980866916e-171
Dmel_CR31400,-28.537243,-0.06704015,4.0446891713440364e-179,5.654389404322551e-177
Dmel_CG32490,-29.228981,-0.09218235,8.308122489078753e-188,1.2695004375463244e-185
Dmel_CG11352,-29.423237,-0.12176045,2.770405838600091e-190,4.386253388559493e-188
Dmel_CG4651,-29.621326,-0.3090953,7.940815995423301e-193,1.3378238845622768e-190
Dmel_CG2033,-30.26001,-0.33952647,3.852834468150033e-201,7.130999682529519e-199
Dmel_CG6846,-30.390657,-0.22061957,7.299126813864119e-203,1.4533003857725512e-200
Dmel_CG6779,-30.537888,-0.23742786,8.189387630081762e-205,1.6556421976446837e-202
Dmel_CG8261,-30.801056,-0.10082891,2.536495387594429e-208,5.208138420059123e-206
Dmel_CG4111,-30.827595,-0.36712277,1.118689599555702e-208,2.3334444488510285e-206
Dmel_CG1263,-30.906952,-0.31517217,9.633238721030649e-210,2.041780484404254e-207
Dmel_CG6684,-31.356136,-0.11646638,8.024526973282961e-216,1.787293372134091e-213
Dmel_CG10077,-31.45015,-0.12605882,4.17798535591482e-217,9.632088695101166e-215
Dmel_CG15442,-31.831038,-0.20843162,2.4089721216835083e-222,5.972887292649619e-220
Dmel_CG8472,-32.71302,-0.10886641,1.0198139938883418e-234,2.68027513873734e-232
Dmel_CG15697,-32.804585,-0.30402073,5.065346311500324e-236,1.3584431812127706e-233
Dmel_CG6253,-32.92004,-0.12084659,1.135875748703038e-237,3.1096965028555467e-235
Dmel_CG4550,-33.164272,-1.6496937,3.526680426548401e-241,9.860448401121817e-239
Dmel_CG1746,-33.408985,-0.09714746,1.0151829571776289e-244,2.9001128783198305e-242
Dmel_CG9091,-34.854416,-0.14391659,3.6497223643314555e-266,1.141928609278087e-263
Dmel_CG10305,-35.304356,-0.21444936,5.034482670859206e-273,1.613613092140508e-270
Dmel_CG14792,-35.42885,-0.28559732,6.142220131029896e-275,2.017872868546597e-272
Dmel_CG1821,-35.47174,-0.22355698,1.3410446867955391e-275,4.518632879276969e-273
Dmel_CG8900,-35.975597,-0.18565449,2.0146323165993629e-283,7.786553903656537e-281
Dmel_CG3395,-36.080532,-0.4341681,4.5814796506047605e-285,1.8244007299574896e-282
Dmel_CG7622,-36.713722,-0.2411823,4.4112705426114484e-295,1.9322835400152349e-292
Dmel_CG12775,-37.25103,-0.24716158,1.0196520036706306e-303,4.620429993184743e-301
Dmel_CG3661,-38.06719,-0.25998786,0.0,0.0
Dmel_CG9075,-39.874027,-0.30150014,0.0,0.0
Dmel_CG17420,-40.570457,-0.39053532,0.0,0.0
Dmel_CG7808,-45.340946,-0.32542711,0.0,0.0
Dmel_CR34094,-47.173008,-0.26540342,0.0,0.0
Dmel_CR32665,-148.57535,-9.018477,0.0,0.0
Dmel_CR32777,-180.53362,-7.877875,0.0,0.0
